,results simple greedy,results heuristic greedy,results non stop heuristic greedy,results model greedy,non stop results classification greedy,results regreession model greedy,results non stop regreession model greedy,results classification regreession model greedy,results classification regreession v2 model greedy
Reduced,17.0,17.0,17.0,17.0,17.0,17.0,17.0,17.0,17.0
Iterations,6.176470588235294,3.8823529411764706,4.176470588235294,3.764705882352941,3.764705882352941,6.0588235294117645,5.705882352941177,3.764705882352941,3.764705882352941
Time,33.767866373062134,21.474499842699835,23.58138888022479,19.40186858177185,23.791362958795883,32.072825487922216,29.939600734149707,19.16736615405363,20.19606949301327
Cost,39.41880718382351,45.330152855498696,45.17688776824231,46.03389468672127,46.03389468672127,46.02071315273221,42.76633373449692,46.03389468672127,46.03389468672127
Total_operators,6.176470588235294,12.294117647058824,29.705882352941178,21.11764705882353,21.11764705882353,6.117647058823529,5.764705882352941,21.11764705882353,21.11764705882353
