,non stop results classification greedy,results heuristic greedy,results model greedy,results non stop heuristic greedy,results non stop regreession model greedy,results regreession model greedy,results simple greedy
Reduced,12.0,12.0,12.0,12.0,12.0,12.0,12.0
Iterations,2.0833333333333335,2.5,2.0833333333333335,2.3333333333333335,4.083333333333333,4.083333333333333,3.3333333333333335
Time,9.312528610229492,11.790582676728567,9.248334606488546,10.445272664229075,18.38646399974823,18.21615121761958,17.431034008661907
Cost,19.691690433333342,26.736231266666653,19.691690433333342,23.96291017499999,20.134882182203977,20.134882182203977,18.54299430641667
Total_operators,14.083333333333334,11.916666666666666,14.083333333333334,18.166666666666668,4.083333333333333,4.083333333333333,3.3333333333333335
