,results simple greedy,results heuristic greedy,results non stop heuristic greedy,results model greedy,non stop results classification greedy,results regreession model greedy,results non stop regreession model greedy,results classification regreession model greedy,results classification regreession v2 model greedy
Reduced,36.0,36.0,36.0,36.0,36.0,36.0,36.0,36.0,36.0
Iterations,6.194444444444445,4.25,4.75,3.638888888888889,3.638888888888889,5.444444444444445,5.444444444444445,3.638888888888889,3.638888888888889
Time,40.83958192666372,28.857932223214043,35.15039452579286,20.821305837896134,20.305536097950405,37.70917520920435,37.382576432492996,21.892729553911423,20.559699316819508
Cost,42.5581216936878,49.13297918801331,51.33184881694778,38.94462946757673,38.94462946757673,42.22495135652636,42.22495135652636,38.94462946757673,38.94462946757673
Total_operators,6.194444444444445,11.88888888888889,33.138888888888886,18.583333333333332,18.583333333333332,5.527777777777778,5.527777777777778,18.583333333333332,18.583333333333332
