,results simple greedy,results heuristic greedy,results non stop heuristic greedy,results model greedy,non stop results classification greedy,results regreession model greedy,results non stop regreession model greedy,results classification regreession model greedy,results classification regreession v2 model greedy
Reduced,16.0,16.0,16.0,14.0,17.0,15.0,15.0,17.0,16.0
Iterations,4.294117647058823,3.1176470588235294,3.1176470588235294,2.235294117647059,2.9411764705882355,4.0,4.0,2.9411764705882355,3.0588235294117645
Time,34.55953732658835,25.378777405794928,24.499746911665973,15.013561613419476,19.499897956848145,43.417440119911646,29.746563588871677,19.54407213715946,21.801934957504272
Cost,28.367546023176473,35.060570962381064,34.09515581483057,25.63272931392716,32.166804869338925,31.255531732614585,31.255531732614585,32.166804869338925,33.95239994433893
Total_operators,3.9411764705882355,11.588235294117647,21.88235294117647,15.588235294117647,16.294117647058822,4.352941176470588,4.352941176470588,16.294117647058822,16.41176470588235
