,results simple greedy,results heuristic greedy,results non stop heuristic greedy,results model greedy,non stop results classification greedy,results regreession model greedy,results non stop regreession model greedy,results classification regreession model greedy,results classification regreession v2 model greedy
Reduced,31.0,32.0,34.0,30.0,34.0,32.0,32.0,35.0,34.0
Iterations,4.2,2.9714285714285715,3.4857142857142858,2.6,3.057142857142857,3.8285714285714287,3.8285714285714287,3.085714285714286,3.142857142857143
Time,24.156835419791086,16.75437229020255,19.427500431878226,14.355046449388777,17.01188382421221,22.49587904385158,22.17380337715149,17.211175530297414,17.936710248674665
Cost,25.72759022117143,32.52474293829937,37.08427974048913,30.435121888036047,34.62407835037891,28.35661350264137,28.35661350264137,35.01937236180748,35.77708167252176
Total_operators,3.942857142857143,12.342857142857143,26.514285714285716,18.0,18.457142857142856,4.057142857142857,4.057142857142857,18.571428571428573,18.542857142857144
