,results simple greedy,results heuristic greedy,results non stop heuristic greedy,results model greedy,non stop results classification greedy,results regreession model greedy,results non stop regreession model greedy,results classification regreession model greedy,results classification regreession v2 model greedy
Reduced,56.0,54.0,57.0,40.0,57.0,55.0,55.0,58.0,57.0
Iterations,6.1875,4.375,5.109375,3.296875,4.21875,5.734375,5.734375,4.1875,4.265625
Time,35.57519701868296,26.520811531692743,32.14113588258624,18.314724382013083,21.597131676971912,34.93084732443094,34.610987454652786,23.161197066307068,22.427808344364166
Cost,42.35108019863688,49.430243136413736,54.391033936439385,37.927162221019714,45.499785702769714,44.05500830663982,44.05500830663982,45.18755811761346,46.28319596722284
Total_operators,6.046875,11.984375,36.046875,21.484375,22.40625,6.03125,6.03125,22.484375,22.625
