,non stop results classification greedy,results heuristic greedy,results model greedy,results non stop heuristic greedy,results non stop regreession model greedy,results regreession model greedy,results simple greedy
Reduced,18.0,18.0,14.0,18.0,15.0,15.0,17.0
Iterations,4.05,3.55,2.5,3.75,5.2,5.2,4.95
Time,44.403681659698485,28.05994576215744,27.584152257442476,36.184701192378995,42.46070699691772,58.7286253452301,43.936343133449554
Cost,35.02192432468807,42.38367725557391,20.96785598758807,40.13787306760599,30.683467664072385,30.683467664072385,31.562362340950006
Total_operators,16.15,12.5,14.55,26.85,5.35,5.35,4.55
