,non stop results classification greedy,results heuristic greedy,results model greedy,results non stop heuristic greedy,results non stop regreession model greedy,results regreession model greedy,results simple greedy
Reduced,18.0,18.0,14.0,18.0,16.0,16.0,17.0
Iterations,3.263157894736842,3.3157894736842106,2.1578947368421053,3.210526315789474,5.105263157894737,5.105263157894737,4.526315789473684
Time,16.07974477818138,17.32271391467044,11.295428376448783,16.614102438876504,25.53831720352173,25.585400782133405,26.185987121180485
Cost,34.60062920282956,40.24214382165674,24.676000590092713,34.716718360637884,35.454435894181465,35.454435894181465,30.93605233784211
Total_operators,18.0,11.894736842105264,16.894736842105264,22.68421052631579,5.7894736842105265,5.7894736842105265,4.052631578947368
