,non stop results classification greedy,results heuristic greedy,results model greedy,results non stop heuristic greedy,results non stop regreession model greedy,results regreession model greedy,results simple greedy
Reduced,16.0,16.0,13.0,16.0,13.0,13.0,16.0
Iterations,3.3125,3.125,2.5625,3.25,4.375,4.375,4.5
Time,36.447910487651825,26.550904884934425,18.149190947413445,40.38102123141289,32.51018066704273,47.622962012887,28.208442598581314
Cost,31.236780860547597,35.37685664752988,24.294325582922596,35.60110305325748,24.081048912715488,24.081048912715488,28.745725224625
Total_operators,14.8125,12.5625,14.0625,24.875,4.5,4.5,4.5
