,results simple greedy,results heuristic greedy,results non stop heuristic greedy,results model greedy,non stop results classification greedy,results regreession model greedy,results non stop regreession model greedy,results classification regreession model greedy
Reduced,17.0,18.0,18.0,14.0,18.0,16.0,16.0,18.0
Iterations,4.526315789473684,3.3157894736842106,3.210526315789474,2.1578947368421053,3.263157894736842,5.105263157894737,5.105263157894737,3.263157894736842
Time,26.185987121180485,17.32271391467044,16.614102438876504,11.295428376448783,16.07974477818138,25.585400782133405,25.53831720352173,19.688039930243242
Cost,30.93605233784211,40.24214382165674,34.716718360637884,24.676000590092713,34.60062920282956,35.454435894181465,35.454435894181465,34.60305025546114
Total_operators,4.052631578947368,11.894736842105264,22.68421052631579,16.894736842105264,18.0,5.7894736842105265,5.7894736842105265,18.263157894736842
