,results simple greedy,results heuristic greedy,results non stop heuristic greedy,results model greedy,non stop results classification greedy,results regreession model greedy,results non stop regreession model greedy,results classification regreession model greedy,results classification regreession v2 model greedy
Reduced,16.0,16.0,16.0,14.0,17.0,15.0,15.0,16.0,16.0
Iterations,4.294117647058823,3.1176470588235294,3.1176470588235294,2.235294117647059,2.9411764705882355,4.0,4.0,2.823529411764706,3.0588235294117645
Time,25.652407814474667,17.118788045995377,16.80080984620487,11.46894334344303,14.855294620289522,25.40929316071903,26.15571885950425,18.601268571965836,21.59922469363493
Cost,28.367546023176473,35.060570962381064,34.09515581483057,25.63272931392716,32.166804869338925,31.255531732614585,31.255531732614585,28.950267698162452,33.95239994433893
Total_operators,3.9411764705882355,11.588235294117647,21.88235294117647,15.588235294117647,16.294117647058822,4.352941176470588,4.352941176470588,15.705882352941176,16.41176470588235
