,non stop results classification greedy,results heuristic greedy,results model greedy,results non stop heuristic greedy,results non stop regreession model greedy,results regreession model greedy,results simple greedy
Reduced,17.0,18.0,14.0,18.0,14.0,14.0,17.0
Iterations,3.95,3.5,2.5,3.7,4.95,4.95,5.0
Time,18.33898537158966,16.046890807151794,12.483545112609864,16.194356119632722,26.07358341217041,26.245798432826994,24.392709290981294
Cost,37.024460792188066,41.85327125057391,24.00316828008807,39.60746706260599,31.90493414397239,31.90493414397239,34.148028185950004
Total_operators,17.1,12.6,15.95,26.4,5.45,5.45,4.55
