,non stop results classification greedy,results heuristic greedy,results model greedy,results non stop heuristic greedy,results non stop regreession model greedy,results regreession model greedy,results simple greedy
Reduced,17.0,18.0,14.0,18.0,14.0,14.0,17.0
Iterations,3.611111111111111,3.3333333333333335,2.5555555555555554,3.3333333333333335,4.722222222222222,4.722222222222222,4.777777777777778
Time,15.322731561130947,14.819773515065512,12.513857828246223,14.07003719276852,24.148352291848923,24.313791222042507,23.203251640001934
Cost,33.86947268020897,40.81115181174878,24.541004505653415,36.08986938067332,29.803179604413756,29.803179604413756,31.692684201055563
Total_operators,16.444444444444443,12.88888888888889,15.777777777777779,25.77777777777778,4.888888888888889,4.888888888888889,4.611111111111111
