,results simple greedy,results heuristic greedy,results non stop heuristic greedy,results model greedy,non stop results classification greedy,results regreession model greedy,results non stop regreession model greedy,results classification regreession model greedy,results classification regreession v2 model greedy
Reduced,30.0,28.0,31.0,20.0,30.0,30.0,30.0,31.0,30.0
Iterations,6.117647058823529,4.029411764705882,4.970588235294118,3.3823529411764706,4.294117647058823,6.029411764705882,6.029411764705882,4.323529411764706,4.4411764705882355
Time,30.152210179497214,20.244753886671628,24.707544740508585,17.13317535204046,24.878196008065167,29.88157794054817,28.831381243817948,20.3030362479827,21.924954351256876
Cost,39.66982143499999,45.618858336190506,52.6894158355035,43.00792051402238,50.56949226864003,46.33327536254257,46.33327536254257,50.86360991569886,52.65413922966944
Total_operators,6.029411764705882,12.029411764705882,36.029411764705884,23.41176470588235,24.323529411764707,6.147058823529412,6.147058823529412,24.38235294117647,24.470588235294116
