Name,Algorithm,Reduced,Iterations,Time,Cost,Total_operators
1050_3.tex,non stop classification greedy,True,4,6.426356792449951,17.286721492000023,12
1424_2.tex,non stop classification greedy,True,4,6.553958177566528,39.4724,24
1430_2.tex,non stop classification greedy,True,1,1.1851658821105957,10.01,7
1568_1.tex,non stop classification greedy,True,5,7.625864744186401,25.51203836672245,20
1589_3.tex,non stop classification greedy,True,7,12.0454261302948,75.28289118199996,63
1613_2.tex,non stop classification greedy,True,12,23.36085247993469,147.22695705032595,207
2021_2.tex,non stop classification greedy,True,2,2.977644443511963,22.34202023220002,29
2495_3.tex,non stop classification greedy,True,2,2.873731136322021,19.727134159999945,8
2580_1.tex,non stop classification greedy,True,3,4.53096079826355,18.64723810108002,30
2584_1.tex,non stop classification greedy,True,10,16.62049126625061,79.43614224020017,70
2637_1.tex,non stop classification greedy,True,6,10.09141445159912,44.929602763919945,32
2642_2.tex,non stop classification greedy,True,5,8.194594144821167,57.09229265115606,66
2659_2.tex,non stop classification greedy,True,25,48.07112574577332,243.7268485078561,384
2906_3.tex,non stop classification greedy,True,4,6.734266519546509,61.35867475249996,51
2973_2.tex,non stop classification greedy,True,4,6.641927242279053,43.96489425999984,40
3004_1.tex,non stop classification greedy,True,9,16.23198676109314,137.209741129272,174
3051_3.tex,non stop classification greedy,True,4,6.435120344161987,47.8916,53
3118_2.tex,non stop classification greedy,True,3,5.020856857299805,19.23604882945753,38
3118_3.tex,non stop classification greedy,True,11,18.824177980422974,66.49169715956005,75
313_3.tex,non stop classification greedy,True,2,2.9924142360687256,26.845199999999984,40
316_3.tex,non stop classification greedy,True,4,6.951016902923584,82.90781828008404,84
3193_2.tex,non stop classification greedy,True,3,4.502843856811523,16.888595960000004,22
3213_2.tex,non stop classification greedy,True,2,2.8061859607696533,2.513109279999981,2
3224_1.tex,non stop classification greedy,True,8,13.89617919921875,75.07630415802205,121
3229_2.tex,non stop classification greedy,True,8,13.591737031936646,51.10724436882808,95
3238_3.tex,non stop classification greedy,True,5,8.243718147277832,36.24452304000003,35
3771_2.tex,non stop classification greedy,True,11,19.86849880218506,133.6891787497807,197
3771_3.tex,non stop classification greedy,True,13,23.1453857421875,177.46654368200018,216
3774_1.tex,non stop classification greedy,True,8,13.773487567901611,83.59201241405002,116
412_2.tex,non stop classification greedy,True,8,13.893816947937012,188.07611621220008,185
4157_3.tex,non stop classification greedy,True,6,10.868324995040894,129.08030732,107
4161_2.tex,non stop classification greedy,True,4,6.606069564819336,24.547921395669967,31
4163_3.tex,non stop classification greedy,True,7,11.796252489089966,65.90876745624992,70
4168_3.tex,non stop classification greedy,True,5,8.500428199768066,56.53970286418598,96
4192_1.tex,non stop classification greedy,True,9,15.698490142822266,129.42626372000015,168
4202_2.tex,non stop classification greedy,True,7,11.125820636749268,35.42635380900001,31
4279_3.tex,non stop classification greedy,True,21,35.859323501586914,210.57486721400016,185
4571_3.tex,non stop classification greedy,True,3,5.348624229431152,23.041627455,28
464_3.tex,non stop classification greedy,True,2,2.920051336288452,20.02,10
4677_2.tex,non stop classification greedy,True,2,2.7258903980255127,7.870338173750014,11
4681_2.tex,non stop classification greedy,True,4,5.368410587310791,10.164180925000068,7
4728_3.tex,non stop classification greedy,True,6,9.362860918045044,45.15475440993389,48
4738_1.tex,non stop classification greedy,True,3,5.287367105484009,21.01546699706006,47
4808_3.tex,non stop classification greedy,True,20,32.49561429023743,188.90982833799995,215
484_2.tex,non stop classification greedy,True,6,9.376965522766112,107.03672710354812,85
487_1.tex,non stop classification greedy,True,1,1.2529070377349854,3.661303180000033,4
508_3.tex,non stop classification greedy,True,10,17.58825397491455,181.83501764411787,226
5147_3.tex,non stop classification greedy,True,11,20.133936405181885,148.90046586499994,85
5248_1.tex,non stop classification greedy,True,10,16.919976234436035,182.668761788612,115
5269_2.tex,non stop classification greedy,True,8,12.027212381362917,63.807658733770985,56
5338_3.tex,non stop classification greedy,True,3,4.62422251701355,23.069479122935945,27
537_2.tex,non stop classification greedy,True,1,1.2546875476837158,8.418595960000005,11
5385_2.tex,non stop classification greedy,True,4,6.466222286224365,13.250868513382969,14
5754_1.tex,non stop classification greedy,True,1,1.315013408660889,7.285954080000181,9
5860_1.tex,non stop classification greedy,True,4,5.761848449707031,34.05548955375009,19
5887_2.tex,non stop classification greedy,True,4,5.996673583984375,21.811916397750032,16
5925_1.tex,non stop classification greedy,True,4,6.144724607467651,26.31047334250006,32
6111_3.tex,non stop classification greedy,True,2,2.9775407314300537,10.713371366000048,10
6127_1.tex,non stop classification greedy,True,3,4.847431898117065,16.720373157050005,20
6217_2.tex,non stop classification greedy,True,5,7.804722309112549,25.22621527499993,26
6252_1.tex,non stop classification greedy,True,6,9.583861827850342,37.28812087570699,52
62909_3.tex,non stop classification greedy,True,4,6.585950136184692,31.650199341799933,48
62915_1.tex,non stop classification greedy,True,5,8.23252272605896,24.744006602999946,23
62940_3.tex,non stop classification greedy,True,4,6.319012641906738,10.438071283047975,12
62992_1.tex,non stop classification greedy,True,7,12.34147024154663,60.92963057500019,124
63052_3.tex,non stop classification greedy,True,4,6.93610954284668,21.574069967759968,40
63063_1.tex,non stop classification greedy,True,4,5.9053614139556885,8.18768400250002,4
63072_1.tex,non stop classification greedy,True,9,12.945562362670898,130.1272528,92
63117_3.tex,non stop classification greedy,True,2,3.015055656433105,12.42172304000001,19
63118_2.tex,non stop classification greedy,True,29,53.37445616722107,412.63700693499993,160
63148_2.tex,non stop classification greedy,True,4,6.285207748413086,19.55729521199996,37
6330_3.tex,non stop classification greedy,True,12,20.15074324607849,111.45000721000058,110
6342_1.tex,non stop classification greedy,True,17,30.877930879592896,181.7643758377256,234
63451_2.tex,non stop classification greedy,True,6,12.618613481521606,59.81607576599994,157
63455_3.tex,non stop classification greedy,True,11,21.84661436080933,148.67516402374986,160
63488_3.tex,non stop classification greedy,True,5,9.481398582458496,48.27539174399988,62
63502_2.tex,non stop classification greedy,True,8,14.721729516983032,88.3726539680642,152
63532_1.tex,non stop classification greedy,True,5,7.647347450256348,47.15657694500016,47
6354_3.tex,non stop classification greedy,True,3,4.643087148666382,20.13248983999993,33
63576_2.tex,non stop classification greedy,True,17,25.742664575576782,202.9052925887575,106
63608_3.tex,non stop classification greedy,True,3,4.651817083358765,16.173383190000052,19
63609_2.tex,non stop classification greedy,True,36,68.32368898391724,611.4026499096749,481
63668_2.tex,non stop classification greedy,True,6,9.298142910003662,27.664615812000125,25
63783_3.tex,non stop classification greedy,True,3,5.045181274414063,20.310648265000037,17
63824_1.tex,non stop classification greedy,True,3,6.260860204696655,200.31163416574253,107
6387_3.tex,non stop classification greedy,True,15,23.386250734329224,179.48171955,137
6401_1.tex,non stop classification greedy,True,4,6.572075366973877,26.093899999999984,36
64069_2.tex,non stop classification greedy,True,1,1.236309289932251,10.01,11
64129_3.tex,non stop classification greedy,True,1,1.4554319381713867,10.086892160000048,24
64150_1.tex,non stop classification greedy,True,9,15.36492681503296,59.189889993,52
64239_1.tex,non stop classification greedy,True,26,45.43683457374573,184.94978244479967,222
64252_2.tex,non stop classification greedy,True,8,13.35808563232422,35.37952588249994,63
64254_1.tex,non stop classification greedy,True,4,6.215831995010376,17.588046271800003,26
64443_2.tex,non stop classification greedy,True,6,11.423194885253906,99.79646673742342,98
64443_3.tex,non stop classification greedy,True,3,5.611140012741089,89.1210044567979,86
64453_3.tex,non stop classification greedy,True,1,1.5604045391082764,50.511578790000016,48
64458_3.tex,non stop classification greedy,True,4,7.621909618377685,34.74695307121394,64
64468_1.tex,non stop classification greedy,True,4,7.320340394973755,28.407779024999925,62
64485_2.tex,non stop classification greedy,True,1,1.0904018878936768,0.0,2
64493_1.tex,non stop classification greedy,True,3,4.735068321228027,25.988609804999967,25
64493_2.tex,non stop classification greedy,True,7,12.708910942077637,93.94435624000008,125
64580_1.tex,non stop classification greedy,True,19,39.07128047943115,149.2698621538282,205
64602_2.tex,non stop classification greedy,True,8,13.261611223220823,60.52300226500039,27
64638_1.tex,non stop classification greedy,True,3,4.952176809310913,30.924483330000054,51
64671_1.tex,non stop classification greedy,True,3,4.720719337463379,8.692228780799976,10
64679_2.tex,non stop classification greedy,True,24,42.11086916923523,209.30001702900108,137
64744_1.tex,non stop classification greedy,True,19,34.52207851409912,177.67179627662546,232
64745_1.tex,non stop classification greedy,True,5,7.91785740852356,24.411053955000007,16
65039_1.tex,non stop classification greedy,True,3,4.964587211608887,17.568252104999985,15
65081_2.tex,non stop classification greedy,True,3,4.712386131286621,19.48388954,24
65110_2.tex,non stop classification greedy,True,8,15.625779628753662,78.09155546531774,119
65271_2.tex,non stop classification greedy,True,6,9.522279977798462,73.43020026000003,61
65516_1.tex,non stop classification greedy,True,2,3.8733396530151367,75.19970832000006,68
65549_1.tex,non stop classification greedy,True,1,1.3558332920074463,10.01,23
65584_2.tex,non stop classification greedy,True,3,4.610801458358765,25.482415560000085,20
65623_3.tex,non stop classification greedy,True,6,9.91709804534912,56.74790481199999,45
65645_2.tex,non stop classification greedy,True,4,7.566277980804443,73.699041379215,104
65670_3.tex,non stop classification greedy,True,5,7.943718671798706,47.75064759999995,15
65724_2.tex,non stop classification greedy,True,4,6.220870018005371,21.30837097280002,31
65752_3.tex,non stop classification greedy,True,3,4.737076282501221,24.843707608800024,48
65761_2.tex,non stop classification greedy,False,14,28.29425883293152,88.78034750764205,163
65777_2.tex,non stop classification greedy,True,7,10.7085382938385,70.27906353999997,49
65794_3.tex,non stop classification greedy,True,4,6.814458847045898,36.59470464,24
65816_2.tex,non stop classification greedy,True,3,4.558201313018799,16.132386118496054,14
65818_3.tex,non stop classification greedy,True,3,4.464071750640869,10.740672003199933,11
65826_2.tex,non stop classification greedy,True,20,36.34264850616455,210.88602404640005,179
65826_3.tex,non stop classification greedy,True,4,6.338843822479248,15.53968244240004,26
65866_1.tex,non stop classification greedy,True,4,6.315866947174072,19.573428799999988,24
65963_1.tex,non stop classification greedy,True,11,22.205629110336304,49.00631975019695,50
66087_1.tex,non stop classification greedy,True,3,4.960192918777466,14.363409082519944,17
66222_2.tex,non stop classification greedy,True,10,16.731889486312866,137.09259261000017,99
66264_2.tex,non stop classification greedy,True,5,7.803110361099243,24.82635096382819,29
66278_2.tex,non stop classification greedy,True,10,18.836148977279663,113.69505171319996,125
66316_1.tex,non stop classification greedy,True,2,3.196434736251831,29.464498359999997,43
66326_3.tex,non stop classification greedy,True,7,11.93283486366272,84.81905879999997,67
66333_1.tex,non stop classification greedy,True,4,6.028775691986084,23.19261629000009,23
66394_3.tex,non stop classification greedy,True,14,26.707550764083862,127.55782724403494,152
66619_2.tex,non stop classification greedy,True,7,13.817943334579468,123.1728764717486,104
66624_3.tex,non stop classification greedy,True,5,8.931533098220825,62.57655378499993,93
66625_2.tex,non stop classification greedy,True,2,3.508642196655273,28.91953887499995,54
66691_2.tex,non stop classification greedy,True,3,5.021952867507935,16.837428362599944,22
66697_3.tex,non stop classification greedy,True,5,8.313658952713013,50.86444492799997,47
66720_2.tex,non stop classification greedy,True,5,8.573691368103027,85.14932592517002,93
66741_2.tex,non stop classification greedy,False,19,39.36634922027588,135.62674287325996,214
66773_1.tex,non stop classification greedy,True,3,4.418055057525635,22.69321950500001,15
66791_3.tex,non stop classification greedy,True,15,29.08104419708252,223.8469516853301,185
66820_3.tex,non stop classification greedy,True,5,8.538137435913086,33.09231172084793,33
66842_3.tex,non stop classification greedy,True,4,6.178403377532959,20.22551581704801,24
66895_1.tex,non stop classification greedy,True,7,11.129997730255129,48.99392210479997,39
66922_3.tex,non stop classification greedy,True,4,6.4051833152771,25.29360209000005,36
67063_2.tex,non stop classification greedy,True,2,3.7388505935668954,10.01,65
67134_1.tex,non stop classification greedy,True,3,5.339401006698608,100.21502435459998,55
67159_3.tex,non stop classification greedy,True,5,9.002232313156128,18.260109359458863,23
67166_3.tex,non stop classification greedy,True,4,7.453137159347534,60.64044091640598,73
67197_1.tex,non stop classification greedy,True,3,4.92881965637207,31.501850680000015,23
67235_3.tex,non stop classification greedy,True,2,3.194201707839966,13.170988153599993,23
67247_1.tex,non stop classification greedy,True,15,30.11131739616394,181.22114232439975,269
67272_3.tex,non stop classification greedy,True,2,3.0061421394348145,12.514285590399972,24
67276_2.tex,non stop classification greedy,True,9,15.978619575500488,40.78048044675695,48
67281_2.tex,non stop classification greedy,True,12,21.403377056121823,65.44688003652092,84
6731_3.tex,non stop classification greedy,True,6,9.727536678314207,69.11222548000008,14
67367_1.tex,non stop classification greedy,True,5,8.257536172866821,16.17457396699996,19
67405_3.tex,non stop classification greedy,True,1,1.0987181663513184,3.019622139999996,2
67420_2.tex,non stop classification greedy,True,7,11.484078884124756,76.86729152999997,87
67423_3.tex,non stop classification greedy,True,4,6.803970813751221,32.068717560000096,48
6755_3.tex,non stop classification greedy,True,2,2.9252419471740723,8.975720396068041,3
6791_2.tex,non stop classification greedy,True,5,8.88617467880249,49.59682607096009,32
6881_3.tex,non stop classification greedy,True,6,10.076395988464355,65.51484874154212,77
6897_1.tex,non stop classification greedy,True,3,4.557370185852051,15.11577708242001,21
6942_1.tex,non stop classification greedy,True,9,13.937827348709106,78.11599003499998,50
6975_1.tex,non stop classification greedy,True,3,4.58215856552124,22.83194714,28
7342_2.tex,non stop classification greedy,True,4,8.625513076782227,58.68604220489989,132
7413_1.tex,non stop classification greedy,True,9,14.857663631439207,137.51290863200026,67
7539_3.tex,non stop classification greedy,False,8,15.956236600875854,68.6934257233919,128
7556_2.tex,non stop classification greedy,True,11,22.0878324508667,89.73702401260124,181
7774_1.tex,non stop classification greedy,True,4,8.456305027008057,49.50321845111645,101
7877_3.tex,non stop classification greedy,True,1,1.4702179431915283,10.01,22
7880_2.tex,non stop classification greedy,True,3,5.61864709854126,21.85050186000001,18
7909_3.tex,non stop classification greedy,True,1,1.2345998287200928,3.66672964,3
7919_3.tex,non stop classification greedy,True,14,24.65138959884644,119.29020635000047,134
7925_1.tex,non stop classification greedy,True,6,10.619047164916992,91.45619639706,62
7977_1.tex,non stop classification greedy,True,23,44.12431454658508,277.8502964687271,367
7995_2.tex,non stop classification greedy,True,5,7.563479423522949,37.109675599999946,23
8019_2.tex,non stop classification greedy,True,4,6.104071140289307,19.54616089999986,15
8085_1.tex,non stop classification greedy,True,6,10.136496543884276,42.02216385000007,61
8373_1.tex,non stop classification greedy,True,10,17.043530464172363,111.68424900759996,74
8413_3.tex,non stop classification greedy,True,14,25.162564754486084,170.32762352786347,198
8481_1.tex,non stop classification greedy,True,10,18.0185821056366,153.21487667454733,139
8492_1.tex,non stop classification greedy,True,3,5.227060317993164,59.810122430000064,48
8531_2.tex,non stop classification greedy,True,8,13.546015977859495,35.21327797659328,41
858_2.tex,non stop classification greedy,True,3,5.8776466846466064,57.14919999999997,94
8614_1.tex,non stop classification greedy,True,7,12.526019096374512,78.5361239979711,105
8621_2.tex,non stop classification greedy,True,20,36.03985357284546,192.94407465376008,182
8953_3.tex,non stop classification greedy,True,14,26.15180993080139,233.65445421917585,274
8954_1.tex,non stop classification greedy,True,2,3.122049570083618,5.973886866354491,4
8959_1.tex,non stop classification greedy,True,7,13.552745819091797,59.03390882582504,97
9032_1.tex,non stop classification greedy,True,5,7.798985481262207,28.48950978899999,23
101767_1.tex,non stop classification greedy,True,12,27.0855815410614,157.26128300499997,164
101798_3.tex,non stop classification greedy,True,3,6.134857416152954,18.47623393321399,44
101813_1.tex,non stop classification greedy,True,7,15.02114462852478,44.25419672374414,66
101830_3.tex,non stop classification greedy,True,4,8.411567211151123,8.865935034706993,10
101836_2.tex,non stop classification greedy,True,15,36.89346170425415,172.0003089660557,296
101840_3.tex,non stop classification greedy,True,9,20.1780207157135,91.00288578499998,148
101918_1.tex,non stop classification greedy,True,11,22.1855366230011,78.67460667804023,109
101980_1.tex,non stop classification greedy,True,4,8.09498405456543,27.976399999999977,33
102128_3.tex,non stop classification greedy,True,17,38.74075055122376,105.6409940158006,65
102227_1.tex,non stop classification greedy,True,5,9.418419361114502,35.96987627160005,28
102289_2.tex,non stop classification greedy,True,6,7.760542154312134,65.26195986500056,55
102320_3.tex,non stop classification greedy,True,5,9.094883680343628,68.43815411682601,76
102343_2.tex,non stop classification greedy,True,3,5.606565237045288,11.803823451500008,18
102358_1.tex,non stop classification greedy,True,11,23.94147109985352,57.32159328559998,94
102404_1.tex,non stop classification greedy,True,4,7.302541255950928,38.67852297000025,27
102419_3.tex,non stop classification greedy,True,5,10.433820962905884,40.42290512,56
102428_3.tex,non stop classification greedy,True,9,16.830963373184204,66.03336781300001,11
102467_3.tex,non stop classification greedy,True,7,14.484336614608765,34.20165613593505,34
102489_2.tex,non stop classification greedy,False,31,76.40272808074951,390.4173952493,460
102564_3.tex,non stop classification greedy,False,8,16.962194204330444,39.62150675579197,57
102740_2.tex,non stop classification greedy,True,4,8.58157229423523,74.837115525,58
102797_2.tex,non stop classification greedy,False,34,81.38116264343262,1656.665708857494,325
102798_3.tex,non stop classification greedy,True,4,9.083740234375,23.85683656220002,41
102819_1.tex,non stop classification greedy,True,3,5.625579357147217,35.46074442000004,24
102919_2.tex,non stop classification greedy,True,6,13.9389009475708,66.22245615500003,72
102931_1.tex,non stop classification greedy,True,5,9.388376235961914,44.96729067999996,47
103028_3.tex,non stop classification greedy,True,15,33.077250957489014,139.2279897539999,210
103042_1.tex,non stop classification greedy,True,2,3.4643115997314453,18.13301500000001,14
103050_3.tex,non stop classification greedy,False,4,10.39144206047058,28.363769795000067,46
103074_3.tex,non stop classification greedy,True,5,9.635037183761597,36.97038976900002,39
103090_3.tex,non stop classification greedy,True,2,3.837260246276856,3.0219950749999924,4
103099_2.tex,non stop classification greedy,True,4,7.321048736572266,8.08967094999997,4
103230_2.tex,non stop classification greedy,True,3,7.494533061981201,29.759976769999977,69
103240_3.tex,non stop classification greedy,True,2,4.883747339248657,20.01,63
103257_2.tex,non stop classification greedy,True,1,1.4737744331359863,50.511578790000016,14
103265_1.tex,non stop classification greedy,True,2,3.7190465927124015,35.35749444,44
103316_2.tex,non stop classification greedy,True,2,3.900954484939575,43.185301080000016,33
103318_1.tex,non stop classification greedy,True,1,1.7473809719085691,37.88368332,28
103322_3.tex,non stop classification greedy,True,5,10.931865930557253,108.22572076867203,132
103421_3.tex,non stop classification greedy,True,8,15.125244617462158,73.92751908000007,138
103466_1.tex,non stop classification greedy,True,4,6.330862283706665,40.533909879999925,36
103486_1.tex,non stop classification greedy,True,10,22.88815259933472,58.86938680500011,57
103495_2.tex,non stop classification greedy,True,2,3.970159292221069,15.347600000000009,24
103524_3.tex,non stop classification greedy,True,5,10.010034799575806,29.942678315000016,30
103600_3.tex,non stop classification greedy,True,13,27.05823874473572,109.93236680000015,63
103623_2.tex,non stop classification greedy,True,7,14.487159013748167,33.580390746999925,42
103935_1.tex,non stop classification greedy,True,1,1.5209681987762451,13.510678559999974,14
103943_1.tex,non stop classification greedy,True,3,7.337360382080078,16.388870221875024,40
103952_2.tex,non stop classification greedy,True,12,26.682477235794067,209.4272539772398,95
103984_3.tex,non stop classification greedy,True,9,21.41548109054565,45.07495971502287,30
104017_1.tex,non stop classification greedy,True,3,6.426306486129761,30.81000624,31
104024_2.tex,non stop classification greedy,True,8,18.345938205718998,127.42281974000004,68
104028_3.tex,non stop classification greedy,True,10,20.2215678691864,126.42808346999992,90
104093_2.tex,non stop classification greedy,True,9,18.10746741294861,43.156930187013046,51
104095_2.tex,non stop classification greedy,True,11,22.92127823829651,83.92510428037808,125
104098_1.tex,non stop classification greedy,True,6,12.226269960403442,21.80524222000701,17
104128_1.tex,non stop classification greedy,True,1,1.475463628768921,10.01,10
104154_3.tex,non stop classification greedy,True,4,7.483099699020386,21.469265671296064,21
104167_2.tex,non stop classification greedy,True,5,9.784157991409302,24.753466559000024,31
104200_2.tex,non stop classification greedy,True,3,5.694967985153198,21.21743670000004,16
104289_1.tex,non stop classification greedy,True,4,8.524359464645386,217.83926425599984,71
104314_2.tex,non stop classification greedy,True,8,16.56058669090271,32.28235830196007,64
104420_1.tex,non stop classification greedy,True,4,9.582085132598875,114.68164081020493,162
104428_3.tex,non stop classification greedy,True,3,6.690429210662842,33.929794391247974,70
104434_1.tex,non stop classification greedy,True,6,13.99595832824707,69.69999135410706,132
104470_1.tex,non stop classification greedy,True,6,11.919191360473633,104.69547279999988,61
104481_3.tex,non stop classification greedy,True,11,22.295243740081787,190.0824397870001,91
104540_2.tex,non stop classification greedy,True,12,25.954038381576535,107.1733847057075,232
104557_3.tex,non stop classification greedy,True,7,12.688501358032228,85.82695959000047,55
104566_3.tex,non stop classification greedy,True,4,7.7357017993927,56.69034662750002,38
104585_3.tex,non stop classification greedy,True,1,1.5381698608398438,3.5116746399999954,4
104598_1.tex,non stop classification greedy,True,12,24.95022177696228,156.9497617545199,109
104601_1.tex,non stop classification greedy,True,10,21.328819274902344,106.26017657500432,120
104608_3.tex,non stop classification greedy,True,5,11.31598711013794,50.284741166400224,65
104651_1.tex,non stop classification greedy,False,30,76.00020384788513,296.27822705730995,523
104678_3.tex,non stop classification greedy,True,8,16.17647647857666,59.10088098000017,62
104686_2.tex,non stop classification greedy,True,18,38.11153364181519,238.52019983999972,240
104715_2.tex,non stop classification greedy,False,16,35.67508363723755,163.75642676599978,251
104841_1.tex,non stop classification greedy,True,2,3.738659143447876,16.906736745200035,24
104916_1.tex,non stop classification greedy,True,2,3.663246393203736,29.14366855999998,34
104973_2.tex,non stop classification greedy,True,13,30.563871145248413,149.6522772527968,273
104988_1.tex,non stop classification greedy,True,10,19.20443654060364,162.7354808999999,57
105006_2.tex,non stop classification greedy,True,8,16.62330722808838,109.88837770000004,104
105030_2.tex,non stop classification greedy,True,5,9.992756128311155,41.39322663251995,57
105062_3.tex,non stop classification greedy,True,7,15.648169040679932,95.410245644992,159
105080_2.tex,non stop classification greedy,True,4,7.132955551147461,36.42825306000009,47
105135_1.tex,non stop classification greedy,True,16,34.824012994766235,170.64622661692792,154
105162_3.tex,non stop classification greedy,True,9,18.56027030944824,142.23685918551985,159
105175_1.tex,non stop classification greedy,True,5,10.149442911148071,30.83303188716,31
105216_3.tex,non stop classification greedy,True,12,23.63610005378723,107.87259324000068,119
105234_2.tex,non stop classification greedy,True,8,16.32133650779724,45.26177364641393,44
105269_1.tex,non stop classification greedy,True,11,21.53910255432129,92.19037197750006,124
105284_2.tex,non stop classification greedy,True,27,57.72657656669617,309.56553986349985,359
105470_1.tex,non stop classification greedy,True,5,10.860413551330566,140.70224513993605,126
105500_3.tex,non stop classification greedy,True,8,19.80419898033142,168.40467165390004,168
105544_1.tex,non stop classification greedy,True,4,8.000428199768066,47.3784,31
105551_3.tex,non stop classification greedy,True,5,10.222675561904907,27.165029415000035,19
105553_1.tex,non stop classification greedy,True,5,9.115688800811768,59.85251820292604,36
58175_3.tex,non stop classification greedy,True,9,18.35270118713379,47.8873979735001,48
58206_2.tex,non stop classification greedy,True,41,90.10798287391664,496.3072219087504,385
58211_3.tex,non stop classification greedy,True,37,90.05283403396606,490.613167179,677
58234_1.tex,non stop classification greedy,True,10,23.87984299659729,74.66814319999975,46
58246_3.tex,non stop classification greedy,True,3,5.3817760944366455,12.078490149999986,12
58253_1.tex,non stop classification greedy,True,2,3.4830567836761475,0.0,3
58276_2.tex,non stop classification greedy,True,1,1.5447115898132324,0.0,1
58281_3.tex,non stop classification greedy,True,38,90.54984545707704,441.8770613261901,413
58302_1.tex,non stop classification greedy,True,30,65.8767249584198,296.1303249720001,182
58583_2.tex,non stop classification greedy,True,6,12.84074091911316,114.00892554999994,60
58598_1.tex,non stop classification greedy,True,3,6.343265771865845,57.20231128000002,54
58626_3.tex,non stop classification greedy,True,5,12.07557249069214,98.44364075508386,170
58630_2.tex,non stop classification greedy,True,4,9.226126194000244,52.55140365920001,48
58671_2.tex,non stop classification greedy,True,3,9.320735692977903,27.939205840000007,21
58724_3.tex,non stop classification greedy,True,5,10.058784246444702,53.62465474514504,49
58725_3.tex,non stop classification greedy,True,11,25.190535068511963,207.90365339736,154
58744_2.tex,non stop classification greedy,True,3,6.161924600601196,28.911826025999986,40
58765_1.tex,non stop classification greedy,True,6,10.872257709503174,56.019402100000015,22
58775_3.tex,non stop classification greedy,True,3,4.878452062606812,25.25379595999999,6
58807_2.tex,non stop classification greedy,True,2,3.976678133010864,13.68100804982,19
58816_1.tex,non stop classification greedy,True,15,29.84529757499695,184.31755520000007,125
58844_2.tex,non stop classification greedy,True,11,32.06012964248657,164.42515697999994,205
59024_1.tex,non stop classification greedy,True,1,1.900961637496948,33.67438586,22
59055_2.tex,non stop classification greedy,True,1,1.9003634452819824,33.67438586,33
59234_3.tex,non stop classification greedy,True,1,1.5347256660461426,9.837226254569986,11
59236_3.tex,non stop classification greedy,True,4,13.02219295501709,80.17164444000007,88
59290_3.tex,non stop classification greedy,True,4,7.575382471084595,31.79050080000001,41
59321_3.tex,non stop classification greedy,True,10,19.98967218399048,127.78668777499996,85
59342_2.tex,non stop classification greedy,True,10,20.9733464717865,92.23629328624214,98
59345_3.tex,non stop classification greedy,True,7,14.54583978652954,71.3789944996399,108
59356_1.tex,non stop classification greedy,True,11,22.93359971046448,127.52123516000006,155
59399_2.tex,non stop classification greedy,True,5,10.701250314712524,34.79524640000005,103
59609_3.tex,non stop classification greedy,True,10,22.850024461746216,127.67594972826994,157
59685_1.tex,non stop classification greedy,True,4,8.786980152130127,45.01110798879999,67
59721_2.tex,non stop classification greedy,True,14,28.19236183166504,150.75936573000004,240
59739_2.tex,non stop classification greedy,True,10,20.881759881973267,112.85026959999983,76
59765_1.tex,non stop classification greedy,True,4,7.579197645187378,45.29165816,65
59768_3.tex,non stop classification greedy,True,1,1.5404002666473389,0.0,1
59795_1.tex,non stop classification greedy,True,1,1.6123075485229492,0.0,1
59872_1.tex,non stop classification greedy,True,4,7.956726312637329,34.92086244427203,41
59885_3.tex,non stop classification greedy,True,5,10.3769953250885,35.68775218750005,43
59886_1.tex,non stop classification greedy,True,9,21.709776401519772,89.82417913882783,99
59889_1.tex,non stop classification greedy,True,6,14.739929437637327,41.060796659999966,70
59910_3.tex,non stop classification greedy,True,7,23.98259687423706,58.00229016197475,72
60111_2.tex,non stop classification greedy,True,3,9.23886013031006,24.22292350000001,22
60135_3.tex,non stop classification greedy,True,1,2.6578822135925293,20.498522880000166,26
60187_3.tex,non stop classification greedy,True,3,10.84692096710205,33.22,17
60226_3.tex,non stop classification greedy,True,5,14.93901753425598,36.13283315500011,37
60273_3.tex,non stop classification greedy,True,7,18.70585346221924,74.55791807999992,50
60322_1.tex,non stop classification greedy,True,6,14.262534856796265,45.559676294000006,24
60377_3.tex,non stop classification greedy,True,2,4.212130784988403,24.65632764000009,13
60404_2.tex,non stop classification greedy,True,11,26.90023136138916,163.19561644499998,238
60425_2.tex,non stop classification greedy,True,4,8.241559982299805,33.74621986525186,49
60657_2.tex,non stop classification greedy,True,2,4.6308557987213135,35.265788879999995,31
60659_3.tex,non stop classification greedy,True,2,3.791571617126465,17.157248459999998,18
60689_2.tex,non stop classification greedy,True,6,14.777197122573853,99.18368834499994,142
60774_2.tex,non stop classification greedy,True,7,16.120410203933716,106.44672744956496,89
60785_1.tex,non stop classification greedy,True,11,24.340339183807373,146.28517995447987,147
60836_3.tex,non stop classification greedy,True,4,8.08266568183899,54.45295500000001,35
60865_1.tex,non stop classification greedy,True,22,49.693822383880615,254.2479141436504,247
60914_2.tex,non stop classification greedy,True,16,34.322407960891724,343.36671478,115
60950_2.tex,non stop classification greedy,True,3,5.7123024463653564,22.98148277559997,19
60966_1.tex,non stop classification greedy,True,3,7.086266040802002,12.953281630913978,18
60967_3.tex,non stop classification greedy,True,2,3.7760493755340576,16.72038879999998,13
60972_2.tex,non stop classification greedy,True,13,30.20063543319702,147.33894574804907,208
60987_3.tex,non stop classification greedy,True,4,9.67643976211548,75.604558601,119
61011_3.tex,non stop classification greedy,True,5,11.407043695449827,34.47367653180002,56
61122_2.tex,non stop classification greedy,True,2,4.748199701309204,38.08892575800007,65
61191_3.tex,non stop classification greedy,True,2,4.437670946121216,41.66851544412009,59
61231_3.tex,non stop classification greedy,True,2,4.651571750640869,13.634666381519947,21
61257_1.tex,non stop classification greedy,True,1,1.5391337871551514,7.270234160000115,5
61290_3.tex,non stop classification greedy,True,2,4.077417850494385,14.427991646379953,24
61291_2.tex,non stop classification greedy,True,1,1.619052171707153,2.515783422400005,3
61327_2.tex,non stop classification greedy,True,4,9.602584600448608,29.31475952075992,40
61456_1.tex,non stop classification greedy,True,4,9.141472816467283,70.71409835999998,30
61470_3.tex,non stop classification greedy,True,7,15.950755834579468,60.32160012499994,82
61520_2.tex,non stop classification greedy,True,15,33.13717222213745,112.91489799099992,85
61529_1.tex,non stop classification greedy,True,9,20.89485025405884,57.16480217970695,77
61811_3.tex,non stop classification greedy,True,8,17.294820547103882,54.71496637499998,41
61837_3.tex,non stop classification greedy,True,6,11.950908899307253,42.03793087956297,29
61847_2.tex,non stop classification greedy,True,5,10.767145872116089,38.14047786799999,27
61861_2.tex,non stop classification greedy,True,7,16.027578115463257,109.57903044651032,139
61869_1.tex,non stop classification greedy,True,6,16.06391215324402,99.8646585317,144
61873_3.tex,non stop classification greedy,True,8,20.40192532539368,79.54807390100002,101
61947_1.tex,non stop classification greedy,True,6,14.430082082748411,41.027618669400034,38
62000_3.tex,non stop classification greedy,True,2,4.981307744979858,26.835199999999983,11
62039_2.tex,non stop classification greedy,True,3,7.224804401397705,12.671110562319972,10
62051_1.tex,non stop classification greedy,True,14,40.538169384002686,160.63785865934233,164
62093_3.tex,non stop classification greedy,True,4,11.925658702850342,17.743149595999988,18
62269_3.tex,non stop classification greedy,False,5,18.118510246276852,49.81744541213602,56
62278_3.tex,non stop classification greedy,True,7,21.041224479675293,145.97739855100008,106
62355_1.tex,non stop classification greedy,True,7,19.789926290512085,67.95797975299996,36
62384_1.tex,non stop classification greedy,True,10,30.57145094871521,115.78785058149997,138
62459_1.tex,non stop classification greedy,True,5,14.104562997817991,25.38973915000016,38
62486_2.tex,non stop classification greedy,True,4,8.9117112159729,23.99301632625209,19
62495_1.tex,non stop classification greedy,True,2,4.852290391921997,3.490269600000005,3
62569_3.tex,non stop classification greedy,True,7,18.78125667572021,71.11797170033613,90
62574_3.tex,non stop classification greedy,True,3,6.523341655731201,22.57415434899187,28
62742_2.tex,non stop classification greedy,True,15,42.31486082077026,65.12098889719277,99
62804_1.tex,non stop classification greedy,True,4,10.939448595046995,53.46343198100003,53
105570_3.tex,non stop classification greedy,True,3,4.963144063949585,17.24073194920024,15
105582_1.tex,non stop classification greedy,True,9,18.46615242958069,97.2699617543,88
105592_3.tex,non stop classification greedy,False,3,7.21436333656311,32.0468702030099,57
105603_1.tex,non stop classification greedy,True,8,15.86255669593811,51.539202939792254,61
105631_2.tex,non stop classification greedy,True,3,5.466115951538086,37.02756912000004,28
105637_2.tex,non stop classification greedy,True,7,13.727272987365724,73.45081581500072,50
105646_2.tex,non stop classification greedy,True,8,12.414998292922974,84.31670943999983,40
105646_3.tex,non stop classification greedy,True,5,6.759474039077759,31.807296681250243,22
105650_1.tex,non stop classification greedy,True,9,19.24860644340515,120.86179759499998,107
105703_2.tex,non stop classification greedy,True,3,5.593014240264893,11.753236503999975,12
105744_3.tex,non stop classification greedy,True,1,1.5040104389190674,10.01,10
105760_2.tex,non stop classification greedy,True,16,31.845662593841556,144.76474474999995,140
105760_3.tex,non stop classification greedy,True,6,13.035415649414062,43.53801208000003,62
105787_1.tex,non stop classification greedy,True,10,19.765873908996586,76.54729644716001,72
105831_2.tex,non stop classification greedy,True,10,14.140966653823853,54.30574595679995,88
105835_3.tex,non stop classification greedy,False,25,53.25660371780396,298.165809958243,423
105930_3.tex,non stop classification greedy,True,20,37.99365186691284,165.549486104626,88
105989_3.tex,non stop classification greedy,True,2,4.047553777694702,38.21275011000007,48
106011_3.tex,non stop classification greedy,True,29,61.18208622932434,406.4027674173849,269
106013_1.tex,non stop classification greedy,True,7,11.377044200897217,47.90505878276001,59
106017_3.tex,non stop classification greedy,True,4,5.248455762863159,24.12593643999996,51
106072_2.tex,non stop classification greedy,True,7,11.1688973903656,135.0203804200001,76
106108_1.tex,non stop classification greedy,True,2,3.0335772037506104,6.699748548000014,6
106122_3.tex,non stop classification greedy,True,10,21.41379189491272,109.7054797464,118
106160_1.tex,non stop classification greedy,True,11,20.82488822937012,48.57292218882853,45
106199_3.tex,non stop classification greedy,True,25,54.95422124862671,357.5003794750002,184
106210_3.tex,non stop classification greedy,True,4,7.771582841873169,33.65171485999997,32
106270_3.tex,non stop classification greedy,True,21,44.39016962051392,149.37319323019233,160
106328_3.tex,non stop classification greedy,True,5,11.548462629318236,51.23843118499999,72
106334_2.tex,non stop classification greedy,True,24,44.212910175323486,269.89536676379964,322
106346_2.tex,non stop classification greedy,True,6,12.88050389289856,27.277237222528044,41
106359_3.tex,non stop classification greedy,True,30,64.56448745727539,396.04302012049993,424
106364_1.tex,non stop classification greedy,True,8,16.895665168762207,38.36853060549996,48
106364_3.tex,non stop classification greedy,True,14,29.984825134277344,97.6516946614999,149
106436_3.tex,non stop classification greedy,True,17,40.7980694770813,87.17426192611478,66
106442_2.tex,non stop classification greedy,True,13,30.109781742095947,89.33548618196069,105
106487_2.tex,non stop classification greedy,True,7,17.819753170013428,40.23685434050014,77
106527_1.tex,non stop classification greedy,True,3,6.551894426345825,43.070053145872095,48
106571_3.tex,non stop classification greedy,True,8,19.470723390579224,81.70025786878392,230
106581_2.tex,non stop classification greedy,True,5,10.89580750465393,33.523981228028106,96
106583_1.tex,non stop classification greedy,True,3,6.267038106918335,8.448162014400054,11
106599_2.tex,non stop classification greedy,True,6,13.7864511013031,121.93103358499998,46
106645_3.tex,non stop classification greedy,True,1,1.5694503784179688,0.0,2
106685_2.tex,non stop classification greedy,True,5,12.429407835006714,22.319970477106995,31
106711_3.tex,non stop classification greedy,True,4,9.18516230583191,32.44329289000005,28
106715_1.tex,non stop classification greedy,True,8,15.636176347732544,132.8651864,135
106754_3.tex,non stop classification greedy,True,13,24.094867706298828,121.92033830151996,77
106785_1.tex,non stop classification greedy,True,12,27.30856776237488,56.042118536896176,71
106794_3.tex,non stop classification greedy,True,7,9.590951442718506,49.59950492500019,91
106865_3.tex,non stop classification greedy,True,10,18.183960437774655,80.34561461499997,170
106878_2.tex,non stop classification greedy,True,30,51.20239043235779,332.9205077537998,465
106890_2.tex,non stop classification greedy,True,31,45.75266003608704,371.224869208,328
106900_3.tex,non stop classification greedy,True,25,41.95976495742798,237.8972424202496,261
107151_1.tex,non stop classification greedy,True,5,8.467481136322021,142.88679292999993,88
107151_3.tex,non stop classification greedy,True,6,9.112460374832152,68.99493624999997,77
107182_1.tex,non stop classification greedy,True,1,1.0982296466827393,4.370101911120003,1
107209_2.tex,non stop classification greedy,True,4,6.874016523361206,39.99856452799996,60
107217_3.tex,non stop classification greedy,True,4,7.612133264541626,12.702196279200162,16
107283_2.tex,non stop classification greedy,True,13,24.335548877716064,144.28960973199975,127
107300_1.tex,non stop classification greedy,True,1,1.2900471687316897,2.657917920000017,2
107337_1.tex,non stop classification greedy,True,8,16.45089054107666,82.97676226715988,90
107372_1.tex,non stop classification greedy,True,1,1.0180084705352783,10.01,14
107400_2.tex,non stop classification greedy,True,7,13.758188247680664,34.298561338000034,21
107448_3.tex,non stop classification greedy,True,11,24.895333766937256,70.46591432937504,83
107487_3.tex,non stop classification greedy,True,2,4.002167224884033,19.408985224999988,27
107555_1.tex,non stop classification greedy,True,3,6.5595619678497314,18.060073774999932,25
107593_2.tex,non stop classification greedy,True,4,8.276641368865967,42.43790609999997,52
107631_1.tex,non stop classification greedy,True,8,12.49544596672058,56.00455895652032,111
107651_2.tex,non stop classification greedy,True,4,9.056328058242798,60.51786138725602,95
107672_3.tex,non stop classification greedy,True,9,13.21848726272583,118.87874246052026,154
107697_1.tex,non stop classification greedy,True,1,0.8647899627685547,10.522491529999996,11
107711_3.tex,non stop classification greedy,True,4,4.468504905700684,27.44362999000002,23
107714_2.tex,non stop classification greedy,True,1,0.8978772163391113,22.911037788911813,20
107717_3.tex,non stop classification greedy,True,1,0.8118352890014648,2.50428924480002,2
107741_3.tex,non stop classification greedy,True,9,10.681749820709229,62.69816212912811,81
107749_1.tex,non stop classification greedy,False,1,2.5315213203430176,10.063135267200096,54
107769_3.tex,non stop classification greedy,True,8,11.004724979400637,41.384660364085086,90
107785_1.tex,non stop classification greedy,True,3,4.709418058395386,21.62952509,14
107861_2.tex,non stop classification greedy,True,3,5.081078767776489,5.01912385,3
107899_2.tex,non stop classification greedy,True,17,29.861804485321045,222.40389467499972,222
107917_3.tex,non stop classification greedy,True,2,3.387430191040039,5.99429965500002,4
107934_3.tex,non stop classification greedy,True,16,21.034038305282596,159.76653268951995,137
107966_1.tex,non stop classification greedy,True,7,9.01609492301941,49.62903852834994,73
108064_2.tex,non stop classification greedy,True,8,12.064266443252563,58.25971835900036,74
108092_3.tex,non stop classification greedy,True,2,2.769099235534668,56.10758920000004,96
108130_3.tex,non stop classification greedy,True,1,0.8295998573303223,2.795139579999997,3
108170_2.tex,non stop classification greedy,True,8,11.957374095916748,60.99632834700052,99
108175_1.tex,non stop classification greedy,True,9,18.967411756515503,141.74261279382787,195
108183_3.tex,non stop classification greedy,True,5,10.479118347167969,59.64963571719253,92
108207_2.tex,non stop classification greedy,True,8,15.225149154663086,102.92868520912153,168
108229_3.tex,non stop classification greedy,True,4,6.580314874649048,28.250882750000024,31
108232_2.tex,non stop classification greedy,True,9,18.14413452148437,113.45290685000006,77
108245_1.tex,non stop classification greedy,True,6,7.92546820640564,33.19790097375005,35
108266_2.tex,non stop classification greedy,True,2,1.9246065616607664,7.539327839999942,12
108314_2.tex,non stop classification greedy,True,6,8.538715124130249,35.14029726500003,48
108326_2.tex,non stop classification greedy,True,7,10.07475471496582,75.84361506500007,60
108339_3.tex,non stop classification greedy,True,2,3.737659454345703,12.689007139999994,17
108344_2.tex,non stop classification greedy,True,1,1.617309808731079,0.0,2
108384_1.tex,non stop classification greedy,True,20,32.26234197616577,238.5675054970001,258
108386_2.tex,non stop classification greedy,True,6,11.595943212509155,41.25845375000005,63
108417_1.tex,non stop classification greedy,True,3,5.302118539810181,6.02407928625,7
108425_3.tex,non stop classification greedy,True,4,7.323565244674683,8.430571081250008,5
108428_1.tex,non stop classification greedy,True,5,8.991631507873535,11.29755339999997,8
108499_3.tex,non stop classification greedy,True,15,29.075044631958008,97.746535037574,108
108508_3.tex,non stop classification greedy,True,5,5.640800714492798,21.71646358500002,14
108610_3.tex,non stop classification greedy,True,2,2.4222278594970703,12.68050787205,16
108675_2.tex,non stop classification greedy,True,2,2.109957456588745,41.8931849300001,23
108679_2.tex,non stop classification greedy,True,1,1.02600359916687,3.1803121400000123,3
108716_3.tex,non stop classification greedy,True,5,7.828131437301636,98.86809819999996,90
108735_3.tex,non stop classification greedy,True,4,6.555846929550171,30.169664304999976,65
108789_1.tex,non stop classification greedy,True,2,3.69696044921875,19.874504120000047,29
108812_2.tex,non stop classification greedy,True,11,13.50886845588684,106.31340161650064,60
108832_2.tex,non stop classification greedy,True,6,10.544418573379517,64.161901720225,62
108850_2.tex,non stop classification greedy,True,7,12.663926124572754,165.26469443999991,79
108914_3.tex,non stop classification greedy,True,12,17.195257425308228,90.72290919180048,71
108929_2.tex,non stop classification greedy,True,21,44.09326171875,237.22168059700076,287
108936_3.tex,non stop classification greedy,True,9,14.093600988388062,52.19184177620005,56
109008_3.tex,non stop classification greedy,True,8,8.058673858642578,46.99769326999987,23
109031_2.tex,non stop classification greedy,True,9,15.711314916610718,122.84216698337494,146
109036_2.tex,non stop classification greedy,True,26,47.219963788986206,305.0269576712001,313
109145_1.tex,non stop classification greedy,True,2,3.542442321777344,10.87377539600002,10
109168_1.tex,non stop classification greedy,True,24,50.33790040016174,218.58886727630133,75
109219_3.tex,non stop classification greedy,True,1,2.2113139629364014,7.772677200000032,8
109244_1.tex,non stop classification greedy,True,2,4.091106176376343,7.81806911292,9
109323_3.tex,non stop classification greedy,True,4,8.285606145858765,21.20088147499998,30
109329_3.tex,non stop classification greedy,True,6,12.64855980873108,35.967117068750696,14
109339_3.tex,non stop classification greedy,True,1,1.7518599033355713,2.504289540000002,2
109350_3.tex,non stop classification greedy,True,11,23.25317335128784,78.43967453500007,94
109413_1.tex,non stop classification greedy,True,1,1.4445297718048096,0.0,1
109416_2.tex,non stop classification greedy,True,4,8.490936040878296,22.29585718000001,25
109542_3.tex,non stop classification greedy,True,10,19.002840757369995,64.50796342499999,80
109579_1.tex,non stop classification greedy,True,43,87.7747073173523,609.1112973336001,426
109759_2.tex,non stop classification greedy,True,8,12.499775171279907,112.17006519000005,106
109761_2.tex,non stop classification greedy,True,1,1.4119300842285156,4.005949539999989,6
109773_1.tex,non stop classification greedy,True,8,14.83786916732788,119.62505174599998,95
109829_1.tex,non stop classification greedy,True,8,9.823169946670532,48.63961109652106,88
109834_1.tex,non stop classification greedy,True,11,13.692793130874634,60.28650371182789,86
109852_3.tex,non stop classification greedy,True,2,2.464287757873535,21.93347183,25
109874_2.tex,non stop classification greedy,True,14,30.802527904510494,186.59443583025,65
109880_2.tex,non stop classification greedy,True,3,5.36827564239502,6.026258354999982,7
109880_3.tex,non stop classification greedy,True,11,20.776973962783813,70.7554183379999,50
109890_2.tex,non stop classification greedy,True,2,3.5022146701812744,9.993995084000066,15
109904_2.tex,non stop classification greedy,True,14,28.437711477279663,160.98613164582855,236
109910_3.tex,non stop classification greedy,True,7,12.752577066421509,41.95543088100002,66
109911_2.tex,non stop classification greedy,True,8,17.797374486923218,52.76023321591909,94
109974_1.tex,non stop classification greedy,True,10,27.50154995918274,54.387381475,37
110069_1.tex,non stop classification greedy,True,4,11.950155258178713,22.440645149999995,31
110087_1.tex,non stop classification greedy,True,10,19.44207215309143,55.06803710000011,72
110099_3.tex,non stop classification greedy,True,6,6.462521553039551,31.712250736500003,31
110258_1.tex,non stop classification greedy,True,8,16.32776427268982,52.04823243234856,47
110259_3.tex,non stop classification greedy,True,2,4.128629207611084,20.02,36
110264_1.tex,non stop classification greedy,True,3,4.689425706863403,30.689352965428107,77
110264_3.tex,non stop classification greedy,True,2,4.758029937744141,232.2370322100004,91
110329_3.tex,non stop classification greedy,True,4,8.98238229751587,107.82280000000004,94
110337_1.tex,non stop classification greedy,True,4,7.118612051010132,29.670770031520405,36
110402_1.tex,non stop classification greedy,True,3,5.182095766067505,26.689144520000305,16
110445_3.tex,non stop classification greedy,True,13,23.846779584884644,110.85745710639996,136
110461_3.tex,non stop classification greedy,True,12,21.77111577987671,84.73064980530032,118
110501_2.tex,non stop classification greedy,True,7,12.428565502166748,91.34175673000004,78
110554_1.tex,non stop classification greedy,True,15,27.878262519836422,199.90996063200004,150
110658_3.tex,non stop classification greedy,True,19,29.997487545013428,236.7598245114748,299
110669_1.tex,non stop classification greedy,True,8,17.64879298210144,41.800037912692005,66
110682_3.tex,non stop classification greedy,True,23,70.59599113464355,232.5735055329997,252
110694_3.tex,non stop classification greedy,True,8,23.948336362838745,44.01183459834996,46
110735_1.tex,non stop classification greedy,True,3,7.401418447494507,26.109329137499977,26
110789_1.tex,non stop classification greedy,True,2,5.732036352157593,16.67478410120006,36
111019_1.tex,non stop classification greedy,True,27,61.94556283950806,283.7627988620001,224
111128_2.tex,non stop classification greedy,True,40,84.67621684074402,588.3836275645376,306
111158_2.tex,non stop classification greedy,True,5,10.55297589302063,28.58858640000001,19
111199_1.tex,non stop classification greedy,True,37,79.95435738563538,483.74339533399984,512
111212_1.tex,non stop classification greedy,True,1,1.4904823303222656,2.511953379050027,2
111263_2.tex,non stop classification greedy,True,4,9.385801553726196,66.43496520000119,67
111273_1.tex,non stop classification greedy,True,1,1.1346960067749023,0.0,2
111306_2.tex,non stop classification greedy,True,4,8.476629495620728,24.317970192000036,27
111342_2.tex,non stop classification greedy,True,3,7.040583372116089,22.05612250000001,59
111416_1.tex,non stop classification greedy,True,3,6.559389114379883,60.80092198552002,75
111546_1.tex,non stop classification greedy,True,7,15.794031381607056,48.47537202733507,144
111584_3.tex,non stop classification greedy,True,16,31.75040578842163,195.3052462999999,149
111625_3.tex,non stop classification greedy,True,2,4.385539293289185,6.605877590000006,12
111639_2.tex,non stop classification greedy,True,6,12.55711841583252,25.56735712710699,35
111687_2.tex,non stop classification greedy,True,28,55.75356030464173,320.2985751400004,229
111693_2.tex,non stop classification greedy,True,14,27.100134134292603,112.68895749999989,114
111695_3.tex,non stop classification greedy,True,10,18.46735000610352,114.62629679999992,73
111702_2.tex,non stop classification greedy,True,4,7.779880046844482,12.810229700000122,14
111708_2.tex,non stop classification greedy,True,12,23.1999785900116,135.07439662799996,111
111709_3.tex,non stop classification greedy,True,3,6.777708530426025,22.90592735000004,39
111723_3.tex,non stop classification greedy,True,11,27.029592037200928,79.67286560249988,80
111730_1.tex,non stop classification greedy,True,24,68.5644474029541,263.0177542029998,165
111757_3.tex,non stop classification greedy,True,1,2.5721001625061035,0.0,2
111763_1.tex,non stop classification greedy,True,53,155.26286578178406,1194.6161386539502,450
111775_2.tex,non stop classification greedy,True,6,13.844314336776732,28.8015627356,49
112011_1.tex,non stop classification greedy,True,6,14.83450484275818,96.45413098500003,80
112015_2.tex,non stop classification greedy,True,2,5.424334526062012,22.6372,7
112054_2.tex,non stop classification greedy,True,15,38.408456325531006,162.26466622850114,117
112067_3.tex,non stop classification greedy,True,4,9.52114963531494,31.82298316232003,39
112101_2.tex,non stop classification greedy,True,3,7.541939496994018,20.858857465,31
112120_2.tex,non stop classification greedy,True,2,4.634706974029541,14.641348219999998,17
112137_1.tex,non stop classification greedy,True,9,21.02501153945923,78.18045823000011,73
112142_3.tex,non stop classification greedy,True,3,6.455942869186401,17.51993806599998,23
116192_1.tex,non stop classification greedy,True,5,11.23689579963684,21.04356234250011,44
116193_2.tex,non stop classification greedy,True,6,13.621702671051024,550.5415498429995,97
116248_3.tex,non stop classification greedy,True,2,4.273614168167114,20.365532136664,28
116275_3.tex,non stop classification greedy,True,5,10.095598459243774,44.18863759000013,73
116339_1.tex,non stop classification greedy,True,10,21.40126180648804,80.20036955000064,53
116377_3.tex,non stop classification greedy,True,6,12.863792657852173,35.06928573500013,63
116392_3.tex,non stop classification greedy,True,4,7.647327184677124,8.431155359999963,11
116393_3.tex,non stop classification greedy,True,11,21.80930757522583,51.34992524000003,54
116402_3.tex,non stop classification greedy,True,8,17.93892192840576,56.55019005400023,116
116416_3.tex,non stop classification greedy,True,1,1.6167197227478027,0.0,1
116474_3.tex,non stop classification greedy,True,5,9.492970943450928,22.065774300000115,35
116494_3.tex,non stop classification greedy,True,4,7.682297229766846,11.487922712500108,11
116508_2.tex,non stop classification greedy,True,8,15.636808156967165,26.602162075707007,14
116570_2.tex,non stop classification greedy,True,10,21.608337879180908,65.95012964824208,121
116570_3.tex,non stop classification greedy,True,11,22.65179967880249,75.7616485123631,128
116608_3.tex,non stop classification greedy,True,44,97.67586612701416,715.0497032752498,278
116610_1.tex,non stop classification greedy,True,2,3.5894272327423096,2.503599164999997,2
116627_2.tex,non stop classification greedy,True,40,98.29815363883972,503.6392966010003,399
116711_2.tex,non stop classification greedy,True,1,1.5228898525238037,2.515783816800024,1
116804_2.tex,non stop classification greedy,True,2,4.030855655670166,20.01,15
116816_3.tex,non stop classification greedy,True,5,11.121457815170288,72.53136895125004,63
116863_1.tex,non stop classification greedy,True,3,5.984045267105103,64.89549292999997,39
116888_3.tex,non stop classification greedy,True,3,5.411267280578613,22.24453202000016,15
116911_1.tex,non stop classification greedy,True,5,9.847712516784668,20.771691476520044,11
116930_2.tex,non stop classification greedy,True,3,6.443063020706177,37.72632142629299,63
116952_2.tex,non stop classification greedy,True,18,39.29722213745117,164.01774857854792,197
116986_3.tex,non stop classification greedy,True,8,16.154862642288208,77.66023229999969,47
117024_3.tex,non stop classification greedy,True,6,11.132070302963257,36.58577511581389,33
117025_2.tex,non stop classification greedy,False,1,4.574005365371704,10.522491529999996,62
117034_1.tex,non stop classification greedy,True,2,3.954937219619751,15.53560406359999,23
117102_1.tex,non stop classification greedy,True,3,5.28631329536438,16.81891465000009,12
117104_1.tex,non stop classification greedy,True,2,3.774103403091431,16.93,23
117123_2.tex,non stop classification greedy,True,8,16.755208015441895,62.49369314079995,75
117159_2.tex,non stop classification greedy,False,12,25.233792781829838,86.5781119991333,121
117168_2.tex,non stop classification greedy,True,2,3.442492961883545,18.90692920000001,34
117310_1.tex,non stop classification greedy,True,4,8.26981806755066,90.08463416000032,24
117317_1.tex,non stop classification greedy,True,3,6.007026672363281,15.865099999999977,8
117367_3.tex,non stop classification greedy,True,1,1.4707374572753906,6.141594580000032,13
117377_1.tex,non stop classification greedy,True,5,10.041842222213743,20.490926663107015,21
117377_2.tex,non stop classification greedy,True,11,21.29018187522888,102.77841889467084,107
117476_3.tex,non stop classification greedy,True,3,5.638318300247192,32.610588303999954,30
117491_3.tex,non stop classification greedy,True,2,3.2258760929107666,3.4961110800000146,5
117540_2.tex,non stop classification greedy,True,3,5.377800703048706,20.16053059600005,22
117564_3.tex,non stop classification greedy,True,3,3.7577736377716064,19.028253994400004,21
117573_1.tex,non stop classification greedy,True,1,1.473457098007202,0.0,1
117620_1.tex,non stop classification greedy,True,4,7.356249094009399,31.01542895,31
117673_3.tex,non stop classification greedy,True,6,11.06900691986084,39.22375748699998,45
117718_3.tex,non stop classification greedy,True,6,9.831919193267822,32.133728485600045,59
117755_1.tex,non stop classification greedy,True,3,4.320592880249023,20.02,22
117884_3.tex,non stop classification greedy,True,6,12.30758810043335,84.66169632999987,88
117917_3.tex,non stop classification greedy,True,3,6.785659551620483,65.89715499999997,77
117949_1.tex,non stop classification greedy,True,12,19.264094591140747,122.51660880000064,66
117983_3.tex,non stop classification greedy,True,2,2.8488311767578125,7.341714432759978,8
118068_2.tex,non stop classification greedy,True,11,22.4252712726593,135.94828708000023,170
118085_1.tex,non stop classification greedy,True,9,18.48154067993164,80.51598604963993,84
118094_3.tex,non stop classification greedy,True,3,5.4223473072052,23.21287518680028,37
118190_1.tex,non stop classification greedy,True,3,5.7506983280181885,13.03274256999994,20
118201_2.tex,non stop classification greedy,True,2,2.642033338546753,2.503599164999997,2
118213_3.tex,non stop classification greedy,True,14,20.96240234375,130.68896172400054,160
118229_2.tex,non stop classification greedy,False,30,48.22684693336487,417.1371878921749,485
118293_3.tex,non stop classification greedy,True,5,11.202692031860352,26.26923908125014,43
118388_2.tex,non stop classification greedy,True,1,1.4125497341156006,2.92680304000001,1
118424_3.tex,non stop classification greedy,True,2,3.956088542938232,20.585645230000186,36
118441_2.tex,non stop classification greedy,True,3,5.853031396865845,65.34801756351797,61
118471_3.tex,non stop classification greedy,True,3,5.744199752807617,7.702186279106996,3
118498_2.tex,non stop classification greedy,True,5,7.147588491439819,84.34736499999995,48
118531_3.tex,non stop classification greedy,True,3,5.551427602767944,15.971524842400004,12
118560_2.tex,non stop classification greedy,True,4,8.18949294090271,35.94282087748012,57
118571_1.tex,non stop classification greedy,True,4,8.416784286499023,23.879869817400067,54
118581_2.tex,non stop classification greedy,True,10,21.25720596313477,86.61946480800019,114
118713_3.tex,non stop classification greedy,True,10,19.420414686203003,101.94194990500026,92
118762_3.tex,non stop classification greedy,True,28,60.239346742630005,339.00939973735,321
118781_3.tex,non stop classification greedy,True,22,41.73829078674317,277.2258780749997,349
118864_3.tex,non stop classification greedy,True,1,1.7640166282653809,10.01,13
118960_3.tex,non stop classification greedy,True,8,18.982167959213257,148.18552000853506,127
118989_1.tex,non stop classification greedy,True,4,9.463212251663208,64.55681415389257,80
119035_3.tex,non stop classification greedy,True,5,10.06817364692688,42.433688680000486,50
119058_3.tex,non stop classification greedy,True,4,8.542837381362915,26.005118049875016,24
119102_1.tex,non stop classification greedy,True,4,8.856295108795166,92.81628523000022,87
119134_2.tex,non stop classification greedy,True,4,7.794714450836182,24.935888105000014,14
119153_3.tex,non stop classification greedy,True,2,3.397446632385254,14.397095540000024,19
119175_2.tex,non stop classification greedy,True,6,12.543032884597778,50.32387938715989,66
119200_2.tex,non stop classification greedy,True,7,14.485549926757812,45.86134578504804,65
119208_3.tex,non stop classification greedy,True,24,50.910147190094,277.1326241353061,423
119228_1.tex,non stop classification greedy,True,5,10.066277742385864,29.532879047824984,52
119259_1.tex,non stop classification greedy,True,1,1.4830915927886963,5.261001080000028,7
119265_1.tex,non stop classification greedy,True,25,50.850483417510986,315.3663235500002,286
119284_3.tex,non stop classification greedy,False,7,17.228214502334595,86.11238062,196
119292_2.tex,non stop classification greedy,True,24,52.994088888168335,302.81902115,399
119399_2.tex,non stop classification greedy,True,5,18.49221563339233,79.07015001117233,84
119425_1.tex,non stop classification greedy,True,3,5.844491481781006,18.22893272999991,39
119498_1.tex,non stop classification greedy,True,5,14.663725852966309,75.314835856,74
119513_1.tex,non stop classification greedy,True,8,19.15784740447998,90.99332593000032,172
119515_1.tex,non stop classification greedy,True,3,6.28797173500061,26.25458519963999,52
119547_3.tex,non stop classification greedy,True,1,1.7162160873413086,4.513277920000007,12
119608_2.tex,non stop classification greedy,True,5,10.373872995376589,107.24814608,85
119630_3.tex,non stop classification greedy,False,6,14.41878080368042,24.813021207048006,47
119638_3.tex,non stop classification greedy,True,4,8.045589208602905,13.226398238999952,20
119645_3.tex,non stop classification greedy,True,5,10.6538987159729,29.90767238112092,51
119734_2.tex,non stop classification greedy,True,18,35.81333136558533,211.67558737659985,219
119740_1.tex,non stop classification greedy,True,9,16.819077014923096,157.67782555100018,148
119774_3.tex,non stop classification greedy,True,5,9.29826545715332,47.09435788000002,48
119875_2.tex,non stop classification greedy,False,20,46.53910088539124,129.11264500631603,260
119948_2.tex,non stop classification greedy,True,3,6.402512311935425,22.539627780250004,25
120007_1.tex,non stop classification greedy,True,2,3.655416011810303,45.43178585999996,24
120020_3.tex,non stop classification greedy,True,9,20.493064641952515,161.42036650000037,160
120056_3.tex,non stop classification greedy,True,6,14.709257364273071,73.866979822,52
120076_3.tex,non stop classification greedy,True,3,7.358374357223511,20.37334541374392,43
120087_3.tex,non stop classification greedy,True,4,8.908299446105957,31.385759720999992,41
120141_1.tex,non stop classification greedy,True,6,20.914229154586792,65.82953873400005,54
120215_2.tex,non stop classification greedy,True,6,18.420661687850952,42.64154930000005,55
120254_2.tex,non stop classification greedy,True,3,8.447010278701782,25.44130361600002,23
120275_2.tex,non stop classification greedy,True,39,98.20237350463869,558.9117772198719,533
120323_3.tex,non stop classification greedy,True,13,27.83832097053528,128.06147147499996,122
120329_3.tex,non stop classification greedy,True,2,3.874191045761109,16.594392500000012,28
120371_1.tex,non stop classification greedy,True,2,3.497406482696533,7.944853870000003,9
120402_1.tex,non stop classification greedy,True,8,13.294644117355348,58.61663806600008,65
120483_3.tex,non stop classification greedy,True,15,33.08217477798462,112.9828321080004,65
120490_3.tex,non stop classification greedy,True,12,26.21695280075073,81.1681533539166,74
120657_3.tex,non stop classification greedy,True,8,18.083702325820923,108.02820895000002,66
120690_2.tex,non stop classification greedy,True,8,16.864103317260742,62.07001434260004,93
120744_2.tex,non stop classification greedy,True,6,11.613216400146484,100.02027966499998,81
120767_1.tex,non stop classification greedy,True,6,12.753350734710692,34.59541299000011,27
120802_2.tex,non stop classification greedy,True,6,13.6853506565094,104.458,121
120848_1.tex,non stop classification greedy,False,22,53.896400690078735,309.5482315049998,386
120866_1.tex,non stop classification greedy,True,4,8.114877939224243,25.60401557000008,33
120872_3.tex,non stop classification greedy,True,8,16.575436115264893,66.2757769800003,59
120919_3.tex,non stop classification greedy,True,26,57.62625980377197,210.4978627106,260
120950_3.tex,non stop classification greedy,True,24,56.79730105400085,301.1147092697999,485
120951_3.tex,non stop classification greedy,True,6,12.108661890029907,19.549864510600077,21
120954_3.tex,non stop classification greedy,True,21,54.97187232971192,166.21077120959976,263
121060_1.tex,non stop classification greedy,True,5,13.965568780899048,34.81329999999996,90
121145_2.tex,non stop classification greedy,True,4,9.737185716629028,18.69718062554402,21
121207_2.tex,non stop classification greedy,True,5,13.506111860275269,34.63848340000001,51
121213_3.tex,non stop classification greedy,True,14,41.37298274040222,127.815725676,143
121225_2.tex,non stop classification greedy,True,6,15.528396368026732,30.64359512965015,18
121238_3.tex,non stop classification greedy,True,5,11.418896198272703,27.125877108399987,35
121282_2.tex,non stop classification greedy,True,18,55.55131554603577,233.64428292997505,200
121305_2.tex,non stop classification greedy,True,8,19.258196592330933,83.20208860500003,90
121306_3.tex,non stop classification greedy,True,7,18.253112077713013,66.3258607100002,60
121307_1.tex,non stop classification greedy,True,9,19.335748195648197,60.19902017500001,36
121346_3.tex,non stop classification greedy,True,8,20.648767709732056,78.10097478000003,160
121407_1.tex,non stop classification greedy,True,12,31.5447998046875,143.56747792000002,133
121423_3.tex,non stop classification greedy,True,1,2.00164008140564,5.390000000000001,8
121424_1.tex,non stop classification greedy,False,16,39.62563443183899,109.71964200000022,47
121456_3.tex,non stop classification greedy,True,2,3.8604021072387695,2.980245074999999,3
121478_1.tex,non stop classification greedy,True,6,12.26324725151062,18.85291124549996,21
121488_3.tex,non stop classification greedy,True,6,13.797077655792236,16.47663554499998,11
121642_2.tex,non stop classification greedy,True,3,7.031606197357178,41.07754415999998,19
121643_1.tex,non stop classification greedy,True,3,7.192730188369751,18.262725100000296,23
121651_3.tex,non stop classification greedy,True,1,2.3381435871124268,7.581806703600051,16
121653_2.tex,non stop classification greedy,True,5,12.33360743522644,32.59240262837996,45
121687_3.tex,non stop classification greedy,True,2,4.768511533737183,7.507818739199962,9
121713_1.tex,non stop classification greedy,True,3,11.494493246078491,23.075916881020994,74
121726_3.tex,non stop classification greedy,True,3,9.40516471862793,30.77280184500006,14
121751_1.tex,non stop classification greedy,True,9,29.464019775390625,85.53241634000105,42
121790_3.tex,non stop classification greedy,True,9,25.97311043739319,122.16435577749988,135
121793_1.tex,non stop classification greedy,True,3,8.624810218811035,25.35654190880001,48
121819_3.tex,non stop classification greedy,True,9,30.63140058517456,73.16218965632005,141
121892_2.tex,non stop classification greedy,True,30,75.33920288085938,343.46309218500016,219
121937_2.tex,non stop classification greedy,True,14,33.32787251472473,165.2905956299999,137
121946_2.tex,non stop classification greedy,False,5,14.855835914611816,66.02004752000002,101
121995_3.tex,non stop classification greedy,True,9,19.43453359603882,55.40935051500017,77
122034_3.tex,non stop classification greedy,True,23,56.15896773338318,218.17860262399995,252
122039_1.tex,non stop classification greedy,True,11,25.731444597244263,63.84202570059993,115
122074_1.tex,non stop classification greedy,True,2,4.1100006103515625,17.004144160000358,18
122120_3.tex,non stop classification greedy,True,6,17.233492136001587,35.783922180883835,42
122163_3.tex,non stop classification greedy,True,1,1.5429277420043943,8.559346620000014,4
122179_2.tex,non stop classification greedy,True,7,18.36991834640503,82.80743241249891,98
122201_3.tex,non stop classification greedy,True,4,8.811595678329468,33.47787606700006,48
122203_2.tex,non stop classification greedy,True,9,23.313390016555783,129.978924027,140
122412_1.tex,non stop classification greedy,True,4,8.407554149627686,33.30348795000005,45
122425_3.tex,non stop classification greedy,True,8,18.22595691680908,53.89600349097501,67
122453_1.tex,non stop classification greedy,True,13,32.2623233795166,72.05702244500011,79
122496_2.tex,non stop classification greedy,True,1,2.0930063724517822,7.565169120000036,13
122563_3.tex,non stop classification greedy,False,25,64.47176361083984,165.13148406559992,147
122601_2.tex,non stop classification greedy,True,5,12.232699632644652,117.41949608000172,64
122629_2.tex,non stop classification greedy,True,5,11.491628646850586,18.059534981999995,44
122701_1.tex,non stop classification greedy,True,2,3.7093217372894287,17.652317380000014,22
122753_1.tex,non stop classification greedy,True,4,9.678850412368774,28.63342692800001,56
122803_1.tex,non stop classification greedy,True,5,9.588205337524414,30.33038006500007,27
122920_1.tex,non stop classification greedy,True,17,39.61393070220947,226.0835266500006,212
122941_1.tex,non stop classification greedy,True,13,29.02383804321289,76.43545561,68
122952_3.tex,non stop classification greedy,True,13,32.433603286743164,99.86226778873495,131
122969_2.tex,non stop classification greedy,False,20,59.4761860370636,184.32103194699997,270
122977_3.tex,non stop classification greedy,False,7,19.106904983520508,27.420645608496045,49
122995_3.tex,non stop classification greedy,True,4,10.470091819763184,15.791599158500029,33
123107_2.tex,non stop classification greedy,True,42,107.83721041679382,507.34906552804506,585
123107_3.tex,non stop classification greedy,False,36,87.93701839447021,444.4296340320003,674
123153_2.tex,non stop classification greedy,True,1,1.4811413288116455,8.895726420000045,6
123285_3.tex,non stop classification greedy,True,4,8.20738935470581,35.066595635000965,38
123306_1.tex,non stop classification greedy,False,1,5.204218626022339,2.573424354599979,24
123352_3.tex,non stop classification greedy,True,5,10.900516986846924,114.07721355999996,57
123362_3.tex,non stop classification greedy,True,3,6.476677417755127,25.06759932000002,25
123370_1.tex,non stop classification greedy,True,8,17.302764892578125,101.95643316,47
123379_2.tex,non stop classification greedy,True,2,5.034893035888672,33.64543253248,28
123424_1.tex,non stop classification greedy,True,9,22.58212661743164,133.57888741259217,207
123438_1.tex,non stop classification greedy,True,7,18.07241702079773,76.37248097710697,151
123465_1.tex,non stop classification greedy,True,1,1.7873497009277344,10.522491529999996,17
112152_3.tex,non stop classification greedy,True,8,14.376299619674684,49.07023282580021,57
112164_1.tex,non stop classification greedy,True,5,10.499896764755247,44.18538990597799,62
112215_1.tex,non stop classification greedy,True,4,8.278608560562134,41.56044233999995,27
112218_2.tex,non stop classification greedy,True,5,10.287987232208252,30.873722390000022,22
112312_1.tex,non stop classification greedy,True,4,7.3779616355896,24.616415743750004,50
112487_3.tex,non stop classification greedy,True,5,6.532855987548828,73.52409856076004,42
112643_1.tex,non stop classification greedy,True,9,14.697923183441162,44.33769084529995,53
112645_1.tex,non stop classification greedy,True,6,11.834941625595093,50.92906984000008,31
112658_2.tex,non stop classification greedy,True,4,8.018933773040771,29.73398558000004,30
112705_1.tex,non stop classification greedy,True,6,12.268519163131714,31.97255747049997,54
112723_2.tex,non stop classification greedy,True,14,24.1866397857666,75.52607384024206,99
112768_2.tex,non stop classification greedy,True,11,21.780731201171875,78.85361210500035,67
112834_3.tex,non stop classification greedy,True,31,58.22805857658386,408.71308373999966,225
112855_3.tex,non stop classification greedy,True,35,65.17714142799377,345.8961795898302,491
112883_3.tex,non stop classification greedy,True,4,5.773244619369507,197.2404787999997,53
112927_1.tex,non stop classification greedy,True,12,22.713778018951416,170.79077135299414,313
113048_3.tex,non stop classification greedy,True,11,23.145326137542725,139.61762051160758,193
113091_3.tex,non stop classification greedy,True,10,21.11724877357483,106.87030590000008,104
113144_3.tex,non stop classification greedy,True,6,12.917741537094116,92.50488063999998,90
113194_3.tex,non stop classification greedy,True,2,4.047429323196411,19.36798478,20
113251_2.tex,non stop classification greedy,True,10,21.27597427368164,48.01257025599995,32
113284_2.tex,non stop classification greedy,True,20,45.00185251235962,194.30779766999987,225
113295_3.tex,non stop classification greedy,True,11,20.216617345809937,89.36484393999997,101
113297_1.tex,non stop classification greedy,True,1,1.605771780014038,0.0,2
113323_3.tex,non stop classification greedy,True,11,23.176799297332764,67.21728644999999,72
113339_3.tex,non stop classification greedy,False,13,30.06060194969177,139.18222064850005,132
113392_2.tex,non stop classification greedy,True,15,23.08635711669922,77.93539354000006,78
113398_1.tex,non stop classification greedy,True,28,56.91369438171387,264.7270881229998,586
113435_3.tex,non stop classification greedy,True,5,8.732516527175903,35.85099607500008,47
113481_1.tex,non stop classification greedy,True,6,12.974177837371826,65.09914728989679,111
113531_3.tex,non stop classification greedy,True,6,8.361628532409668,144.61469809999988,83
113592_3.tex,non stop classification greedy,True,5,8.775533676147461,113.39289541659998,129
113600_2.tex,non stop classification greedy,True,6,10.917734146118164,53.64455534177252,66
113634_1.tex,non stop classification greedy,True,11,13.782658815383911,174.19937027999987,69
113667_2.tex,non stop classification greedy,True,7,8.245153188705444,46.81352213029998,51
113683_3.tex,non stop classification greedy,True,3,3.243670701980591,18.490167140000025,19
113747_1.tex,non stop classification greedy,True,12,14.930598497390749,91.17350509,66
113748_2.tex,non stop classification greedy,True,2,2.155120372772217,11.727040470000077,14
113787_2.tex,non stop classification greedy,False,11,19.48041844367981,97.19856259716002,128
113806_2.tex,non stop classification greedy,True,25,38.54150199890137,323.69833279975995,132
113808_2.tex,non stop classification greedy,True,10,16.421033143997192,81.00233983151995,140
113843_3.tex,non stop classification greedy,True,7,13.321849584579468,69.56902103999994,73
113896_2.tex,non stop classification greedy,False,13,28.43152689933777,91.91970801380026,93
114067_3.tex,non stop classification greedy,True,1,1.84289813041687,14.733298359999992,23
114073_3.tex,non stop classification greedy,True,14,31.954056978225708,167.10819902500032,180
114132_1.tex,non stop classification greedy,True,2,4.535406589508057,19.31320182000003,52
114258_1.tex,non stop classification greedy,True,1,1.441997528076172,0.0,1
114293_3.tex,non stop classification greedy,True,11,20.20333242416382,79.86374702500035,92
114311_2.tex,non stop classification greedy,True,7,9.042014598846436,49.69299856075998,68
114322_3.tex,non stop classification greedy,True,12,22.49803996086121,100.1638379214002,89
114325_1.tex,non stop classification greedy,True,5,5.566412925720215,21.71197962500001,23
114327_2.tex,non stop classification greedy,True,3,2.899915933609009,5.7826543729999855,4
114350_3.tex,non stop classification greedy,True,6,6.972787380218506,20.75475838395703,23
114389_1.tex,non stop classification greedy,True,5,5.161493301391602,26.42431960000002,22
114406_2.tex,non stop classification greedy,True,2,2.4764111042022705,2.9152450750000014,2
114531_3.tex,non stop classification greedy,True,15,23.85431146621704,96.49300457647544,73
114541_3.tex,non stop classification greedy,True,6,9.01489758491516,43.3149747990001,93
114606_3.tex,non stop classification greedy,True,8,11.904817581176758,113.70449894250056,141
114633_3.tex,non stop classification greedy,True,6,7.339958190917969,104.50405684499998,96
114643_3.tex,non stop classification greedy,True,8,15.588882207870483,36.6510244579999,38
114660_2.tex,non stop classification greedy,True,4,4.215864896774292,29.860001054798232,51
114731_3.tex,non stop classification greedy,True,6,6.143479347229004,28.61788505000005,29
114755_1.tex,non stop classification greedy,True,1,1.2866151332855225,4.321644965000004,4
114779_1.tex,non stop classification greedy,True,17,23.10080862045288,183.1746786062281,302
114828_1.tex,non stop classification greedy,True,15,21.57187819480896,126.6965530349999,101
114962_3.tex,non stop classification greedy,True,5,6.157342195510864,20.132968949999963,21
115113_1.tex,non stop classification greedy,True,5,8.218814611434937,34.02743732187496,47
115127_1.tex,non stop classification greedy,True,3,4.200222253799439,22.580895473599988,52
115158_1.tex,non stop classification greedy,True,1,1.511613845825195,7.8242590800000755,10
115181_3.tex,non stop classification greedy,True,5,8.135871648788452,123.50790302500008,94
115185_3.tex,non stop classification greedy,True,5,6.844555139541626,49.8384654283401,67
115197_2.tex,non stop classification greedy,True,6,12.313140630722046,30.870040069399828,36
115294_1.tex,non stop classification greedy,True,8,11.32681131362915,46.21291778880043,55
115369_1.tex,non stop classification greedy,True,7,7.997774839401245,60.95319116499999,49
115400_2.tex,non stop classification greedy,True,8,9.632311344146729,80.16579578500011,107
115553_2.tex,non stop classification greedy,True,10,13.034396648406982,44.642142405350086,54
115655_3.tex,non stop classification greedy,True,4,6.573546648025513,32.57046965999993,60
115661_2.tex,non stop classification greedy,True,3,6.109930038452148,23.644666381519947,52
115737_3.tex,non stop classification greedy,True,4,5.347867488861084,64.971605522352,44
115798_1.tex,non stop classification greedy,True,5,5.128470420837402,26.267764710000485,18
115810_2.tex,non stop classification greedy,True,18,26.842895984649655,130.8537665000009,125
115818_2.tex,non stop classification greedy,True,10,13.910118341445925,136.29101591024002,129
115835_3.tex,non stop classification greedy,True,8,10.115570306777954,56.84084965200034,74
116002_3.tex,non stop classification greedy,True,7,14.159171104431152,27.49972922499994,24
116013_2.tex,non stop classification greedy,True,1,1.463717699050903,8.418595960000005,13
116038_1.tex,non stop classification greedy,True,2,3.341585159301758,3.4960341239999995,3
116057_3.tex,non stop classification greedy,True,8,15.992198705673218,44.50670538879999,64
123559_2.tex,non stop classification greedy,True,9,17.459694623947144,166.63661896000002,93
123580_1.tex,non stop classification greedy,True,10,19.32539963722229,106.14889206000002,129
123758_1.tex,non stop classification greedy,True,20,40.96827745437622,126.7992570728342,78
123766_2.tex,non stop classification greedy,True,1,0.955519437789917,10.063135267200096,26
123788_1.tex,non stop classification greedy,True,4,6.828670978546143,132.78941168000003,43
123791_2.tex,non stop classification greedy,True,2,1.9797685146331787,32.452198559999985,25
123792_2.tex,non stop classification greedy,True,5,7.124952077865601,115.12063641999994,62
123810_1.tex,non stop classification greedy,True,2,2.197828769683838,19.383037511125,19
123812_2.tex,non stop classification greedy,True,2,2.703950881958008,90.55378,46
123838_2.tex,non stop classification greedy,True,1,0.8151624202728271,5.244121985519996,4
123917_1.tex,non stop classification greedy,True,3,4.702136993408203,39.26921229600001,30
123958_3.tex,non stop classification greedy,True,3,4.003639221191406,10.382923551999989,21
124016_1.tex,non stop classification greedy,True,4,4.359664678573608,32.04059596,41
124017_3.tex,non stop classification greedy,True,2,2.410592555999756,14.059475000000036,15
124121_3.tex,non stop classification greedy,True,4,7.045809268951416,14.46856064375001,10
124149_2.tex,non stop classification greedy,True,35,58.982317209243774,565.9411110447502,571
124153_3.tex,non stop classification greedy,True,1,1.5587961673736572,5.058172955000003,8
124178_2.tex,non stop classification greedy,True,5,6.189255952835083,25.226199409999992,33
124190_1.tex,non stop classification greedy,True,9,12.546243906021118,52.97176840080001,70
124190_3.tex,non stop classification greedy,True,4,7.188096761703491,22.103179818,39
124264_2.tex,non stop classification greedy,True,8,12.955616235733032,37.59063533799994,71
124297_3.tex,non stop classification greedy,False,28,54.28004598617554,438.47026397799976,105
124379_1.tex,non stop classification greedy,True,4,5.510852336883545,39.710730746399975,44
124413_1.tex,non stop classification greedy,True,9,11.661206245422363,78.09857196500002,127
124469_1.tex,non stop classification greedy,True,1,1.2316124439239502,0.0,2
124481_3.tex,non stop classification greedy,True,1,1.034008502960205,0.0,1
124491_3.tex,non stop classification greedy,True,4,6.905551671981812,84.25071768000002,77
124496_2.tex,non stop classification greedy,True,10,20.50369524955749,103.38324456639998,259
124539_1.tex,non stop classification greedy,True,14,31.14902400970459,164.62363144999995,148
124558_2.tex,non stop classification greedy,True,26,56.80085301399231,467.257547900001,323
124704_2.tex,non stop classification greedy,True,10,19.19590139389038,60.85443952289198,90
124704_3.tex,non stop classification greedy,True,4,4.798559665679932,15.22821062970695,23
124716_2.tex,non stop classification greedy,True,30,56.09716582298279,310.6996449699998,286
124730_2.tex,non stop classification greedy,True,10,13.744298219680786,71.62206011159985,177
124807_3.tex,non stop classification greedy,True,2,2.2849080562591557,208.026038907648,53
124872_2.tex,non stop classification greedy,True,3,3.051244020462036,26.89122756000007,11
124929_3.tex,non stop classification greedy,True,2,2.26572322845459,13.74242326359996,24
124998_3.tex,non stop classification greedy,True,4,4.704496622085571,60.27000141977501,56
125019_2.tex,non stop classification greedy,True,3,3.37075138092041,15.20262410295704,21
125077_1.tex,non stop classification greedy,True,4,6.016371726989746,27.849381690000143,32
125092_1.tex,non stop classification greedy,True,7,8.618451833724976,71.77906522000002,73
125113_1.tex,non stop classification greedy,True,10,12.710290431976318,62.2595618714,47
125210_1.tex,non stop classification greedy,True,8,9.337673902511597,58.12584675452,44
125241_2.tex,non stop classification greedy,True,26,54.94442415237427,318.01752336900034,565
125381_3.tex,non stop classification greedy,True,6,9.563666820526125,37.94368910900006,58
125430_3.tex,non stop classification greedy,True,3,8.593703269958496,28.47413267207324,25
125474_3.tex,non stop classification greedy,True,3,5.862158298492432,21.257025697799985,40
125494_3.tex,non stop classification greedy,True,3,4.766271114349365,21.50949065985596,69
125499_1.tex,non stop classification greedy,True,6,7.929093837738037,99.47673379499996,54
125515_1.tex,non stop classification greedy,True,3,5.594339609146118,33.36959585000002,29
125576_2.tex,non stop classification greedy,True,6,11.835097551345823,41.888289272543936,68
125577_2.tex,non stop classification greedy,True,2,2.30615782737732,9.339383209949972,17
125604_2.tex,non stop classification greedy,True,4,3.869619131088257,41.61127889999997,30
125608_2.tex,non stop classification greedy,True,3,3.888885498046875,31.532512500000024,33
125636_3.tex,non stop classification greedy,True,19,28.548040866851807,230.69430684999992,119
125670_2.tex,non stop classification greedy,True,3,5.971577405929565,17.077755980000095,23
125680_1.tex,non stop classification greedy,True,5,5.821689605712891,27.74961544904997,49
125707_2.tex,non stop classification greedy,True,41,57.42539072036743,528.8794000805999,379
125720_1.tex,non stop classification greedy,True,14,20.63906025886536,168.6359609049999,114
125819_1.tex,non stop classification greedy,True,26,39.96243333816528,263.4244414268499,343
125880_3.tex,non stop classification greedy,True,3,5.127709627151489,3.106745074999992,26
125891_1.tex,non stop classification greedy,True,1,1.8717918395996092,164.1974263749995,47
125914_1.tex,non stop classification greedy,True,3,6.343669414520264,26.362262650000048,45
125918_2.tex,non stop classification greedy,True,3,7.145413160324097,18.596063225791944,93
125963_1.tex,non stop classification greedy,True,2,4.7279863357543945,12.149320180000302,18
125995_3.tex,non stop classification greedy,True,8,23.24389624595642,48.2412386614,63
126107_2.tex,non stop classification greedy,True,17,57.92183780670166,157.5936068250001,170
126119_3.tex,non stop classification greedy,True,16,41.75119853019714,92.03372050222792,130
126181_1.tex,non stop classification greedy,True,6,11.650225400924684,28.70502702299996,34
126197_1.tex,non stop classification greedy,True,15,29.401852130889893,142.8082884870005,107
126231_2.tex,non stop classification greedy,True,18,26.49846172332764,152.7347025730034,197
126242_2.tex,non stop classification greedy,True,34,60.91887950897217,413.623961683,451
126286_2.tex,non stop classification greedy,True,19,33.37226462364197,174.59539813750013,128
126314_3.tex,non stop classification greedy,True,27,53.419416189193726,292.06811085350006,240
126324_3.tex,non stop classification greedy,True,14,29.20503234863281,145.9507924169999,168
126452_3.tex,non stop classification greedy,True,1,2.410964012145996,248.99594000000013,46
126558_3.tex,non stop classification greedy,True,4,9.062564373016356,26.461642729272583,41
126564_2.tex,non stop classification greedy,True,3,6.778631925582886,24.671595990000466,61
126574_1.tex,non stop classification greedy,True,1,1.8670523166656492,11.247788560000004,21
126614_1.tex,non stop classification greedy,True,3,6.267582178115845,22.860029531123985,17
126671_3.tex,non stop classification greedy,True,14,30.37703251838684,184.8191329782059,228
126685_3.tex,non stop classification greedy,True,4,7.760271072387695,23.88107943999995,16
126778_3.tex,non stop classification greedy,True,28,57.69126605987549,267.74013845274976,169
126784_2.tex,non stop classification greedy,True,5,10.257731914520264,24.11290733890003,24
126815_2.tex,non stop classification greedy,True,4,6.819810628890991,35.33606380000003,59
126822_3.tex,non stop classification greedy,True,18,30.08518385887146,206.04165657000024,91
126837_2.tex,non stop classification greedy,True,6,11.53099799156189,33.57689712,23
126886_2.tex,non stop classification greedy,False,28,72.03322625160217,335.04479935149993,413
126891_3.tex,non stop classification greedy,True,9,24.107820510864254,46.61983539799995,64
126989_2.tex,non stop classification greedy,True,3,11.24884796142578,34.74539812500066,74
126996_1.tex,non stop classification greedy,True,3,9.934353828430176,42.78150737499994,79
126997_2.tex,non stop classification greedy,True,4,12.343993425369264,32.64069890193597,61
127002_3.tex,non stop classification greedy,False,7,23.40880012512207,58.727949725544335,110
127004_2.tex,non stop classification greedy,True,25,73.51202654838562,640.2169962529995,56
127021_3.tex,non stop classification greedy,True,3,6.436602115631104,49.209396105,40
127066_3.tex,non stop classification greedy,True,9,23.50267553329468,140.43026295250002,115
127072_3.tex,non stop classification greedy,True,2,3.462907314300537,23.41808586163596,46
127076_2.tex,non stop classification greedy,True,3,6.228330135345459,27.92902666050412,47
127092_3.tex,non stop classification greedy,True,5,13.513840198516846,41.73896258559998,72
127130_1.tex,non stop classification greedy,True,3,7.188001871109009,24.02166820500011,27
127132_3.tex,non stop classification greedy,True,9,23.910513162612915,142.78127247000057,98
127150_3.tex,non stop classification greedy,True,8,21.680840730667114,57.09602747000002,69
127214_3.tex,non stop classification greedy,False,8,23.301997900009155,60.1706968780002,84
127274_2.tex,non stop classification greedy,True,4,9.13056778907776,21.07870378720008,26
127275_3.tex,non stop classification greedy,True,18,44.32227301597595,158.55144114640007,154
127309_1.tex,non stop classification greedy,True,27,92.45519924163818,304.71829186775,410
127330_3.tex,non stop classification greedy,True,24,75.56615567207336,239.3751267211749,286
127370_1.tex,non stop classification greedy,True,13,32.50895118713379,150.60240433951992,145
127391_2.tex,non stop classification greedy,True,10,20.38437795639038,51.51743163099998,97
127562_1.tex,non stop classification greedy,True,4,5.988385438919067,39.50333407500016,43
127612_3.tex,non stop classification greedy,True,6,12.601998805999756,72.65499769999983,128
127613_2.tex,non stop classification greedy,True,4,7.875592231750488,21.24143612454996,37
127630_1.tex,non stop classification greedy,True,4,8.33618712425232,40.152762821000046,85
127675_3.tex,non stop classification greedy,True,9,19.02438879013061,106.40463284000003,103
127744_3.tex,non stop classification greedy,True,10,21.015005826950077,35.7370389021211,49
127748_1.tex,non stop classification greedy,True,17,38.954582929611206,147.21063484964222,204
127778_3.tex,non stop classification greedy,True,2,3.747228145599365,18.06769912000003,30
127846_2.tex,non stop classification greedy,True,7,15.2684588432312,64.90697856500012,95
127849_1.tex,non stop classification greedy,True,14,31.094300746917725,95.80102089000042,98
127866_1.tex,non stop classification greedy,False,25,51.20244598388672,266.00603395000013,412
127871_2.tex,non stop classification greedy,False,30,68.22290635108948,285.54829843999994,365
127896_2.tex,non stop classification greedy,True,7,12.460362672805786,37.28520052500042,34
127923_3.tex,non stop classification greedy,True,1,1.969376564025879,0.0,1
127939_1.tex,non stop classification greedy,True,35,79.4206154346466,359.15814272075033,421
128070_1.tex,non stop classification greedy,True,15,35.41143012046814,57.30494933235529,70
128221_3.tex,non stop classification greedy,True,3,5.431077241897583,21.05852420500002,10
128242_3.tex,non stop classification greedy,True,10,21.375910758972168,58.31616563187497,15
128326_1.tex,non stop classification greedy,True,2,3.2964136600494385,10.192683940000135,12
128328_3.tex,non stop classification greedy,True,13,26.320729732513428,151.959248095,109
128349_3.tex,non stop classification greedy,True,29,67.253746509552,375.1129325835501,156
128368_1.tex,non stop classification greedy,True,5,9.814788103103638,24.711994059999974,11
128416_2.tex,non stop classification greedy,True,9,16.718060731887817,62.2190352649999,40
128421_2.tex,non stop classification greedy,True,8,14.962423086166382,75.22882538999987,51
128424_3.tex,non stop classification greedy,True,4,7.514750003814697,25.83142139000001,22
128441_2.tex,non stop classification greedy,True,5,10.6324622631073,24.53940146500001,26
128458_2.tex,non stop classification greedy,False,3,9.856075763702393,13.583289685763988,23
128482_2.tex,non stop classification greedy,True,8,16.621697425842285,49.9222718692001,66
128511_2.tex,non stop classification greedy,True,7,13.089183568954468,19.59342075460009,10
128518_3.tex,non stop classification greedy,True,2,3.4211134910583496,5.284583285600007,4
128576_2.tex,non stop classification greedy,True,2,3.60827112197876,20.440177650135013,23
128590_2.tex,non stop classification greedy,True,4,7.688778638839722,20.276833313800037,27
128711_2.tex,non stop classification greedy,True,4,8.857471227645874,53.70705753599994,74
128720_2.tex,non stop classification greedy,True,9,20.456581354141235,129.15556541949607,176
128722_2.tex,non stop classification greedy,True,2,3.5954291820526123,16.6334528855202,28
128726_1.tex,non stop classification greedy,False,3,10.040285587310793,33.1858002,86
128758_1.tex,non stop classification greedy,True,7,14.435086965560911,44.65048445250039,58
128777_3.tex,non stop classification greedy,True,5,9.454147577285768,35.63737391299185,42
128796_2.tex,non stop classification greedy,True,2,3.270108699798584,7.152988544400017,13
128816_2.tex,non stop classification greedy,True,6,11.677167892456056,39.88216173454402,59
128826_3.tex,non stop classification greedy,True,4,8.772453784942627,100.87430228552006,99
128835_3.tex,non stop classification greedy,True,5,11.58205795288086,29.37913271999995,77
128892_3.tex,non stop classification greedy,True,14,29.382731437683105,109.15327817952031,118
128946_2.tex,non stop classification greedy,True,4,7.631804704666138,7.536943404999974,4
128987_3.tex,non stop classification greedy,True,27,57.67844676971436,279.4476380550001,273
129006_1.tex,non stop classification greedy,True,3,5.569767475128174,14.762070047799996,28
129020_1.tex,non stop classification greedy,True,29,70.5742757320404,408.3373351045999,755
129273_1.tex,non stop classification greedy,True,7,16.359610557556152,51.84553087000005,81
129289_1.tex,non stop classification greedy,True,6,13.218750476837158,40.93614269000005,33
129300_1.tex,non stop classification greedy,True,2,3.999665260314941,6.4162575999999945,13
129313_2.tex,non stop classification greedy,True,4,7.95640754699707,16.44592736076,16
129325_2.tex,non stop classification greedy,True,5,10.817285776138306,24.26986771999995,47
129347_1.tex,non stop classification greedy,True,10,21.401078701019287,53.10209469329999,101
129388_2.tex,non stop classification greedy,True,2,4.0811522006988525,12.223228265000005,12
129443_2.tex,non stop classification greedy,True,9,19.11302661895752,52.3149973822499,33
129450_2.tex,non stop classification greedy,True,18,35.58412027359009,94.82656985099996,83
129473_2.tex,non stop classification greedy,True,10,21.298202753067017,58.02643245515003,101
129481_3.tex,non stop classification greedy,True,7,13.922223806381226,27.01425437699993,36
129489_3.tex,non stop classification greedy,False,33,76.63595366477966,319.9409604110003,323
129580_1.tex,non stop classification greedy,True,9,18.770373821258545,53.06272797400006,72
129664_3.tex,non stop classification greedy,True,3,6.340718507766724,25.336601212400048,33
129692_2.tex,non stop classification greedy,True,4,7.773103952407837,418.5705997800001,118
129693_1.tex,non stop classification greedy,True,14,33.21884512901306,87.78513286486398,118
129737_1.tex,non stop classification greedy,True,3,5.652884721755981,16.856649039999994,7
129739_3.tex,non stop classification greedy,True,3,5.551044702529907,23.356989280000192,14
129755_1.tex,non stop classification greedy,True,4,8.501219749450684,56.98052257119997,42
130022_1.tex,non stop classification greedy,True,12,25.570137977600098,90.32126500850016,80
130030_1.tex,non stop classification greedy,False,16,38.05930685997009,237.89613126155,346
130037_3.tex,non stop classification greedy,True,8,16.931464910507202,129.94538856000003,73
130043_1.tex,non stop classification greedy,True,22,46.64068937301636,267.6950286799997,211
130051_2.tex,non stop classification greedy,True,5,8.933207988739014,33.91260988500004,26
130079_3.tex,non stop classification greedy,True,4,6.757688760757446,21.36035406000001,24
130094_2.tex,non stop classification greedy,True,2,3.1025197505950928,5.380017081799991,2
130109_3.tex,non stop classification greedy,True,4,7.318712711334228,27.57684420000001,35
130244_2.tex,non stop classification greedy,True,1,1.7166521549224854,10.01,27
130270_1.tex,non stop classification greedy,True,4,8.63112211227417,52.07525336000004,26
130331_2.tex,non stop classification greedy,True,4,8.20118260383606,31.005416366944036,73
130334_3.tex,non stop classification greedy,True,6,13.541497468948364,77.86826672677287,123
130357_2.tex,non stop classification greedy,True,2,2.690915107727051,12.2335152,13
130439_3.tex,non stop classification greedy,True,6,13.621143341064451,25.764446496535005,39
130488_3.tex,non stop classification greedy,True,9,18.37958574295044,81.18907069000025,64
130511_3.tex,non stop classification greedy,True,1,1.417846441268921,6.992162134320006,5
130594_3.tex,non stop classification greedy,True,9,17.203822374343872,66.47234572500022,57
130596_3.tex,non stop classification greedy,True,4,6.884202718734741,18.822450129999996,10
130635_1.tex,non stop classification greedy,True,4,7.378544569015503,21.7018863072,25
130712_1.tex,non stop classification greedy,True,3,6.170546770095825,37.14165340000057,53
130758_1.tex,non stop classification greedy,True,6,13.667100667953491,16.656342137499962,49
130760_3.tex,non stop classification greedy,True,15,35.3404586315155,93.38337662419218,111
130848_2.tex,non stop classification greedy,True,3,6.315968036651611,18.391636400000003,42
130849_2.tex,non stop classification greedy,True,3,5.789566040039063,6.155440724999977,7
130858_2.tex,non stop classification greedy,True,3,6.672842264175415,15.83536683000014,28
130886_3.tex,non stop classification greedy,True,6,12.314940214157104,59.149497565796935,124
131027_3.tex,non stop classification greedy,True,12,26.38651132583618,80.3817686500002,75
131030_2.tex,non stop classification greedy,True,7,16.364807605743408,61.88233237499995,79
131099_1.tex,non stop classification greedy,True,8,16.935073137283325,55.93711818717506,93
131112_2.tex,non stop classification greedy,True,2,3.3452467918396,2.5516654500000016,4
131172_1.tex,non stop classification greedy,True,5,9.943219661712646,13.027950399999996,10
131174_1.tex,non stop classification greedy,True,5,10.60063099861145,21.04656719999997,25
131182_3.tex,non stop classification greedy,True,39,88.25939989089966,443.085766772,452
131187_2.tex,non stop classification greedy,True,20,41.78970193862915,219.1430198043248,239
131324_2.tex,non stop classification greedy,True,14,31.267595529556274,109.83424556659963,175
131407_2.tex,non stop classification greedy,True,5,15.657310962677002,63.64799474,89
131462_3.tex,non stop classification greedy,True,8,17.41954207420349,84.94622054500006,52
131537_3.tex,non stop classification greedy,True,9,19.07991647720337,71.37256160799997,104
131621_2.tex,non stop classification greedy,True,9,19.976433038711548,65.00418754784897,105
131648_2.tex,non stop classification greedy,True,1,1.4813551902770996,2.506202544500013,1
131720_3.tex,non stop classification greedy,True,5,10.377458572387695,39.05146999065008,63
131730_3.tex,non stop classification greedy,True,9,21.12792158126831,72.24328684165592,176
131732_1.tex,non stop classification greedy,True,44,102.20819592475893,1030.6716085911598,331
131816_3.tex,non stop classification greedy,True,1,1.840299129486084,18.66919168000038,40
131835_3.tex,non stop classification greedy,True,17,38.97374963760376,108.5361310875098,57
131860_3.tex,non stop classification greedy,True,3,6.840342998504639,103.68413253247982,88
131939_1.tex,non stop classification greedy,True,5,10.198410272598268,17.41894844999993,15
131993_2.tex,non stop classification greedy,True,4,7.7109692096710205,16.356424999999987,19
131994_1.tex,non stop classification greedy,True,2,3.274300336837769,3.139378800000003,4
132048_2.tex,non stop classification greedy,True,4,7.606714248657227,24.864546798600024,45
132066_3.tex,non stop classification greedy,True,2,3.9309682846069336,36.06053392000001,30
132119_2.tex,non stop classification greedy,True,7,14.211066246032717,43.16733475899997,50
132150_3.tex,non stop classification greedy,True,8,16.72992444038391,54.62963881499999,65
132180_2.tex,non stop classification greedy,True,6,12.01081657409668,28.7737575232752,33
132213_2.tex,non stop classification greedy,True,3,5.653288841247559,11.333562149999976,9
132220_1.tex,non stop classification greedy,True,11,23.476114749908447,103.2400328650002,139
132378_1.tex,non stop classification greedy,True,4,9.055887460708618,38.3262312360074,68
132378_3.tex,non stop classification greedy,False,1,5.127329587936401,10.308080099999984,49
132442_3.tex,non stop classification greedy,True,5,12.76944065093994,32.73368090000021,47
132505_3.tex,non stop classification greedy,True,6,16.261834859848022,39.31769549000015,72
132527_2.tex,non stop classification greedy,True,6,20.98111605644226,47.2682951999999,48
132543_1.tex,non stop classification greedy,True,10,30.04654836654663,109.53563289000022,125
132550_1.tex,non stop classification greedy,True,2,4.84703803062439,8.417600000000007,9
132566_2.tex,non stop classification greedy,True,26,62.55495572090149,324.968145968,232
132571_3.tex,non stop classification greedy,True,18,44.13719081878662,172.16738920200035,205
132587_3.tex,non stop classification greedy,True,6,12.886715412139893,62.20961683928745,72
132610_1.tex,non stop classification greedy,True,11,23.41701102256775,55.509165878349975,80
132714_2.tex,non stop classification greedy,True,1,1.4350357055664062,0.0,1
132751_1.tex,non stop classification greedy,True,3,5.889049291610718,14.03184735900004,15
132775_2.tex,non stop classification greedy,True,4,7.475805997848511,11.887701082500026,17
132780_1.tex,non stop classification greedy,True,13,27.70737385749817,99.508972797,118
132825_2.tex,non stop classification greedy,True,8,17.684308290481567,32.11904672000006,77
132873_3.tex,non stop classification greedy,True,3,6.685454607009888,240.0161991600004,46
132903_3.tex,non stop classification greedy,True,12,29.665382862091064,88.28860443125048,129
133041_2.tex,non stop classification greedy,True,3,6.95506477355957,25.260998909,40
133065_3.tex,non stop classification greedy,False,6,17.605225324630737,65.42283807500002,42
133073_1.tex,non stop classification greedy,True,5,10.767155885696411,30.16252684000008,29
133078_1.tex,non stop classification greedy,True,2,3.812931060791016,15.503089279999992,10
133106_2.tex,non stop classification greedy,True,11,25.25783371925354,129.12297109899984,119
133108_2.tex,non stop classification greedy,True,6,14.090542316436768,91.42480610500004,67
133200_2.tex,non stop classification greedy,True,14,29.940521955490112,185.05008452899983,138
133229_2.tex,non stop classification greedy,True,2,4.771227598190308,13.34833428000001,20
133259_2.tex,non stop classification greedy,True,24,53.39138102531433,178.34165148277538,105
133275_1.tex,non stop classification greedy,True,2,3.6161105632781982,18.05013041999996,21
133368_1.tex,non stop classification greedy,True,3,6.138015270233154,16.169023880000083,36
133377_3.tex,non stop classification greedy,True,4,8.89172887802124,18.49689237579996,26
133431_3.tex,non stop classification greedy,True,2,4.414976119995117,13.023707849999935,18
133462_3.tex,non stop classification greedy,True,6,14.96261191368103,46.04375165263801,89
133472_3.tex,non stop classification greedy,True,5,13.17827844619751,159.68502003690017,113
133509_3.tex,non stop classification greedy,True,6,12.258679866790771,41.846349990000064,44
133527_2.tex,non stop classification greedy,True,2,4.452869176864624,25.746505274999976,36
133534_3.tex,non stop classification greedy,True,9,25.282345056533813,138.92906308099992,123
133537_3.tex,non stop classification greedy,True,7,18.355162858963013,133.7568489360007,173
133544_2.tex,non stop classification greedy,True,5,13.208312749862673,76.810365005,79
133588_1.tex,non stop classification greedy,True,3,7.482300758361816,20.26150653,59
133590_1.tex,non stop classification greedy,True,5,15.232903242111206,38.897542902107006,77
133667_3.tex,non stop classification greedy,True,10,32.283474922180176,61.28034561500013,91
133708_1.tex,non stop classification greedy,True,3,7.802687883377075,33.43129162,29
133739_1.tex,non stop classification greedy,True,11,27.151826858520508,56.59633670000015,71
133769_3.tex,non stop classification greedy,True,9,25.925546646118164,111.9774576849998,220
133787_1.tex,non stop classification greedy,True,7,21.981554746627808,60.74747565500007,93
133806_3.tex,non stop classification greedy,True,8,21.191784858703613,54.08128030349993,56
133912_3.tex,non stop classification greedy,True,23,64.2584228515625,250.01306337500003,517
134012_1.tex,non stop classification greedy,True,14,39.68161082267761,81.87905920800048,81
134037_1.tex,non stop classification greedy,True,2,4.324707508087158,25.254400000000004,31
134064_3.tex,non stop classification greedy,True,1,1.965636968612671,50.511578790000016,28
134066_1.tex,non stop classification greedy,True,5,13.042596340179443,127.54721625999991,120
134156_3.tex,non stop classification greedy,True,6,15.311625003814695,60.560292125000174,62
134159_1.tex,non stop classification greedy,True,11,25.424850940704346,95.1168508,62
134193_1.tex,non stop classification greedy,True,13,35.031813859939575,110.44517329919994,134
134208_3.tex,non stop classification greedy,True,13,39.635316371917725,80.554816674992,117
134222_1.tex,non stop classification greedy,True,12,37.5777645111084,74.76453963582804,114
134235_1.tex,non stop classification greedy,True,11,38.68036985397339,84.00166589000021,138
134258_2.tex,non stop classification greedy,True,13,37.02017664909363,148.71172278499995,199
134262_1.tex,non stop classification greedy,True,8,21.901637077331543,116.423974715,118
134288_3.tex,non stop classification greedy,True,14,37.73349022865296,148.80287383882788,194
134379_2.tex,non stop classification greedy,True,1,1.604429006576538,6.93,16
134434_3.tex,non stop classification greedy,True,6,14.616274118423462,30.900350461500015,31
134552_1.tex,non stop classification greedy,True,5,11.914400339126589,20.749008693300027,66
134622_1.tex,non stop classification greedy,True,1,1.904653787612915,9.181370284280002,16
134650_3.tex,non stop classification greedy,True,1,1.7891240119934082,11.565971079999995,21
134661_2.tex,non stop classification greedy,False,32,81.96788382530212,289.17067003300014,245
134712_1.tex,non stop classification greedy,True,10,22.087249994277958,135.61069786821213,147
134760_2.tex,non stop classification greedy,True,7,18.071586847305294,34.02619404254401,45
134791_3.tex,non stop classification greedy,True,7,17.661158561706543,40.14139461499998,23
134867_2.tex,non stop classification greedy,True,8,18.77678203582764,43.67831104715994,40
134912_2.tex,non stop classification greedy,True,10,23.7770254611969,71.31722851500024,48
134922_1.tex,non stop classification greedy,True,5,12.489562034606934,32.538694420000006,56
134965_3.tex,non stop classification greedy,True,6,13.425655603408812,27.383490020000032,22
134971_1.tex,non stop classification greedy,True,20,48.6256890296936,195.6433135568205,208
134972_2.tex,non stop classification greedy,True,11,27.90837836265564,105.46496186499996,132
135132_2.tex,non stop classification greedy,True,6,13.960474729537964,27.710277375000032,27
135195_1.tex,non stop classification greedy,True,4,9.417493104934692,24.983244054999915,47
135199_1.tex,non stop classification greedy,True,3,6.7658281326293945,16.851522660520175,36
135213_2.tex,non stop classification greedy,True,13,25.97136116027832,97.02961507350052,145
135301_1.tex,non stop classification greedy,True,3,3.462123155593872,8.08179545105699,12
135320_2.tex,non stop classification greedy,True,13,21.92377877235413,115.60860148283332,188
135343_2.tex,non stop classification greedy,True,1,1.5349068641662598,0.0,1
135361_2.tex,non stop classification greedy,True,10,19.288636207580566,76.41337502951997,106
135366_3.tex,non stop classification greedy,True,12,21.433109760284424,116.56802016899992,87
135408_3.tex,non stop classification greedy,False,24,49.18927931785584,187.8972912989778,240
135409_1.tex,non stop classification greedy,True,24,43.10096454620361,237.3169608010004,174
135429_2.tex,non stop classification greedy,True,8,17.3583505153656,35.23761336299993,76
135454_3.tex,non stop classification greedy,True,11,22.230807542800903,88.22359663500012,76
135529_3.tex,non stop classification greedy,True,17,34.35649275779724,91.5206753182,107
135599_2.tex,non stop classification greedy,True,3,5.360583305358887,5.448584206999991,9
135726_3.tex,non stop classification greedy,True,7,14.984543800354004,45.31488555599996,82
135738_3.tex,non stop classification greedy,True,6,13.072587251663208,48.45759568899999,102
135811_2.tex,non stop classification greedy,True,17,33.68380904197693,225.47398260599996,163
135852_3.tex,non stop classification greedy,True,11,22.41485357284546,110.48284646000003,216
135867_2.tex,non stop classification greedy,True,4,6.30121374130249,26.425497789999937,36
135868_1.tex,non stop classification greedy,True,3,3.172600030899048,20.151574540000013,32
135933_3.tex,non stop classification greedy,True,20,35.2082781791687,159.2141545570001,155
135937_3.tex,non stop classification greedy,True,8,15.69022822380066,29.46277460000005,37
135947_2.tex,non stop classification greedy,True,9,11.923484563827516,83.33939803624995,133
135969_2.tex,non stop classification greedy,False,36,77.85507225990295,623.7774243102504,611
136013_1.tex,non stop classification greedy,True,15,32.12630343437195,174.81362915749995,182
136062_3.tex,non stop classification greedy,True,9,15.678044319152832,31.02604974500008,33
136138_2.tex,non stop classification greedy,True,2,4.137207984924316,106.72504941057504,22
136223_3.tex,non stop classification greedy,True,2,4.529707431793213,20.01,12
136248_1.tex,non stop classification greedy,True,5,7.4443135261535645,136.61634202224056,80
136253_1.tex,non stop classification greedy,True,2,3.295121669769287,46.91350000000008,30
136278_3.tex,non stop classification greedy,True,3,4.799237489700317,20.478740856000023,27
136315_2.tex,non stop classification greedy,True,3,4.528919219970703,40.190514520000015,18
136337_2.tex,non stop classification greedy,True,5,6.962456464767456,62.47071846949997,55
136393_1.tex,non stop classification greedy,True,4,8.327820539474487,28.24884281467107,48
136413_1.tex,non stop classification greedy,True,5,9.702890634536743,42.71623506000002,29
136448_3.tex,non stop classification greedy,True,3,6.403165578842163,35.06490453999996,28
136454_3.tex,non stop classification greedy,True,3,5.8273701667785645,12.945340194164004,16
136463_3.tex,non stop classification greedy,True,13,26.60719871520996,135.43007010000002,116
136501_2.tex,non stop classification greedy,True,8,14.844919204711914,37.317546662800034,33
136543_3.tex,non stop classification greedy,True,12,24.03251314163208,128.19641234999995,127
136580_1.tex,non stop classification greedy,True,3,5.4020538330078125,10.70809917632502,8
136608_3.tex,non stop classification greedy,True,4,7.4524970054626465,15.171400431000094,15
136685_1.tex,non stop classification greedy,True,2,3.985591173171997,17.877495226959944,33
136713_1.tex,non stop classification greedy,True,1,1.5083494186401367,5.244121985519996,8
136801_3.tex,non stop classification greedy,True,1,1.5580573081970217,29.46659672,31
136940_2.tex,non stop classification greedy,True,13,28.08196473121643,194.1666522338,249
136999_1.tex,non stop classification greedy,True,2,3.7005205154418954,11.913681836720006,14
137002_1.tex,non stop classification greedy,True,9,19.37074184417725,103.79912443000056,91
137014_2.tex,non stop classification greedy,True,1,1.7946515083312988,0.0,1
137231_3.tex,non stop classification greedy,True,6,12.070883989334106,176.95780241230503,105
137254_1.tex,non stop classification greedy,True,13,24.646724939346317,60.99542336258719,106
137301_3.tex,non stop classification greedy,True,4,8.664840698242188,34.76237126000001,33
137322_2.tex,non stop classification greedy,True,5,8.163427352905273,53.18983044499207,57
137337_1.tex,non stop classification greedy,True,12,26.9317843914032,407.15464135,134
137371_3.tex,non stop classification greedy,True,6,14.560726165771484,78.49599192000001,156
137382_3.tex,non stop classification greedy,True,2,3.329511404037476,10.775160460000052,13
137386_2.tex,non stop classification greedy,True,1,1.6586368083953855,10.522491529999996,6
137408_3.tex,non stop classification greedy,True,8,16.2694354057312,101.70587745500012,99
137423_2.tex,non stop classification greedy,True,10,16.50702142715454,126.56496421624198,159
137454_1.tex,non stop classification greedy,True,1,1.3186883926391602,0.0,1
137487_3.tex,non stop classification greedy,True,3,5.80708909034729,25.47289130000007,22
137493_2.tex,non stop classification greedy,True,17,39.588629722595215,163.97034627999972,171
137515_1.tex,non stop classification greedy,True,4,8.12383484840393,32.94687200000004,46
137540_2.tex,non stop classification greedy,False,22,49.696199893951416,244.82306367699996,163
137557_3.tex,non stop classification greedy,False,5,10.822852373123167,16.087314569413934,30
137617_2.tex,non stop classification greedy,True,1,0.837407112121582,0.0,1
137734_3.tex,non stop classification greedy,True,2,2.214900493621826,18.297433239999982,11
137782_2.tex,non stop classification greedy,True,2,2.513765335083008,196.28854910249785,53
138038_3.tex,non stop classification greedy,True,4,4.631086826324463,30.560967245000228,21
138092_2.tex,non stop classification greedy,True,4,5.4219465255737305,16.852625597175077,13
138165_2.tex,non stop classification greedy,True,2,3.4337706565856934,9.545404580000152,12
138208_1.tex,non stop classification greedy,True,8,14.249228239059448,83.41097363764993,179
138294_2.tex,non stop classification greedy,True,7,14.843912124633787,23.530693912500936,44
138324_3.tex,non stop classification greedy,True,5,5.6873555183410645,33.107294999948564,80
138334_1.tex,non stop classification greedy,True,2,2.087765693664551,8.409779689999993,11
138376_1.tex,non stop classification greedy,True,4,8.042790651321411,62.202,57
138393_2.tex,non stop classification greedy,True,5,6.3800342082977295,34.671424639000044,32
138418_1.tex,non stop classification greedy,True,7,12.887880325317385,107.41432484240003,107
138437_2.tex,non stop classification greedy,True,2,2.694009065628052,18.73286105985608,41
138503_2.tex,non stop classification greedy,True,3,5.115493774414063,22.905020192759977,25
138522_2.tex,non stop classification greedy,True,3,3.4474637508392334,18.664330746399983,31
138531_2.tex,non stop classification greedy,True,4,4.66261887550354,27.33800160651994,38
138618_3.tex,non stop classification greedy,True,6,7.256410121917725,47.42767173000001,46
138654_3.tex,non stop classification greedy,True,14,21.320727586746216,183.7210746700001,242
138758_1.tex,non stop classification greedy,False,22,32.096030473709106,260.3777300307,225
138819_1.tex,non stop classification greedy,True,2,2.730988025665283,38.23635921067997,38
138854_3.tex,non stop classification greedy,True,3,6.217026472091675,215.6381191573598,52
138866_3.tex,non stop classification greedy,True,2,2.3727409839630127,15.595494199999903,32
138874_2.tex,non stop classification greedy,True,7,12.239443063735962,74.19397626400031,100
138875_1.tex,non stop classification greedy,True,3,3.3169333934783936,10.366420563999998,17
139015_2.tex,non stop classification greedy,True,2,2.661146402359009,14.09252548000046,15
139024_1.tex,non stop classification greedy,True,3,4.276735544204712,19.690229805000143,21
139061_1.tex,non stop classification greedy,True,5,9.529154062271118,31.32622889100005,37
139063_3.tex,non stop classification greedy,True,8,14.604430913925173,39.0481635888,52
139073_3.tex,non stop classification greedy,True,7,13.18181562423706,38.78592614947093,56
139080_2.tex,non stop classification greedy,True,4,8.290189981460571,29.174437707499973,45
139101_2.tex,non stop classification greedy,True,8,17.586897611618042,34.57239891649999,59
139160_3.tex,non stop classification greedy,True,7,13.95777177810669,69.85555492500015,60
139308_1.tex,non stop classification greedy,True,19,45.758445739746094,191.02079355000052,443
139365_3.tex,non stop classification greedy,True,4,5.982934236526489,95.4622981253393,93
139458_3.tex,non stop classification greedy,True,3,5.567739009857178,19.265021980000228,12
139555_3.tex,non stop classification greedy,True,3,5.893344879150391,35.26509443999999,29
139737_1.tex,non stop classification greedy,True,18,23.049679279327396,119.9889222366531,144
139750_2.tex,non stop classification greedy,True,21,37.78816437721253,204.87800790982487,197
139769_3.tex,non stop classification greedy,True,2,3.587444305419922,11.537311924999983,13
139821_2.tex,non stop classification greedy,True,40,62.232996225357056,489.9396947549999,570
139914_1.tex,non stop classification greedy,True,3,5.647763013839722,9.04465834749999,7
139961_3.tex,non stop classification greedy,True,4,6.473099946975708,26.254962263342065,59
139983_3.tex,non stop classification greedy,True,1,0.7893352508544922,5.030731080000066,4
139989_2.tex,non stop classification greedy,True,2,2.11081337928772,17.7542703799999,21
140003_2.tex,non stop classification greedy,True,5,7.594119310379028,66.1380541600002,30
140044_3.tex,non stop classification greedy,True,2,3.0320565700531006,11.198224637000038,14
140059_2.tex,non stop classification greedy,True,3,3.6068758964538574,17.611681929000046,31
140093_2.tex,non stop classification greedy,True,8,11.774009943008425,104.4052623800002,107
140112_2.tex,non stop classification greedy,True,8,10.78913402557373,116.71252237,79
140181_3.tex,non stop classification greedy,True,14,16.69701313972473,95.13348081799968,131
140273_2.tex,non stop classification greedy,True,11,16.338053941726685,54.10959970149995,55
140317_2.tex,non stop classification greedy,True,5,6.148681879043579,19.54993106500011,21
140391_3.tex,non stop classification greedy,True,30,52.49372339248657,327.97575620300006,572
140450_1.tex,non stop classification greedy,True,16,30.08561944961548,215.8070789372497,62
140453_3.tex,non stop classification greedy,True,3,3.332426071166992,16.88275577304009,28
140576_3.tex,non stop classification greedy,True,4,8.763843536376953,38.08479451506,62
140586_1.tex,non stop classification greedy,True,7,15.428338289260864,90.07515611445996,92
140601_3.tex,non stop classification greedy,True,12,28.9365496635437,149.09199261947077,213
140611_1.tex,non stop classification greedy,True,2,3.012361526489258,10.09870528000002,18
140628_3.tex,non stop classification greedy,True,7,12.528263807296751,52.00567623000042,57
140633_2.tex,non stop classification greedy,True,10,16.61953616142273,128.88750047999997,118
140703_2.tex,non stop classification greedy,True,11,20.986913919448853,108.95811558000008,130
140703_3.tex,non stop classification greedy,True,3,3.495453119277954,19.054934470000024,38
140711_1.tex,non stop classification greedy,True,5,9.741579294204712,19.646226631900035,16
140729_1.tex,non stop classification greedy,True,12,19.159034252166748,114.93900811499964,102
140756_3.tex,non stop classification greedy,True,1,0.8792717456817627,6.93,8
140814_1.tex,non stop classification greedy,True,12,16.72245454788208,91.31414788600024,147
140857_1.tex,non stop classification greedy,True,12,13.984394788742064,100.91040443374996,94
140862_2.tex,non stop classification greedy,True,7,10.436590909957886,25.14142627499997,21
140892_1.tex,non stop classification greedy,True,30,49.11393022537232,288.6226813839998,270
140911_3.tex,non stop classification greedy,True,10,11.771995782852173,67.63162554099998,95
141090_3.tex,non stop classification greedy,True,4,5.653439283370972,83.52905996000014,102
141092_1.tex,non stop classification greedy,True,4,8.979440450668335,42.85676698733586,66
141139_3.tex,non stop classification greedy,True,1,0.8862669467926025,6.392326080000032,11
141152_3.tex,non stop classification greedy,False,18,34.42294502258301,304.7438076448351,347
141189_3.tex,non stop classification greedy,True,8,14.323978900909424,49.97539814000018,41
141277_1.tex,non stop classification greedy,True,5,9.870183944702148,38.73751191499988,20
141341_1.tex,non stop classification greedy,True,1,1.8030407428741453,2.5119538664999936,1
141355_2.tex,non stop classification greedy,True,14,25.74635338783264,123.0374647350004,147
141368_1.tex,non stop classification greedy,True,28,50.48336863517761,636.8762002659998,567
141373_2.tex,non stop classification greedy,True,12,21.951154947280884,153.35005113999995,89
141376_1.tex,non stop classification greedy,True,5,10.730059623718262,64.71769152999998,72
141405_2.tex,non stop classification greedy,True,6,10.210467100143433,30.07115334000004,31
141412_2.tex,non stop classification greedy,True,7,11.023870944976808,48.34116793939995,54
141429_3.tex,non stop classification greedy,True,8,13.066309452056885,49.056558104000025,80
141449_3.tex,non stop classification greedy,True,3,5.243825197219849,15.266262775000031,16
141470_2.tex,non stop classification greedy,True,29,42.513803482055664,256.9719295125999,300
141475_3.tex,non stop classification greedy,True,25,48.17785453796387,171.42717235430032,238
141551_3.tex,non stop classification greedy,True,6,11.6900053024292,98.05396829559312,109
141559_2.tex,non stop classification greedy,True,5,6.297405242919922,32.770800203749886,47
141626_1.tex,non stop classification greedy,True,1,0.9256281852722168,11.666722897939998,20
141632_3.tex,non stop classification greedy,True,1,0.9717013835906982,8.390963156700014,14
141659_1.tex,non stop classification greedy,True,9,11.3828866481781,117.4157630249999,136
141731_2.tex,non stop classification greedy,True,9,11.38922357559204,60.44372098499998,65
141781_2.tex,non stop classification greedy,True,8,9.631513595581056,29.67402101282793,34
141821_2.tex,non stop classification greedy,True,5,5.773578405380249,34.863997405000134,37
141836_2.tex,non stop classification greedy,True,9,10.692514896392822,48.468951025000095,49
141861_3.tex,non stop classification greedy,True,4,7.314415693283081,11.712454655999949,17
141919_3.tex,non stop classification greedy,True,7,12.631244897842407,57.18786314500008,56
141961_2.tex,non stop classification greedy,True,6,15.302884101867676,24.86246094319,25
142003_3.tex,non stop classification greedy,True,37,69.07912302017212,612.7867842754004,495
142010_3.tex,non stop classification greedy,False,30,48.824151277542114,256.7348698109997,272
142018_1.tex,non stop classification greedy,True,7,10.904946088790894,36.110931710600056,67
142085_2.tex,non stop classification greedy,True,6,8.053022861480713,40.010720963799926,53
142098_2.tex,non stop classification greedy,True,3,3.5844879150390625,24.937586545999967,42
142125_1.tex,non stop classification greedy,True,4,4.983487606048584,117.8475145825398,75
142179_2.tex,non stop classification greedy,True,8,9.852739095687866,68.98523099400032,107
142221_2.tex,non stop classification greedy,True,10,13.230364799499512,61.65988484547114,123
142222_1.tex,non stop classification greedy,True,14,25.08285617828369,98.52842373682854,180
142232_3.tex,non stop classification greedy,True,5,6.191850185394287,36.07607934499998,47
142272_1.tex,non stop classification greedy,False,3,4.810807943344116,20.49701427200001,67
142275_3.tex,non stop classification greedy,True,9,12.922581672668455,33.282015085000054,35
142291_2.tex,non stop classification greedy,True,3,3.4555249214172363,12.127793640000109,14
142406_1.tex,non stop classification greedy,True,7,11.599365949630736,52.602215378399926,103
142443_3.tex,non stop classification greedy,True,5,8.807084798812866,10.400705207599984,9
142453_1.tex,non stop classification greedy,True,17,36.16070103645325,162.4185840749999,160
142515_2.tex,non stop classification greedy,True,10,34.31899356842041,57.173753049000034,76
142626_3.tex,non stop classification greedy,True,15,43.1733763217926,122.64994984892904,61
142661_3.tex,non stop classification greedy,True,3,6.768231153488159,31.53610364999998,53
142695_2.tex,non stop classification greedy,True,1,2.0478503704071045,10.01,7
142878_3.tex,non stop classification greedy,False,18,47.37368893623352,340.5109340598527,460
142906_3.tex,non stop classification greedy,True,5,9.920984745025637,42.980357860000055,48
142953_1.tex,non stop classification greedy,True,10,14.70889377593994,62.05616332720032,75
143134_1.tex,non stop classification greedy,False,7,11.890905141830444,67.44935120000007,33
143176_1.tex,non stop classification greedy,True,7,11.664419412612917,45.99819373627089,69
143181_1.tex,non stop classification greedy,True,4,8.318595170974731,55.14382230583007,86
143253_2.tex,non stop classification greedy,True,3,3.3456015586853027,73.52746277695996,44
143264_1.tex,non stop classification greedy,True,2,2.2428581714630127,24.05156993,52
143297_3.tex,non stop classification greedy,True,4,4.933035850524902,30.64457670399993,45
143310_2.tex,non stop classification greedy,False,18,36.008140325546265,480.9904755496235,281
143313_1.tex,non stop classification greedy,True,13,23.883443355560303,113.1462046300008,177
143313_2.tex,non stop classification greedy,True,8,14.109588146209717,119.14301031684808,144
143350_2.tex,non stop classification greedy,True,7,12.928634881973268,87.73761770000002,78
143378_2.tex,non stop classification greedy,True,5,7.476237773895264,29.593716992399976,50
143399_2.tex,non stop classification greedy,True,7,16.482045888900757,33.865616747520974,39
143403_1.tex,non stop classification greedy,True,5,11.8966224193573,53.06295896981994,104
143426_1.tex,non stop classification greedy,True,4,7.563317060470581,31.352053479999952,17
143454_1.tex,non stop classification greedy,True,7,13.47659182548523,35.118036400000136,9
143456_3.tex,non stop classification greedy,True,7,13.991198539733888,54.91966259999992,53
143466_2.tex,non stop classification greedy,True,6,13.291696548461914,74.13519119152802,86
143469_2.tex,non stop classification greedy,True,4,8.691571235656738,16.350558399414027,29
143513_1.tex,non stop classification greedy,True,8,16.093066930770874,35.15634911629997,41
143531_1.tex,non stop classification greedy,True,9,18.92766761779785,36.95024032100004,34
143542_1.tex,non stop classification greedy,True,1,1.3550503253936768,0.0,1
143559_3.tex,non stop classification greedy,True,37,79.21791768074036,783.5768503449998,336
143578_2.tex,non stop classification greedy,True,4,8.007838010787964,22.902079515000025,25
143737_3.tex,non stop classification greedy,True,15,34.16533207893372,68.15923921030775,91
143746_2.tex,non stop classification greedy,True,2,3.932366132736206,2.5095619249999856,4
143764_2.tex,non stop classification greedy,True,3,5.901609897613525,47.15991519999997,28
143789_3.tex,non stop classification greedy,True,3,6.000961065292358,8.961386399999952,12
143790_2.tex,non stop classification greedy,True,2,4.325235843658447,22.152467700000106,39
143836_3.tex,non stop classification greedy,True,3,5.956326723098755,37.56891520000002,49
143844_1.tex,non stop classification greedy,True,5,10.548324823379517,20.969829854106933,39
143905_2.tex,non stop classification greedy,True,8,16.970590114593506,78.23632107460001,78
143951_2.tex,non stop classification greedy,True,3,5.758365631103516,15.413992267999996,31
143995_1.tex,non stop classification greedy,True,3,5.618489265441895,15.472985958999992,26
143996_2.tex,non stop classification greedy,True,8,16.36102867126465,79.04030360000012,82
144045_2.tex,non stop classification greedy,True,13,27.24809765815735,102.56154266715998,106
144074_1.tex,non stop classification greedy,True,15,31.28476881980896,214.310066,169
144094_1.tex,non stop classification greedy,True,4,7.718225002288818,15.916089800000035,18
144303_3.tex,non stop classification greedy,True,3,6.226429224014282,27.33055552000006,19
144389_2.tex,non stop classification greedy,True,5,11.179115772247314,28.26375974062794,62
144407_3.tex,non stop classification greedy,True,4,7.329836845397949,35.41051679499999,25
144422_1.tex,non stop classification greedy,True,4,7.893218517303467,26.633282365000007,11
144487_3.tex,non stop classification greedy,True,8,18.41716194152832,33.26903723322792,50
144510_2.tex,non stop classification greedy,True,2,3.4828927516937256,9.576981299999986,6
144696_3.tex,non stop classification greedy,True,25,52.95644855499268,272.03177474424984,225
144776_3.tex,non stop classification greedy,True,4,9.169986486434937,46.19543592334023,64
144833_2.tex,non stop classification greedy,True,1,1.653348445892334,29.46659672,17
144846_3.tex,non stop classification greedy,True,2,3.752460241317749,20.49176088,18
144856_3.tex,non stop classification greedy,True,3,6.073838949203491,49.44853820000008,43
144896_3.tex,non stop classification greedy,True,4,8.607566118240356,22.745008480650185,39
144919_2.tex,non stop classification greedy,True,9,19.675752639770508,39.885910165828285,51
144924_3.tex,non stop classification greedy,True,7,14.302239179611206,48.812069014478055,72
144930_2.tex,non stop classification greedy,True,13,31.264492988586422,154.72700397602895,219
144944_2.tex,non stop classification greedy,True,5,9.701594114303589,96.68803642000005,43
144959_2.tex,non stop classification greedy,True,19,44.73887372016907,245.20184830500008,200
144975_3.tex,non stop classification greedy,True,7,14.12747359275818,24.178260464,12
144990_3.tex,non stop classification greedy,True,4,8.756634712219238,22.00049025000065,23
145113_2.tex,non stop classification greedy,True,6,12.587296724319458,39.02599859520004,61
145115_2.tex,non stop classification greedy,True,7,15.197258234024048,25.48715696300001,27
145145_2.tex,non stop classification greedy,False,12,30.91445231437683,62.89149828800009,123
145200_3.tex,non stop classification greedy,True,18,40.31762623786926,177.3859091470001,202
145239_1.tex,non stop classification greedy,True,51,116.9591097831726,1094.0881967878508,533
145257_3.tex,non stop classification greedy,False,13,31.818090438842773,107.74664274000004,206
145329_3.tex,non stop classification greedy,True,1,1.5163404941558838,0.0,2
145333_3.tex,non stop classification greedy,True,5,11.093389749526978,19.76225924799997,46
145352_2.tex,non stop classification greedy,True,8,17.58484959602356,26.05747479124807,69
145356_3.tex,non stop classification greedy,True,11,25.07779049873352,64.88625504999995,56
145393_1.tex,non stop classification greedy,True,6,13.157264947891235,71.43061733999988,72
145410_1.tex,non stop classification greedy,True,3,5.8653082847595215,37.26191519999995,32
145419_3.tex,non stop classification greedy,True,6,14.108421087265016,89.53551180399998,47
145452_2.tex,non stop classification greedy,True,2,4.1689066886901855,20.85828016680003,47
145455_1.tex,non stop classification greedy,True,7,16.36635160446167,28.74947654347095,54
145474_1.tex,non stop classification greedy,True,8,20.2166166305542,60.57874092999999,127
145501_2.tex,non stop classification greedy,True,10,23.024959087371823,125.14712282500032,168
145512_1.tex,non stop classification greedy,True,6,12.653761863708496,42.05454395600001,32
145522_3.tex,non stop classification greedy,True,4,7.906208753585815,17.41019303299995,16
145548_2.tex,non stop classification greedy,True,4,7.831335306167602,24.763828133744,41
145573_1.tex,non stop classification greedy,True,16,41.12107181549072,163.5085080870001,202
145597_3.tex,non stop classification greedy,True,13,28.33526372909546,163.56445112500023,128
145619_2.tex,non stop classification greedy,True,1,1.5552749633789062,2.9321396590000006,3
145665_1.tex,non stop classification greedy,True,18,40.29084014892578,250.8875564654998,264
145668_2.tex,non stop classification greedy,True,7,14.250346422195436,31.494949065000057,49
145698_1.tex,non stop classification greedy,True,5,10.529569625854492,39.22150065000002,65
145700_3.tex,non stop classification greedy,True,7,14.410073518753052,74.50196907999987,67
145724_2.tex,non stop classification greedy,True,5,9.324247360229492,20.233823874999985,37
145731_2.tex,non stop classification greedy,True,5,9.377872467041016,29.97767572,41
145733_2.tex,non stop classification greedy,True,1,1.3877179622650146,2.5062005356250268,2
145744_1.tex,non stop classification greedy,True,6,11.3014497756958,20.29650343099993,13
145750_3.tex,non stop classification greedy,True,9,19.53414487838745,72.29942457320003,109
145784_3.tex,non stop classification greedy,False,4,10.661532163619995,10.477528840000003,39
145879_3.tex,non stop classification greedy,True,5,11.239681959152222,28.63923862388836,40
145891_1.tex,non stop classification greedy,True,3,6.389597654342651,22.277727504999973,36
145892_1.tex,non stop classification greedy,True,1,1.832685470581055,11.515666620000047,32
145929_1.tex,non stop classification greedy,True,6,13.231819152832031,93.59961319000004,33
145952_3.tex,non stop classification greedy,True,9,20.83678889274597,113.30047635799988,82
145958_3.tex,non stop classification greedy,True,3,6.061730623245239,30.03956804851788,37
145964_1.tex,non stop classification greedy,True,5,10.137324333190918,47.84488844600002,43
145993_3.tex,non stop classification greedy,True,21,46.437495470047,175.5461033470011,161
146032_3.tex,non stop classification greedy,True,3,6.718542814254761,20.53193236499994,8
146082_2.tex,non stop classification greedy,True,5,11.0577290058136,36.27565385570014,52
146104_1.tex,non stop classification greedy,True,2,3.5781402587890625,7.341714432759978,7
146114_1.tex,non stop classification greedy,True,19,46.320138454437256,153.21587931092915,191
146114_2.tex,non stop classification greedy,True,7,15.795414447784424,41.57960332817797,64
146128_1.tex,non stop classification greedy,True,8,15.782203674316406,116.17635439999994,84
146138_1.tex,non stop classification greedy,True,5,10.331998825073242,42.57049243000024,37
146166_3.tex,non stop classification greedy,True,4,7.828040361404419,21.52417157399997,19
146246_2.tex,non stop classification greedy,True,4,7.6744396686553955,19.741244939999945,20
146404_1.tex,non stop classification greedy,True,3,6.372775316238403,28.563791016000003,54
146405_2.tex,non stop classification greedy,True,2,3.776189804077149,13.634666381519947,26
146422_2.tex,non stop classification greedy,True,3,7.034480333328247,110.64597077360006,43
146424_1.tex,non stop classification greedy,True,4,8.70562744140625,39.1353494438888,91
146441_2.tex,non stop classification greedy,True,9,21.25086545944214,40.959303303206006,99
146486_1.tex,non stop classification greedy,True,4,8.663113832473755,75.683994224,65
146493_1.tex,non stop classification greedy,True,10,22.658562421798703,189.77137758405624,168
146493_2.tex,non stop classification greedy,True,3,5.814165115356445,18.83663950560005,27
146502_2.tex,non stop classification greedy,False,5,13.344793796539308,47.26573357999981,81
146553_2.tex,non stop classification greedy,True,4,8.364905834197998,27.99909905000003,48
146623_1.tex,non stop classification greedy,True,7,16.047894716262817,129.31857445200006,206
146624_1.tex,non stop classification greedy,True,17,37.44411826133728,134.1937046975,51
146632_3.tex,non stop classification greedy,True,4,8.480460166931152,25.83203709680004,59
146644_1.tex,non stop classification greedy,True,4,9.66468596458435,52.14016652463997,123
146652_3.tex,non stop classification greedy,True,5,10.060477018356323,34.892546755000055,51
146656_1.tex,non stop classification greedy,True,6,13.1301429271698,23.21897286500021,12
146738_2.tex,non stop classification greedy,True,5,9.903488397598268,27.78394884999992,43
146739_1.tex,non stop classification greedy,True,2,3.5221216678619385,2.8929950750000017,3
146744_3.tex,non stop classification greedy,True,4,8.04972505569458,18.08754768355003,26
146855_1.tex,non stop classification greedy,True,6,11.206004619598389,22.741658966399932,23
146861_1.tex,non stop classification greedy,True,27,61.94549036026001,497.968797389,525
146875_2.tex,non stop classification greedy,True,45,105.1334912776947,478.3457263761909,651
146893_2.tex,non stop classification greedy,True,12,26.33659076690674,142.49054581875,40
146921_2.tex,non stop classification greedy,True,1,1.5768461227416992,0.0,2
146968_3.tex,non stop classification greedy,True,10,24.033425331115723,57.15787236474997,116
147070_3.tex,non stop classification greedy,True,5,10.960694551467896,22.26197597499987,33
147111_1.tex,non stop classification greedy,True,2,3.4540576934814453,3.136745074999993,3
147147_3.tex,non stop classification greedy,True,3,5.467944145202637,8.860873874999982,9
147153_2.tex,non stop classification greedy,True,1,1.5414068698883057,4.719692465000023,6
147159_3.tex,non stop classification greedy,True,7,14.442663192749023,35.82284120500007,49
147160_1.tex,non stop classification greedy,True,36,81.48091721534729,790.6675916155024,319
147168_3.tex,non stop classification greedy,True,5,10.181791543960571,17.100203689,21
147178_3.tex,non stop classification greedy,True,11,27.570802211761475,64.79917742712087,143
147192_2.tex,non stop classification greedy,True,6,13.927011728286743,42.318314590000085,79
147211_3.tex,non stop classification greedy,True,6,13.25802755355835,40.95736018999993,48
147225_1.tex,non stop classification greedy,True,9,21.959633111953732,86.51628665000021,166
147273_2.tex,non stop classification greedy,False,32,79.10912609100342,331.5505702732362,383
147299_2.tex,non stop classification greedy,True,29,65.29022336006165,521.89172113475,365
147301_1.tex,non stop classification greedy,True,24,55.044745445251465,190.91456505199997,136
147310_2.tex,non stop classification greedy,True,40,99.80540251731873,694.7694186460009,589
147358_1.tex,non stop classification greedy,True,6,11.839754343032835,42.05858889999988,66
147363_2.tex,non stop classification greedy,True,5,14.944796800613403,32.78631615600005,61
147454_1.tex,non stop classification greedy,True,4,8.826771020889282,212.0176251000001,58
147502_1.tex,non stop classification greedy,True,2,4.877619504928589,19.226882136960118,48
147570_1.tex,non stop classification greedy,True,3,6.202053546905518,14.94833902830004,12
147571_3.tex,non stop classification greedy,True,4,8.584083557128906,100.34053253247995,55
147572_3.tex,non stop classification greedy,True,4,9.282018184661863,69.63580707540008,63
147639_1.tex,non stop classification greedy,True,4,7.502815723419189,38.23129922000001,27
147689_1.tex,non stop classification greedy,True,4,8.10946273803711,13.5394552388141,18
147690_1.tex,non stop classification greedy,True,8,17.783533334732056,99.3993212690006,109
147732_1.tex,non stop classification greedy,True,14,30.17904257774353,93.24952727892794,84
147742_1.tex,non stop classification greedy,True,7,14.707515954971312,80.08982307740007,96
147753_3.tex,non stop classification greedy,False,10,24.025202989578247,121.07795477000003,92
147778_2.tex,non stop classification greedy,True,17,35.702439069747925,124.34518037000046,126
147786_1.tex,non stop classification greedy,True,2,3.693556547164917,5.909556067760008,3
147826_3.tex,non stop classification greedy,True,18,44.77383685112,100.77076935114184,104
147897_3.tex,non stop classification greedy,True,3,6.267416000366211,7.841846915000019,3
147913_3.tex,non stop classification greedy,True,32,99.37386202812196,306.17089102560004,298
147918_3.tex,non stop classification greedy,False,25,56.23534631729126,161.31911558834184,127
147934_1.tex,non stop classification greedy,True,11,22.98987984657288,57.99887967499996,37
147941_1.tex,non stop classification greedy,True,8,16.771474361419678,52.728621165400014,49
147985_2.tex,non stop classification greedy,True,1,1.3677921295166016,6.280579160000031,7
148042_1.tex,non stop classification greedy,True,5,12.493926525115969,134.70400975999993,83
148132_3.tex,non stop classification greedy,True,4,9.570396661758425,32.11155759735199,91
148148_2.tex,non stop classification greedy,True,4,8.34241771697998,14.67930917129604,18
148170_1.tex,non stop classification greedy,True,12,27.96935486793518,101.7510576312288,144
148173_2.tex,non stop classification greedy,True,5,11.989552021026611,30.69442838999995,52
148204_3.tex,non stop classification greedy,True,5,11.212461471557615,37.25006135500001,41
148215_1.tex,non stop classification greedy,True,4,8.391214609146118,8.513284981999968,5
148247_2.tex,non stop classification greedy,True,12,28.10857653617859,81.66024195279988,128
148278_1.tex,non stop classification greedy,True,21,51.180187463760376,247.10339596500012,224
148292_3.tex,non stop classification greedy,True,9,18.531801223754883,44.27020597499994,44
148353_3.tex,non stop classification greedy,True,15,32.91322422027588,80.91142088999987,103
148355_3.tex,non stop classification greedy,True,12,26.59623551368713,57.524556284000056,63
148360_2.tex,non stop classification greedy,True,12,27.780375719070435,50.51230794070695,63
148366_1.tex,non stop classification greedy,True,3,5.8920979499816895,6.418029199000017,3
148374_2.tex,non stop classification greedy,True,2,3.951502084732056,6.992115191160003,6
148378_1.tex,non stop classification greedy,True,4,8.340283870697021,7.54268400250001,4
148379_1.tex,non stop classification greedy,True,8,17.265022039413452,73.87443641450017,102
148396_3.tex,non stop classification greedy,True,19,42.78435325622559,198.46928138000004,160
148432_3.tex,non stop classification greedy,True,15,35.26652455329895,171.45097693771987,121
148434_3.tex,non stop classification greedy,False,8,23.68004274368286,62.80550046499995,92
148551_1.tex,non stop classification greedy,True,6,17.200782775878906,29.660376631999974,49
148564_2.tex,non stop classification greedy,True,5,15.8211669921875,38.32263940999991,74
148577_2.tex,non stop classification greedy,True,4,11.000853300094604,104.99475391843193,65
148605_3.tex,non stop classification greedy,True,5,14.659820795059204,28.123249780000044,51
148662_1.tex,non stop classification greedy,True,3,8.18778657913208,14.865646685519993,24
148683_2.tex,non stop classification greedy,True,7,19.22780823707581,52.23444217570417,110
148684_3.tex,non stop classification greedy,True,2,3.7596142292022714,13.786304096000032,26
148719_3.tex,non stop classification greedy,True,7,18.09888601303101,42.67391914,37
148727_1.tex,non stop classification greedy,True,10,32.686036825180054,65.71543752999996,73
148736_3.tex,non stop classification greedy,True,5,11.752098560333252,21.01234282500009,17
148759_3.tex,non stop classification greedy,True,7,20.29768395423889,22.466315723,30
148763_2.tex,non stop classification greedy,True,2,3.5350148677825928,6.126257600000002,9
148830_2.tex,non stop classification greedy,True,13,31.753819942474365,145.75911854000003,141
148847_1.tex,non stop classification greedy,True,6,15.774816513061523,38.750666125000016,52
148867_2.tex,non stop classification greedy,True,26,63.48474860191345,591.955686075,105
148868_1.tex,non stop classification greedy,True,1,1.99599289894104,0.0,2
148891_1.tex,non stop classification greedy,True,5,11.035003423690796,17.09976361960006,18
148900_2.tex,non stop classification greedy,True,6,14.506117582321169,29.344060099649084,62
148934_3.tex,non stop classification greedy,True,16,41.45185208320618,185.06586708999995,137
148966_3.tex,non stop classification greedy,True,8,27.177765369415283,60.22771209375004,43
148975_3.tex,non stop classification greedy,True,16,65.71206521987915,89.56801422550005,117
148976_2.tex,non stop classification greedy,True,6,21.73196578025818,14.0472354209125,6
149097_1.tex,non stop classification greedy,True,5,14.45048999786377,35.8315399025,19
149143_3.tex,non stop classification greedy,True,3,8.322725772857666,16.665368149019933,25
149159_2.tex,non stop classification greedy,True,2,4.979063987731934,15.871247949999995,7
149214_2.tex,non stop classification greedy,True,5,11.630840301513672,32.16203341599995,20
149242_1.tex,non stop classification greedy,True,6,17.564536571502686,80.23877967519996,110
149280_1.tex,non stop classification greedy,True,4,6.8041205406188965,34.11017590374997,12
149297_3.tex,non stop classification greedy,True,8,18.942498207092285,89.82179280079995,73
149302_3.tex,non stop classification greedy,True,6,12.67268204689026,40.2019510244,20
149330_3.tex,non stop classification greedy,True,5,12.185914993286133,32.8446649310001,34
149347_3.tex,non stop classification greedy,True,2,4.726643323898315,6.137302021300002,5
149356_2.tex,non stop classification greedy,True,7,20.13783597946167,97.17337790737808,204
149376_1.tex,non stop classification greedy,True,11,25.935486316680908,129.78718947999997,90
149395_1.tex,non stop classification greedy,True,11,19.773556232452396,87.73254517000015,114
149447_3.tex,non stop classification greedy,True,8,19.127201795578003,61.17279722132001,78
149460_1.tex,non stop classification greedy,True,25,92.5189974308014,309.98586955,300
149472_2.tex,non stop classification greedy,True,5,9.624387741088867,37.584678439999976,23
149473_1.tex,non stop classification greedy,True,9,15.956902742385864,126.33529859999987,90
149500_1.tex,non stop classification greedy,True,2,2.24988055229187,7.002183080000009,2
149540_2.tex,non stop classification greedy,True,27,48.50896406173706,395.2233764860004,477
149633_2.tex,non stop classification greedy,True,3,3.419893741607666,26.8688590960003,41
149708_2.tex,non stop classification greedy,True,1,0.8366622924804688,10.0,9
149726_2.tex,non stop classification greedy,True,2,2.1437487602233887,27.090083919999984,23
149771_3.tex,non stop classification greedy,True,4,4.479977607727051,15.64585428001998,17
149780_3.tex,non stop classification greedy,True,2,2.2834362983703613,28.77940106163595,55
149801_3.tex,non stop classification greedy,True,1,0.8192601203918457,10.522491529999996,6
149842_1.tex,non stop classification greedy,True,6,7.479748010635376,30.568137955189982,26
149862_1.tex,non stop classification greedy,True,2,1.9409973621368408,11.487492180000032,15
149885_3.tex,non stop classification greedy,True,6,6.7264244556427,26.641544465000067,25
149886_3.tex,non stop classification greedy,True,4,5.077094793319702,7.699505499706987,5
149929_1.tex,non stop classification greedy,True,8,10.815929889678957,43.05480600000004,25
149952_3.tex,non stop classification greedy,True,14,16.888813018798828,125.57155382700024,123
150006_1.tex,non stop classification greedy,True,31,49.90788960456848,344.809344111925,537
150030_3.tex,non stop classification greedy,True,2,1.939213752746582,5.92095924000003,5
150066_1.tex,non stop classification greedy,True,13,16.010331869125366,85.37666588579995,97
150072_2.tex,non stop classification greedy,True,5,7.986893177032471,27.46210849000037,39
150112_3.tex,non stop classification greedy,True,7,9.868649005889893,22.78857686399993,22
150255_1.tex,non stop classification greedy,True,10,14.922646284103394,110.23565339999996,145
150263_3.tex,non stop classification greedy,True,7,7.801568269729614,57.47520676000012,58
150268_3.tex,non stop classification greedy,True,2,2.5131630897521973,8.390911440000037,14
150277_1.tex,non stop classification greedy,True,3,5.740783214569092,15.476757599999994,23
150330_1.tex,non stop classification greedy,True,11,16.730039358139038,81.7990125796781,114
150338_2.tex,non stop classification greedy,True,2,2.059687614440918,18.153946160000032,16
150353_2.tex,non stop classification greedy,True,5,8.78935194015503,27.3188571500001,30
150364_3.tex,non stop classification greedy,True,2,2.728152275085449,6.389757599999996,10
150369_2.tex,non stop classification greedy,True,13,23.50239896774292,132.24169704999994,151
150375_2.tex,non stop classification greedy,True,6,11.776804447174072,48.66654399999999,48
150397_2.tex,non stop classification greedy,True,14,22.181821584701535,92.38139778000028,122
150406_2.tex,non stop classification greedy,True,3,4.586787939071655,9.061709580999974,10
150485_1.tex,non stop classification greedy,True,7,10.618519067764282,31.719161080000045,8
150538_3.tex,non stop classification greedy,True,9,11.667910814285278,31.345217433412444,35
150545_3.tex,non stop classification greedy,True,24,49.908337354660034,530.9360778312503,647
150563_3.tex,non stop classification greedy,True,8,14.391063928604126,63.70834988999991,48
150627_1.tex,non stop classification greedy,True,8,8.963031768798828,39.22699926727493,77
150636_3.tex,non stop classification greedy,True,29,49.75215530395508,368.05479127,469
150648_3.tex,non stop classification greedy,True,9,14.711051940917969,35.90294309000005,49
150694_3.tex,non stop classification greedy,True,7,8.461071014404297,71.46844706000017,104
150727_3.tex,non stop classification greedy,True,6,8.372731447219849,93.29982556798994,46
150733_2.tex,non stop classification greedy,True,1,1.1290216445922852,5.717519920000029,11
150744_2.tex,non stop classification greedy,True,7,12.640259742736816,36.52141463500024,64
150752_1.tex,non stop classification greedy,True,1,0.8200423717498779,2.506202031800001,1
150837_1.tex,non stop classification greedy,True,7,9.609389781951904,46.6171713052282,92
150864_3.tex,non stop classification greedy,True,7,8.41281247138977,51.82332075500004,89
150868_3.tex,non stop classification greedy,True,10,15.36462426185608,136.8755712480231,211
150953_2.tex,non stop classification greedy,True,2,1.956341028213501,10.48819548875998,11
151008_1.tex,non stop classification greedy,True,12,19.435519456863403,162.51614539999974,182
151018_2.tex,non stop classification greedy,True,4,4.172589063644409,19.6087176900001,18
151067_1.tex,non stop classification greedy,True,12,21.85682272911072,74.42440616400003,40
151133_3.tex,non stop classification greedy,True,8,11.750098705291748,55.36124212716001,29
151189_1.tex,non stop classification greedy,True,18,39.24019718170166,115.89415026865014,131
151233_1.tex,non stop classification greedy,True,7,11.727270603179932,68.20903347500003,105
151276_2.tex,non stop classification greedy,True,3,5.384336233139038,24.47997646989893,57
151307_3.tex,non stop classification greedy,True,7,17.684457778930664,140.05080032876077,290
151339_1.tex,non stop classification greedy,True,3,6.31567907333374,19.06880432499992,25
151351_3.tex,non stop classification greedy,True,2,2.4527838230133057,13.399497096000028,19
151383_2.tex,non stop classification greedy,True,6,8.588292360305786,103.757592781,108
151428_2.tex,non stop classification greedy,True,9,18.182425260543823,93.12011698499994,60
151454_3.tex,non stop classification greedy,True,10,21.94047856330872,104.33558526699996,88
151459_1.tex,non stop classification greedy,True,5,10.278009414672852,44.33577994000002,33
151518_3.tex,non stop classification greedy,True,2,2.1839044094085693,5.173447106799998,3
151520_2.tex,non stop classification greedy,True,25,53.671207666397095,274.27553268807605,238
151622_1.tex,non stop classification greedy,True,2,2.0538690090179443,5.0092103025000085,4
151648_2.tex,non stop classification greedy,True,22,43.1195170879364,196.7213448050001,138
151812_3.tex,non stop classification greedy,True,3,6.218377351760864,24.567012704257507,45
151835_1.tex,non stop classification greedy,True,3,6.809715509414673,9.658408400000129,24
151835_2.tex,non stop classification greedy,True,6,16.27793025970459,112.70621902762812,173
151861_2.tex,non stop classification greedy,True,1,0.902229070663452,0.0,2
151900_2.tex,non stop classification greedy,True,6,10.01958703994751,41.32418388999193,81
151901_3.tex,non stop classification greedy,True,3,6.56920599937439,17.852099344,32
151943_3.tex,non stop classification greedy,True,6,12.1041419506073,43.15371549999996,64
152060_3.tex,non stop classification greedy,True,4,6.335532903671265,32.64595511317498,61
152095_2.tex,non stop classification greedy,True,4,7.305320978164673,17.555894314999975,24
152179_2.tex,non stop classification greedy,True,7,13.347911596298218,45.57653674999993,54
152244_2.tex,non stop classification greedy,True,19,37.471455812454224,231.6432670600002,307
152247_2.tex,non stop classification greedy,True,5,10.736462354660034,32.93580064320004,82
152278_2.tex,non stop classification greedy,True,14,21.730804920196533,71.92406904400005,105
152337_1.tex,non stop classification greedy,True,6,11.208172798156738,35.63921728500084,42
152361_2.tex,non stop classification greedy,True,5,6.629252433776856,18.35909384499992,28
152413_3.tex,non stop classification greedy,True,4,5.016261577606201,32.76622474000033,32
152419_1.tex,non stop classification greedy,True,2,2.23145604133606,17.73743408000002,19
152458_3.tex,non stop classification greedy,True,9,15.982025146484377,66.13210402822767,93
152476_3.tex,non stop classification greedy,True,6,12.22482705116272,99.80118596247998,101
152490_1.tex,non stop classification greedy,False,43,82.69570851325989,1891.804286742229,306
152529_1.tex,non stop classification greedy,True,7,10.298970222473145,48.10100618500008,36
152530_1.tex,non stop classification greedy,True,16,32.36979126930237,195.63167773375037,130
152534_3.tex,non stop classification greedy,True,5,10.316667318344116,23.84065473380001,20
152538_2.tex,non stop classification greedy,True,12,20.905593395233154,86.16727729799986,78
152545_1.tex,non stop classification greedy,True,13,22.967326402664185,88.85416549300004,75
152583_2.tex,non stop classification greedy,True,6,13.352420806884766,29.40284492672096,53
152606_1.tex,non stop classification greedy,True,9,17.57547640800476,88.16403922500002,71
152632_2.tex,non stop classification greedy,True,1,1.5651602745056152,8.418595960000005,14
152655_3.tex,non stop classification greedy,True,7,14.583106517791748,54.09110041500007,66
152721_3.tex,non stop classification greedy,True,4,4.978207349777222,34.11305488000011,55
152793_3.tex,non stop classification greedy,True,8,16.84821128845215,35.93545831049998,48
152865_2.tex,non stop classification greedy,True,2,3.89097261428833,10.895207556000026,11
152905_3.tex,non stop classification greedy,True,4,6.797978401184082,30.965500039999824,104
152937_3.tex,non stop classification greedy,True,6,11.430114507675173,91.15571868000022,26
152972_2.tex,non stop classification greedy,True,5,9.60705041885376,85.88537228999996,42
153008_3.tex,non stop classification greedy,True,7,14.129390716552734,99.8573708359998,73
153052_3.tex,non stop classification greedy,True,1,1.5361981391906738,4.636230420000004,6
153067_2.tex,non stop classification greedy,True,6,12.361932277679443,31.106264925000065,24
153074_2.tex,non stop classification greedy,True,5,10.587273836135864,53.002048101200046,71
153122_3.tex,non stop classification greedy,True,8,18.61343240737915,99.22886860652,200
153145_2.tex,non stop classification greedy,True,3,3.427213430404663,20.741780064999944,26
153155_3.tex,non stop classification greedy,True,1,1.6545166969299316,10.522491529999996,11
153173_2.tex,non stop classification greedy,True,3,5.334470272064209,9.763378799999993,11
153237_2.tex,non stop classification greedy,True,7,15.676763534545898,31.970048343999903,52
153246_3.tex,non stop classification greedy,True,19,29.95420527458191,136.82202859625096,122
153283_1.tex,non stop classification greedy,True,8,16.4455623626709,57.59272627500005,114
153288_3.tex,non stop classification greedy,True,5,9.430002212524414,29.748243056778165,36
153351_2.tex,non stop classification greedy,True,6,11.542293310165403,28.155253260000023,44
153371_2.tex,non stop classification greedy,True,5,8.436508655548096,31.147916909999992,75
153375_3.tex,non stop classification greedy,True,1,1.49489426612854,0.0,2
153456_2.tex,non stop classification greedy,True,2,3.788062572479248,10.01,18
153493_3.tex,non stop classification greedy,True,2,3.5990633964538574,10.01,22
153496_1.tex,non stop classification greedy,True,2,2.2078728675842285,8.050682790000025,10
153552_1.tex,non stop classification greedy,True,5,10.122868299484251,18.786545227000023,26
153614_2.tex,non stop classification greedy,True,5,9.764607429504396,18.660441855999995,24
153650_1.tex,non stop classification greedy,True,3,6.024661540985107,17.981814543999935,28
153772_1.tex,non stop classification greedy,True,6,11.12999677658081,16.83610946849997,17
153803_1.tex,non stop classification greedy,True,2,3.7935078144073486,7.215539200000023,10
153807_3.tex,non stop classification greedy,True,3,6.242473602294922,8.222544250000169,7
153837_3.tex,non stop classification greedy,True,12,22.92282056808472,54.91436553900005,48
153966_2.tex,non stop classification greedy,True,1,1.5148370265960691,4.195516266239998,5
153985_1.tex,non stop classification greedy,True,4,8.99039602279663,21.571529589999894,32
154023_1.tex,non stop classification greedy,True,1,1.5574610233306885,11.15774855999996,16
154039_2.tex,non stop classification greedy,True,2,3.739274740219116,11.333578165000006,16
154065_2.tex,non stop classification greedy,True,3,6.143302917480469,17.059725673999953,22
154132_2.tex,non stop classification greedy,True,5,10.170063257217407,48.95897281000019,80
154191_2.tex,non stop classification greedy,True,5,10.003063201904297,23.395517083499943,24
154210_1.tex,non stop classification greedy,True,4,7.715321779251099,18.305198515157173,34
154224_2.tex,non stop classification greedy,True,7,13.259143114089966,66.87405507500002,63
154239_1.tex,non stop classification greedy,True,10,19.70622491836548,63.746570664999936,73
154239_3.tex,non stop classification greedy,True,6,12.058290004730225,30.41621001500005,22
154263_3.tex,non stop classification greedy,True,6,12.83119535446167,31.431121941878104,35
154289_2.tex,non stop classification greedy,True,15,32.429935693740845,107.27204325515,158
154293_1.tex,non stop classification greedy,True,20,39.573930501937866,195.9243281038007,230
154302_2.tex,non stop classification greedy,True,1,1.6788837909698486,2.5119539944000167,1
154339_2.tex,non stop classification greedy,True,19,37.13445019721985,166.65341295875,86
154343_2.tex,non stop classification greedy,True,7,12.931234121322632,45.611790075,51
154354_3.tex,non stop classification greedy,True,1,1.5830514430999756,2.76271804000001,1
154356_1.tex,non stop classification greedy,True,3,5.4655678272247314,13.720043890000111,4
154362_2.tex,non stop classification greedy,True,7,11.359149932861328,33.49914911499997,24
154377_2.tex,non stop classification greedy,True,5,8.870467901229858,19.182521727025044,8
154407_2.tex,non stop classification greedy,True,10,19.82451200485229,58.21095360767498,51
154431_1.tex,non stop classification greedy,True,20,43.4138879776001,139.6203205900001,200
154457_1.tex,non stop classification greedy,True,9,18.067880868911743,39.95958013500008,48
154536_1.tex,non stop classification greedy,True,3,7.036574840545654,26.52444882999999,88
154547_2.tex,non stop classification greedy,True,5,10.360483407974243,16.91229599500008,22
154576_1.tex,non stop classification greedy,True,2,4.3423802852630615,13.599373920000003,18
154643_3.tex,non stop classification greedy,True,7,15.38138723373413,29.496143642400583,37
154670_1.tex,non stop classification greedy,True,1,1.436781644821167,3.2136705400000096,4
154690_3.tex,non stop classification greedy,True,5,10.60986828804016,18.612828650000463,19
154732_1.tex,non stop classification greedy,True,7,13.414368152618408,34.067728926000015,41
154742_2.tex,non stop classification greedy,True,4,6.761080741882324,26.73470845712102,69
154758_2.tex,non stop classification greedy,True,1,1.6180002689361572,5.025780420000032,11
154765_1.tex,non stop classification greedy,True,4,5.267281770706177,29.86936746500001,30
154765_3.tex,non stop classification greedy,True,5,6.899358749389648,22.025368154999967,20
154768_1.tex,non stop classification greedy,True,6,9.989269018173218,74.70803827499998,87
154853_1.tex,non stop classification greedy,True,14,27.344125032424927,60.35354157499995,49
154883_3.tex,non stop classification greedy,True,5,10.26294231414795,18.3268751,7
154961_2.tex,non stop classification greedy,False,27,67.33007526397705,280.3099277980004,500
155013_1.tex,non stop classification greedy,True,4,7.533349990844727,23.49513820000065,41
155032_1.tex,non stop classification greedy,True,4,9.14755916595459,45.76660346200008,76
155064_3.tex,non stop classification greedy,True,2,4.168855428695679,17.786767040000086,40
155068_1.tex,non stop classification greedy,True,3,7.057358026504517,16.149327250000027,52
155086_2.tex,non stop classification greedy,True,17,42.29221940040589,141.83542541636345,316
155113_1.tex,non stop classification greedy,True,9,20.177106142044067,84.39685931500043,132
155121_2.tex,non stop classification greedy,True,4,6.493830919265747,27.33068073999995,47
155151_2.tex,non stop classification greedy,True,4,8.718344449996948,20.451536014000027,34
155160_3.tex,non stop classification greedy,True,10,23.37068653106689,74.99188964699992,141
155191_3.tex,non stop classification greedy,False,39,91.3629252910614,730.6854955866663,361
155245_3.tex,non stop classification greedy,True,5,12.167170286178589,27.086689900000184,45
155256_2.tex,non stop classification greedy,True,9,16.2694251537323,50.99464699500006,58
155266_2.tex,non stop classification greedy,True,4,5.483131408691406,23.58978550340001,40
155296_1.tex,non stop classification greedy,True,7,14.361230373382568,35.59007827807497,53
155328_2.tex,non stop classification greedy,True,4,7.483933687210083,13.85235760000002,22
155351_3.tex,non stop classification greedy,True,12,24.43589210510254,57.25342604099998,62
155361_1.tex,non stop classification greedy,True,3,5.176439046859741,5.116689762500002,4
155361_2.tex,non stop classification greedy,True,25,53.14464545249939,296.53579376700014,201
155452_2.tex,non stop classification greedy,True,4,7.555133104324341,30.170095111999974,58
155455_1.tex,non stop classification greedy,True,19,37.96227169036865,120.17218407160016,159
155493_3.tex,non stop classification greedy,True,12,26.140759229660038,52.82576605,51
155577_2.tex,non stop classification greedy,True,4,10.096471309661863,236.403665580478,53
155588_1.tex,non stop classification greedy,False,1,4.939177751541138,16.742121680000253,37
155590_2.tex,non stop classification greedy,True,5,11.352057695388794,25.29872239439998,21
155657_3.tex,non stop classification greedy,True,1,1.5471763610839844,9.9,11
155665_3.tex,non stop classification greedy,True,3,6.287572145462036,55.49436999007598,48
155692_1.tex,non stop classification greedy,True,2,3.681875705718994,14.13775542000007,23
155695_3.tex,non stop classification greedy,True,1,1.7232367992401123,10.01,27
155723_1.tex,non stop classification greedy,True,6,16.21806263923645,52.02492602152134,61
155749_2.tex,non stop classification greedy,True,10,22.24360752105713,151.18990698000027,87
155817_2.tex,non stop classification greedy,True,1,1.348201036453247,5.244121985519996,4
155830_3.tex,non stop classification greedy,True,7,16.66022491455078,77.7519155621213,114
155941_3.tex,non stop classification greedy,True,7,15.120481729507446,38.18212779005002,43
155968_2.tex,non stop classification greedy,True,6,12.604315519332886,77.92049152999994,57
156048_3.tex,non stop classification greedy,True,8,17.857144117355347,48.90773012935004,74
156082_2.tex,non stop classification greedy,True,3,6.653613328933716,109.91039232000044,57
156119_2.tex,non stop classification greedy,True,3,6.590834617614746,116.26037198551988,53
156127_1.tex,non stop classification greedy,True,2,4.162909984588623,20.83598521624004,18
156166_1.tex,non stop classification greedy,True,1,1.6511726379394531,163.68508165406706,23
156230_3.tex,non stop classification greedy,True,9,21.04123330116272,123.10740653552048,97
156256_3.tex,non stop classification greedy,True,3,6.025052070617676,42.099359325056,58
156274_1.tex,non stop classification greedy,True,4,8.747511625289917,37.665387935953504,81
156278_3.tex,non stop classification greedy,True,2,3.734340190887451,12.627200000000002,8
156360_2.tex,non stop classification greedy,True,8,19.277039289474487,173.9185219855199,152
156480_2.tex,non stop classification greedy,True,19,43.98861384391785,264.7922661219999,275
156545_3.tex,non stop classification greedy,True,7,14.076529264450071,49.13321707450002,35
156552_3.tex,non stop classification greedy,True,24,55.56080651283264,290.9015026279999,396
156587_3.tex,non stop classification greedy,True,4,9.525421619415283,12.428062259600011,19
156622_2.tex,non stop classification greedy,True,1,1.4694411754608154,8.403435840000157,12
156635_2.tex,non stop classification greedy,True,18,45.98382782936096,127.11331995000052,81
156646_3.tex,non stop classification greedy,False,10,26.58447575569153,60.56973275417155,26
156729_1.tex,non stop classification greedy,True,11,29.88363647460937,154.32433929999974,132
156769_3.tex,non stop classification greedy,True,8,19.0853111743927,122.2077517188278,157
156830_2.tex,non stop classification greedy,True,2,3.704352855682373,10.476496350000131,12
156846_2.tex,non stop classification greedy,True,2,3.6113181114196777,16.888595960000004,19
156974_2.tex,non stop classification greedy,True,9,19.101175785064697,123.4528569800001,98
156992_2.tex,non stop classification greedy,True,4,7.668616771697998,14.094014130999966,19
156998_2.tex,non stop classification greedy,True,2,3.456245183944702,21.04639999999999,26
157054_3.tex,non stop classification greedy,True,2,3.355890989303589,3.478165450000006,4
157087_3.tex,non stop classification greedy,True,9,17.222054719924927,45.801300038,47
157112_2.tex,non stop classification greedy,True,10,22.047970294952396,138.01335821499998,180
157123_2.tex,non stop classification greedy,True,45,104.40697836875916,1052.2670811871683,628
157166_2.tex,non stop classification greedy,True,2,3.365509271621704,12.521723040000012,3
157183_1.tex,non stop classification greedy,True,4,8.814509630203247,38.34187691000001,36
157195_1.tex,non stop classification greedy,True,1,1.332850217819214,5.008579080000004,5
157200_1.tex,non stop classification greedy,True,1,1.7602617740631104,10.01,15
157207_1.tex,non stop classification greedy,True,1,1.4307489395141602,5.244121985519996,5
157240_1.tex,non stop classification greedy,True,4,8.831655263900757,76.8861498666001,70
157281_1.tex,non stop classification greedy,True,12,27.42265582084656,145.32655500499988,84
157285_2.tex,non stop classification greedy,True,3,5.775112867355347,32.98699650928006,31
157293_2.tex,non stop classification greedy,True,9,20.743327617645264,447.0144439790001,70
157386_2.tex,non stop classification greedy,True,4,9.8931565284729,49.84042592499991,61
157410_2.tex,non stop classification greedy,True,2,4.143291234970093,27.87646099276,18
157443_3.tex,non stop classification greedy,True,3,6.155484676361084,12.363486179449996,12
157459_2.tex,non stop classification greedy,True,6,14.111367225646973,23.55292213050004,18
157464_2.tex,non stop classification greedy,True,2,3.907248258590698,20.332987919999965,12
157475_1.tex,non stop classification greedy,True,10,24.44965505599976,124.85127235500003,75
157481_1.tex,non stop classification greedy,True,6,13.022799491882324,47.59031076499996,35
157509_3.tex,non stop classification greedy,True,1,1.5634260177612305,2.5119539944000167,1
157622_1.tex,non stop classification greedy,True,3,5.872306346893311,17.340600987159995,21
157652_2.tex,non stop classification greedy,True,5,10.368363857269289,36.212779860000026,40
157663_3.tex,non stop classification greedy,True,14,29.36101746559143,74.03984814744497,57
157695_1.tex,non stop classification greedy,True,1,1.525625705718994,8.952976620000044,6
157867_1.tex,non stop classification greedy,True,10,22.82397961616516,123.69356707401973,100
157897_3.tex,non stop classification greedy,True,7,12.46845316886902,88.67547675499998,42
157942_2.tex,non stop classification greedy,True,9,19.4177360534668,86.50362370452001,64
157972_1.tex,non stop classification greedy,True,4,7.886077642440796,32.84950529199998,31
158098_3.tex,non stop classification greedy,True,24,50.35944318771362,287.9161301835005,262
158142_2.tex,non stop classification greedy,True,10,19.90951466560364,87.19473072500004,69
158144_2.tex,non stop classification greedy,True,8,17.003761768341064,67.98303090000007,86
158165_2.tex,non stop classification greedy,True,17,35.83532691001892,127.1537522779998,191
158192_2.tex,non stop classification greedy,True,6,12.063586711883543,26.195084651500032,26
158215_1.tex,non stop classification greedy,True,23,53.2917320728302,293.9850576567897,403
158246_2.tex,non stop classification greedy,True,2,4.121758460998535,20.01,27
158277_3.tex,non stop classification greedy,True,1,1.3802540302276611,0.0,2
158334_1.tex,non stop classification greedy,True,4,8.205577850341797,45.16903522499999,23
158334_3.tex,non stop classification greedy,True,3,5.670950651168823,35.35680000000001,27
158344_2.tex,non stop classification greedy,True,3,5.763308048248291,33.60618029999996,32
158404_3.tex,non stop classification greedy,True,6,13.788456916809082,93.75921062199996,138
158504_3.tex,non stop classification greedy,True,11,25.709219694137573,108.80636176000024,149
158522_3.tex,non stop classification greedy,True,4,8.092943906784058,10.01097099865001,12
158563_1.tex,non stop classification greedy,True,6,11.931079387664797,32.27044380000032,27
158576_2.tex,non stop classification greedy,True,9,19.119903802871704,84.22341967000052,76
158616_2.tex,non stop classification greedy,True,6,11.646716594696043,29.30757602407805,45
158623_3.tex,non stop classification greedy,True,7,14.624894618988035,27.22861754329996,34
158625_2.tex,non stop classification greedy,True,5,9.858938455581663,11.13223921049999,6
158627_2.tex,non stop classification greedy,True,12,24.852779150009155,83.35334323199996,107
158634_1.tex,non stop classification greedy,True,4,7.756150722503662,18.32134582499998,36
158638_1.tex,non stop classification greedy,True,3,5.895933389663696,5.007198329999966,6
158640_2.tex,non stop classification greedy,False,18,43.00680613517761,225.4836218944999,325
158679_2.tex,non stop classification greedy,True,3,5.436253070831299,10.78,15
158694_3.tex,non stop classification greedy,True,5,9.73829960823059,26.541912310000047,39
158706_2.tex,non stop classification greedy,True,13,25.607421875,75.72968504240022,70
158721_3.tex,non stop classification greedy,False,9,21.13233256340027,57.368199592,97
158748_1.tex,non stop classification greedy,True,2,3.423044443130493,2.5019307999999683,2
158886_1.tex,non stop classification greedy,True,6,12.202348947525024,75.43962385750011,61
158890_3.tex,non stop classification greedy,True,2,3.8238911628723145,11.584550309999967,8
158927_2.tex,non stop classification greedy,True,2,3.640524864196777,10.553965090020997,16
158945_2.tex,non stop classification greedy,True,7,15.61380410194397,58.54273923879992,81
158950_2.tex,non stop classification greedy,True,7,16.225063800811768,94.16902769599994,57
159016_2.tex,non stop classification greedy,True,5,10.269627332687378,23.343923554200035,13
159031_2.tex,non stop classification greedy,True,3,6.415146827697754,16.862176870350027,18
159034_3.tex,non stop classification greedy,True,4,8.5130295753479,23.35517740549996,25
159060_2.tex,non stop classification greedy,True,13,29.375348567962646,167.3345073777043,194
159071_3.tex,non stop classification greedy,True,7,14.925804138183594,42.90814129600005,37
159157_3.tex,non stop classification greedy,True,1,1.5566225051879885,2.511953891350004,1
159186_1.tex,non stop classification greedy,True,7,15.047566413879396,46.70012310304997,69
159206_3.tex,non stop classification greedy,True,17,36.12364983558655,159.15307604000083,113
159214_2.tex,non stop classification greedy,True,4,7.978403091430664,38.22343788000016,33
159235_1.tex,non stop classification greedy,True,24,49.59149742126465,280.95583252117484,172
159236_1.tex,non stop classification greedy,True,5,9.366466283798218,29.11624376700007,28
159263_1.tex,non stop classification greedy,True,43,99.3554346561432,542.9487123321688,496
159291_2.tex,non stop classification greedy,True,14,30.062581539154053,104.16581327500027,196
159387_2.tex,non stop classification greedy,True,9,20.36557173728943,46.964129823999954,47
159393_2.tex,non stop classification greedy,True,5,17.636368989944458,18.406095309760115,21
159418_2.tex,non stop classification greedy,True,2,3.6242408752441406,35.35749444,22
159449_1.tex,non stop classification greedy,True,1,1.6342036724090576,3.934931388479993,6
159497_3.tex,non stop classification greedy,True,9,24.585973978042603,77.6236662937612,133
159536_3.tex,non stop classification greedy,True,16,35.05006456375122,155.92561972500164,63
159573_2.tex,non stop classification greedy,True,8,16.084349155426025,39.046377810000045,39
159593_2.tex,non stop classification greedy,True,5,11.221336364746094,31.72514244952097,48
159598_3.tex,non stop classification greedy,True,5,11.324756860733032,20.403086422120985,38
159605_1.tex,non stop classification greedy,True,6,12.63757848739624,34.954381985000175,48
159623_1.tex,non stop classification greedy,True,1,1.4858362674713137,0.0,1
159625_3.tex,non stop classification greedy,True,6,10.611013889312744,71.65772044999996,38
159653_2.tex,non stop classification greedy,True,7,13.351763725280762,50.53094014999996,46
159678_3.tex,non stop classification greedy,True,28,61.33288979530335,305.5849897080003,357
159743_2.tex,non stop classification greedy,True,10,19.77141213417053,71.99243424999995,48
159756_2.tex,non stop classification greedy,True,12,26.177590131759644,102.17639517499995,114
159795_1.tex,non stop classification greedy,True,23,72.0685670375824,190.9947409030001,231
159823_3.tex,non stop classification greedy,False,27,73.06288838386536,234.37865586060053,327
159826_2.tex,non stop classification greedy,False,13,30.733221292495728,81.08340197400022,125
159880_2.tex,non stop classification greedy,True,1,1.5292491912841797,10.0,23
159895_2.tex,non stop classification greedy,True,2,3.4668173789978027,5.24408966399999,7
159906_1.tex,non stop classification greedy,True,14,31.89939022064209,85.93253161400062,71
159917_1.tex,non stop classification greedy,True,5,10.634831190109251,28.150791073294027,52
159935_3.tex,non stop classification greedy,True,5,11.875997066497805,85.76043778612097,71
159951_3.tex,non stop classification greedy,True,2,4.137895345687866,29.463291529999974,27
159963_1.tex,non stop classification greedy,True,2,3.5299675464630127,7.758735224999981,9
160020_2.tex,non stop classification greedy,True,6,13.04050064086914,42.14303611079198,81
160178_2.tex,non stop classification greedy,True,9,20.0240535736084,80.36282790000001,90
160235_3.tex,non stop classification greedy,True,5,9.831970691680908,16.603711700000105,19
160240_2.tex,non stop classification greedy,True,23,53.61135506629944,565.0634728187497,317
160266_3.tex,non stop classification greedy,True,7,15.337994813919067,16.896042418999922,11
160295_3.tex,non stop classification greedy,True,8,17.5127534866333,37.553555725000194,37
160459_2.tex,non stop classification greedy,True,25,64.69643473625183,162.11739607603548,115
160613_3.tex,non stop classification greedy,True,5,11.564319372177124,20.93783446000046,20
160653_2.tex,non stop classification greedy,True,5,11.749683856964111,39.256971940800014,49
160760_3.tex,non stop classification greedy,True,3,6.017719507217407,16.13740564000007,14
160859_2.tex,non stop classification greedy,True,10,21.702152013778687,87.00270543979995,54
161056_3.tex,non stop classification greedy,True,3,6.603424549102783,29.570239840000237,55
161060_2.tex,non stop classification greedy,True,8,19.493768453598022,104.97856015000008,108
161077_1.tex,non stop classification greedy,True,7,15.555593013763428,108.43506382700016,100
161121_2.tex,non stop classification greedy,True,1,1.40403151512146,0.0,1
161124_2.tex,non stop classification greedy,True,8,20.287949562072757,104.78876360394088,230
161222_1.tex,non stop classification greedy,True,14,37.39542007446289,126.81957102312091,167
161263_3.tex,non stop classification greedy,True,7,17.16327476501465,44.468286425,38
161307_3.tex,non stop classification greedy,True,27,78.86552214622498,334.3864912630005,298
161323_3.tex,non stop classification greedy,True,4,11.025576829910278,25.466285914999943,41
161342_3.tex,non stop classification greedy,True,24,69.2621841430664,215.15464567074991,173
161373_1.tex,non stop classification greedy,True,16,40.67093205451965,151.40231455000006,113
161376_1.tex,non stop classification greedy,True,8,16.402777433395386,53.377272715000046,58
161390_3.tex,non stop classification greedy,True,4,9.720247745513916,16.406335225000007,15
161446_3.tex,non stop classification greedy,True,12,30.479941368103027,78.73931362000027,96
161473_1.tex,non stop classification greedy,True,4,9.82487726211548,8.014200000000486,21
161495_2.tex,non stop classification greedy,True,2,5.415908575057983,10.0,28
161567_3.tex,non stop classification greedy,True,7,17.120020389556885,35.299104535000325,43
161580_3.tex,non stop classification greedy,True,6,14.433776378631592,41.13993694500002,39
161583_2.tex,non stop classification greedy,True,7,17.92879366874695,96.98101108000004,90
161608_1.tex,non stop classification greedy,True,5,11.73415470123291,89.76149707539199,74
161693_3.tex,non stop classification greedy,True,2,3.9568567276000977,13.30365204000001,15
161755_3.tex,non stop classification greedy,True,4,9.974814891815186,38.88659781131997,57
161759_2.tex,non stop classification greedy,True,3,6.943426609039307,15.298505350000044,17
161779_1.tex,non stop classification greedy,True,9,24.63418245315552,40.27749176000002,60
161867_2.tex,non stop classification greedy,True,20,62.12539863586426,100.45668937760009,115
161877_3.tex,non stop classification greedy,True,7,21.765212059021,25.2801566744,37
161921_1.tex,non stop classification greedy,False,10,33.01911640167236,46.82623522500008,62
161926_2.tex,non stop classification greedy,True,18,44.50012016296387,124.8861959750002,119
161955_3.tex,non stop classification greedy,True,36,94.18613696098328,506.4196690017504,336
162030_3.tex,non stop classification greedy,True,2,4.8174662590026855,491.5294221449996,25
162053_3.tex,non stop classification greedy,True,2,4.062644004821777,13.246988504,9
162058_3.tex,non stop classification greedy,True,3,6.882115125656128,10.469185409999952,11
162081_1.tex,non stop classification greedy,True,4,10.222916841506958,134.44932046774193,80
162137_2.tex,non stop classification greedy,True,5,12.364982843399048,92.36540365000042,107
162154_3.tex,non stop classification greedy,True,1,1.802307605743408,13.46702508,18
162155_1.tex,non stop classification greedy,True,7,16.3517587184906,68.15342448099202,60
162163_1.tex,non stop classification greedy,True,5,11.515597820281982,48.843841904000016,29
162176_1.tex,non stop classification greedy,True,9,25.262722969055176,209.12402801030248,155
162189_3.tex,non stop classification greedy,True,7,19.88425302505493,100.44910736880004,92
162209_1.tex,non stop classification greedy,True,1,2.3244524002075195,8.47,18
162209_2.tex,non stop classification greedy,True,3,7.760965347290039,26.34765737000015,40
162271_1.tex,non stop classification greedy,True,16,43.95407128334045,157.69600172750756,146
162362_2.tex,non stop classification greedy,True,4,6.924826622009277,28.99996401999998,31
162366_1.tex,non stop classification greedy,True,4,6.445002555847168,23.631144442400032,29
162459_2.tex,non stop classification greedy,True,14,19.628792762756348,161.5266201499998,221
162475_1.tex,non stop classification greedy,True,3,3.068229913711548,20.35957556000001,20
162493_1.tex,non stop classification greedy,True,36,57.400670528411865,703.8257114193002,264
162495_3.tex,non stop classification greedy,False,14,23.56922125816345,131.88920597792,159
162517_3.tex,non stop classification greedy,True,25,43.85279393196106,261.9923377950501,320
162568_1.tex,non stop classification greedy,True,2,4.415536880493164,22.839603650000026,33
162613_3.tex,non stop classification greedy,True,6,10.080403804779053,69.6218802019208,82
162723_2.tex,non stop classification greedy,True,4,5.915450811386108,33.97490604804797,48
162764_2.tex,non stop classification greedy,True,2,2.274103164672852,8.18011974000001,6
162782_1.tex,non stop classification greedy,True,4,4.464170932769775,22.75710759999999,18
162788_1.tex,non stop classification greedy,True,8,11.469494104385376,47.28218081000074,42
162788_2.tex,non stop classification greedy,True,2,1.9411652088165283,12.757460420000005,12
162788_3.tex,non stop classification greedy,True,2,1.8781538009643557,7.62983090000003,10
162813_1.tex,non stop classification greedy,True,5,5.664942741394043,47.23447113000003,57
162836_2.tex,non stop classification greedy,True,11,13.390526533126833,124.1131612,76
162848_3.tex,non stop classification greedy,True,10,14.678637504577637,79.94460549500002,68
162854_2.tex,non stop classification greedy,True,7,8.239391565322876,41.89957731800013,54
162871_3.tex,non stop classification greedy,True,3,3.676974296569824,23.87207032999997,35
162879_3.tex,non stop classification greedy,True,8,9.41029143333435,66.18974385000013,48
162924_1.tex,non stop classification greedy,True,11,13.398739099502563,112.80674977000048,133
162955_2.tex,non stop classification greedy,True,6,11.159223556518556,23.23841634599998,22
162971_2.tex,non stop classification greedy,True,37,85.61346769332886,547.4701219462003,623
163111_3.tex,non stop classification greedy,True,1,1.5108778476715088,10.01,14
163158_1.tex,non stop classification greedy,True,1,1.312692165374756,0.0,2
163158_2.tex,non stop classification greedy,True,9,17.852572679519653,36.58005638099995,48
163181_2.tex,non stop classification greedy,True,3,3.407890558242798,15.43766922400002,19
163187_2.tex,non stop classification greedy,True,5,6.143801689147949,96.10058442399996,65
163206_1.tex,non stop classification greedy,True,4,7.294214248657227,18.20847224000002,9
163214_1.tex,non stop classification greedy,True,3,5.633648633956909,13.799326699999966,15
163237_3.tex,non stop classification greedy,True,5,8.115245580673218,74.16032175882796,107
163301_2.tex,non stop classification greedy,True,2,3.305687189102173,18.63564927999998,10
163315_3.tex,non stop classification greedy,True,3,3.85474157333374,11.228689975000137,9
163344_1.tex,non stop classification greedy,True,6,10.953603506088257,38.216910759999934,48
163360_3.tex,non stop classification greedy,True,6,13.213849544525146,73.87264712500051,95
163392_1.tex,non stop classification greedy,True,21,42.55443215370178,224.9975320946,317
163412_2.tex,non stop classification greedy,True,5,7.427659749984741,37.26167420000003,36
163418_2.tex,non stop classification greedy,True,1,0.8351702690124512,0.0,1
163447_3.tex,non stop classification greedy,True,2,3.2457425594329834,8.40637974000002,9
163489_1.tex,non stop classification greedy,True,12,17.302226543426514,104.46156594599996,149
163498_3.tex,non stop classification greedy,True,16,31.40673041343689,147.78237560149972,182
163527_3.tex,non stop classification greedy,True,10,20.659618854522705,63.76338590000008,59
163602_1.tex,non stop classification greedy,True,41,81.78262972831726,399.6938300815881,409
163613_3.tex,non stop classification greedy,True,8,17.988560914993286,40.82947312800005,87
163647_1.tex,non stop classification greedy,True,1,1.5923731327056885,4.1909579200000735,3
163712_2.tex,non stop classification greedy,True,3,6.103739500045776,15.89873411599998,24
163761_3.tex,non stop classification greedy,True,2,3.98419451713562,27.119836080000013,27
163765_1.tex,non stop classification greedy,True,2,3.5554916858673096,13.955935156000004,13
163793_1.tex,non stop classification greedy,True,9,19.434813499450684,116.73377014499992,213
163850_2.tex,non stop classification greedy,False,4,10.097944498062134,36.77135905000021,47
163888_3.tex,non stop classification greedy,True,7,11.96708869934082,35.89627652300013,41
163897_2.tex,non stop classification greedy,True,18,32.951064586639404,196.4372842513782,203
163904_1.tex,non stop classification greedy,True,4,8.62519884109497,40.39949804200019,74
163947_3.tex,non stop classification greedy,True,3,6.790237665176392,28.10200714000001,19
163958_1.tex,non stop classification greedy,True,4,8.674766540527344,35.96481457999994,32
163997_1.tex,non stop classification greedy,True,12,29.629131078720093,87.4015837499999,53
164003_2.tex,non stop classification greedy,True,3,5.5312135219573975,11.599557522799984,8
164012_1.tex,non stop classification greedy,True,7,15.519585132598875,37.04528114100011,95
164048_2.tex,non stop classification greedy,True,8,10.474788188934326,79.39426083040011,138
164060_2.tex,non stop classification greedy,True,5,7.314103841781616,47.18287541999996,50
164063_2.tex,non stop classification greedy,True,10,18.62200951576233,95.7882458900001,77
164089_1.tex,non stop classification greedy,True,1,1.370887279510498,3.0931646399999977,2
164096_2.tex,non stop classification greedy,True,3,5.6081297397613525,28.58054108000001,36
164187_2.tex,non stop classification greedy,True,5,8.507812976837158,28.919315074999997,39
164188_2.tex,non stop classification greedy,True,2,2.0626187324523926,28.45799216000023,36
164239_1.tex,non stop classification greedy,True,3,5.332236051559448,14.117562749295985,25
164264_2.tex,non stop classification greedy,True,2,2.26163911819458,12.98236367000004,25
164264_3.tex,non stop classification greedy,True,4,5.823634386062622,50.20021520000089,77
164278_3.tex,non stop classification greedy,True,2,3.051777601242065,49.68050000000002,34
164279_1.tex,non stop classification greedy,True,3,4.386514902114868,39.76560340999997,45
164341_2.tex,non stop classification greedy,True,8,8.985813617706299,57.10724748379205,52
164363_2.tex,non stop classification greedy,True,7,8.656309843063354,66.1450924850001,94
164435_3.tex,non stop classification greedy,True,1,0.9274952411651612,0.0,1
164498_2.tex,non stop classification greedy,True,2,1.9964969158172607,3.449128800000011,2
164507_3.tex,non stop classification greedy,True,2,2.110800266265869,11.187772500000015,15
164518_1.tex,non stop classification greedy,True,10,18.650800228118896,99.60507624999995,99
164518_2.tex,non stop classification greedy,True,8,16.263103246688843,52.74984492499991,53
164519_3.tex,non stop classification greedy,True,6,10.84829807281494,35.5399585250002,63
164533_3.tex,non stop classification greedy,True,15,31.03022074699402,116.87119368500004,120
164539_3.tex,non stop classification greedy,False,12,25.01552677154541,84.59332641600002,76
164544_3.tex,non stop classification greedy,True,30,45.62696290016174,292.6084098710003,73
164569_3.tex,non stop classification greedy,True,7,12.437810897827148,54.03439452807493,83
164574_3.tex,non stop classification greedy,True,7,12.709035873413086,23.595199626499976,15
164578_2.tex,non stop classification greedy,True,12,21.559378385543823,142.7284611275,227
164597_1.tex,non stop classification greedy,True,13,25.505239009857178,135.25023571000003,134
164635_3.tex,non stop classification greedy,True,6,12.594409227371216,40.55504546730005,56
164637_3.tex,non stop classification greedy,True,9,15.94789457321167,26.00335292000001,14
164684_1.tex,non stop classification greedy,True,36,66.37639093399048,532.4800480898102,427
164738_3.tex,non stop classification greedy,True,1,1.358879804611206,0.0,1
164816_3.tex,non stop classification greedy,True,2,3.494183301925659,31.05477208000002,26
164831_3.tex,non stop classification greedy,True,3,5.4927897453308105,16.37021649000009,16
164841_1.tex,non stop classification greedy,True,5,10.069180011749268,23.90277962500014,19
164920_3.tex,non stop classification greedy,True,6,9.70394778251648,67.65242762999996,69
165079_3.tex,non stop classification greedy,True,4,5.838466167449951,9.60528317299999,6
165101_3.tex,non stop classification greedy,True,12,24.00619411468506,65.22862414699998,53
165132_2.tex,non stop classification greedy,True,9,15.8174729347229,103.75497091499996,94
165142_2.tex,non stop classification greedy,True,9,10.730796813964844,106.03172488000004,88
165156_1.tex,non stop classification greedy,True,27,33.1560001373291,313.1876062250002,275
165172_1.tex,non stop classification greedy,True,8,11.510012865066528,37.15510754999999,29
165272_1.tex,non stop classification greedy,True,2,2.1723763942718506,20.01,24
165291_3.tex,non stop classification greedy,True,6,7.3438661098480225,30.99787837160043,30
165297_3.tex,non stop classification greedy,True,7,8.37726616859436,44.94376569080001,27
165298_2.tex,non stop classification greedy,True,5,10.084687232971191,25.33954583299998,19
165331_2.tex,non stop classification greedy,True,7,9.641979217529297,77.53364165150956,91
165338_3.tex,non stop classification greedy,True,19,25.81198000907898,86.23457900128624,123
165380_1.tex,non stop classification greedy,True,3,3.3007912635803223,41.87864936500005,30
165433_2.tex,non stop classification greedy,True,3,3.2983434200286865,28.545001157000005,36
165485_1.tex,non stop classification greedy,False,7,9.251030206680298,42.34996227499998,25
165651_3.tex,non stop classification greedy,True,6,7.5200355052948,23.11947685910002,15
165712_2.tex,non stop classification greedy,True,7,10.20361876487732,45.6049282444,58
165727_3.tex,non stop classification greedy,False,30,40.9821503162384,322.9240758076665,347
165791_3.tex,non stop classification greedy,True,2,2.228601217269897,61.19650750000008,23
165804_1.tex,non stop classification greedy,True,2,1.949483871459961,8.725437290000002,8
165891_2.tex,non stop classification greedy,True,4,4.775035381317139,75.16295084500003,49
165898_2.tex,non stop classification greedy,True,5,6.55300760269165,68.35962573999993,35
165934_2.tex,non stop classification greedy,True,3,3.691743850708008,22.986326967400004,31
165982_3.tex,non stop classification greedy,True,7,9.208025217056274,50.17166486180041,103
165990_2.tex,non stop classification greedy,True,31,46.3728084564209,590.8650936909179,206
166001_3.tex,non stop classification greedy,True,5,5.6064088344573975,69.94067434499998,57
166033_1.tex,non stop classification greedy,True,6,6.994409084320068,21.12251169500003,19
166091_2.tex,non stop classification greedy,True,10,15.393851280212402,47.635333117499925,57
166142_3.tex,non stop classification greedy,True,3,5.254930734634399,52.44397966499999,72
166156_1.tex,non stop classification greedy,True,5,9.879567384719849,29.829748863999995,39
166174_2.tex,non stop classification greedy,True,13,26.59824800491333,114.59310966299988,177
166175_1.tex,non stop classification greedy,True,22,46.01710367202759,193.7583733550001,273
166175_3.tex,non stop classification greedy,True,21,45.97348666191101,210.26047994499996,202
166221_1.tex,non stop classification greedy,True,9,18.56469988822937,56.47430529000006,65
166256_1.tex,non stop classification greedy,True,5,10.40737009048462,57.05841128000004,62
166335_2.tex,non stop classification greedy,True,1,1.4520862102508545,0.0,2
166336_3.tex,non stop classification greedy,True,8,17.823188543319702,114.08065224375002,32
166478_2.tex,non stop classification greedy,True,2,3.8574624061584473,17.871321985519998,33
166526_2.tex,non stop classification greedy,True,2,4.751494646072388,6.967669224000019,12
166561_1.tex,non stop classification greedy,True,2,4.332701921463013,4.53241545000003,5
166575_2.tex,non stop classification greedy,True,7,16.10948371887207,31.121074773000007,37
166582_1.tex,non stop classification greedy,True,15,31.587379932403564,131.5287512688139,69
166584_3.tex,non stop classification greedy,True,10,22.733295440673828,55.46634485199996,49
166589_1.tex,non stop classification greedy,True,4,8.390920162200928,18.46402776,28
166604_3.tex,non stop classification greedy,True,9,21.75291872024536,53.30490414400007,75
166705_1.tex,non stop classification greedy,True,5,10.537561416625977,14.62582124999996,16
166722_3.tex,non stop classification greedy,True,1,1.7113981246948242,0.0,1
166793_1.tex,non stop classification greedy,True,5,10.160785675048828,24.142211506000024,38
166819_1.tex,non stop classification greedy,False,32,63.92567563056946,285.3573801140006,290
166853_1.tex,non stop classification greedy,True,3,5.880235910415649,5.8640368749999965,8
166891_3.tex,non stop classification greedy,True,3,6.273587942123413,30.01,37
166951_1.tex,non stop classification greedy,True,3,5.345784425735474,12.996954679999943,27
166984_2.tex,non stop classification greedy,True,4,4.790028095245361,27.276377439999933,24
167001_1.tex,non stop classification greedy,True,3,5.655759811401367,19.342109864999983,18
167068_2.tex,non stop classification greedy,True,7,20.92569661140442,44.484560567120944,107
167078_1.tex,non stop classification greedy,True,7,15.473966598510742,117.56646473000002,67
167096_2.tex,non stop classification greedy,True,2,3.518779993057251,13.96471112000006,16
167102_3.tex,non stop classification greedy,True,14,31.45944118499756,201.76777520000044,195
167144_2.tex,non stop classification greedy,True,10,21.44732356071472,100.54164252999992,95
167149_2.tex,non stop classification greedy,True,21,53.136969804763794,275.25930126000003,159
167180_2.tex,non stop classification greedy,True,17,42.51144337654114,152.89696242989982,186
167191_1.tex,non stop classification greedy,True,6,11.969866752624512,38.08256485499989,42
167352_2.tex,non stop classification greedy,False,14,32.12617540359497,86.17160620300017,94
167384_3.tex,non stop classification greedy,False,24,54.573649168014526,189.5038855282,271
167420_1.tex,non stop classification greedy,True,2,2.4917209148406982,24.30999780999997,25
167461_2.tex,non stop classification greedy,True,2,2.6472504138946533,23.38975917103994,64
167463_2.tex,non stop classification greedy,True,7,8.64099383354187,41.64855613282016,73
167507_1.tex,non stop classification greedy,True,2,2.224109172821045,11.143070080000047,18
167512_1.tex,non stop classification greedy,True,3,3.566561698913574,64.87653560499993,42
167571_1.tex,non stop classification greedy,True,5,7.908502578735352,35.40790872900004,44
167621_1.tex,non stop classification greedy,True,7,8.086300134658813,86.02134359500012,40
167630_3.tex,non stop classification greedy,True,10,12.90172839164734,124.81232626000003,71
167684_3.tex,non stop classification greedy,True,7,9.917340755462646,37.751020847700005,50
167703_1.tex,non stop classification greedy,True,1,0.8195946216583252,2.521723040000012,2
167777_1.tex,non stop classification greedy,True,21,28.133596181869507,112.14777421899996,99
167856_3.tex,non stop classification greedy,True,3,5.121717691421509,8.827368949999993,7
167860_2.tex,non stop classification greedy,True,5,6.2015697956085205,24.27058030000005,48
167864_2.tex,non stop classification greedy,True,6,16.149433135986328,33.21567537500002,65
167895_2.tex,non stop classification greedy,True,35,111.31560587882996,350.88186580800004,363
167896_2.tex,non stop classification greedy,True,42,94.84835624694824,436.0558509822006,222
167918_2.tex,non stop classification greedy,True,30,59.73573899269104,249.06188010975004,453
168031_3.tex,non stop classification greedy,True,11,25.288350105285645,118.78641088674988,113
168033_2.tex,non stop classification greedy,True,6,13.227768421173096,23.71096601399999,25
168038_3.tex,non stop classification greedy,True,6,12.841443538665771,42.95820135412087,117
168050_3.tex,non stop classification greedy,True,2,3.589568853378296,25.254400000000004,15
168144_3.tex,non stop classification greedy,True,4,9.021653652191162,15.940730029999978,21
168162_1.tex,non stop classification greedy,True,14,29.630396604537964,153.71087147499983,76
168208_2.tex,non stop classification greedy,True,8,15.817006587982178,33.166393085000195,48
168239_3.tex,non stop classification greedy,False,32,68.46940207481384,398.9849697487497,245
168287_2.tex,non stop classification greedy,True,5,8.802045822143555,15.609764325000045,9
168349_1.tex,non stop classification greedy,True,7,12.450963497161863,18.070847894000007,8
168368_1.tex,non stop classification greedy,True,19,34.6805431842804,300.6580389250007,313
168407_3.tex,non stop classification greedy,True,14,29.19107413291931,113.47190767500004,163
168414_3.tex,non stop classification greedy,True,15,33.37160086631775,103.02654344699994,66
168419_3.tex,non stop classification greedy,True,10,24.49378180503845,45.48056032050003,38
168443_1.tex,non stop classification greedy,False,16,46.86193370819092,103.5573756809999,181
168513_2.tex,non stop classification greedy,True,3,7.68418025970459,40.86457053999985,33
168565_1.tex,non stop classification greedy,True,6,19.680503606796265,30.009453213500034,65
168672_1.tex,non stop classification greedy,True,4,12.42561936378479,36.65739869372988,55
168675_3.tex,non stop classification greedy,True,4,10.711938381195068,11.916597133950004,9
168680_2.tex,non stop classification greedy,True,5,12.778358459472656,66.77346181878686,75
168683_3.tex,non stop classification greedy,True,18,51.53071808815002,226.33225282043617,317
168705_3.tex,non stop classification greedy,True,2,4.852783441543579,15.954004999999997,12
168714_3.tex,non stop classification greedy,True,6,15.191215991973875,42.9952229000001,37
14553_3.tex,non stop classification greedy,True,1,1.6411163806915283,0.0,1
15507_1.tex,non stop classification greedy,True,9,18.643163681030277,88.69053179999996,110
16152_2.tex,non stop classification greedy,True,8,15.49036741256714,51.11624380000024,64
10043_3.tex,non stop classification greedy,True,10,22.215120553970337,108.5146461301198,91
10097_3.tex,non stop classification greedy,True,8,12.363648653030396,98.17357555690008,63
10128_3.tex,non stop classification greedy,False,5,10.661487817764282,50.05648823156497,65
10134_3.tex,non stop classification greedy,True,7,15.084505319595335,110.12271407358816,124
10184_2.tex,non stop classification greedy,False,1,3.8307018280029297,10.01,9
10186_2.tex,non stop classification greedy,True,9,18.920119524002075,103.15847807999992,65
10213_2.tex,non stop classification greedy,True,7,13.628235101699827,35.444964687687914,18
10227_2.tex,non stop classification greedy,False,8,18.407793760299683,78.70256530478757,96
10235_3.tex,non stop classification greedy,True,1,1.5165855884552002,2.519622731874989,1
10249_2.tex,non stop classification greedy,True,7,15.376209259033203,59.33949308923408,103
10546_1.tex,non stop classification greedy,True,5,11.063900232315063,58.98735288299996,53
10583_1.tex,non stop classification greedy,True,9,19.82351541519165,106.62373993999996,121
10603_3.tex,non stop classification greedy,True,3,5.319008827209473,8.680735224999992,4
10666_2.tex,non stop classification greedy,True,6,13.010279178619385,80.35554697172387,94
10735_1.tex,non stop classification greedy,True,9,18.36001658439636,75.21065019129993,95
11008_3.tex,non stop classification greedy,True,2,4.002381086349487,38.713846080000025,42
11099_2.tex,non stop classification greedy,True,7,14.955949783325195,35.166793110129895,37
11120_2.tex,non stop classification greedy,True,5,11.420228958129885,56.91373474299998,68
11135_2.tex,non stop classification greedy,True,4,7.999305963516235,63.97439999999996,22
11283_2.tex,non stop classification greedy,True,13,28.631078481674194,114.54908144360024,160
11303_3.tex,non stop classification greedy,True,23,49.90853786468506,258.6380950589999,234
11625_1.tex,non stop classification greedy,True,3,6.11747670173645,24.045932144999945,26
11660_2.tex,non stop classification greedy,True,22,53.21353912353516,345.3443106030213,473
11734_2.tex,non stop classification greedy,True,4,8.59417462348938,43.706947029589806,57
11765_2.tex,non stop classification greedy,True,3,5.610037565231323,17.126717414749987,20
11806_2.tex,non stop classification greedy,True,19,37.83042669296265,237.37992190000008,107
11838_1.tex,non stop classification greedy,True,19,38.87771511077881,182.55543837964595,160
11856_3.tex,non stop classification greedy,True,19,36.53981423377991,277.2948129101775,251
11870_2.tex,non stop classification greedy,True,26,58.18943190574646,296.20850299075977,236
12195_3.tex,non stop classification greedy,True,6,13.897172212600708,54.52264443120006,87
12259_1.tex,non stop classification greedy,True,5,11.740818738937378,25.24501181299996,19
12262_1.tex,non stop classification greedy,True,7,15.331509113311768,61.74903767999997,75
12284_2.tex,non stop classification greedy,True,10,21.02966856956482,43.892931038959865,42
12301_3.tex,non stop classification greedy,True,6,12.346127271652222,22.09256513043504,18
12344_1.tex,non stop classification greedy,True,1,1.3613238334655762,9.298914120000006,6
12370_2.tex,non stop classification greedy,True,11,23.43277931213379,169.8125995800001,127
12397_2.tex,non stop classification greedy,True,18,36.62601041793823,164.96691731789207,251
12410_1.tex,non stop classification greedy,True,12,24.174779653549194,63.88400047570704,46
12597_2.tex,non stop classification greedy,True,3,6.359640836715698,23.094991717200173,33
12728_2.tex,non stop classification greedy,True,9,21.18635416030884,79.5880747615519,107
12736_3.tex,non stop classification greedy,True,14,33.60854697227478,238.75872238523988,292
12847_3.tex,non stop classification greedy,True,16,37.6703040599823,132.8400407310001,178
12937_1.tex,non stop classification greedy,True,3,5.22040605545044,5.190232284707008,6
13273_3.tex,non stop classification greedy,True,5,11.273006916046144,143.1150463299999,183
13431_2.tex,non stop classification greedy,True,4,8.290011167526245,48.680146218791975,44
13444_2.tex,non stop classification greedy,True,12,24.911935567855835,173.22067161127984,165
13846_3.tex,non stop classification greedy,True,4,8.420635461807251,51.23320880000004,24
13884_1.tex,non stop classification greedy,True,3,5.658375024795532,24.34715640000001,25
13911_3.tex,non stop classification greedy,True,9,17.98067355155945,47.36643304999998,25
13920_2.tex,non stop classification greedy,True,6,12.727661609649658,55.88609666716003,106
13949_1.tex,non stop classification greedy,True,16,37.50971364974976,257.3582431312501,209
13955_2.tex,non stop classification greedy,True,12,23.55421233177185,81.67632209999992,30
13990_3.tex,non stop classification greedy,True,15,41.64483618736267,120.59932050087532,303
14003_2.tex,non stop classification greedy,True,11,25.0030779838562,92.62351787000004,91
14007_2.tex,non stop classification greedy,True,13,27.90800428390503,114.24600477899996,130
14010_1.tex,non stop classification greedy,True,4,8.124385118484497,23.595889794299996,31
14018_2.tex,non stop classification greedy,True,10,19.726710081100464,80.691796889,51
14146_1.tex,non stop classification greedy,True,2,4.029272079467773,17.691894970699998,22
14252_3.tex,non stop classification greedy,True,10,24.987893104553223,153.02898623930014,236
14310_3.tex,non stop classification greedy,True,6,12.030115127563477,21.11823596000001,13
14335_3.tex,non stop classification greedy,True,17,39.48868680000305,257.57903709046866,252
14416_2.tex,non stop classification greedy,True,2,3.601107597351074,22.01653588785007,33
14423_2.tex,non stop classification greedy,True,1,1.5458569526672363,10.01,14
14445_2.tex,non stop classification greedy,True,12,26.74414348602295,139.1436685021574,214
14466_3.tex,non stop classification greedy,True,6,11.33951449394226,26.530334844992048,28
14506_2.tex,non stop classification greedy,True,5,9.845362424850464,28.358518499999967,26
14521_3.tex,non stop classification greedy,True,2,3.2815046310424805,6.699842532799983,7
14524_3.tex,non stop classification greedy,True,2,3.2187092304229736,2.517333962500004,2
14963_3.tex,non stop classification greedy,True,7,14.334365367889404,46.01526615811998,19
15036_1.tex,non stop classification greedy,True,13,21.87883400917053,180.85105745875,84
15045_1.tex,non stop classification greedy,True,5,9.972765684127808,57.87623089999997,45
9718_2.tex,non stop classification greedy,True,4,7.428947925567627,13.580538800000111,14
15059_2.tex,non stop classification greedy,True,8,16.973809957504272,83.32285103100017,59
15095_2.tex,non stop classification greedy,True,14,31.257163286209103,92.41161318137492,84
15097_2.tex,non stop classification greedy,True,1,1.517817497253418,4.015840439999991,2
15439_3.tex,non stop classification greedy,True,5,11.251620054244995,20.01323896154513,24
15633_3.tex,non stop classification greedy,True,2,3.326460361480713,6.822430244800006,8
15636_2.tex,non stop classification greedy,True,3,5.720939159393311,29.427720167500013,44
15657_2.tex,non stop classification greedy,True,1,2.006439447402954,3.0544846399999983,5
15837_1.tex,non stop classification greedy,True,2,4.0476696491241455,15.10567502225002,15
15919_1.tex,non stop classification greedy,True,3,6.917139530181885,35.624680982541946,26
16033_2.tex,non stop classification greedy,True,1,1.6226096153259275,0.0,1
16040_1.tex,non stop classification greedy,True,6,13.8391752243042,45.58592082599995,38
16183_1.tex,non stop classification greedy,True,14,29.73270392417908,74.920095817,56
16619_2.tex,non stop classification greedy,True,16,35.089755058288574,81.81560595502259,88
67467_2.tex,non stop classification greedy,True,5,10.299963235855104,33.244508603256975,59
67746_2.tex,non stop classification greedy,True,5,10.410444974899292,55.08669549999996,52
67820_3.tex,non stop classification greedy,True,18,39.88782048225403,179.20132334500065,174
67929_3.tex,non stop classification greedy,True,29,61.23992085456848,291.26625925249994,257
68037_3.tex,non stop classification greedy,False,13,29.93291282653809,66.69677113073405,92
68348_3.tex,non stop classification greedy,True,1,1.438061237335205,5.490163768749994,4
68381_3.tex,non stop classification greedy,True,2,3.493996381759644,22.732924160000053,21
68458_3.tex,non stop classification greedy,True,21,43.27131366729736,223.7282963475847,277
68463_1.tex,non stop classification greedy,False,6,15.353944778442385,51.80919289671997,129
68491_2.tex,non stop classification greedy,True,3,5.179197072982788,17.78211424000002,16
68496_1.tex,non stop classification greedy,True,7,13.214279651641846,50.196552739999966,52
68523_3.tex,non stop classification greedy,True,6,11.853945970535278,33.061370423549995,17
68548_3.tex,non stop classification greedy,True,2,3.3078322410583496,10.087678580799974,11
68559_1.tex,non stop classification greedy,True,3,5.829665660858154,19.033498667160085,19
68743_2.tex,non stop classification greedy,True,5,10.06091856956482,32.761712126999925,39
68854_1.tex,non stop classification greedy,True,12,22.46024918556213,160.30143787620008,165
68903_3.tex,non stop classification greedy,True,8,18.13829231262207,68.2757292921601,64
68910_1.tex,non stop classification greedy,True,9,18.138090133666992,53.07545079999991,9
68917_2.tex,non stop classification greedy,True,8,15.00403928756714,118.13522950500015,73
68949_3.tex,non stop classification greedy,True,15,28.98540949821472,74.0582670551951,36
68976_1.tex,non stop classification greedy,False,3,7.749820947647095,14.562055733267954,48
68989_1.tex,non stop classification greedy,True,4,7.804219961166382,30.482874250359963,62
69034_3.tex,non stop classification greedy,True,12,25.179608821868896,193.63347429000044,133
69061_2.tex,non stop classification greedy,True,5,9.159870386123655,25.57922669240026,30
69068_3.tex,non stop classification greedy,True,10,20.91717267036438,51.302937835,45
69113_3.tex,non stop classification greedy,True,10,18.484731674194336,61.749866275,94
69211_1.tex,non stop classification greedy,True,6,14.737086534500122,67.2388130842721,145
69224_2.tex,non stop classification greedy,True,1,2.0910980701446533,86.02059742003775,32
69245_3.tex,non stop classification greedy,True,2,3.482649803161621,12.556043040000016,6
69259_3.tex,non stop classification greedy,True,4,7.525902509689331,29.450589024999964,25
69287_2.tex,non stop classification greedy,True,2,4.302788496017456,17.60257690625002,32
69313_3.tex,non stop classification greedy,True,1,1.4197142124176023,8.740203822240005,13
69351_1.tex,non stop classification greedy,True,4,7.958035707473755,35.185895199999976,43
69426_1.tex,non stop classification greedy,True,7,14.980890035629272,74.8315345684799,161
69454_1.tex,non stop classification greedy,True,4,8.955188512802124,44.920523119999885,48
69477_3.tex,non stop classification greedy,True,16,32.033445596694946,100.51999301875004,53
69488_2.tex,non stop classification greedy,True,10,21.4206964969635,186.92551771840016,100
69503_2.tex,non stop classification greedy,True,8,17.168372631072998,41.156028949,28
69513_3.tex,non stop classification greedy,True,10,21.098022937774655,56.153367040000006,85
69561_2.tex,non stop classification greedy,True,9,18.4986789226532,82.26439975000002,114
69574_1.tex,non stop classification greedy,True,6,13.73946499824524,48.069238940000126,60
69634_2.tex,non stop classification greedy,True,1,1.7262794971466064,0.0,2
69953_1.tex,non stop classification greedy,False,1,4.487742185592651,2.586219264999997,29
69975_2.tex,non stop classification greedy,True,8,17.175875186920166,41.99849441375996,37
69976_1.tex,non stop classification greedy,True,13,32.65702152252197,164.6481009168626,200
70056_2.tex,non stop classification greedy,False,10,21.449525594711304,93.03097947653316,84
70058_1.tex,non stop classification greedy,True,9,18.82987356185913,87.1111617914136,98
70143_1.tex,non stop classification greedy,False,13,28.21170401573181,115.34379294567596,106
70168_3.tex,non stop classification greedy,True,6,9.787531852722168,29.58514341554411,47
70302_2.tex,non stop classification greedy,True,17,43.21720242500305,126.72671454921708,60
70329_3.tex,non stop classification greedy,True,6,11.684063196182253,40.91282007500004,33
70395_1.tex,non stop classification greedy,True,1,1.6569874286651611,2.5042915296000103,3
70402_2.tex,non stop classification greedy,True,8,18.16646671295166,95.08702428571426,98
70448_3.tex,non stop classification greedy,True,2,3.615878105163574,12.639944119999976,10
70519_2.tex,non stop classification greedy,True,12,26.548885345458984,57.543349033241945,80
70538_3.tex,non stop classification greedy,True,8,15.784501314163208,94.05287142000034,92
70622_1.tex,non stop classification greedy,False,18,55.94017457962036,164.11141728299975,281
70622_2.tex,non stop classification greedy,True,2,3.497120857238769,3.9768788000000086,4
70657_2.tex,non stop classification greedy,True,7,13.035976648330688,51.33751791500006,84
70666_3.tex,non stop classification greedy,True,6,11.420063257217407,54.42417950500003,35
70675_2.tex,non stop classification greedy,True,2,3.73692798614502,6.866189473676002,9
70681_2.tex,non stop classification greedy,True,1,1.764671802520752,0.0,1
70707_3.tex,non stop classification greedy,True,10,20.6077344417572,45.484562498534885,49
70719_1.tex,non stop classification greedy,True,1,1.4032115936279297,0.0,1
70918_3.tex,non stop classification greedy,True,1,1.4461126327514648,5.008579080000004,5
70939_1.tex,non stop classification greedy,True,3,6.108879327774048,27.64382968480014,41
70949_1.tex,non stop classification greedy,True,4,8.747925519943237,51.29536914999992,76
70951_2.tex,non stop classification greedy,True,4,8.477490901947021,21.553064129,40
70983_2.tex,non stop classification greedy,True,8,16.75907063484192,74.78944057500009,108
70987_2.tex,non stop classification greedy,True,5,10.157020330429075,29.03271656499997,41
71026_1.tex,non stop classification greedy,True,9,20.011508226394653,95.7039862638144,120
71064_3.tex,non stop classification greedy,True,8,13.092289686203005,46.599234400000014,8
71068_3.tex,non stop classification greedy,True,9,18.07416701316833,142.96209848,96
71122_2.tex,non stop classification greedy,True,8,16.80983018875122,36.843947782999926,62
71149_1.tex,non stop classification greedy,True,19,40.16786313056946,127.92289666518552,153
71172_3.tex,non stop classification greedy,True,6,11.57802700996399,53.98958522500001,29
71250_1.tex,non stop classification greedy,True,24,77.63166785240173,250.274513349242,207
71271_2.tex,non stop classification greedy,True,1,2.2984023094177246,2.504284935200019,3
71551_3.tex,non stop classification greedy,True,7,17.35119366645813,84.25016243199997,53
71628_1.tex,non stop classification greedy,True,2,3.912726640701294,17.109992560000016,6
71632_1.tex,non stop classification greedy,True,3,7.569125175476074,34.7512,22
71648_3.tex,non stop classification greedy,True,2,4.341672897338867,22.78403409445599,32
71667_2.tex,non stop classification greedy,True,3,5.975031614303589,11.200921350613982,7
71682_1.tex,non stop classification greedy,True,13,28.84535217285156,109.60465971324996,107
71733_1.tex,non stop classification greedy,True,1,1.9647245407104488,9.832221420000025,8
71891_3.tex,non stop classification greedy,True,3,6.535134792327881,22.052312609650365,19
71917_2.tex,non stop classification greedy,True,9,20.352759838104248,48.18631612739905,63
71927_2.tex,non stop classification greedy,True,11,23.48969769477844,50.35428221551992,35
72118_3.tex,non stop classification greedy,True,5,10.995449542999268,70.22148317200002,78
72127_1.tex,non stop classification greedy,True,11,24.012693881988525,74.99904240404798,120
72128_2.tex,non stop classification greedy,True,4,9.955520629882812,44.24946717787503,80
72164_1.tex,non stop classification greedy,True,2,3.937386274337769,24.7412,13
72198_3.tex,non stop classification greedy,True,3,5.4327614307403564,12.811809674400024,14
72202_1.tex,non stop classification greedy,True,4,8.314602136611938,35.14435103040002,59
72210_3.tex,non stop classification greedy,False,12,31.72729587554932,133.4951888800971,199
72250_1.tex,non stop classification greedy,True,27,67.541006565094,378.7769544450001,397
72325_2.tex,non stop classification greedy,True,3,5.915023565292358,18.061260175999973,30
72328_2.tex,non stop classification greedy,True,1,1.7262022495269775,2.5157823152000134,2
72431_3.tex,non stop classification greedy,True,1,1.5347416400909424,0.0,2
72554_2.tex,non stop classification greedy,True,2,4.179456233978272,21.566515199999916,36
9039_2.tex,non stop classification greedy,True,5,10.949914932250977,43.90253914051795,57
9119_3.tex,non stop classification greedy,True,5,11.24927258491516,33.272904699875056,37
9150_2.tex,non stop classification greedy,True,19,42.31509804725647,323.01607767325,190
9443_2.tex,non stop classification greedy,True,7,16.53634214401245,64.72283534000005,39
9548_3.tex,non stop classification greedy,True,4,8.400820255279541,34.12407062958982,23
9591_2.tex,non stop classification greedy,True,23,54.76390051841736,333.5116413201249,294
9594_2.tex,non stop classification greedy,True,8,18.40020108222961,49.25320776900021,73
9608_3.tex,non stop classification greedy,True,1,1.5050902366638184,0.0,1
9707_1.tex,non stop classification greedy,True,28,76.20230293273926,354.038137517003,318
9708_3.tex,non stop classification greedy,True,20,62.08439469337464,234.43344838774985,217
168749_1.tex,non stop classification greedy,True,8,26.549370050430294,57.406711068000135,67
168764_2.tex,non stop classification greedy,True,2,4.342802286148071,13.574363800000016,15
168780_1.tex,non stop classification greedy,True,4,14.245597839355469,64.00007968999999,90
168802_2.tex,non stop classification greedy,True,2,5.393633127212524,5.009800605250007,2
168813_3.tex,non stop classification greedy,True,13,34.39166498184204,176.58829759999986,100
168826_3.tex,non stop classification greedy,True,20,62.44162821769714,211.00422214999992,198
168835_2.tex,non stop classification greedy,True,19,46.80886173248291,211.40860894000068,117
168839_1.tex,non stop classification greedy,True,9,20.82957911491394,66.25097398000003,40
168846_1.tex,non stop classification greedy,True,1,2.098817110061645,2.622060992759998,1
168850_2.tex,non stop classification greedy,True,25,70.36459541320801,246.38161461879972,210
168906_1.tex,non stop classification greedy,True,29,81.03461599349976,357.15364570995,458
168934_3.tex,non stop classification greedy,True,11,37.87762928009033,113.0383790799999,90
168939_2.tex,non stop classification greedy,True,28,84.40097117424011,332.5107676400001,275
168953_2.tex,non stop classification greedy,True,3,6.789779424667358,17.51075822000001,18
169004_1.tex,non stop classification greedy,True,39,102.78234457969666,383.48672538575033,309
169046_2.tex,non stop classification greedy,True,12,31.45947003364563,136.3821507437509,48
169050_1.tex,non stop classification greedy,True,6,13.082313537597656,41.36943034999971,42
169063_1.tex,non stop classification greedy,True,6,15.188848495483398,97.29913396249982,63
169073_1.tex,non stop classification greedy,True,1,2.0930745601654053,0.0,1
169080_2.tex,non stop classification greedy,True,6,14.587774991989136,36.18890108999994,60
169168_3.tex,non stop classification greedy,True,2,4.036349296569824,6.293234688000007,11
169169_3.tex,non stop classification greedy,True,4,8.995746612548828,54.28228039999989,67
169216_3.tex,non stop classification greedy,True,8,22.387003183364868,144.87719478552,122
169217_3.tex,non stop classification greedy,True,12,35.41410756111145,125.83121109799993,127
169228_1.tex,non stop classification greedy,True,11,30.480603218078613,135.0035122679489,270
169254_2.tex,non stop classification greedy,True,4,9.038458585739136,30.554340119999974,32
169269_2.tex,non stop classification greedy,True,7,16.16683053970337,52.08359765000021,46
169274_1.tex,non stop classification greedy,True,7,16.193926095962524,34.485089543999976,19
169290_1.tex,non stop classification greedy,True,5,12.508697748184204,24.040340889414,31
169322_1.tex,non stop classification greedy,True,5,13.704116582870483,28.570851496520977,52
169447_3.tex,non stop classification greedy,True,23,58.87344622612,136.21865950374988,132
169460_1.tex,non stop classification greedy,True,11,25.163118600845337,77.06757159999998,46
169473_1.tex,non stop classification greedy,True,13,28.14713764190674,68.11314784999999,79
169505_2.tex,non stop classification greedy,True,8,16.324097394943237,25.72865093799998,21
169611_1.tex,non stop classification greedy,True,5,11.560062646865845,39.37360657695988,60
169630_3.tex,non stop classification greedy,True,7,18.75682234764099,49.58359696750044,80
169637_1.tex,non stop classification greedy,True,17,46.65326261520386,90.79781853108592,159
169733_2.tex,non stop classification greedy,True,6,15.629573583602903,34.921334740000006,57
169786_2.tex,non stop classification greedy,True,4,10.946699142456056,16.800538499999874,16
169820_3.tex,non stop classification greedy,True,5,13.492194890975952,14.443827924999963,17
169867_3.tex,non stop classification greedy,True,24,66.82856059074402,640.4184344162509,303
169871_2.tex,non stop classification greedy,True,6,18.86809873580933,32.264001949599994,176
169884_3.tex,non stop classification greedy,True,4,6.947542428970337,27.20109399999994,26
169949_3.tex,non stop classification greedy,True,10,21.30853486061096,43.21587331300029,55
169955_1.tex,non stop classification greedy,True,9,19.62004804611206,45.78382945400032,49
170022_1.tex,non stop classification greedy,True,8,15.453612327575684,39.178469150000254,52
170060_2.tex,non stop classification greedy,True,42,96.02804279327393,575.2623332323498,502
170093_3.tex,non stop classification greedy,False,23,57.643330574035645,281.46531558500044,539
170155_1.tex,non stop classification greedy,True,10,25.750012397766117,156.85234564100102,111
170289_3.tex,non stop classification greedy,True,5,10.84524130821228,29.11374430751993,35
170322_3.tex,non stop classification greedy,True,4,8.170357942581177,32.09787210500001,18
170332_2.tex,non stop classification greedy,True,7,16.834582567214966,64.88979971999998,48
170386_2.tex,non stop classification greedy,True,6,13.435813426971436,31.86458129500028,27
170457_1.tex,non stop classification greedy,True,4,8.065092325210571,22.61054873999999,28
170548_2.tex,non stop classification greedy,True,8,16.829005241394043,49.44922630500042,37
170594_3.tex,non stop classification greedy,True,27,61.18148136138916,314.30087297000006,266
170607_3.tex,non stop classification greedy,True,3,6.071920156478882,20.98118724950004,38
170610_2.tex,non stop classification greedy,True,21,43.56316375732422,209.48293810700005,167
170662_2.tex,non stop classification greedy,True,5,10.560326099395752,57.01811920000004,53
170783_1.tex,non stop classification greedy,True,1,1.668323993682861,0.0,1
170790_3.tex,non stop classification greedy,True,2,3.5608439445495605,21.01823253248,36
170807_1.tex,non stop classification greedy,True,1,1.5054893493652344,5.023907988800033,7
170810_2.tex,non stop classification greedy,True,4,9.136860847473145,61.01257487999999,93
170844_3.tex,non stop classification greedy,True,11,25.282724380493164,112.25088032910692,188
170862_1.tex,non stop classification greedy,True,4,8.253854274749756,18.78011520000004,10
170907_2.tex,non stop classification greedy,True,6,12.59289050102234,22.31175099899996,24
170909_3.tex,non stop classification greedy,True,7,15.711606740951538,36.325911416000096,33
170911_2.tex,non stop classification greedy,True,1,1.534919261932373,0.0,1
170962_1.tex,non stop classification greedy,True,9,20.27821159362793,73.94724590917488,129
170971_1.tex,non stop classification greedy,True,3,6.264054775238037,6.102874675000024,6
170989_3.tex,non stop classification greedy,True,5,10.441645622253418,32.81305000000003,41
170999_1.tex,non stop classification greedy,True,2,3.9021475315094,3.0502450750000065,2
171019_2.tex,non stop classification greedy,True,10,24.38066029548645,49.142192013,26
171027_1.tex,non stop classification greedy,False,26,62.22247290611267,278.610138364,349
171049_3.tex,non stop classification greedy,True,3,5.394583940505981,11.546299387000031,12
171052_3.tex,non stop classification greedy,True,2,3.530979633331299,9.189458940000064,12
171078_1.tex,non stop classification greedy,False,9,23.45305871963501,72.06403184999994,92
171109_3.tex,non stop classification greedy,True,6,11.027020692825316,35.13290258275002,29
171122_1.tex,non stop classification greedy,True,41,91.81599068641664,849.9523296977504,192
171145_1.tex,non stop classification greedy,True,1,1.5004491806030271,2.5042841920000285,1
171159_2.tex,non stop classification greedy,False,28,66.86958575248718,272.62984858300035,461
171224_2.tex,non stop classification greedy,True,3,7.099279642105103,28.04514000000006,55
171227_3.tex,non stop classification greedy,True,6,13.78895878791809,20.731045116000008,29
171242_1.tex,non stop classification greedy,True,4,8.872528791427612,32.44895212800001,60
171276_3.tex,non stop classification greedy,True,2,4.479694128036499,16.979315000000007,58
171280_1.tex,non stop classification greedy,True,4,9.073166370391846,11.150498524999904,19
171292_1.tex,non stop classification greedy,True,3,6.71178126335144,12.761878800000003,7
171293_2.tex,non stop classification greedy,True,1,1.6841018199920654,10.522491529999996,13
171313_3.tex,non stop classification greedy,True,4,8.256501197814941,16.847427240000016,19
171393_2.tex,non stop classification greedy,True,5,12.394370317459106,11.791218552499998,10
171395_3.tex,non stop classification greedy,True,3,7.987020015716553,49.60359749499998,66
171446_3.tex,non stop classification greedy,True,5,11.150606393814089,25.67679037299999,44
171456_2.tex,non stop classification greedy,True,1,1.430018424987793,0.0,2
171493_2.tex,non stop classification greedy,True,10,23.97201657295227,34.164169210000125,19
171526_3.tex,non stop classification greedy,True,2,3.691527128219605,3.886915450000061,7
171534_3.tex,non stop classification greedy,True,4,7.799787044525146,10.891241425000118,8
171570_2.tex,non stop classification greedy,True,10,21.59624648094177,124.27433563899989,163
171661_1.tex,non stop classification greedy,True,17,36.81930780410767,127.60749665750004,84
171778_2.tex,non stop classification greedy,True,5,10.581112146377563,24.262929206000077,28
171783_2.tex,non stop classification greedy,True,3,6.28212308883667,21.25618635999998,26
171842_1.tex,non stop classification greedy,True,5,11.903656721115112,49.56553171999997,34
171845_1.tex,non stop classification greedy,True,5,10.393742084503174,43.53851348000036,32
171875_3.tex,non stop classification greedy,True,6,12.972474336624146,44.56983860775994,36
171892_1.tex,non stop classification greedy,True,8,18.415780782699585,74.841354604178,119
171971_3.tex,non stop classification greedy,True,8,16.23970675468445,40.34472944000038,32
172002_2.tex,non stop classification greedy,True,3,6.343113899230957,14.893829014000032,21
172021_3.tex,non stop classification greedy,True,3,6.251281499862671,10.822359439999984,10
172061_3.tex,non stop classification greedy,True,9,19.40916132926941,91.33237953500011,64
172069_2.tex,non stop classification greedy,True,5,9.962872743606567,28.30606504000004,26
172115_2.tex,non stop classification greedy,False,35,86.05509757995605,365.61933411000047,516
172122_1.tex,non stop classification greedy,True,10,22.830236196517944,42.80360220105696,43
172142_2.tex,non stop classification greedy,True,30,62.81499671936035,367.9648057650498,615
172173_2.tex,non stop classification greedy,True,19,38.9584641456604,152.89795691749987,88
172215_3.tex,non stop classification greedy,False,23,51.55561661720276,155.21589181860026,235
172222_1.tex,non stop classification greedy,False,28,64.06352829933167,270.26123625460013,251
172229_1.tex,non stop classification greedy,True,8,15.697994470596312,33.07902173674995,30
172248_1.tex,non stop classification greedy,False,11,29.038302898406982,98.14227761240022,239
172319_3.tex,non stop classification greedy,True,2,4.185718297958374,5.7773060677600085,6
172328_3.tex,non stop classification greedy,True,7,15.78280758857727,30.564945359520497,76
172329_1.tex,non stop classification greedy,True,7,17.55406618118286,76.98347021739998,123
172365_1.tex,non stop classification greedy,True,4,10.463502407073976,171.78239100931992,91
172409_2.tex,non stop classification greedy,True,5,10.572333335876465,27.701866421999988,28
172429_3.tex,non stop classification greedy,False,11,27.05247712135315,139.54364756999985,171
172473_1.tex,non stop classification greedy,True,7,15.20678448677063,37.541131687899984,54
172507_3.tex,non stop classification greedy,True,5,10.46424388885498,27.829030900000227,30
172538_2.tex,non stop classification greedy,True,7,14.997096061706545,38.16483195999998,49
172684_2.tex,non stop classification greedy,True,3,5.278918266296387,8.564729135000007,5
172686_2.tex,non stop classification greedy,False,32,80.73789644241333,423.3231152130002,752
172702_3.tex,non stop classification greedy,True,7,12.953231573104858,48.59080267500001,38
172717_3.tex,non stop classification greedy,False,16,34.067731857299805,166.03147722500034,176
172728_1.tex,non stop classification greedy,True,13,26.71864151954651,106.15428222207002,145
172738_1.tex,non stop classification greedy,True,17,32.88330078125,111.60643066299995,102
172811_1.tex,non stop classification greedy,True,2,3.7308294773101807,10.0,8
172882_3.tex,non stop classification greedy,True,2,3.598240852355957,5.026218559999961,10
172890_1.tex,non stop classification greedy,True,6,13.733422040939333,126.61878237958184,102
172901_1.tex,non stop classification greedy,True,7,16.671117782592773,69.20882071000005,114
172903_1.tex,non stop classification greedy,True,1,1.588594675064087,2.6896730400000024,2
172961_3.tex,non stop classification greedy,True,7,14.861832857131958,72.73387459239996,106
172966_1.tex,non stop classification greedy,True,19,46.679911851882935,172.38133513839986,205
172982_2.tex,non stop classification greedy,True,2,3.813212394714356,11.364562785200008,31
172998_3.tex,non stop classification greedy,True,10,22.922967433929443,69.32466175546698,109
173004_2.tex,non stop classification greedy,True,12,29.710554361343384,116.28373855000082,270
173006_1.tex,non stop classification greedy,True,5,10.65394687652588,26.73052469999999,50
173057_1.tex,non stop classification greedy,True,4,7.993740797042847,12.788471028999965,11
173102_1.tex,non stop classification greedy,True,9,20.13108372688293,63.04439683333337,96
173112_1.tex,non stop classification greedy,True,11,24.21426272392273,72.52221414499988,113
173122_2.tex,non stop classification greedy,False,19,47.79320693016052,190.62193958150004,279
173138_2.tex,non stop classification greedy,True,6,12.43688678741455,33.56497022500088,26
173142_2.tex,non stop classification greedy,True,6,11.82842469215393,33.28908394000027,33
173162_3.tex,non stop classification greedy,True,20,45.19413661956787,181.27070005753484,174
173225_3.tex,non stop classification greedy,True,50,130.37786316871643,534.4920346193504,527
173226_3.tex,non stop classification greedy,True,2,3.5142393112182617,2.5019307999999683,2
173237_3.tex,non stop classification greedy,True,4,7.346148252487183,23.25357879999997,20
173315_2.tex,non stop classification greedy,True,23,49.40863847732544,186.46136996025825,216
173322_2.tex,non stop classification greedy,True,7,14.208027362823486,16.643420149999926,13
173324_3.tex,non stop classification greedy,True,46,112.0690929889679,690.6512052227501,437
173332_2.tex,non stop classification greedy,True,11,22.89069485664368,46.65602573900006,46
173366_1.tex,non stop classification greedy,True,3,6.14898681640625,23.665219505000017,34
173394_3.tex,non stop classification greedy,True,4,9.38656520843506,147.64833837260014,51
173408_2.tex,non stop classification greedy,True,5,10.67969036102295,29.748574024999925,23
173415_2.tex,non stop classification greedy,True,4,10.60108757019043,69.91638745352782,124
173483_2.tex,non stop classification greedy,True,10,22.226813554763797,89.06454907999994,103
173520_2.tex,non stop classification greedy,True,5,9.778557538986206,25.60931638380009,43
173568_3.tex,non stop classification greedy,True,3,5.71605920791626,23.02267724500008,31
173605_1.tex,non stop classification greedy,True,7,14.300194263458252,37.47223916500003,35
173661_1.tex,non stop classification greedy,True,7,14.44318675994873,41.0043220997749,52
173667_2.tex,non stop classification greedy,True,4,8.683073043823242,17.054832139999974,12
173669_2.tex,non stop classification greedy,True,3,5.940274000167847,15.115205344999993,14
173677_3.tex,non stop classification greedy,True,11,21.62248396873474,127.92124126500045,109
173702_3.tex,non stop classification greedy,True,6,12.560831069946287,49.05909116899997,65
173708_1.tex,non stop classification greedy,True,11,27.439139127731323,88.49538693152002,131
173754_1.tex,non stop classification greedy,True,11,23.140803337097168,76.92009167050057,121
173781_1.tex,non stop classification greedy,True,5,9.75006866455078,20.032631664999982,22
173784_2.tex,non stop classification greedy,True,7,13.74864912033081,42.30992801500004,45
173787_2.tex,non stop classification greedy,True,8,15.9954993724823,54.11329511500002,52
173793_1.tex,non stop classification greedy,True,6,11.523634910583496,25.15791359000008,11
173803_2.tex,non stop classification greedy,True,28,63.232688665390015,275.4739097499999,337
173858_2.tex,non stop classification greedy,True,40,97.54822492599487,682.0372716106998,711
173872_1.tex,non stop classification greedy,True,27,67.20916152000427,169.3787133486002,221
173909_1.tex,non stop classification greedy,True,5,10.933146953582764,31.437512124999863,31
173946_1.tex,non stop classification greedy,True,5,11.116119861602783,48.21235061674995,77
173991_3.tex,non stop classification greedy,True,7,15.161463975906372,116.92756018500002,108
174002_3.tex,non stop classification greedy,True,5,11.62015962600708,43.015326699999946,35
174010_1.tex,non stop classification greedy,True,3,5.96884036064148,14.263992825000033,23
174108_1.tex,non stop classification greedy,True,9,19.136397123336792,124.55096562499996,114
174146_1.tex,non stop classification greedy,True,16,35.46056270599365,146.33335984880063,109
174182_1.tex,non stop classification greedy,False,10,24.913548469543457,41.59538450882815,61
174204_1.tex,non stop classification greedy,True,16,29.737529516220093,179.09062715499982,124
174206_3.tex,non stop classification greedy,True,5,10.55759572982788,30.560592450000044,37
174239_1.tex,non stop classification greedy,True,9,18.032742738723755,32.6692042250001,27
174260_2.tex,non stop classification greedy,True,1,1.9237754344940183,0.0,1
174284_3.tex,non stop classification greedy,True,6,12.822884559631348,26.38166231,30
174293_2.tex,non stop classification greedy,True,8,17.393578052520752,39.647019152500064,61
174294_3.tex,non stop classification greedy,True,14,29.60985636711121,58.96641528946253,63
174381_3.tex,non stop classification greedy,True,2,3.5056581497192383,3.85,5
174394_3.tex,non stop classification greedy,True,11,21.803648233413696,49.41724741519998,72
174397_3.tex,non stop classification greedy,True,34,76.13570594787598,302.9377636410001,281
174447_2.tex,non stop classification greedy,True,3,6.457490921020508,23.192479580000036,44
16658_3.tex,non stop classification greedy,True,8,15.313384532928469,132.43380435000026,70
16705_2.tex,non stop classification greedy,True,2,3.2081849575042725,17.533967808500023,27
16726_3.tex,non stop classification greedy,True,8,16.31809091567993,40.29448379406735,55
17015_1.tex,non stop classification greedy,True,4,7.666126012802124,12.22992939780002,8
17137_1.tex,non stop classification greedy,True,8,13.914938926696776,63.70272553726511,51
17153_1.tex,non stop classification greedy,True,17,39.030709981918335,128.1835153416,198
17179_3.tex,non stop classification greedy,True,3,5.453436613082886,29.85399972500008,33
17209_3.tex,non stop classification greedy,True,3,5.923145055770874,26.75582998700001,25
17231_2.tex,non stop classification greedy,True,8,18.514299869537357,54.96244655582008,66
17261_1.tex,non stop classification greedy,True,5,11.527435779571531,45.608184488,62
17265_2.tex,non stop classification greedy,True,25,57.98913049697876,229.41663991277127,293
17266_1.tex,non stop classification greedy,True,11,17.856088876724243,86.9048389431325,147
17549_3.tex,non stop classification greedy,True,3,5.907508373260498,17.31838773612003,20
17650_3.tex,non stop classification greedy,True,4,7.936975002288818,16.23216593979504,16
17664_2.tex,non stop classification greedy,True,9,17.35875678062439,67.01102589899995,48
17677_3.tex,non stop classification greedy,True,13,23.868393421173096,97.69794875068804,125
17687_1.tex,non stop classification greedy,True,16,35.34401035308838,125.14542802388502,147
17698_1.tex,non stop classification greedy,True,15,29.536463260650635,151.59621121349994,118
17711_1.tex,non stop classification greedy,True,38,86.48665142059326,543.4571021091488,480
17716_2.tex,non stop classification greedy,True,1,1.366023302078247,0.0,1
17759_2.tex,non stop classification greedy,True,11,21.04908561706543,86.42324612123193,121
17809_1.tex,non stop classification greedy,True,18,41.27793049812317,214.97767519999985,381
17812_1.tex,non stop classification greedy,True,6,12.017114877700806,29.938073962349023,62
18031_3.tex,non stop classification greedy,True,2,4.124301671981812,24.599364750000014,36
18035_1.tex,non stop classification greedy,True,7,16.255500316619873,139.02110964999994,152
73237_3.tex,non stop classification greedy,True,3,5.834161758422852,18.78926713999997,9
73350_1.tex,non stop classification greedy,True,4,7.309204339981079,40.63596378000001,46
73374_1.tex,non stop classification greedy,True,6,10.227844476699827,61.247634831199846,87
73815_1.tex,non stop classification greedy,True,9,17.10274362564087,60.04805962059024,51
74893_3.tex,non stop classification greedy,True,4,7.189131736755371,20.54845243880004,21
74939_2.tex,non stop classification greedy,True,28,56.74859857559204,469.6856184696602,294
75373_1.tex,non stop classification greedy,True,2,3.295161724090576,7.58671523000001,14
75431_3.tex,non stop classification greedy,True,12,22.81184315681457,66.83702575580007,30
75513_3.tex,non stop classification greedy,True,14,30.04231023788452,127.56083200000025,133
77053_1.tex,non stop classification greedy,True,18,36.68654775619507,181.37115882564785,210
77170_2.tex,non stop classification greedy,True,20,39.72895407676697,164.3484283000005,121
77209_3.tex,non stop classification greedy,True,5,9.048293113708496,14.541405950474967,33
18140_2.tex,non stop classification greedy,True,19,42.27987766265869,144.14065748068634,140
18246_3.tex,non stop classification greedy,True,12,28.234879970550537,157.41801353350002,143
18323_3.tex,non stop classification greedy,True,4,7.384589672088623,24.58893364667625,30
18358_2.tex,non stop classification greedy,True,12,27.011950492858887,65.32134664522115,75
18573_3.tex,non stop classification greedy,True,10,23.219773292541504,102.08242265106804,154
18669_1.tex,non stop classification greedy,True,17,40.18267369270325,111.68542048718852,55
18860_2.tex,non stop classification greedy,True,4,7.360083341598511,11.33965245000006,7
19093_2.tex,non stop classification greedy,True,5,10.113991260528564,42.05233770706812,61
19103_3.tex,non stop classification greedy,True,5,11.561214447021484,31.58853747779688,59
19139_1.tex,non stop classification greedy,True,6,13.442342519760132,72.097656375,77
19274_2.tex,non stop classification greedy,True,9,17.905145406723022,114.09031121464,121
19295_2.tex,non stop classification greedy,True,18,36.78615355491638,182.5007176297968,183
19335_1.tex,non stop classification greedy,True,6,15.33698058128357,52.292808980000046,61
19428_2.tex,non stop classification greedy,True,14,28.50026249885559,103.02895026434196,173
19691_1.tex,non stop classification greedy,True,1,1.670220136642456,10.01,3
19754_1.tex,non stop classification greedy,True,4,8.147130966186523,81.10938981020003,89
19758_2.tex,non stop classification greedy,True,5,9.913912773132324,26.51752257889804,25
19828_2.tex,non stop classification greedy,True,4,7.413443088531494,16.511613624000056,14
19838_1.tex,non stop classification greedy,True,12,23.43472695350647,250.035299595499,160
19867_3.tex,non stop classification greedy,True,6,12.308194160461426,31.90663987830699,41
19877_1.tex,non stop classification greedy,True,2,3.5394089221954346,25.063903365000044,8
19907_1.tex,non stop classification greedy,True,4,8.438646793365479,42.53396913000002,30
19907_2.tex,non stop classification greedy,True,2,3.553739070892334,19.09274226875001,10
19935_3.tex,non stop classification greedy,True,3,13.548115253448486,30.571447700000043,43
19945_1.tex,non stop classification greedy,True,3,5.422264575958252,18.528293685599948,21
19951_1.tex,non stop classification greedy,True,25,53.15031838417053,410.0450384513625,356
20189_1.tex,non stop classification greedy,True,2,2.84556245803833,43.6804,58
20245_3.tex,non stop classification greedy,False,2,5.320977210998535,13.978442930000028,21
20300_2.tex,non stop classification greedy,True,6,11.685726881027222,36.886084957999984,53
20321_1.tex,non stop classification greedy,True,1,1.4577760696411133,3.500010115000009,3
20334_1.tex,non stop classification greedy,True,3,5.384461879730225,47.98469444,39
20375_1.tex,non stop classification greedy,True,7,14.596258640289308,86.20620111000008,108
20410_2.tex,non stop classification greedy,True,15,32.33458852767944,212.8256149700004,292
20425_2.tex,non stop classification greedy,True,10,17.513376712799072,196.7489758,102
20451_3.tex,non stop classification greedy,True,8,14.37036108970642,82.67128667123991,65
20464_1.tex,non stop classification greedy,True,9,18.08033227920532,142.68887941360038,109
20723_2.tex,non stop classification greedy,True,2,4.04359769821167,24.46893971080001,41
20727_3.tex,non stop classification greedy,True,5,11.109523057937622,87.75611240229507,98
20765_2.tex,non stop classification greedy,True,3,5.9639551639556885,38.5774000000003,34
20796_3.tex,non stop classification greedy,True,3,5.821800231933594,34.9343017075421,47
20829_2.tex,non stop classification greedy,True,4,8.95015835762024,29.77815560387501,55
20915_2.tex,non stop classification greedy,True,25,74.50609374046326,358.95742332240025,386
20961_2.tex,non stop classification greedy,True,25,69.5504937171936,487.4994860000001,158
20986_1.tex,non stop classification greedy,True,4,8.988089323043823,33.46257860000003,29
21534_2.tex,non stop classification greedy,True,4,7.909514665603638,44.894952506374935,32
21546_1.tex,non stop classification greedy,True,11,24.155450105667114,141.9844118622504,92
21566_3.tex,non stop classification greedy,True,11,23.06400775909424,110.79696346752004,84
21580_2.tex,non stop classification greedy,True,8,16.80022382736206,83.07770995000007,84
21592_2.tex,non stop classification greedy,True,4,8.068126201629639,25.570625078090025,45
21848_2.tex,non stop classification greedy,True,5,9.64796233177185,71.43764243000004,22
21917_2.tex,non stop classification greedy,True,3,5.296585559844971,9.701524991999964,10
21974_1.tex,non stop classification greedy,True,19,39.65908241271973,219.15683213078992,114
21976_1.tex,non stop classification greedy,True,4,8.137257099151611,92.18857872568,80
21988_3.tex,non stop classification greedy,True,5,11.096341371536257,47.57729896800005,50
22046_2.tex,non stop classification greedy,True,3,5.571340322494507,27.421030900000005,13
22046_3.tex,non stop classification greedy,True,2,3.663546323776245,16.592875000000106,16
22075_3.tex,non stop classification greedy,True,2,3.429769515991211,9.610006416240005,10
22118_1.tex,non stop classification greedy,True,6,11.756866216659546,30.80242004503998,34
22318_1.tex,non stop classification greedy,True,6,14.424139738082886,49.00789336699992,72
22458_1.tex,non stop classification greedy,True,5,11.75490665435791,19.089898329000007,28
22554_1.tex,non stop classification greedy,True,15,33.05687856674194,103.70994990955003,68
22567_2.tex,non stop classification greedy,True,1,1.6019549369812012,6.490207500000054,7
22638_3.tex,non stop classification greedy,True,19,41.85643267631531,187.8742624950002,192
22640_3.tex,non stop classification greedy,True,7,15.421076536178589,56.28722561999994,67
22663_1.tex,non stop classification greedy,True,20,46.39546227455139,158.02672707033364,225
22943_3.tex,non stop classification greedy,True,7,15.182055234909058,137.27595957,71
23070_1.tex,non stop classification greedy,True,12,26.4156756401062,184.36624687724003,94
23190_3.tex,non stop classification greedy,True,6,12.04965329170227,34.78958382778749,42
23217_1.tex,non stop classification greedy,True,2,3.430316686630249,7.35400577047497,6
23319_3.tex,non stop classification greedy,True,4,8.666520357131958,28.142148945400105,31
23463_1.tex,non stop classification greedy,True,4,8.251678228378296,23.952745365000037,20
23643_3.tex,non stop classification greedy,True,2,3.823190212249756,12.805535021000006,21
23645_3.tex,non stop classification greedy,True,13,29.38085675239563,70.47868184,58
72618_1.tex,non stop classification greedy,True,1,2.017880916595459,11.73057642000002,29
72659_3.tex,non stop classification greedy,True,10,26.7383234500885,108.95445100049596,167
72670_1.tex,non stop classification greedy,True,4,9.94801640510559,28.87964229319998,47
72673_3.tex,non stop classification greedy,True,21,64.63049793243408,131.40013447322792,215
72694_2.tex,non stop classification greedy,True,8,22.88519644737244,111.71610901,160
72803_3.tex,non stop classification greedy,True,1,2.14330792427063,10.522491529999996,7
72835_1.tex,non stop classification greedy,True,9,25.36069369316101,86.5856013519999,112
73001_1.tex,non stop classification greedy,True,2,6.89924168586731,28.19245989940388,55
73090_1.tex,non stop classification greedy,True,4,11.292882919311523,31.28601199219991,21
73184_3.tex,non stop classification greedy,True,5,14.562589168548584,49.07497878818745,53
73294_2.tex,non stop classification greedy,True,8,20.34347701072693,58.11008874439999,67
73303_3.tex,non stop classification greedy,True,14,37.06981635093689,110.7015882224874,161
73379_3.tex,non stop classification greedy,True,6,14.060150861740112,24.16747331176103,17
73401_2.tex,non stop classification greedy,True,5,14.333268642425535,55.493178281250046,86
73421_1.tex,non stop classification greedy,True,4,10.316498756408691,18.662575780000022,19
73432_2.tex,non stop classification greedy,True,9,24.307867527008057,86.43977740000008,138
73436_2.tex,non stop classification greedy,True,3,6.600649833679199,12.183444107599987,16
73601_2.tex,non stop classification greedy,True,4,10.743443727493286,45.241140022324096,47
73612_2.tex,non stop classification greedy,True,1,2.945625066757202,33.67438586,40
73631_2.tex,non stop classification greedy,True,2,4.883987188339233,16.676722975999997,45
73643_1.tex,non stop classification greedy,True,3,7.488882541656494,31.80762113309044,79
73655_3.tex,non stop classification greedy,True,5,12.81073808670044,26.70688053552097,48
73686_2.tex,non stop classification greedy,True,5,12.25520086288452,40.60837427999998,27
73701_3.tex,non stop classification greedy,True,8,22.27794981002808,137.39681985688796,103
73799_1.tex,non stop classification greedy,True,4,7.803097486495972,15.504647199999964,16
73882_1.tex,non stop classification greedy,True,2,4.608847618103027,25.255094439999997,34
74141_1.tex,non stop classification greedy,True,4,15.02496886253357,124.20034617999993,69
74167_1.tex,non stop classification greedy,True,3,11.079843759536743,49.03839785000002,66
74213_1.tex,non stop classification greedy,True,5,16.79820489883423,51.00116807999999,30
74266_3.tex,non stop classification greedy,True,4,13.188663244247437,24.576003992400093,45
74276_3.tex,non stop classification greedy,True,3,7.335975170135498,11.29919997360002,15
74336_2.tex,non stop classification greedy,True,11,37.79411435127258,108.31330094999991,72
74351_3.tex,non stop classification greedy,True,9,26.051958560943604,42.53737443900013,23
74371_3.tex,non stop classification greedy,True,12,30.85973286628723,77.82952568199984,73
74408_3.tex,non stop classification greedy,True,25,66.3703248500824,249.73853397904756,402
74468_1.tex,non stop classification greedy,True,29,68.6449522972107,548.6379739058278,329
74691_3.tex,non stop classification greedy,True,2,3.9637162685394287,12.55783751112501,9
74717_2.tex,non stop classification greedy,True,12,29.38057327270508,157.05202887715,164
74795_3.tex,non stop classification greedy,True,8,20.312572717666622,35.552296451875016,17
74820_2.tex,non stop classification greedy,True,8,20.74048948287964,86.9438704561493,100
74829_1.tex,non stop classification greedy,True,24,64.51671743392944,327.62414120600005,176
74840_1.tex,non stop classification greedy,True,5,11.196630477905272,34.339978106543995,58
74873_3.tex,non stop classification greedy,True,5,10.785338163375854,35.25234531500002,43
74889_2.tex,non stop classification greedy,True,4,9.776324272155762,28.57502880250005,44
74901_3.tex,non stop classification greedy,True,2,4.934171199798584,6.534286719999997,7
74917_1.tex,non stop classification greedy,True,7,15.79464864730835,33.73191589292016,37
74956_2.tex,non stop classification greedy,True,3,6.500815629959106,36.40881537499999,22
74979_3.tex,non stop classification greedy,True,9,23.071683645248413,75.94529169999993,102
75022_2.tex,non stop classification greedy,True,9,22.01166939735413,66.64894352000007,59
75027_2.tex,non stop classification greedy,True,6,12.72005844116211,24.179679702759948,19
75030_3.tex,non stop classification greedy,True,3,6.869011163711548,23.724047239999948,40
75337_2.tex,non stop classification greedy,True,15,34.953667879104614,94.53664483899996,67
75352_1.tex,non stop classification greedy,True,4,8.945902824401855,76.8769246832,71
75415_3.tex,non stop classification greedy,True,16,38.43983173370361,199.7347160299996,209
75459_1.tex,non stop classification greedy,True,5,11.01603937149048,22.621600215544102,42
75521_2.tex,non stop classification greedy,True,1,1.8656957149505613,0.0,1
75550_2.tex,non stop classification greedy,True,2,3.948551177978516,4.287932374999997,6
75581_1.tex,non stop classification greedy,True,35,100.53439021110536,384.0282444299999,381
75785_3.tex,non stop classification greedy,True,3,8.519649028778076,75.98976165567998,99
75855_2.tex,non stop classification greedy,True,4,10.410589694976808,91.68609601999992,76
75954_1.tex,non stop classification greedy,True,8,21.539229154586792,64.62865796499995,91
75960_2.tex,non stop classification greedy,True,13,28.69062685966492,130.96708840000002,93
75960_3.tex,non stop classification greedy,True,12,24.318907499313354,125.06378078999188,134
76061_1.tex,non stop classification greedy,True,6,12.779894828796388,42.29108827499997,71
76076_1.tex,non stop classification greedy,True,7,14.198459148406982,45.91515375299996,56
76093_1.tex,non stop classification greedy,True,27,58.81436896324158,317.6528908599999,367
76109_3.tex,non stop classification greedy,True,6,11.108519792556764,20.17176836400013,26
76110_3.tex,non stop classification greedy,True,30,68.60518527030945,260.76748490085697,201
76345_2.tex,non stop classification greedy,True,4,9.109137535095217,60.42373699499999,77
76431_1.tex,non stop classification greedy,False,6,18.21514678001404,72.06017507999985,131
76491_1.tex,non stop classification greedy,True,1,2.519700288772583,10.01,12
76513_1.tex,non stop classification greedy,True,8,16.958284854888916,106.24900366771996,98
76587_1.tex,non stop classification greedy,True,12,25.905216932296756,103.10520856499986,54
76602_3.tex,non stop classification greedy,True,15,37.83087658882141,158.8411190000001,171
76627_1.tex,non stop classification greedy,True,13,28.646148204803467,112.37152247177806,144
76656_1.tex,non stop classification greedy,True,9,18.84880566596985,53.77799340744617,83
76850_1.tex,non stop classification greedy,True,4,8.642545938491821,78.55421946000021,90
76884_1.tex,non stop classification greedy,True,5,12.691282510757446,102.536880725,194
76891_2.tex,non stop classification greedy,True,6,12.890925645828249,28.568499905000145,47
76928_3.tex,non stop classification greedy,True,4,7.553322076797485,26.761830900000163,20
76956_3.tex,non stop classification greedy,True,17,36.26984119415283,226.26904727300035,184
76982_3.tex,non stop classification greedy,True,6,13.242693185806274,50.65307117000008,101
76983_1.tex,non stop classification greedy,True,9,18.61035656929016,33.41565978874401,37
77020_3.tex,non stop classification greedy,True,2,3.5536396503448486,17.575169120000034,13
77032_2.tex,non stop classification greedy,True,5,10.063023328781128,46.92958139999996,74
77052_2.tex,non stop classification greedy,True,10,19.824700832366943,63.31728473275003,51
77054_1.tex,non stop classification greedy,True,4,7.549167633056641,24.000515981000056,31
77085_3.tex,non stop classification greedy,True,9,20.676677227020264,67.79630228500004,138
23693_1.tex,non stop classification greedy,True,1,1.8769798278808596,6.103057722059987,13
23722_2.tex,non stop classification greedy,True,6,12.476271867752075,30.49519569800006,30
23933_3.tex,non stop classification greedy,True,4,10.122041463851929,93.51399999999998,78
23938_1.tex,non stop classification greedy,True,3,6.26862096786499,29.553186319999924,47
23958_2.tex,non stop classification greedy,True,5,11.76307463645935,73.37773666999996,79
24043_2.tex,non stop classification greedy,True,9,18.122405529022217,114.05647641160004,101
24058_3.tex,non stop classification greedy,True,7,20.398135662078857,110.41717374312752,259
24064_2.tex,non stop classification greedy,True,17,43.00207161903381,220.86828650786475,228
24123_2.tex,non stop classification greedy,True,6,13.025896549224854,69.03960877000017,76
24159_3.tex,non stop classification greedy,True,9,15.35730266571045,88.59211454599989,86
24184_1.tex,non stop classification greedy,True,10,19.320374727249146,34.86924993770701,28
24206_3.tex,non stop classification greedy,True,3,3.652387380599976,23.55357828125006,24
24214_1.tex,non stop classification greedy,True,6,10.092103481292725,31.48769237500013,21
24275_2.tex,non stop classification greedy,True,13,28.82615637779236,84.62487584610685,116
24276_2.tex,non stop classification greedy,True,5,9.161584615707396,23.656651733744106,38
24281_2.tex,non stop classification greedy,True,22,45.12951588630676,175.0240478009999,98
24704_3.tex,non stop classification greedy,True,9,19.19455361366272,130.79978435137377,164
24739_2.tex,non stop classification greedy,True,8,15.10558295249939,77.84550091500003,54
24741_3.tex,non stop classification greedy,True,10,19.447113513946533,81.18249937500015,58
25127_1.tex,non stop classification greedy,True,4,7.7112274169921875,20.39234741173992,34
25133_3.tex,non stop classification greedy,True,6,11.762580633163452,30.07526251955992,39
25150_1.tex,non stop classification greedy,True,13,29.93235683441162,102.6096571048886,128
25150_3.tex,non stop classification greedy,True,2,4.002264261245728,11.008016611405935,16
25188_1.tex,non stop classification greedy,True,5,8.745620727539062,55.92904351500009,45
25220_3.tex,non stop classification greedy,True,12,27.01211428642273,79.05825085180005,67
25224_2.tex,non stop classification greedy,True,3,5.75115442276001,6.697222287999989,7
25229_1.tex,non stop classification greedy,True,8,16.764630794525146,24.606857489121168,16
25251_1.tex,non stop classification greedy,True,25,55.602829694747925,235.08302394144164,162
25270_3.tex,non stop classification greedy,True,8,17.094513416290283,51.95983015500008,68
25305_2.tex,non stop classification greedy,True,2,3.087069511413574,3.9794820399999935,6
25373_3.tex,non stop classification greedy,True,12,23.367454767227173,75.28911876555043,114
25547_2.tex,non stop classification greedy,True,1,1.5843267440795898,10.242539107300216,23
25593_1.tex,non stop classification greedy,True,9,20.887136936187744,383.0794318842004,189
25685_3.tex,non stop classification greedy,True,8,15.431809902191162,127.01541885084018,134
25686_2.tex,non stop classification greedy,True,3,6.10145902633667,35.09374191917786,58
25761_2.tex,non stop classification greedy,True,7,13.648887395858765,29.05551223824999,34
26227_1.tex,non stop classification greedy,True,12,25.36779761314392,103.07322717907007,82
26303_2.tex,non stop classification greedy,True,3,5.254578113555908,9.385819816000009,5
26304_2.tex,non stop classification greedy,True,10,17.531358003616333,183.59878296908371,127
26323_2.tex,non stop classification greedy,True,16,35.5947003364563,370.1164675162801,266
26392_1.tex,non stop classification greedy,True,4,7.580058574676514,45.26300400164996,30
26397_3.tex,non stop classification greedy,True,6,11.717144966125488,65.09515604951,43
26670_2.tex,non stop classification greedy,True,8,17.611023664474487,162.98986137794793,174
26826_1.tex,non stop classification greedy,True,3,5.638616323471069,22.795161432275435,16
26846_3.tex,non stop classification greedy,True,3,5.782611131668091,33.782605296,31
26863_3.tex,non stop classification greedy,True,4,8.343168497085571,28.766041599999923,44
26911_2.tex,non stop classification greedy,True,3,5.054843664169312,28.614144579999994,15
26923_2.tex,non stop classification greedy,True,15,32.69001793861389,268.84697399999993,194
26943_1.tex,non stop classification greedy,True,2,3.9371471405029297,15.513667626960023,32
26972_1.tex,non stop classification greedy,True,16,32.635571241378784,72.73942147719248,61
27247_1.tex,non stop classification greedy,True,6,12.137049436569214,90.50320715999996,64
27271_3.tex,non stop classification greedy,True,3,6.067374706268311,22.194381795824995,34
27277_2.tex,non stop classification greedy,True,4,7.246384143829346,16.186428730000024,19
27280_3.tex,non stop classification greedy,True,8,16.758844137191772,73.96883288379993,91
27351_1.tex,non stop classification greedy,True,7,13.649779796600342,63.65771704999998,58
27369_2.tex,non stop classification greedy,True,5,10.223560094833374,23.872451824999786,30
27427_1.tex,non stop classification greedy,True,7,14.40746808052063,39.81594390881402,98
27435_2.tex,non stop classification greedy,True,3,5.247323513031006,24.66650879999997,14
27473_2.tex,non stop classification greedy,True,14,26.6540744304657,157.11319419279008,105
27482_3.tex,non stop classification greedy,True,7,14.222660303115845,88.80433462399996,106
27498_1.tex,non stop classification greedy,True,8,14.987522840499878,57.31541976499999,39
27517_2.tex,non stop classification greedy,True,29,65.69292163848877,411.2926654909999,444
27837_2.tex,non stop classification greedy,True,4,7.698072910308838,22.703007896125055,24
27863_1.tex,non stop classification greedy,True,19,40.90391516685486,141.93682208492703,118
27941_2.tex,non stop classification greedy,True,12,21.56607437133789,65.23975907103794,45
27971_1.tex,non stop classification greedy,True,36,84.08396530151367,501.88645534300014,321
28025_1.tex,non stop classification greedy,True,4,7.902702569961548,30.637255835999923,42
28028_2.tex,non stop classification greedy,True,6,12.23545503616333,33.091986500599944,20
28032_1.tex,non stop classification greedy,True,11,21.51581597328186,102.09186972045008,89
28076_1.tex,non stop classification greedy,True,30,72.91994857788086,267.198423296076,303
28079_3.tex,non stop classification greedy,True,7,8.68587040901184,33.37589539476403,34
28362_3.tex,non stop classification greedy,True,5,9.835551977157593,32.426791966600014,21
28379_1.tex,non stop classification greedy,True,8,17.449934482574463,126.24765312659996,103
28380_1.tex,non stop classification greedy,True,5,9.53727674484253,55.67837437810704,89
28451_1.tex,non stop classification greedy,True,15,31.125480890274048,177.38252042411995,113
28472_1.tex,non stop classification greedy,True,3,5.5454041957855225,24.338000478591766,28
28532_2.tex,non stop classification greedy,True,3,5.863585948944092,26.688440640000024,16
28534_3.tex,non stop classification greedy,True,4,7.621777296066284,60.61189444,52
28546_3.tex,non stop classification greedy,True,5,10.040390729904177,69.16880448000038,81
28795_3.tex,non stop classification greedy,True,7,15.591615915298462,125.61813714375,135
28964_2.tex,non stop classification greedy,True,5,10.224496364593506,84.25822416000005,52
28971_3.tex,non stop classification greedy,True,4,7.9203667640686035,44.30569468999993,36
29153_2.tex,non stop classification greedy,True,12,23.326101541519165,62.61412600326245,89
29443_2.tex,non stop classification greedy,True,13,37.23968410491944,187.57976394699995,141
29538_2.tex,non stop classification greedy,True,5,10.117429733276367,54.45513968879993,47
29547_1.tex,non stop classification greedy,True,8,20.620585203170776,116.19832664124004,101
29549_3.tex,non stop classification greedy,True,6,10.767855167388916,37.72883703874398,37
29564_2.tex,non stop classification greedy,True,7,14.70464253425598,34.87193793929647,13
29570_1.tex,non stop classification greedy,True,3,5.570550441741943,16.64894274032015,15
29577_3.tex,non stop classification greedy,True,14,29.327654600143436,112.60735209100014,39
29616_3.tex,non stop classification greedy,True,9,15.716982126235962,86.58271298500011,40
29629_3.tex,non stop classification greedy,True,8,13.407793760299684,78.86225139500002,42
29662_2.tex,non stop classification greedy,True,6,11.70391297340393,34.70024080167497,29
29667_2.tex,non stop classification greedy,True,4,7.324257850646973,29.514101571119976,24
29668_2.tex,non stop classification greedy,True,19,37.10802674293518,176.28883642679992,168
29695_2.tex,non stop classification greedy,True,14,28.545229196548465,109.517541087,134
29699_2.tex,non stop classification greedy,True,2,3.6391661167144775,8.00245963179998,10
77393_1.tex,non stop classification greedy,True,3,6.135593891143799,60.612963040000025,58
77468_3.tex,non stop classification greedy,True,5,10.545876741409302,28.29617737500019,20
77495_3.tex,non stop classification greedy,True,5,11.542057037353516,38.25000359192824,64
77538_1.tex,non stop classification greedy,True,12,30.657776355743408,82.94383672710688,146
77652_2.tex,non stop classification greedy,True,10,30.054733514785767,121.31275985999996,116
77675_2.tex,non stop classification greedy,False,7,25.229011058807373,53.40488850000004,76
77728_3.tex,non stop classification greedy,True,3,7.634382009506226,5.018854494999971,3
77741_2.tex,non stop classification greedy,True,12,27.230381965637207,52.91168971772507,71
77961_2.tex,non stop classification greedy,True,2,4.905734539031982,26.89832419519996,58
78037_1.tex,non stop classification greedy,True,4,8.142419576644897,25.636891152759997,13
78115_1.tex,non stop classification greedy,True,1,1.4980015754699707,9.965993865000002,9
78139_3.tex,non stop classification greedy,True,3,6.266681909561157,30.77807506720008,46
78163_1.tex,non stop classification greedy,True,16,36.26910376548767,288.59470610624,202
78165_2.tex,non stop classification greedy,True,11,22.67042350769043,67.20667820675993,32
78259_3.tex,non stop classification greedy,True,4,7.661214113235474,17.64911707450002,11
78271_3.tex,non stop classification greedy,True,36,83.17493748664856,593.5354480571921,411
78476_3.tex,non stop classification greedy,True,6,14.616940021514893,108.97832809187506,126
78535_3.tex,non stop classification greedy,True,3,6.1806957721710205,25.851602614999983,15
78549_1.tex,non stop classification greedy,True,6,14.376216173171995,75.67610572999993,77
78562_1.tex,non stop classification greedy,True,6,15.774912118911743,89.50256656382787,119
78570_2.tex,non stop classification greedy,True,5,11.529268741607666,87.50159164637996,67
78581_2.tex,non stop classification greedy,True,7,14.49935007095337,38.26938822476002,12
78610_3.tex,non stop classification greedy,True,3,6.20365047454834,20.902260676000047,18
78620_1.tex,non stop classification greedy,True,14,35.30604600906372,185.10636071494923,329
78637_2.tex,non stop classification greedy,True,2,3.5753862857818604,15.78335708000001,4
78671_1.tex,non stop classification greedy,True,7,15.362470149993896,34.21909140412102,37
78683_2.tex,non stop classification greedy,True,8,16.38929295539856,89.01743277299992,119
78692_3.tex,non stop classification greedy,True,4,9.01773166656494,44.73283168017801,69
78709_1.tex,non stop classification greedy,True,6,13.262578010559082,31.539862705177946,46
78722_3.tex,non stop classification greedy,True,7,15.25063180923462,62.806815076720056,111
78742_1.tex,non stop classification greedy,True,2,3.354504346847534,21.045691529999985,19
78789_3.tex,non stop classification greedy,True,5,10.712294816970823,52.49340256919997,59
78804_1.tex,non stop classification greedy,True,13,26.90912437438965,205.9548573120001,209
78816_2.tex,non stop classification greedy,True,23,53.67814612388611,388.57468433,405
78979_1.tex,non stop classification greedy,True,2,4.306642770767212,20.01,15
79002_1.tex,non stop classification greedy,True,1,2.4494919776916504,16.837192929999986,30
79015_1.tex,non stop classification greedy,True,3,7.848080635070801,18.41752920040005,25
79015_2.tex,non stop classification greedy,True,1,1.5025877952575684,7.866182978279994,9
79117_3.tex,non stop classification greedy,True,6,13.55915069580078,30.413897526049983,17
79155_2.tex,non stop classification greedy,True,32,99.5725076198578,310.6443737140014,296
79175_3.tex,non stop classification greedy,True,1,1.683767795562744,12.627894439999992,7
79189_3.tex,non stop classification greedy,True,1,1.9572172164916992,10.01,13
79228_3.tex,non stop classification greedy,True,3,6.908273696899414,10.981953610399986,19
79231_1.tex,non stop classification greedy,True,30,86.37928342819214,293.17636228400005,196
79287_2.tex,non stop classification greedy,True,11,24.147743940353397,83.76519722999994,62
79294_2.tex,non stop classification greedy,True,10,23.40013813972473,99.30839124250012,47
79318_3.tex,non stop classification greedy,True,3,7.405526638031006,14.22883039999995,10
79357_1.tex,non stop classification greedy,True,7,15.314638137817385,29.20033462125005,24
79451_2.tex,non stop classification greedy,True,2,5.144479274749756,188.81989870919995,35
79651_2.tex,non stop classification greedy,True,5,12.651471376419067,47.242070319135,63
79750_3.tex,non stop classification greedy,True,3,7.427297115325928,30.701269034499944,30
79769_2.tex,non stop classification greedy,True,10,24.846073627471924,76.37978403011392,127
79777_1.tex,non stop classification greedy,True,16,37.279680490493774,248.61624628299995,111
79805_3.tex,non stop classification greedy,False,28,98.24458622932434,318.97840579999973,491
79871_3.tex,non stop classification greedy,True,32,94.05561876296996,376.80117626700047,192
79875_3.tex,non stop classification greedy,True,1,1.8905446529388428,8.418595960000005,8
79906_3.tex,non stop classification greedy,True,20,48.32588863372803,201.1184576036666,148
80021_2.tex,non stop classification greedy,True,8,21.285696744918823,32.40393587148628,86
80209_1.tex,non stop classification greedy,True,6,14.18723201751709,118.32284943749994,131
80234_2.tex,non stop classification greedy,True,4,9.061193227767944,25.895060632299977,36
80254_3.tex,non stop classification greedy,True,3,7.8895323276519775,30.068047770000064,17
80335_3.tex,non stop classification greedy,True,32,75.60352516174316,349.2543917833812,311
80345_3.tex,non stop classification greedy,True,32,85.09739995002747,440.7825114269997,243
80356_3.tex,non stop classification greedy,True,4,8.459115505218506,45.45839014999999,12
80386_2.tex,non stop classification greedy,True,16,39.12071442604065,172.30754080000006,149
80432_1.tex,non stop classification greedy,True,4,10.486266374588013,21.664201067274988,36
80433_1.tex,non stop classification greedy,True,36,90.8667221069336,1273.3789537412497,241
80558_3.tex,non stop classification greedy,True,5,12.594141960144045,10.61774757489748,49
80562_2.tex,non stop classification greedy,True,14,34.65264868736267,61.67017445896381,118
80653_2.tex,non stop classification greedy,True,3,6.646816730499268,31.376784864000044,49
80665_2.tex,non stop classification greedy,True,1,1.6740376949310305,5.244121985519996,8
80759_3.tex,non stop classification greedy,True,2,4.246212720870972,7.866150656759988,9
80767_2.tex,non stop classification greedy,True,2,4.781299591064453,6.41829329440003,15
80780_1.tex,non stop classification greedy,True,13,33.73001146316528,109.91581714282786,127
80844_3.tex,non stop classification greedy,True,8,19.23675656318665,73.72027521700072,102
80881_3.tex,non stop classification greedy,False,10,28.52070903778076,49.73156586279983,83
80933_2.tex,non stop classification greedy,True,9,24.798311471939087,59.46626140400007,86
80960_3.tex,non stop classification greedy,True,11,29.03312730789185,80.1483087686,74
80993_1.tex,non stop classification greedy,True,41,101.22740530967712,506.5995297594002,408
81336_2.tex,non stop classification greedy,True,3,5.496767282485962,37.3584,15
81356_2.tex,non stop classification greedy,True,10,21.07158780097961,142.87724067499994,108
81383_2.tex,non stop classification greedy,True,12,25.8397274017334,60.01758349639984,63
81403_1.tex,non stop classification greedy,True,6,11.132885932922363,34.45321968454407,55
81453_1.tex,non stop classification greedy,True,19,42.65267539024353,270.97981307500066,216
81509_1.tex,non stop classification greedy,True,4,8.355342864990234,26.706341722470956,44
81531_2.tex,non stop classification greedy,True,8,16.887592315673828,54.98122809477506,84
81635_2.tex,non stop classification greedy,True,15,39.63646960258484,70.78227340245522,62
81745_2.tex,non stop classification greedy,True,4,9.077394247055054,13.324034544600147,15
81753_3.tex,non stop classification greedy,True,9,22.273048162460327,49.45228933803511,84
81768_2.tex,non stop classification greedy,True,5,10.559776067733765,34.3359574049999,13
81816_1.tex,non stop classification greedy,True,5,11.316486835479736,30.62993631320004,23
81817_2.tex,non stop classification greedy,True,10,22.931873559951782,74.14284246200003,97
81837_3.tex,non stop classification greedy,True,13,28.269561052322388,131.50132807080004,118
81884_1.tex,non stop classification greedy,True,5,9.919944286346436,29.89064069000002,21
81887_2.tex,non stop classification greedy,True,7,14.9440655708313,46.72205560000022,41
81892_1.tex,non stop classification greedy,True,2,4.121473789215088,15.878127499999986,20
81913_2.tex,non stop classification greedy,True,20,44.5094096660614,211.4640070298379,180
81923_1.tex,non stop classification greedy,True,26,53.11717247962952,321.64822281199986,214
29971_2.tex,non stop classification greedy,True,7,15.207748651504517,67.17052140740012,59
29975_3.tex,non stop classification greedy,True,2,3.501563310623169,19.22813806524,27
29979_2.tex,non stop classification greedy,True,1,1.2570157051086426,10.01,16
30003_1.tex,non stop classification greedy,True,4,7.853056669235229,15.935358565455914,26
30055_2.tex,non stop classification greedy,True,14,28.386417627334595,173.44160695000005,121
30069_3.tex,non stop classification greedy,True,11,23.50108051300049,89.11366300800006,57
30077_2.tex,non stop classification greedy,True,4,7.508440732955933,63.85314752640005,70
30094_1.tex,non stop classification greedy,True,6,11.924439668655396,71.59977511895991,85
30151_1.tex,non stop classification greedy,True,5,9.377053022384644,46.061347055000056,62
30153_3.tex,non stop classification greedy,True,8,16.139230012893677,83.31992218000009,75
30311_2.tex,non stop classification greedy,True,3,6.383881807327271,29.12219185499993,22
30407_2.tex,non stop classification greedy,True,4,9.25704550743103,93.04840329479792,83
30419_1.tex,non stop classification greedy,True,9,19.657560110092163,59.458413260000114,50
30520_2.tex,non stop classification greedy,True,12,25.64852237701416,149.60723587000132,102
30584_3.tex,non stop classification greedy,True,9,19.09045672416687,75.55910375500007,101
30715_3.tex,non stop classification greedy,True,12,22.64448976516724,95.49413028099994,91
30751_2.tex,non stop classification greedy,True,7,13.515100240707396,57.44484142499998,60
30767_1.tex,non stop classification greedy,True,22,45.16424703598023,119.74697355550012,93
31055_2.tex,non stop classification greedy,True,11,23.55890655517578,100.15695714387488,81
31089_2.tex,non stop classification greedy,True,7,15.732314348220823,47.91650377681346,62
31090_2.tex,non stop classification greedy,True,8,17.817866325378418,129.23429474136293,116
31135_2.tex,non stop classification greedy,True,4,7.22983455657959,43.35258037999999,23
31136_1.tex,non stop classification greedy,True,2,3.356884479522705,19.995166590000096,14
31168_2.tex,non stop classification greedy,True,13,25.83821940422058,103.36492993665,113
31295_3.tex,non stop classification greedy,True,8,15.799368619918823,50.72894603179594,76
31310_2.tex,non stop classification greedy,True,2,2.803098440170288,5.021515919400031,2
31589_3.tex,non stop classification greedy,True,3,4.974335670471191,19.739871582228037,23
31632_1.tex,non stop classification greedy,True,1,1.298950433731079,10.01,22
31673_2.tex,non stop classification greedy,True,2,2.834411144256592,12.76152054,20
31677_3.tex,non stop classification greedy,True,6,11.75091791152954,40.193425429999856,23
31693_3.tex,non stop classification greedy,True,4,8.302507877349854,40.68547023600004,21
31704_2.tex,non stop classification greedy,True,3,5.804380655288696,37.92237939725007,50
31740_3.tex,non stop classification greedy,True,10,18.31280779838562,49.42602409503549,29
31753_2.tex,non stop classification greedy,True,3,4.712652921676636,13.361335225000031,14
31824_3.tex,non stop classification greedy,True,5,8.461487531661987,32.0805197698339,51
32015_1.tex,non stop classification greedy,True,7,16.16959023475647,81.00815632375,63
32059_2.tex,non stop classification greedy,True,2,3.7849841117858887,10.101273109849927,19
32136_3.tex,non stop classification greedy,True,6,11.463314533233644,57.44557855000003,77
32170_1.tex,non stop classification greedy,True,2,3.830394983291626,9.21362818650006,18
32216_3.tex,non stop classification greedy,True,3,5.996868371963501,17.614985225000034,18
32219_3.tex,non stop classification greedy,True,5,6.696517467498779,31.645066925000016,30
32239_3.tex,non stop classification greedy,True,8,15.509734869003296,68.42720695776002,87
32374_1.tex,non stop classification greedy,True,39,81.69769072532654,351.05817294993983,269
32775_1.tex,non stop classification greedy,True,7,13.562453269958496,82.7330922503999,64
32786_1.tex,non stop classification greedy,True,5,8.488715171813965,62.24566541999983,50
32869_1.tex,non stop classification greedy,False,9,16.864784955978394,120.0937815049178,159
32889_3.tex,non stop classification greedy,True,9,18.58662843704224,95.60558154975,84
32891_3.tex,non stop classification greedy,True,1,1.4367218017578125,2.969654582706198,2
32892_1.tex,non stop classification greedy,True,7,14.086386442184448,74.04684670976002,87
32921_3.tex,non stop classification greedy,True,11,15.476850509643556,61.02072333440701,56
32931_1.tex,non stop classification greedy,True,7,14.685093641281128,51.279415617160026,66
32936_1.tex,non stop classification greedy,True,5,11.189828872680664,27.309342916400183,34
33154_1.tex,non stop classification greedy,True,1,1.8729512691497805,17.17172993993597,37
33240_1.tex,non stop classification greedy,True,1,1.842191457748413,6.295949280000002,11
33317_2.tex,non stop classification greedy,True,5,10.497739553451538,26.344818314699893,32
33375_3.tex,non stop classification greedy,True,1,1.6194891929626465,14.733298359999992,9
33396_1.tex,non stop classification greedy,True,24,48.65317845344544,396.4044754499999,213
33419_1.tex,non stop classification greedy,True,4,8.137661695480347,16.598251915200024,30
33577_2.tex,non stop classification greedy,True,6,12.62510871887207,71.34041092432301,108
33760_2.tex,non stop classification greedy,True,5,11.84318709373474,52.25972951637992,73
33841_3.tex,non stop classification greedy,True,2,3.41282320022583,11.666718789000004,18
33849_3.tex,non stop classification greedy,True,5,10.50206470489502,29.986882374999997,36
33857_2.tex,non stop classification greedy,True,7,13.84050726890564,40.74243361299999,29
33879_1.tex,non stop classification greedy,True,9,19.20784306526184,66.78770342625012,80
33907_1.tex,non stop classification greedy,True,8,17.752146005630493,60.352871470000025,72
33918_3.tex,non stop classification greedy,True,5,9.764756917953491,46.84989519999999,15
33944_1.tex,non stop classification greedy,True,10,18.79246997833252,91.51152965000004,76
34225_2.tex,non stop classification greedy,True,1,1.538365364074707,5.0956750222500204,6
34405_1.tex,non stop classification greedy,True,2,3.5205225944519043,10.314170045150007,8
34511_1.tex,non stop classification greedy,True,11,22.49914574623108,71.76215488776081,32
34520_1.tex,non stop classification greedy,True,5,6.420992136001587,29.36542535451989,50
34541_1.tex,non stop classification greedy,True,6,11.77122402191162,24.97210480955703,27
34736_2.tex,non stop classification greedy,True,2,3.95379376411438,17.399124580000013,21
34833_1.tex,non stop classification greedy,True,1,1.5309555530548096,10.01,9
34861_2.tex,non stop classification greedy,True,7,13.61829400062561,59.55475248579975,39
34895_3.tex,non stop classification greedy,True,8,16.72737717628479,75.28946438000003,38
34939_3.tex,non stop classification greedy,True,5,9.915923833847046,48.88823117399997,62
34942_1.tex,non stop classification greedy,True,5,11.364260196685793,38.61517062000002,38
35021_2.tex,non stop classification greedy,True,13,28.47922682762146,205.83837495000043,152
35065_1.tex,non stop classification greedy,True,5,10.153405904769896,79.86430772000004,114
35378_3.tex,non stop classification greedy,True,17,39.09274411201477,236.47919817754,125
35439_1.tex,non stop classification greedy,True,8,14.186949014663696,132.86725856499993,92
35456_3.tex,non stop classification greedy,True,3,6.37487006187439,30.543199999999988,39
35458_3.tex,non stop classification greedy,True,5,10.237887382507324,19.80338505000001,20
35471_2.tex,non stop classification greedy,True,16,36.7987802028656,208.73850742199997,202
35484_1.tex,non stop classification greedy,True,6,13.835508823394775,53.23838952000011,64
35591_1.tex,non stop classification greedy,True,5,10.056528091430664,19.875626074999992,21
35815_1.tex,non stop classification greedy,True,6,13.123592138290403,44.96425200500028,50
35926_1.tex,non stop classification greedy,True,7,16.390737295150757,110.08955418587188,93
35960_2.tex,non stop classification greedy,True,5,11.392153978347778,50.50167368383997,84
36039_3.tex,non stop classification greedy,True,3,5.599231719970703,21.517963715400043,19
36051_3.tex,non stop classification greedy,True,4,7.326403141021728,13.397408073600062,4
36092_1.tex,non stop classification greedy,True,4,7.3268609046936035,44.31732484000009,15
36094_2.tex,non stop classification greedy,True,3,5.079927682876587,34.21953089999999,18
36132_3.tex,non stop classification greedy,True,9,16.845658779144287,82.88298634399997,54
36136_2.tex,non stop classification greedy,False,6,14.19582486152649,66.38438624499202,90
36137_3.tex,non stop classification greedy,True,27,55.82146692276001,246.76218521047025,223
81946_1.tex,non stop classification greedy,True,3,5.7916529178619385,5.026468560000012,3
81955_3.tex,non stop classification greedy,False,9,21.013872861862183,60.31893202617796,96
82002_1.tex,non stop classification greedy,True,11,17.991202354431152,91.55688073499996,106
82030_1.tex,non stop classification greedy,True,7,13.794050216674805,48.62638204300029,55
82052_3.tex,non stop classification greedy,True,13,28.37484335899353,82.45247113412414,121
82072_1.tex,non stop classification greedy,True,7,13.70118498802185,32.51181931499995,60
82072_3.tex,non stop classification greedy,True,4,8.515008211135864,32.085609519000045,71
82211_2.tex,non stop classification greedy,True,1,1.4423964023590088,10.01,8
82275_2.tex,non stop classification greedy,True,1,1.632469892501831,9.156444120000018,22
82290_1.tex,non stop classification greedy,True,7,15.76874828338623,86.0418194852214,110
82316_2.tex,non stop classification greedy,True,2,3.6790711879730233,16.05232458000001,12
82351_2.tex,non stop classification greedy,True,9,21.059926986694336,105.35179150499997,144
82374_3.tex,non stop classification greedy,True,14,35.26250672340393,174.33109857109997,155
82382_2.tex,non stop classification greedy,True,4,10.183244228363035,48.89938873999997,98
82398_3.tex,non stop classification greedy,True,12,31.31614327430725,108.15304717647795,217
82413_2.tex,non stop classification greedy,True,9,18.015170335769653,97.12139014999993,43
82425_1.tex,non stop classification greedy,True,1,1.7150428295135498,10.522491529999996,11
82495_3.tex,non stop classification greedy,True,8,16.184862852096558,30.479989509999967,12
82514_3.tex,non stop classification greedy,True,9,15.868396997451782,97.70100826499984,62
82536_1.tex,non stop classification greedy,True,6,10.779618501663208,29.79624430000007,41
82605_2.tex,non stop classification greedy,False,11,24.502025365829468,57.49043969099999,118
82722_3.tex,non stop classification greedy,True,18,37.00989031791687,110.08432427881311,80
82865_2.tex,non stop classification greedy,True,3,5.495028495788574,20.201704205000038,20
82879_3.tex,non stop classification greedy,True,3,5.6161723136901855,20.65523822619994,12
83012_2.tex,non stop classification greedy,True,4,7.519189357757568,22.98868308405,32
83079_3.tex,non stop classification greedy,True,3,5.254417896270752,21.02773962500001,17
83095_2.tex,non stop classification greedy,True,12,23.7303249835968,78.60109633014999,70
83121_2.tex,non stop classification greedy,True,40,86.74616050720215,444.6849851316252,544
83227_3.tex,non stop classification greedy,True,3,3.731744527816773,23.350118971199976,69
83326_2.tex,non stop classification greedy,True,6,10.541939735412598,105.876642881,150
83403_1.tex,non stop classification greedy,True,5,6.030852317810059,37.52498522500004,39
83434_1.tex,non stop classification greedy,True,6,7.958646297454834,41.064157549599926,30
83446_3.tex,non stop classification greedy,True,12,18.8618221282959,174.55485311940006,174
83454_2.tex,non stop classification greedy,True,3,6.199837684631348,44.90202887300006,70
83469_1.tex,non stop classification greedy,True,15,32.57607126235962,87.74880793900003,56
83479_3.tex,non stop classification greedy,True,3,5.776321649551392,16.644529275000043,19
83496_2.tex,non stop classification greedy,True,8,15.35237193107605,134.6075564100011,115
83497_3.tex,non stop classification greedy,True,10,19.48947215080261,104.96741271000016,94
83536_2.tex,non stop classification greedy,True,7,14.36322855949402,59.023260548792095,70
83605_1.tex,non stop classification greedy,True,2,3.3285062313079834,11.660486840000004,14
83623_2.tex,non stop classification greedy,True,1,1.4159438610076904,4.936437040000001,4
83665_2.tex,non stop classification greedy,True,8,14.254287242889404,39.794151575570936,60
83694_2.tex,non stop classification greedy,True,16,24.11905002593994,128.0407758677942,162
83698_3.tex,non stop classification greedy,True,18,34.5073504447937,154.49827883224992,257
83753_3.tex,non stop classification greedy,True,5,5.7255518436431885,12.301838505000203,33
83837_1.tex,non stop classification greedy,True,2,2.2506582736968994,14.470413680000092,21
83861_2.tex,non stop classification greedy,True,2,3.865755558013916,17.62561262375003,31
83895_2.tex,non stop classification greedy,True,1,1.5619142055511477,6.638631850000024,16
83957_2.tex,non stop classification greedy,True,3,6.451420307159424,39.52368260412014,66
83963_2.tex,non stop classification greedy,True,7,13.716280698776243,43.57618586188819,45
84119_3.tex,non stop classification greedy,True,12,25.937732219696045,133.58058771171994,218
84135_1.tex,non stop classification greedy,True,9,17.001660585403442,41.63161552499996,23
84152_1.tex,non stop classification greedy,True,7,12.83839201927185,47.66195985000019,44
84203_3.tex,non stop classification greedy,True,28,64.51967358589172,522.2790692838,400
84233_1.tex,non stop classification greedy,True,3,5.6771674156188965,10.84402956060002,12
84237_2.tex,non stop classification greedy,True,1,1.8605973720550537,0.0,1
84451_3.tex,non stop classification greedy,True,18,42.74619364738464,181.86154203577817,282
84547_3.tex,non stop classification greedy,True,3,6.613487720489502,8.964088952799994,8
84550_1.tex,non stop classification greedy,True,3,5.101405382156372,21.170086971,31
84575_2.tex,non stop classification greedy,True,7,13.31755781173706,138.61670715999998,61
84588_1.tex,non stop classification greedy,True,2,3.853327512741089,16.685997560000025,7
84589_2.tex,non stop classification greedy,True,4,7.844851970672607,25.76265021999987,16
84592_2.tex,non stop classification greedy,True,1,1.5944864749908447,10.01,11
84597_1.tex,non stop classification greedy,True,11,28.16846966743469,144.4067555500004,190
84600_1.tex,non stop classification greedy,True,2,3.597428798675537,31.165867819999903,26
84605_3.tex,non stop classification greedy,True,5,10.915714025497437,76.89108131099998,69
84632_2.tex,non stop classification greedy,True,7,13.801507234573364,79.75860314080002,130
84639_2.tex,non stop classification greedy,True,6,11.479552030563354,27.586641587999956,11
84655_1.tex,non stop classification greedy,True,21,47.13339114189148,171.74516990917823,142
84691_2.tex,non stop classification greedy,True,8,16.453670501708984,43.35631478125,31
84705_1.tex,non stop classification greedy,True,5,12.158251762390137,32.99637967000002,14
84714_3.tex,non stop classification greedy,True,7,13.174238204956056,76.50821379600004,66
84746_3.tex,non stop classification greedy,True,11,22.12403011322021,220.45042008000007,204
84748_3.tex,non stop classification greedy,True,18,34.29827666282654,242.12104361544,236
84753_3.tex,non stop classification greedy,True,28,68.57735204696655,381.0720137076708,343
84764_3.tex,non stop classification greedy,True,5,14.029260873794556,34.18707463999999,32
84871_2.tex,non stop classification greedy,True,2,3.969977140426636,232.58261778250397,37
84875_3.tex,non stop classification greedy,True,3,7.427613019943237,62.06524096440069,60
85022_1.tex,non stop classification greedy,True,2,3.5078818798065186,15.06591390000007,14
85068_2.tex,non stop classification greedy,True,10,16.772857427597046,188.5575842099255,169
85072_3.tex,non stop classification greedy,True,6,7.584925413131714,47.98329043901013,52
85079_1.tex,non stop classification greedy,True,6,7.230932474136352,47.91752461399987,57
85103_2.tex,non stop classification greedy,True,12,18.40007495880127,91.29371138,87
85140_2.tex,non stop classification greedy,True,8,13.14620327949524,70.6570668137999,57
85161_1.tex,non stop classification greedy,True,16,33.55105543136597,87.44754864799978,33
85207_3.tex,non stop classification greedy,False,28,61.91685080528259,444.49688934574993,439
85242_1.tex,non stop classification greedy,True,4,7.435206174850464,35.82939596,39
85298_3.tex,non stop classification greedy,False,23,56.542457818984985,234.62458626900025,340
85387_3.tex,non stop classification greedy,True,3,8.338486433029175,226.73173461774203,51
85451_2.tex,non stop classification greedy,True,4,15.735132455825806,81.73160000000001,23
85486_3.tex,non stop classification greedy,True,3,9.09998059272766,23.672161537920005,32
85525_1.tex,non stop classification greedy,True,14,45.50092673301697,175.7603567798332,306
85612_3.tex,non stop classification greedy,True,4,10.984022855758669,86.34562989762404,151
85641_3.tex,non stop classification greedy,True,7,15.522564888000488,33.44115052349991,44
85656_2.tex,non stop classification greedy,True,4,7.694885015487671,24.787567853750065,17
85669_2.tex,non stop classification greedy,False,1,4.523245334625244,2.811947140000001,13
85716_3.tex,non stop classification greedy,True,7,14.102795600891112,101.35337291999988,128
85748_3.tex,non stop classification greedy,True,32,64.86277937889099,358.8046646050002,324
85767_2.tex,non stop classification greedy,False,20,45.58654808998108,226.27192082125,112
36165_2.tex,non stop classification greedy,True,24,54.70729899406433,253.51891764633365,287
36359_3.tex,non stop classification greedy,True,5,12.174807071685793,49.94358363762508,68
36385_1.tex,non stop classification greedy,True,3,6.260939836502075,25.92973260288008,49
36455_1.tex,non stop classification greedy,True,5,11.032673120498655,19.762159171999976,13
36485_3.tex,non stop classification greedy,True,8,17.01385498046875,87.86752194415013,147
36522_2.tex,non stop classification greedy,True,2,1.968705654144287,6.554257599999971,6
36581_1.tex,non stop classification greedy,True,7,14.966922760009766,27.211481539588043,27
36672_1.tex,non stop classification greedy,True,25,52.5433235168457,282.68356634599985,157
36680_3.tex,non stop classification greedy,True,4,7.994633913040161,14.533944775000023,11
36701_1.tex,non stop classification greedy,True,8,17.829227209091187,51.01270220300006,56
36879_3.tex,non stop classification greedy,True,6,13.943379640579224,62.232224413935946,64
36925_2.tex,non stop classification greedy,True,8,21.67037057876587,116.55654295500028,220
37061_3.tex,non stop classification greedy,True,2,4.0556604862213135,15.535990000000009,19
37067_3.tex,non stop classification greedy,True,7,13.875154733657835,25.473703900000014,30
37091_3.tex,non stop classification greedy,True,3,6.963638305664063,15.595090649999918,26
37148_2.tex,non stop classification greedy,True,10,21.870697259902958,38.64164173270695,26
37155_3.tex,non stop classification greedy,True,5,10.43912124633789,28.70718042500002,37
37164_2.tex,non stop classification greedy,True,4,8.550562858581543,12.927516243750034,13
37219_3.tex,non stop classification greedy,True,32,73.35502576828003,341.264848146,236
37439_3.tex,non stop classification greedy,True,4,9.39000129699707,41.92508121600004,21
37547_3.tex,non stop classification greedy,True,2,3.524355411529541,10.64754714,8
37580_1.tex,non stop classification greedy,True,9,20.14936780929565,50.30780545517153,64
37640_1.tex,non stop classification greedy,True,7,15.246628284454346,47.593654725000064,35
37662_2.tex,non stop classification greedy,True,14,33.77303194999695,116.36766528877764,82
37721_1.tex,non stop classification greedy,True,5,7.862278938293457,45.82249160000008,63
37742_3.tex,non stop classification greedy,True,9,13.966882228851318,79.54713912025039,52
37748_3.tex,non stop classification greedy,True,7,14.514675378799438,51.740943496875,30
37755_2.tex,non stop classification greedy,True,8,16.55604887008667,64.92521601932013,69
37796_2.tex,non stop classification greedy,True,29,79.00469541549683,285.2870331420544,408
38103_1.tex,non stop classification greedy,True,13,28.78071093559265,94.977087037908,95
38111_1.tex,non stop classification greedy,True,2,3.724364280700684,9.453260290000005,12
38139_1.tex,non stop classification greedy,True,7,14.607396125793455,91.75904637000022,63
38184_2.tex,non stop classification greedy,True,20,42.11296248435974,233.84782221775012,137
38194_3.tex,non stop classification greedy,True,6,11.380398511886597,19.390553594121076,10
38205_1.tex,non stop classification greedy,True,4,7.586086273193359,9.199077919999946,5
38207_1.tex,non stop classification greedy,True,16,35.22704219818115,158.60927156191994,155
38222_2.tex,non stop classification greedy,False,35,85.95642638206482,500.19790470767646,251
38249_3.tex,non stop classification greedy,True,10,25.813310861587524,71.60616125625006,51
38263_3.tex,non stop classification greedy,True,5,18.17673921585083,24.848066024999987,32
38281_3.tex,non stop classification greedy,True,3,8.41455602645874,12.11288058999996,11
38319_1.tex,non stop classification greedy,False,10,34.64168977737427,34.99334646162099,41
38712_2.tex,non stop classification greedy,True,4,9.328758716583252,29.65983262400032,29
38719_3.tex,non stop classification greedy,True,5,12.641130208969116,61.59032484,81
38733_3.tex,non stop classification greedy,True,2,4.996551036834717,14.31061554,15
38771_3.tex,non stop classification greedy,True,27,68.29005980491638,467.0710576251749,347
38814_2.tex,non stop classification greedy,True,10,20.612010717391968,75.0008567550001,63
38819_3.tex,non stop classification greedy,True,17,36.14689326286316,164.04919914974994,131
38839_2.tex,non stop classification greedy,True,12,26.26851272583008,58.486900909749885,49
39141_3.tex,non stop classification greedy,True,1,1.549604415893555,16.837192929999986,11
39225_1.tex,non stop classification greedy,True,5,11.97372579574585,46.7479788,29
39246_1.tex,non stop classification greedy,True,7,15.154343843460085,125.74125133200003,83
39334_1.tex,non stop classification greedy,True,5,11.146294355392456,61.97843090000001,28
39340_1.tex,non stop classification greedy,True,5,11.329031467437744,66.32149443999998,44
39354_1.tex,non stop classification greedy,True,4,9.077134609222412,57.28100981525746,34
39395_2.tex,non stop classification greedy,True,15,40.60230040550232,150.94526507294887,272
39736_1.tex,non stop classification greedy,True,51,138.33729243278503,832.2326472947799,539
39824_3.tex,non stop classification greedy,True,4,9.25805377960205,23.24737966664668,33
39835_2.tex,non stop classification greedy,True,6,9.48204517364502,36.71026379703993,42
39858_3.tex,non stop classification greedy,True,7,14.003143548965454,58.84025879999994,19
39879_3.tex,non stop classification greedy,True,3,5.467634916305542,16.8352,7
39929_2.tex,non stop classification greedy,True,5,11.788275241851808,30.109491113884964,57
39956_1.tex,non stop classification greedy,True,6,14.262725114822388,33.18484056249996,33
40066_3.tex,non stop classification greedy,True,18,54.0193145275116,109.402109487429,102
40155_3.tex,non stop classification greedy,True,5,14.83416748046875,96.87016016747494,76
40236_2.tex,non stop classification greedy,True,2,5.438795804977417,10.01,13
40299_3.tex,non stop classification greedy,True,2,5.113041400909424,10.395058800000015,13
40325_2.tex,non stop classification greedy,True,5,16.634442806243896,48.106707035000085,57
40356_1.tex,non stop classification greedy,True,14,37.94239807128906,175.54758602199988,104
40487_2.tex,non stop classification greedy,True,13,40.86566710472107,155.1263872574999,211
40813_3.tex,non stop classification greedy,True,2,6.198505401611328,14.388405420000064,28
40867_3.tex,non stop classification greedy,True,9,26.000269651412964,114.49651766322796,77
40881_2.tex,non stop classification greedy,True,8,21.49767208099365,45.24742804799994,34
40911_3.tex,non stop classification greedy,True,32,88.83030128479004,545.8058130180007,382
40920_2.tex,non stop classification greedy,True,13,31.986801147460938,150.7804872911999,111
40924_1.tex,non stop classification greedy,True,22,54.86766862869263,240.6342347609229,240
41029_1.tex,non stop classification greedy,True,10,27.24949049949646,58.57648784521103,89
41145_3.tex,non stop classification greedy,True,14,50.853636026382446,81.83572375718026,126
41277_3.tex,non stop classification greedy,True,5,12.056663274765016,25.550085224999968,5
41311_1.tex,non stop classification greedy,True,6,18.491593599319454,42.8935720836,70
41323_1.tex,non stop classification greedy,True,3,10.45374035835266,23.70560756000009,56
41324_1.tex,non stop classification greedy,True,4,12.3414945602417,24.40808647918751,23
41398_3.tex,non stop classification greedy,True,1,2.1279146671295166,10.01,7
41435_2.tex,non stop classification greedy,True,1,2.4367241859436035,0.0,1
41448_2.tex,non stop classification greedy,True,4,8.602165699005127,14.776844330000053,14
41452_3.tex,non stop classification greedy,True,12,31.08534002304077,104.22509492530504,103
41453_2.tex,non stop classification greedy,True,9,21.03312921524048,73.17934554352001,96
41532_1.tex,non stop classification greedy,True,14,31.228201150894165,135.24234540424203,157
41574_2.tex,non stop classification greedy,True,5,12.802711963653564,43.415057745000176,63
41938_2.tex,non stop classification greedy,True,3,5.994015693664551,20.500664520000026,39
41952_1.tex,non stop classification greedy,True,5,11.438400745391846,24.66854026181399,35
41996_1.tex,non stop classification greedy,True,13,29.84819531440735,80.11772314779597,131
42000_1.tex,non stop classification greedy,True,14,30.343579292297363,171.8487241390005,148
42035_1.tex,non stop classification greedy,True,2,3.869779586791992,16.880138799999997,11
42050_1.tex,non stop classification greedy,True,15,34.039857387542725,198.8479954680089,134
42082_3.tex,non stop classification greedy,True,33,86.72668528556824,516.3247928675019,463
42103_1.tex,non stop classification greedy,True,21,51.2438542842865,245.60286789049988,357
42112_3.tex,non stop classification greedy,True,1,1.766331672668457,0.0,1
85812_1.tex,non stop classification greedy,True,16,41.45256781578064,190.6180958500002,223
85850_2.tex,non stop classification greedy,True,16,41.05434989929199,211.3178427084999,293
86037_2.tex,non stop classification greedy,True,3,6.747759342193604,18.787972483600072,25
86051_1.tex,non stop classification greedy,True,4,10.143154859542848,27.36938283674995,34
86060_1.tex,non stop classification greedy,True,3,6.758259296417236,21.103109279999963,30
86127_3.tex,non stop classification greedy,True,2,3.831854104995728,16.95542966400005,14
86137_2.tex,non stop classification greedy,True,9,18.036762475967407,58.791055869400026,24
86152_2.tex,non stop classification greedy,True,12,27.45022416114807,169.2760153458999,155
86194_1.tex,non stop classification greedy,True,5,11.579750537872314,53.10701948000005,73
86202_2.tex,non stop classification greedy,True,6,14.490408897399902,53.85886082749997,32
86204_1.tex,non stop classification greedy,True,2,4.406730651855469,16.298209304999986,15
86208_3.tex,non stop classification greedy,True,4,8.851952314376831,45.38373891999999,36
86282_2.tex,non stop classification greedy,True,8,20.756107568740845,52.46594619235702,81
86287_1.tex,non stop classification greedy,False,19,60.483015060424805,220.1380508281748,452
86292_2.tex,non stop classification greedy,True,1,1.426872968673706,5.737191080000031,4
86325_1.tex,non stop classification greedy,True,4,8.76991891860962,41.38014886499995,47
86340_3.tex,non stop classification greedy,True,7,17.604925632476807,56.906386411999975,83
86352_2.tex,non stop classification greedy,True,5,11.003134965896606,35.712774880000026,39
86389_1.tex,non stop classification greedy,True,8,20.335381984710693,61.32513621725014,88
86498_2.tex,non stop classification greedy,True,7,16.29951310157776,40.37837041994945,83
86571_2.tex,non stop classification greedy,True,6,13.835736989974976,113.87919253247996,108
86608_3.tex,non stop classification greedy,True,3,6.7398834228515625,60.162159636000034,55
86678_1.tex,non stop classification greedy,True,11,23.569358110427856,151.996327609,147
86744_2.tex,non stop classification greedy,True,5,9.429152727127075,47.36193458000005,23
86768_3.tex,non stop classification greedy,True,4,7.849882841110229,48.67911762499988,36
86814_3.tex,non stop classification greedy,True,12,25.08023405075073,137.6669688545,122
86816_3.tex,non stop classification greedy,True,3,5.750492095947266,12.36348565655,15
86827_1.tex,non stop classification greedy,False,21,46.41540861129761,167.03186332949988,215
86887_1.tex,non stop classification greedy,True,2,3.512510299682617,15.535602440949972,26
86890_1.tex,non stop classification greedy,True,1,1.3896198272705078,0.0,1
86929_1.tex,non stop classification greedy,True,24,52.36769366264343,186.12390471079988,218
87033_2.tex,non stop classification greedy,True,1,2.4529154300689697,12.58644473505002,43
87038_3.tex,non stop classification greedy,False,14,38.01403570175171,78.38503821070265,109
87125_1.tex,non stop classification greedy,True,3,7.86415958404541,47.20112973999992,88
87128_3.tex,non stop classification greedy,True,9,24.76027083396912,107.83198416695993,161
87167_2.tex,non stop classification greedy,True,3,5.403285503387451,24.387714729999985,11
87196_3.tex,non stop classification greedy,True,5,11.35522437095642,98.70679561937396,99
87251_1.tex,non stop classification greedy,True,19,40.98137545585632,138.3018228750001,81
87335_3.tex,non stop classification greedy,True,6,12.254536390304564,32.52734340779995,49
87348_3.tex,non stop classification greedy,False,21,48.97324275970459,255.3650736180008,224
87355_2.tex,non stop classification greedy,True,18,40.75030636787415,154.63782449316014,251
87387_1.tex,non stop classification greedy,True,7,13.275607585906982,37.80395892499996,40
87397_1.tex,non stop classification greedy,True,14,27.41611886024475,96.183306765,128
87421_1.tex,non stop classification greedy,True,6,11.901775121688845,37.041358424999984,43
87465_2.tex,non stop classification greedy,True,28,62.16135859489441,298.2154668886998,351
87478_2.tex,non stop classification greedy,True,32,83.66729617118835,364.8027119697503,718
87587_3.tex,non stop classification greedy,True,4,6.9956676959991455,27.073824705,41
87726_1.tex,non stop classification greedy,True,2,3.950148820877075,35.35749444,54
87737_3.tex,non stop classification greedy,True,6,12.256914854049684,78.95694075689994,65
87743_3.tex,non stop classification greedy,True,6,14.15885066986084,30.32485862060004,30
87810_1.tex,non stop classification greedy,True,1,1.5991251468658447,5.92247685000001,2
87871_2.tex,non stop classification greedy,True,14,28.846978664398197,106.87976198999992,137
87935_3.tex,non stop classification greedy,True,10,20.69923567771912,135.3586167800002,123
87968_1.tex,non stop classification greedy,True,23,50.74862885475159,207.81578115575,209
87988_3.tex,non stop classification greedy,True,7,14.364395380020142,40.19812536075993,40
88115_3.tex,non stop classification greedy,True,5,12.56437063217163,222.59547801045704,107
88292_1.tex,non stop classification greedy,True,2,3.7329587936401367,30.26297984480001,21
88311_1.tex,non stop classification greedy,True,4,8.514988899230957,34.42726660669997,67
88327_3.tex,non stop classification greedy,True,6,13.03768539428711,20.5229013503711,18
88335_3.tex,non stop classification greedy,True,8,17.510267972946167,44.078090347949015,90
88368_3.tex,non stop classification greedy,True,3,5.987349987030029,24.262493479999968,31
88445_1.tex,non stop classification greedy,True,13,28.00314235687256,69.64886882724987,70
88459_1.tex,non stop classification greedy,True,3,5.360392332077026,18.36856184000001,16
88465_2.tex,non stop classification greedy,True,5,10.1722993850708,37.545160579999965,42
88467_3.tex,non stop classification greedy,True,18,43.58496069908142,225.77115816499983,137
88508_3.tex,non stop classification greedy,True,32,67.99771618843079,282.31780762950063,113
88510_1.tex,non stop classification greedy,True,7,13.648160219192505,36.48884995000002,33
88533_1.tex,non stop classification greedy,True,7,13.326090574264526,28.99837378947497,22
88557_3.tex,non stop classification greedy,True,30,62.14199113845825,260.322252755,346
88591_1.tex,non stop classification greedy,True,2,3.126718521118164,10.01,18
88652_1.tex,non stop classification greedy,True,4,7.912399053573608,25.91788098928015,42
88659_2.tex,non stop classification greedy,True,12,26.73611617088318,65.33079091574027,101
88660_3.tex,non stop classification greedy,True,1,1.6727666854858398,10.0,22
88662_2.tex,non stop classification greedy,True,21,50.53268766403198,111.84586144768484,84
88728_3.tex,non stop classification greedy,True,3,5.644972562789917,33.16280704000005,51
88755_2.tex,non stop classification greedy,True,4,7.676675081253052,16.91040415599999,23
88783_1.tex,non stop classification greedy,True,2,3.6162588596344,16.11548337999993,20
88810_2.tex,non stop classification greedy,True,4,8.488447427749634,36.35259363499997,45
88828_2.tex,non stop classification greedy,True,6,12.421061992645264,83.38858618999993,87
88859_2.tex,non stop classification greedy,True,7,14.352096796035768,39.40621003799997,49
88871_2.tex,non stop classification greedy,True,17,36.96988344192505,111.64473890440009,117
88905_3.tex,non stop classification greedy,True,7,14.27981662750244,61.49282918999998,52
88917_2.tex,non stop classification greedy,True,2,3.5042543411254883,5.959784549999981,6
88960_2.tex,non stop classification greedy,True,5,9.763050079345703,16.86103545780001,25
89003_2.tex,non stop classification greedy,True,1,1.359581708908081,0.0,1
89003_3.tex,non stop classification greedy,True,1,1.334829568862915,0.0,1
89020_1.tex,non stop classification greedy,True,10,18.94381618499756,76.90714224000041,77
89039_3.tex,non stop classification greedy,False,21,46.7923276424408,180.26624753900015,144
89067_2.tex,non stop classification greedy,True,5,9.096826553344728,26.666076740000022,24
89090_3.tex,non stop classification greedy,True,2,3.288276195526123,2.503599164999983,2
89202_3.tex,non stop classification greedy,True,25,56.85839915275574,153.2284944567396,99
89265_1.tex,non stop classification greedy,True,4,9.400768995285034,88.66367908000004,63
89312_3.tex,non stop classification greedy,True,5,10.942777395248411,90.19401788921596,96
89376_2.tex,non stop classification greedy,True,4,7.2052388191223145,22.37566125920005,24
89439_2.tex,non stop classification greedy,True,6,11.271901845932009,37.48860986499997,24
89445_3.tex,non stop classification greedy,True,9,18.35917019844055,76.43636904000017,46
89466_2.tex,non stop classification greedy,True,7,13.48993968963623,119.63717041000004,107
89574_2.tex,non stop classification greedy,True,7,13.956965208053589,33.44813374150388,39
89577_1.tex,non stop classification greedy,True,15,33.75002098083496,110.86209712755004,103
42299_1.tex,non stop classification greedy,True,10,12.960521221160889,104.71860315364025,126
42465_3.tex,non stop classification greedy,True,9,15.855367422103882,88.5446765250001,54
42474_2.tex,non stop classification greedy,True,3,4.588170528411865,25.036441079999992,10
42478_3.tex,non stop classification greedy,True,16,24.421194314956665,313.97125611250004,99
42493_3.tex,non stop classification greedy,True,8,8.805911302566528,83.71372244199998,82
42521_3.tex,non stop classification greedy,True,2,2.4227778911590576,5.009797632249985,2
42522_3.tex,non stop classification greedy,True,3,3.131054162979126,16.616308848741937,11
42525_2.tex,non stop classification greedy,True,31,49.09271216392517,797.60719190892,268
42534_3.tex,non stop classification greedy,True,8,11.435447692871094,62.03911284180005,41
42590_3.tex,non stop classification greedy,True,8,8.903087615966797,85.37749197754174,69
42598_1.tex,non stop classification greedy,True,10,15.440697193145752,121.69238254459007,116
42632_1.tex,non stop classification greedy,True,2,2.147027015686035,19.81471827234023,32
42645_2.tex,non stop classification greedy,True,21,33.92613887786865,223.8957891570001,249
42939_1.tex,non stop classification greedy,True,10,14.4188334941864,93.84024565343998,134
43036_2.tex,non stop classification greedy,True,10,15.865066766738892,69.05706254899982,41
43066_1.tex,non stop classification greedy,True,9,12.630653142929075,94.02525546715,94
43159_1.tex,non stop classification greedy,True,27,41.41521048545837,213.24629617485687,153
43393_1.tex,non stop classification greedy,True,3,4.403979778289795,27.69533538880036,46
43487_3.tex,non stop classification greedy,True,5,7.04883074760437,21.247344279999908,19
43512_2.tex,non stop classification greedy,True,5,8.520670652389526,23.49999850499996,27
43546_3.tex,non stop classification greedy,True,3,3.1552345752716064,26.110567959999976,27
43548_2.tex,non stop classification greedy,True,2,2.0124919414520264,10.01,9
43600_3.tex,non stop classification greedy,True,8,14.919076919555664,90.36979911999988,116
43687_3.tex,non stop classification greedy,True,6,9.005692481994629,27.469942213999968,38
43946_2.tex,non stop classification greedy,True,3,3.822737216949463,29.17867923021482,42
43983_1.tex,non stop classification greedy,True,1,1.017526388168335,9.239454160000037,4
44025_3.tex,non stop classification greedy,True,2,1.991405963897705,7.269851088000007,5
44115_2.tex,non stop classification greedy,True,3,4.10345721244812,30.50727903600007,28
44132_3.tex,non stop classification greedy,True,5,9.634891748428345,72.37978200013322,100
44176_3.tex,non stop classification greedy,True,5,9.55959415435791,35.10192871000004,16
44224_3.tex,non stop classification greedy,True,5,10.784035682678224,49.27144416375003,38
44261_3.tex,non stop classification greedy,True,6,11.028867483139038,50.452477899999934,53
44653_1.tex,non stop classification greedy,True,14,20.65955758094788,124.79728772199,68
44703_3.tex,non stop classification greedy,False,24,47.879759073257446,246.2701599257502,280
44747_1.tex,non stop classification greedy,True,1,1.5325515270233154,3.1797305400000084,5
44750_1.tex,non stop classification greedy,True,16,29.36915779113769,333.1002458249999,161
44805_2.tex,non stop classification greedy,True,29,42.40857887268066,254.79642315933316,150
44817_2.tex,non stop classification greedy,True,1,0.8271341323852539,0.0,1
44915_2.tex,non stop classification greedy,True,5,6.961595296859741,43.96634659976047,52
45023_3.tex,non stop classification greedy,True,1,1.0692729949951172,0.0,2
45026_1.tex,non stop classification greedy,True,7,11.77090048789978,101.92120828499984,190
45057_2.tex,non stop classification greedy,True,10,15.357139348983765,176.27482720000074,80
45063_1.tex,non stop classification greedy,True,3,4.826183319091797,12.032203375000009,24
45210_3.tex,non stop classification greedy,True,3,5.566373348236084,26.152108982199984,52
45319_2.tex,non stop classification greedy,True,27,46.003464698791504,284.39718336796,337
45643_3.tex,non stop classification greedy,True,1,1.1792547702789309,10.01,5
45717_2.tex,non stop classification greedy,True,6,7.680460453033447,53.66167879999999,35
45768_1.tex,non stop classification greedy,True,9,10.9396550655365,153.9838470955333,148
45848_1.tex,non stop classification greedy,True,1,1.7171471118927002,12.627894439999992,12
45877_3.tex,non stop classification greedy,True,4,7.804060220718384,11.323952011356994,6
46165_3.tex,non stop classification greedy,True,3,3.278278589248657,40.38387062999999,32
46195_2.tex,non stop classification greedy,True,8,12.050522089004517,126.49417924371816,147
46241_1.tex,non stop classification greedy,True,6,10.971394538879396,123.10952926,89
46284_1.tex,non stop classification greedy,True,7,15.290055751800535,91.05745535125004,59
46289_1.tex,non stop classification greedy,True,6,8.560585260391235,33.61546096932,27
46294_1.tex,non stop classification greedy,True,3,5.204561233520508,11.47596192499998,17
46317_1.tex,non stop classification greedy,True,8,11.084047555923462,73.07835930000002,95
46373_3.tex,non stop classification greedy,True,2,2.0974411964416504,26.200390140000025,34
46381_1.tex,non stop classification greedy,True,6,7.139645099639893,43.459018960000144,52
46396_3.tex,non stop classification greedy,True,4,5.966699838638306,28.342574760000005,37
46409_3.tex,non stop classification greedy,True,7,12.474658012390137,52.62664900794903,90
46411_1.tex,non stop classification greedy,True,10,12.87368893623352,93.42842706295993,114
46641_1.tex,non stop classification greedy,True,2,3.2677371501922607,16.80943840000009,32
46650_2.tex,non stop classification greedy,True,9,12.48745894432068,112.14928290974994,124
46655_2.tex,non stop classification greedy,True,4,5.545877695083618,25.961229442760043,41
46773_2.tex,non stop classification greedy,True,3,4.0818610191345215,31.61801108000003,27
46822_2.tex,non stop classification greedy,True,3,3.681914567947388,26.077964630400004,36
46836_3.tex,non stop classification greedy,True,3,2.8693161010742188,5.003861599999965,6
46846_2.tex,non stop classification greedy,True,7,9.139415979385376,25.51197312000002,25
46874_1.tex,non stop classification greedy,True,3,3.714722394943237,27.199508800000046,14
46908_2.tex,non stop classification greedy,True,5,5.343772411346436,45.62433994000003,41
46918_1.tex,non stop classification greedy,True,1,0.8485825061798096,0.0,2
46929_3.tex,non stop classification greedy,True,3,3.048518180847168,12.848100960000028,16
46938_3.tex,non stop classification greedy,True,4,7.558336496353149,22.22707880000001,18
46976_1.tex,non stop classification greedy,True,6,9.797872304916382,29.048467180999936,48
47264_1.tex,non stop classification greedy,True,2,3.978558301925659,16.02415824400002,16
47279_2.tex,non stop classification greedy,True,9,13.322302103042604,95.77128241252602,137
47286_1.tex,non stop classification greedy,True,6,8.511064291000366,127.47441467759994,111
47433_3.tex,non stop classification greedy,True,10,17.579007148742676,136.81307188,83
47448_3.tex,non stop classification greedy,True,9,14.920692920684814,95.16279248254202,67
47468_1.tex,non stop classification greedy,True,12,19.81493830680847,97.58824650100011,115
47479_1.tex,non stop classification greedy,False,18,33.25914120674133,115.51582405200016,104
47499_1.tex,non stop classification greedy,True,1,1.3395841121673584,2.622060992759998,2
47622_3.tex,non stop classification greedy,True,4,5.007370471954346,12.032659714925217,55
47685_2.tex,non stop classification greedy,True,2,2.2120492458343506,2.8603788000000065,2
47723_3.tex,non stop classification greedy,True,7,13.642192602157593,96.77143389634384,143
47831_1.tex,non stop classification greedy,True,8,12.565378427505491,40.33081351628814,80
47893_2.tex,non stop classification greedy,True,3,5.57790207862854,20.808775734499967,24
48051_3.tex,non stop classification greedy,True,20,36.57995367050171,185.5575352597998,242
48157_2.tex,non stop classification greedy,True,10,16.061828136444092,37.555821302399366,55
48256_2.tex,non stop classification greedy,True,1,1.204768180847168,50.511578790000016,41
48263_1.tex,non stop classification greedy,True,11,17.3308207988739,137.79518099170005,171
48291_1.tex,non stop classification greedy,True,3,3.2363595962524414,9.074884725000004,3
48317_2.tex,non stop classification greedy,True,10,18.96621441841125,162.22175670254177,165
48340_3.tex,non stop classification greedy,True,3,4.300738573074341,29.016853977240043,33
48354_1.tex,non stop classification greedy,True,3,5.776843547821045,47.40245252508405,64
48358_1.tex,non stop classification greedy,True,19,31.517517805099487,172.58607955600644,156
48393_3.tex,non stop classification greedy,True,3,3.871095657348633,51.846655140000095,38
89604_3.tex,non stop classification greedy,True,4,4.39958381652832,19.90686944719998,26
89626_1.tex,non stop classification greedy,True,36,68.50454521179199,340.2563533076725,327
89782_1.tex,non stop classification greedy,True,5,7.652382135391235,158.57987544000036,81
89855_1.tex,non stop classification greedy,True,35,58.258657455444336,423.8105109692801,369
89909_2.tex,non stop classification greedy,True,14,30.77758741378784,148.34090477580037,197
89976_2.tex,non stop classification greedy,True,2,2.4951064586639404,9.18766278999999,3
89990_1.tex,non stop classification greedy,True,7,9.822639226913452,82.7844172449998,130
89996_3.tex,non stop classification greedy,True,13,19.371095180511475,78.33970436499992,50
90061_1.tex,non stop classification greedy,True,18,27.05682849884033,171.97013115214992,224
90065_3.tex,non stop classification greedy,True,29,45.65667605400085,261.30181225449985,242
90235_1.tex,non stop classification greedy,True,3,4.93837308883667,29.534815200000168,46
90342_3.tex,non stop classification greedy,True,3,4.417623996734619,31.926158765199943,50
90361_3.tex,non stop classification greedy,True,6,9.18837547302246,105.518333275,138
90491_1.tex,non stop classification greedy,True,6,7.575502157211304,59.54502831500006,67
90495_1.tex,non stop classification greedy,True,8,12.835860013961792,71.57090206000004,154
90534_2.tex,non stop classification greedy,True,2,2.045487642288208,8.47,14
90612_1.tex,non stop classification greedy,True,4,3.894355297088623,25.194522689999985,41
90620_2.tex,non stop classification greedy,True,13,18.451672077178955,83.48292081000001,41
90681_3.tex,non stop classification greedy,True,34,60.45573830604553,314.847979239891,334
90683_1.tex,non stop classification greedy,True,14,28.70668315887451,73.83122081612011,91
90684_3.tex,non stop classification greedy,True,21,37.15924787521362,210.03043721407008,253
90687_2.tex,non stop classification greedy,True,16,30.704035758972168,158.85744667499998,210
90701_2.tex,non stop classification greedy,True,2,3.658149719238281,8.797519173600017,16
90711_1.tex,non stop classification greedy,True,11,18.237459659576416,61.88555745199996,82
90716_1.tex,non stop classification greedy,True,12,17.08623480796814,53.91519871300001,48
90847_2.tex,non stop classification greedy,True,4,6.350737571716309,31.697749740000024,8
90863_1.tex,non stop classification greedy,True,5,8.59788203239441,48.87692976499997,36
90881_3.tex,non stop classification greedy,True,4,4.986302375793457,40.30889944673598,19
90923_3.tex,non stop classification greedy,True,1,1.5864965915679932,2.519622731874989,2
90959_3.tex,non stop classification greedy,True,3,6.651658535003662,30.40195564500014,17
90989_1.tex,non stop classification greedy,True,7,16.387858867645264,59.5413406477999,69
91023_2.tex,non stop classification greedy,True,4,6.031680583953857,56.195994685000045,113
91036_2.tex,non stop classification greedy,True,5,9.34825086593628,31.042420628799974,50
91157_1.tex,non stop classification greedy,True,12,18.3261034488678,150.07631680000026,116
91164_2.tex,non stop classification greedy,True,3,6.107149600982666,23.403155800000185,20
91167_1.tex,non stop classification greedy,True,5,10.120433330535889,38.92694415374995,23
91169_1.tex,non stop classification greedy,True,13,22.005199193954468,132.05218624999998,171
91181_1.tex,non stop classification greedy,True,11,18.418031692504883,106.99797514000022,115
91215_2.tex,non stop classification greedy,True,8,16.80346965789795,49.33911668580002,54
91220_2.tex,non stop classification greedy,True,13,24.741919994354248,90.64413339480028,72
91236_2.tex,non stop classification greedy,False,10,20.12708044052124,59.28693351853519,100
91432_2.tex,non stop classification greedy,True,2,3.5856053829193115,42.410603822240006,30
91452_3.tex,non stop classification greedy,True,1,1.537153959274292,17.81972910067998,29
91487_2.tex,non stop classification greedy,True,11,22.262523412704468,140.16243240999987,172
91508_3.tex,non stop classification greedy,True,14,27.439520359039307,197.1997259500002,103
91523_1.tex,non stop classification greedy,True,4,5.311072111129761,74.15207835670002,55
91531_3.tex,non stop classification greedy,True,3,6.240041732788086,45.578959880191945,56
91551_1.tex,non stop classification greedy,True,8,18.733072519302368,55.78200873717008,81
91557_2.tex,non stop classification greedy,True,7,15.38316011428833,39.57223956799977,36
91557_3.tex,non stop classification greedy,True,3,6.961007356643677,21.359475936400003,19
91614_3.tex,non stop classification greedy,False,8,18.71194076538086,84.82392992000027,100
91654_3.tex,non stop classification greedy,True,7,11.658270120620728,47.04744326,68
91719_2.tex,non stop classification greedy,True,11,18.898558139801025,80.7896156400001,113
91733_3.tex,non stop classification greedy,True,9,15.266217470169067,38.95964192499997,33
91740_2.tex,non stop classification greedy,True,4,4.931003570556641,11.164673513814009,18
91797_2.tex,non stop classification greedy,True,21,31.270059823989868,212.32547192199988,367
91799_2.tex,non stop classification greedy,True,23,37.596616983413696,139.53665980799985,178
91835_1.tex,non stop classification greedy,True,2,2.075059175491333,10.01,11
91897_3.tex,non stop classification greedy,True,4,4.9086339473724365,28.39250814000032,59
91971_1.tex,non stop classification greedy,True,10,18.72720956802368,140.7471405069919,165
91978_3.tex,non stop classification greedy,True,3,3.387731075286865,19.707457600000023,19
92042_2.tex,non stop classification greedy,True,5,5.634117126464844,29.813990049999923,35
92159_2.tex,non stop classification greedy,True,12,15.810362815856934,121.55611680000028,172
92171_1.tex,non stop classification greedy,True,9,10.405752897262571,49.46994123500002,41
92218_1.tex,non stop classification greedy,True,1,0.8369159698486328,0.0,1
92223_2.tex,non stop classification greedy,False,13,19.479401111602783,112.61238423,201
92238_1.tex,non stop classification greedy,True,6,7.351491928100586,39.9274300737501,27
92242_2.tex,non stop classification greedy,True,1,0.8951365947723389,0.0,2
92436_3.tex,non stop classification greedy,True,3,3.7571208477020255,33.003030400000064,74
92583_3.tex,non stop classification greedy,True,4,6.177162408828735,29.346020679999988,19
92638_2.tex,non stop classification greedy,True,8,10.90744400024414,69.66637793439995,88
92772_3.tex,non stop classification greedy,True,8,9.15873956680298,86.94928670500003,52
92773_2.tex,non stop classification greedy,True,4,4.451544523239136,51.23338856000001,53
92831_1.tex,non stop classification greedy,True,1,1.411609411239624,6.992162134320006,11
93054_3.tex,non stop classification greedy,True,3,3.700380325317383,44.48097705600004,34
93057_3.tex,non stop classification greedy,True,9,14.639555931091309,45.249862624520425,36
93063_3.tex,non stop classification greedy,True,3,6.790700912475586,25.87661933000004,39
93095_3.tex,non stop classification greedy,True,7,17.375054359436035,60.0983618059214,125
93126_2.tex,non stop classification greedy,True,4,8.523151874542236,24.293790049999963,35
93167_1.tex,non stop classification greedy,True,5,10.454333782196043,23.33244448000006,23
93177_3.tex,non stop classification greedy,False,20,51.02142691612244,360.1627977227501,159
93223_1.tex,non stop classification greedy,True,16,24.35652494430542,126.55514829374992,71
93223_3.tex,non stop classification greedy,True,4,6.645891189575195,12.433748549999976,10
93285_1.tex,non stop classification greedy,True,10,15.39891529083252,51.71885728888484,95
93304_2.tex,non stop classification greedy,True,8,12.453832387924194,83.6572996737501,123
93370_1.tex,non stop classification greedy,True,1,1.1912529468536377,0.0,1
93388_3.tex,non stop classification greedy,True,10,14.70375370979309,68.50335996799996,78
93392_2.tex,non stop classification greedy,True,6,8.025776624679565,38.12079738835002,50
93409_1.tex,non stop classification greedy,True,17,24.11545491218567,92.83893371400008,85
93502_3.tex,non stop classification greedy,True,4,7.192033290863037,435.415527625916,141
93557_1.tex,non stop classification greedy,True,2,2.4854049682617188,20.533199999999987,32
93585_2.tex,non stop classification greedy,True,8,15.298500299453735,68.33551504341604,94
93604_1.tex,non stop classification greedy,True,3,3.675603866577149,81.64196912000006,72
93646_3.tex,non stop classification greedy,True,4,5.11859917640686,45.99608376999997,42
93679_2.tex,non stop classification greedy,True,12,19.71393227577209,153.5028432260001,118
93710_1.tex,non stop classification greedy,True,6,6.972192049026489,15.553657702397452,15
93862_2.tex,non stop classification greedy,True,3,3.00199031829834,20.19086759999988,27
93880_1.tex,non stop classification greedy,True,10,12.754642248153688,85.13148879999983,115
48400_2.tex,non stop classification greedy,True,8,17.55065083503723,40.57365927500024,23
48414_3.tex,non stop classification greedy,True,5,10.13510537147522,41.8078527299999,68
48424_1.tex,non stop classification greedy,True,7,16.11221957206726,79.2920708585179,109
48433_3.tex,non stop classification greedy,True,6,11.82314920425415,27.80866112999996,32
48452_3.tex,non stop classification greedy,True,1,1.4740924835205078,0.0,1
48496_1.tex,non stop classification greedy,True,4,8.336185216903687,28.36466128125008,20
48510_3.tex,non stop classification greedy,True,2,3.618971347808838,10.28088816000016,12
48511_3.tex,non stop classification greedy,True,6,11.90867519378662,38.423139000000106,30
48525_2.tex,non stop classification greedy,True,4,7.349354267120361,20.32686545000001,34
48550_3.tex,non stop classification greedy,True,9,20.42626118659973,102.82081163482825,158
48580_2.tex,non stop classification greedy,True,22,55.8985595703125,246.92710721832023,313
48588_3.tex,non stop classification greedy,True,3,5.922166347503662,16.887600000000006,28
48596_3.tex,non stop classification greedy,True,1,1.5142581462860107,0.0,1
48778_1.tex,non stop classification greedy,True,6,13.60857343673706,45.56359344000028,72
48804_3.tex,non stop classification greedy,True,2,3.8662197589874263,43.6804,53
48814_3.tex,non stop classification greedy,True,6,14.16139316558838,85.99756917175732,89
48919_2.tex,non stop classification greedy,True,14,30.62797784805298,70.02437666083605,39
48964_3.tex,non stop classification greedy,True,5,9.894526481628418,32.335854391325114,15
49023_2.tex,non stop classification greedy,True,7,20.65233039855957,34.96766963452805,28
49031_3.tex,non stop classification greedy,True,30,72.98861837387085,302.202338595,319
49067_2.tex,non stop classification greedy,True,8,15.57117486000061,53.53774329000001,40
49095_1.tex,non stop classification greedy,False,23,52.42743539810181,297.0203186245354,407
49104_3.tex,non stop classification greedy,True,4,7.068573474884033,42.91297713000003,84
49105_1.tex,non stop classification greedy,True,8,14.616038799285889,66.570944237,72
49334_1.tex,non stop classification greedy,True,7,14.11201024055481,87.44814081293612,93
49391_3.tex,non stop classification greedy,True,7,12.924917697906494,47.0402698100005,36
49481_2.tex,non stop classification greedy,True,5,9.47942352294922,26.216772099999996,19
49531_3.tex,non stop classification greedy,True,16,35.38526487350464,124.8923176476686,192
49569_2.tex,non stop classification greedy,False,14,39.38456177711487,100.14895859267564,162
49624_2.tex,non stop classification greedy,True,14,43.113829612731934,85.17012794512134,76
49663_2.tex,non stop classification greedy,True,8,22.091652870178223,37.84788718900014,43
49823_2.tex,non stop classification greedy,True,5,11.78898572921753,41.84470768375,39
49843_3.tex,non stop classification greedy,True,2,5.107704639434815,10.268465978125208,14
49882_1.tex,non stop classification greedy,True,3,7.772089958190918,103.76659083065,58
49887_2.tex,non stop classification greedy,True,12,31.7056736946106,179.49577228058996,277
49965_3.tex,non stop classification greedy,True,12,27.51694631576538,68.33713523599998,101
50056_3.tex,non stop classification greedy,True,5,11.33519983291626,31.00849654,79
50153_2.tex,non stop classification greedy,True,2,3.491342067718506,2.755745074999993,3
50154_1.tex,non stop classification greedy,True,5,10.04258632659912,32.383876994999994,40
50157_1.tex,non stop classification greedy,True,6,11.694467306137083,38.13866736799998,38
50167_2.tex,non stop classification greedy,True,21,48.33290123939514,152.1027021081207,177
50219_3.tex,non stop classification greedy,True,21,46.43670439720154,150.84568776750018,146
50424_2.tex,non stop classification greedy,True,1,1.933293104171753,4.884560420000042,5
50504_1.tex,non stop classification greedy,True,13,33.16730713844299,316.6507136519995,189
50555_2.tex,non stop classification greedy,True,3,6.497617721557617,16.15907505000007,12
50647_2.tex,non stop classification greedy,False,21,50.821589946746826,138.0074919274108,166
50663_3.tex,non stop classification greedy,True,10,23.357548236846924,169.60128951500002,117
50667_2.tex,non stop classification greedy,True,2,3.520137310028076,17.321033870000093,11
50675_3.tex,non stop classification greedy,True,5,10.510918617248535,23.68580419999998,13
50692_2.tex,non stop classification greedy,False,13,30.06614899635315,65.54178373420002,55
50698_1.tex,non stop classification greedy,True,10,22.87078595161438,173.59845330239986,104
50702_1.tex,non stop classification greedy,True,6,11.226672410964966,36.242979671999976,38
50702_2.tex,non stop classification greedy,True,5,9.494289636611938,26.251591622496,20
50735_2.tex,non stop classification greedy,True,11,23.880167722702023,52.61811005687103,42
50735_3.tex,non stop classification greedy,True,6,12.857972383499146,18.117981295107,15
50741_1.tex,non stop classification greedy,True,11,24.544247150421143,78.44547108499997,61
50753_3.tex,non stop classification greedy,True,24,66.5831789970398,231.1732292350505,337
50933_3.tex,non stop classification greedy,True,2,5.012899875640869,18.44584142,22
50969_2.tex,non stop classification greedy,True,1,2.4203829765319824,10.01,25
51034_2.tex,non stop classification greedy,True,5,17.65352487564087,34.652559839999924,84
51063_2.tex,non stop classification greedy,False,32,99.58205199241638,1087.6465296560011,299
51083_1.tex,non stop classification greedy,True,9,24.69673776626587,36.11699387870704,41
51156_1.tex,non stop classification greedy,True,3,6.688912868499756,25.785970017118014,43
51173_3.tex,non stop classification greedy,True,8,19.349515676498413,39.324032777999925,37
51252_2.tex,non stop classification greedy,True,45,113.4739544391632,595.7477220163493,428
51287_2.tex,non stop classification greedy,True,33,95.88345623016356,435.9850320821751,335
51287_3.tex,non stop classification greedy,False,20,68.11367702484131,160.20496317550015,208
51550_3.tex,non stop classification greedy,True,2,5.339607000350952,15.633894280000002,14
51647_1.tex,non stop classification greedy,True,7,19.142229080200195,57.86281476999991,81
51686_3.tex,non stop classification greedy,True,2,3.673567056655884,8.713685344000016,11
51772_3.tex,non stop classification greedy,True,2,4.083411931991577,10.007129600000098,13
51821_3.tex,non stop classification greedy,True,32,77.81560158729553,338.39260181999987,221
51828_3.tex,non stop classification greedy,True,9,22.17985892295837,60.71332532500001,83
52051_2.tex,non stop classification greedy,True,5,12.659302473068236,21.45065611000477,26
52109_1.tex,non stop classification greedy,True,11,26.20919156074524,84.83706506779994,57
52207_2.tex,non stop classification greedy,False,6,15.35861611366272,43.66766817249985,34
52213_2.tex,non stop classification greedy,True,5,10.118425130844116,46.48340790000001,50
52248_1.tex,non stop classification greedy,True,9,21.327767848968502,103.565767517777,186
52263_3.tex,non stop classification greedy,True,20,51.03880190849304,146.6417537326719,126
52271_2.tex,non stop classification greedy,True,7,16.86372137069702,42.69270995550111,59
52278_1.tex,non stop classification greedy,True,9,20.383753538131717,137.86994209999992,65
52297_1.tex,non stop classification greedy,True,8,17.520712852478027,72.9026832500001,68
52298_1.tex,non stop classification greedy,True,6,12.899319410324097,64.76843090000006,44
52310_2.tex,non stop classification greedy,True,8,19.33159613609314,98.96252465087994,86
52349_3.tex,non stop classification greedy,False,3,10.288849115371704,13.780207008048023,47
52363_2.tex,non stop classification greedy,True,28,73.06035685539246,269.7935628550001,207
52368_1.tex,non stop classification greedy,True,16,41.89684867858887,178.88934063375393,261
52551_2.tex,non stop classification greedy,True,4,8.138921737670898,43.89712458467221,41
52664_2.tex,non stop classification greedy,True,1,1.8182017803192136,6.937209279999991,10
52669_3.tex,non stop classification greedy,True,1,1.626404047012329,0.0,1
52691_2.tex,non stop classification greedy,True,4,8.98214864730835,30.720377464,33
52746_1.tex,non stop classification greedy,True,5,10.78706979751587,18.455093727999945,7
52757_1.tex,non stop classification greedy,True,6,13.003750324249268,48.02387495999997,28
52757_2.tex,non stop classification greedy,True,12,29.59769344329834,101.2275938750001,45
52830_1.tex,non stop classification greedy,True,9,20.054391860961918,92.98495928750008,71
52832_1.tex,non stop classification greedy,True,2,4.002716302871704,5.065509599999984,6
52860_1.tex,non stop classification greedy,False,12,32.516589879989624,147.5796329420003,161
52909_1.tex,non stop classification greedy,True,1,3.790008068084717,0.0,1
52991_2.tex,non stop classification greedy,True,6,18.67189693450928,32.71688005299993,39
93901_2.tex,non stop classification greedy,True,16,39.87669849395752,126.93086120399994,118
93940_2.tex,non stop classification greedy,True,36,87.35609984397888,826.5826986249999,327
94148_1.tex,non stop classification greedy,True,2,3.770909786224365,10.490962652000036,14
94256_1.tex,non stop classification greedy,True,4,8.839732885360718,30.256699005250027,26
94283_1.tex,non stop classification greedy,True,3,6.199249029159546,18.381531067160008,25
94308_3.tex,non stop classification greedy,True,5,8.849162817001343,27.114806939999944,16
94330_1.tex,non stop classification greedy,True,3,6.7937891483306885,23.96521130690749,16
94349_3.tex,non stop classification greedy,True,6,11.890783786773682,47.10171793000008,61
94381_1.tex,non stop classification greedy,True,4,8.164885997772217,13.627104514999983,8
94438_2.tex,non stop classification greedy,True,22,45.85657501220703,280.45372737275,112
94441_1.tex,non stop classification greedy,False,11,23.86585092544556,79.49668556640076,89
94469_3.tex,non stop classification greedy,True,36,85.299729347229,300.99895054282666,277
94475_3.tex,non stop classification greedy,True,11,26.97221565246582,66.62239496500004,88
94687_3.tex,non stop classification greedy,True,3,6.778456449508667,19.738004360949983,25
94688_1.tex,non stop classification greedy,True,2,4.212600946426392,19.408628495399995,20
94736_2.tex,non stop classification greedy,True,4,9.512075662612917,52.00991520000003,35
94765_3.tex,non stop classification greedy,True,15,33.1175811290741,193.90959968548,168
94807_1.tex,non stop classification greedy,True,5,11.035438060760498,11.37076027870699,10
94914_2.tex,non stop classification greedy,True,7,15.196852684020996,41.34421750751997,80
94924_2.tex,non stop classification greedy,True,10,21.643032550811768,78.118261119,104
94952_3.tex,non stop classification greedy,True,14,29.824923753738403,161.42438972999992,142
94970_3.tex,non stop classification greedy,True,5,9.689010381698608,27.395585186895996,27
94983_3.tex,non stop classification greedy,True,12,25.91014194488525,117.02958893200022,167
95002_3.tex,non stop classification greedy,True,12,23.20655369758606,81.51043607599999,72
95023_2.tex,non stop classification greedy,True,18,41.44260287284851,167.26444398199993,309
95025_1.tex,non stop classification greedy,True,29,64.6722559928894,242.46104628950005,276
95037_3.tex,non stop classification greedy,True,38,91.97382044792175,427.2298089111621,416
95103_3.tex,non stop classification greedy,True,3,7.844900608062744,28.856602740000056,55
95195_2.tex,non stop classification greedy,True,7,16.97427272796631,128.64515464000002,75
95209_2.tex,non stop classification greedy,True,6,12.881620168685911,50.01747494000005,83
95214_3.tex,non stop classification greedy,True,4,8.465512990951538,21.75151550140004,36
95253_1.tex,non stop classification greedy,True,4,8.154746055603027,21.472491350021016,39
95290_3.tex,non stop classification greedy,True,1,1.5852806568145752,0.0,1
95297_2.tex,non stop classification greedy,True,2,3.679004430770874,21.018230685440003,23
95342_3.tex,non stop classification greedy,True,6,12.05715012550354,32.98545196804807,51
95369_1.tex,non stop classification greedy,True,2,3.746058464050293,8.19043474,10
95445_1.tex,non stop classification greedy,True,15,34.495798110961914,117.502610823107,136
95464_2.tex,non stop classification greedy,False,23,54.2988555431366,251.81978988115,370
95500_2.tex,non stop classification greedy,True,13,28.07798719406128,96.58239737499989,99
95511_2.tex,non stop classification greedy,True,3,6.284461736679077,8.691136400000019,9
95573_3.tex,non stop classification greedy,True,8,15.23657250404358,37.21494403499996,70
95671_2.tex,non stop classification greedy,True,3,6.068006992340088,32.321149062914,66
95721_3.tex,non stop classification greedy,True,1,1.6269354820251465,10.01,10
95749_3.tex,non stop classification greedy,True,4,9.642144680023192,85.69959563999998,51
95779_2.tex,non stop classification greedy,True,4,10.41661548614502,76.77087657999991,91
95842_1.tex,non stop classification greedy,True,6,15.66714644432068,68.36289489008377,58
95864_3.tex,non stop classification greedy,True,9,19.99261713027954,110.35078628799997,104
95880_3.tex,non stop classification greedy,False,5,14.605379104614258,39.786384275525904,79
95980_2.tex,non stop classification greedy,True,9,20.21650195121765,40.67524179563003,32
95982_3.tex,non stop classification greedy,True,4,7.717625379562378,25.91992293040001,39
96002_1.tex,non stop classification greedy,True,35,77.37833714485168,511.8311108260001,302
96030_2.tex,non stop classification greedy,True,12,24.12016987800598,94.83548534999991,61
96036_1.tex,non stop classification greedy,True,14,26.886367082595825,151.14779432500012,163
96067_1.tex,non stop classification greedy,True,1,1.4468820095062256,3.3085805400000083,2
96070_2.tex,non stop classification greedy,True,13,29.821096658706665,134.9351701405849,200
96072_3.tex,non stop classification greedy,True,4,7.693823099136352,22.40552728999998,19
96260_3.tex,non stop classification greedy,True,3,7.263195991516113,28.4975186200006,29
96320_2.tex,non stop classification greedy,True,3,6.666443347930908,24.59868784183396,26
96331_2.tex,non stop classification greedy,True,9,23.007059812545776,121.21974697102824,309
96364_3.tex,non stop classification greedy,True,6,11.49172568321228,57.38697680000004,43
96418_3.tex,non stop classification greedy,True,6,12.823997020721436,98.83600104000006,101
96452_3.tex,non stop classification greedy,False,10,21.83201479911804,135.0724559875,38
96462_2.tex,non stop classification greedy,True,5,9.587586641311646,32.17173916500029,25
96475_3.tex,non stop classification greedy,True,15,31.24042677879333,96.52347600000007,106
96491_2.tex,non stop classification greedy,True,11,23.27243447303772,66.83694365624996,105
96504_3.tex,non stop classification greedy,True,3,5.730469226837158,13.08099614439996,20
96510_1.tex,non stop classification greedy,True,22,47.22702240943909,217.55400625200008,211
96547_2.tex,non stop classification greedy,False,28,68.22263479232788,344.0266385700924,444
96599_1.tex,non stop classification greedy,True,12,17.715653896331787,105.39476147199991,100
96654_1.tex,non stop classification greedy,True,5,9.140550136566162,19.84357766249991,37
96693_3.tex,non stop classification greedy,True,2,3.778684377670288,20.02,30
96860_1.tex,non stop classification greedy,True,2,3.4481379985809326,2.504289540000002,6
96865_2.tex,non stop classification greedy,True,3,5.445270299911499,8.170010994400002,8
96900_2.tex,non stop classification greedy,True,6,11.333718061447144,46.88676402499996,29
96914_3.tex,non stop classification greedy,True,10,22.219850540161133,92.59590725999992,106
96928_2.tex,non stop classification greedy,True,11,24.23817086219788,114.683003572176,149
96983_1.tex,non stop classification greedy,True,7,15.41968584060669,39.95984622500008,70
97045_2.tex,non stop classification greedy,True,7,14.899088621139526,41.217182975,46
97089_2.tex,non stop classification greedy,False,42,103.20509338378906,468.5119746150936,434
97109_1.tex,non stop classification greedy,True,9,18.438658952713013,52.196166700000006,62
97124_2.tex,non stop classification greedy,True,8,16.458120822906494,42.34557172500023,47
97155_3.tex,non stop classification greedy,True,26,54.95568251609802,205.66209016107044,239
97414_2.tex,non stop classification greedy,True,6,14.707045316696169,188.0672796210277,212
97515_2.tex,non stop classification greedy,False,8,21.71597266197205,132.95537823882805,240
97559_1.tex,non stop classification greedy,True,2,3.324937105178833,16.779984760000005,15
97575_1.tex,non stop classification greedy,True,12,24.014644861221317,103.24428597368538,78
97598_2.tex,non stop classification greedy,True,27,56.869155168533325,736.0916714550003,225
97608_2.tex,non stop classification greedy,True,18,39.76090216636658,303.78973563769654,423
97671_3.tex,non stop classification greedy,True,7,13.032474279403688,39.530007424760015,26
97683_2.tex,non stop classification greedy,True,18,37.94447088241577,243.81238509,255
97689_2.tex,non stop classification greedy,True,1,1.4978785514831543,3.279075418189996,4
97694_3.tex,non stop classification greedy,True,5,10.42054796218872,36.20594090000005,42
97708_2.tex,non stop classification greedy,True,5,10.458159685134888,63.91229499999999,74
97810_1.tex,non stop classification greedy,True,2,4.104950666427612,83.59045134000013,45
97831_3.tex,non stop classification greedy,True,1,1.5753798484802246,12.620100840000076,18
97837_2.tex,non stop classification greedy,True,3,6.090735912322998,28.332332933090026,54
97880_1.tex,non stop classification greedy,True,1,1.576462745666504,10.01,10
100080_3.tex,non stop classification greedy,True,1,1.5922479629516602,10.19135004450004,17
100123_3.tex,non stop classification greedy,True,7,14.342522859573364,145.11118324000034,72
100144_2.tex,non stop classification greedy,True,2,3.4823389053344727,17.635791620000028,18
100195_1.tex,non stop classification greedy,True,4,6.358674049377441,22.39601001999993,35
100215_3.tex,non stop classification greedy,True,2,4.204655885696411,20.33128183672,21
100216_3.tex,non stop classification greedy,True,6,14.0581796169281,63.347700204121104,124
100290_3.tex,non stop classification greedy,True,20,39.7471559047699,189.29902813999996,180
100354_3.tex,non stop classification greedy,True,12,23.786814212799072,94.9563202000007,76
100403_3.tex,non stop classification greedy,True,6,12.994041442871094,35.68042192279998,78
100422_1.tex,non stop classification greedy,False,3,7.815854787826538,13.027500354500036,32
100433_1.tex,non stop classification greedy,True,1,0.930701494216919,3.028286879999968,5
100434_1.tex,non stop classification greedy,True,21,40.68969416618347,185.42160339600008,278
100612_1.tex,non stop classification greedy,True,2,3.4132838249206543,26.763266050559963,49
100727_2.tex,non stop classification greedy,True,1,1.5857594013214111,2.9271355399999948,2
100847_3.tex,non stop classification greedy,True,16,30.283462047576904,131.90366320961192,210
100942_3.tex,non stop classification greedy,False,20,37.74709367752075,182.52201109060013,235
100949_2.tex,non stop classification greedy,True,11,23.083958625793457,77.39442719794297,88
100957_2.tex,non stop classification greedy,True,6,11.0207097530365,28.08066826825012,27
101141_2.tex,non stop classification greedy,True,2,3.879769563674927,17.70718904724002,23
101157_3.tex,non stop classification greedy,True,1,1.6208558082580566,10.01,16
101271_3.tex,non stop classification greedy,True,4,8.951390027999878,71.96116775747997,85
101316_1.tex,non stop classification greedy,True,2,2.8770432472229004,17.02894243000037,12
101386_2.tex,non stop classification greedy,True,6,9.318875789642334,95.43646849,86
101472_3.tex,non stop classification greedy,True,12,22.8887882232666,69.667072734775,52
101504_2.tex,non stop classification greedy,True,31,59.56722664833069,398.5184748767,406
101565_1.tex,non stop classification greedy,True,4,6.691055774688721,41.34336822649997,61
101648_3.tex,non stop classification greedy,True,3,4.197094202041626,34.02572121999998,34
101649_1.tex,non stop classification greedy,True,3,5.694308757781982,21.069432205000027,14
101654_1.tex,non stop classification greedy,True,2,3.994260787963867,12.55786208,9
101662_1.tex,non stop classification greedy,True,6,12.693408727645874,74.92051979500022,73
101710_1.tex,non stop classification greedy,True,4,8.895822525024414,19.229994814999984,28
101710_2.tex,non stop classification greedy,True,3,6.289718151092529,37.38598058505006,63
53167_3.tex,non stop classification greedy,True,3,5.3285439014434814,7.833257600000024,6
53177_3.tex,non stop classification greedy,True,1,1.4035334587097168,0.0,2
53214_3.tex,non stop classification greedy,True,6,12.507176637649536,30.252005354567657,52
53306_2.tex,non stop classification greedy,False,6,14.86321258544922,48.21885333251995,95
53321_1.tex,non stop classification greedy,True,8,17.253875494003296,47.79405144799984,84
53329_2.tex,non stop classification greedy,True,4,7.598812341690063,17.920736399999896,21
53336_1.tex,non stop classification greedy,True,13,28.58105707168579,110.90167861268596,108
53353_3.tex,non stop classification greedy,True,14,25.191056966781616,192.48942343999988,95
53407_2.tex,non stop classification greedy,True,20,42.710543394088745,233.85657322900016,237
53434_1.tex,non stop classification greedy,True,29,58.810696840286255,342.7044834230535,179
53446_1.tex,non stop classification greedy,True,26,56.17392110824585,281.02381793999973,208
53451_1.tex,non stop classification greedy,True,16,34.03853392601013,179.98642281399995,238
53665_2.tex,non stop classification greedy,False,7,17.0721333026886,76.88998646240013,147
53669_1.tex,non stop classification greedy,True,5,6.786033153533936,43.96466266410195,55
53780_2.tex,non stop classification greedy,True,6,14.60297441482544,98.24485345680002,132
53833_2.tex,non stop classification greedy,True,7,13.542253971099854,38.46875623060204,28
53882_2.tex,non stop classification greedy,True,16,31.636383056640625,190.41852190399987,244
53886_2.tex,non stop classification greedy,True,7,14.419406175613403,35.49075942938496,46
53934_3.tex,non stop classification greedy,True,3,3.5084340572357178,48.40369835999997,49
53971_2.tex,non stop classification greedy,True,14,26.003129720687863,131.8986901895039,180
54203_1.tex,non stop classification greedy,True,7,14.443496227264404,53.11713576264032,69
54214_2.tex,non stop classification greedy,True,3,4.01006555557251,79.11962284499998,86
54284_1.tex,non stop classification greedy,True,1,1.0309183597564695,10.01,14
54341_1.tex,non stop classification greedy,True,6,9.938313961029053,51.00369588,21
54343_1.tex,non stop classification greedy,True,8,16.416599988937378,156.26865465999998,120
54355_1.tex,non stop classification greedy,True,2,4.190130710601807,12.169645874999988,10
54378_2.tex,non stop classification greedy,True,7,14.910460710525513,121.1033591599998,62
54390_2.tex,non stop classification greedy,True,14,30.022077798843384,147.8700386755001,130
54395_1.tex,non stop classification greedy,True,2,2.730396032333374,2.8909950750000064,2
54444_1.tex,non stop classification greedy,True,11,16.486427307128906,150.3398267500002,98
54454_2.tex,non stop classification greedy,True,6,11.563971281051636,58.40082517999999,57
54464_3.tex,non stop classification greedy,True,2,3.314920663833618,4.016204150000164,3
54512_3.tex,non stop classification greedy,True,1,1.831604242324829,0.0,1
54735_1.tex,non stop classification greedy,True,7,12.278809070587158,49.363714016736,82
54785_3.tex,non stop classification greedy,True,4,7.252885341644287,66.83239999999999,36
54838_3.tex,non stop classification greedy,True,9,20.744216918945312,63.84362418959998,117
54862_3.tex,non stop classification greedy,True,6,12.501588106155396,29.46123107000014,35
54894_3.tex,non stop classification greedy,True,10,20.221331357955933,118.3053597,146
54921_2.tex,non stop classification greedy,True,10,13.37343692779541,62.64029517439997,89
54941_2.tex,non stop classification greedy,True,6,7.156960487365723,14.46057133224799,15
54944_3.tex,non stop classification greedy,True,2,1.9371790885925293,2.5017632799999774,2
54949_3.tex,non stop classification greedy,True,5,6.012471675872803,15.627327232000006,17
54953_1.tex,non stop classification greedy,True,19,37.97813940048218,134.69563375000007,78
54977_2.tex,non stop classification greedy,True,9,16.994773864746094,44.99461564999993,34
54986_2.tex,non stop classification greedy,True,6,11.410784244537354,56.09279999999995,40
55017_2.tex,non stop classification greedy,True,12,24.657069206237797,65.97782983865005,64
55023_3.tex,non stop classification greedy,False,23,53.20148539543152,245.28317406975023,189
55294_2.tex,non stop classification greedy,True,3,6.290604114532471,30.15147657470002,26
55363_1.tex,non stop classification greedy,True,13,27.783119440078732,122.63420260446516,102
55403_1.tex,non stop classification greedy,True,3,6.708633899688721,20.901819896000045,36
55438_2.tex,non stop classification greedy,True,4,8.683140516281128,45.2744,30
55439_2.tex,non stop classification greedy,True,3,6.233425378799439,22.6836881200001,24
55455_3.tex,non stop classification greedy,True,10,19.704643964767456,117.62268495811996,84
55470_1.tex,non stop classification greedy,True,13,27.78587317466736,231.7466546650002,202
55828_2.tex,non stop classification greedy,True,6,12.614798307418823,20.45042756800003,21
55988_3.tex,non stop classification greedy,True,3,6.242733955383301,40.53725842217996,57
56033_3.tex,non stop classification greedy,True,17,29.18870234489441,108.21638671700003,113
56083_2.tex,non stop classification greedy,True,4,7.631331920623779,17.377394250000023,11
56261_3.tex,non stop classification greedy,True,3,6.135602474212647,44.65999688744002,97
56349_3.tex,non stop classification greedy,True,5,11.314414262771606,59.96057912308383,47
56355_1.tex,non stop classification greedy,True,7,13.860992193222046,119.5936759386,134
56448_3.tex,non stop classification greedy,True,7,10.705509901046751,37.9492941007709,31
56565_1.tex,non stop classification greedy,True,1,1.4022061824798584,0.0,1
56569_1.tex,non stop classification greedy,True,13,27.510645151138306,72.19922775400099,88
56573_2.tex,non stop classification greedy,True,20,35.68401861190796,133.9789170942072,117
56618_2.tex,non stop classification greedy,True,3,3.83962082862854,8.86761894999998,18
56628_1.tex,non stop classification greedy,True,5,10.054148435592651,45.40607655,53
56645_1.tex,non stop classification greedy,True,34,74.13275837898254,314.29722611625,200
56648_3.tex,non stop classification greedy,True,3,5.960939168930054,12.503494250000188,21
56663_2.tex,non stop classification greedy,True,41,94.5615894794464,703.94920295375,488
56873_2.tex,non stop classification greedy,True,3,3.449427366256714,55.40663846762595,54
56907_2.tex,non stop classification greedy,True,9,16.68273162841797,108.7940369337136,119
57083_2.tex,non stop classification greedy,False,5,8.523592472076416,29.648124080000017,40
57089_2.tex,non stop classification greedy,True,11,18.17306613922119,92.25914856699995,123
57094_2.tex,non stop classification greedy,True,9,19.235398769378666,84.79728390258597,101
57140_2.tex,non stop classification greedy,True,1,1.4977898597717283,13.932291419999956,4
57145_2.tex,non stop classification greedy,True,5,9.499009609222412,34.33761833375001,15
57174_2.tex,non stop classification greedy,True,9,12.418107748031616,62.09821145299992,76
57182_3.tex,non stop classification greedy,True,14,25.726667404174805,120.59949456700004,96
57218_3.tex,non stop classification greedy,True,4,8.121068477630615,21.065926092599952,16
57335_2.tex,non stop classification greedy,True,3,4.047195672988892,32.210135267599924,38
57433_3.tex,non stop classification greedy,True,5,8.29642105102539,34.443970300528434,54
57442_2.tex,non stop classification greedy,True,3,6.11581826210022,15.294940478624923,19
57503_3.tex,non stop classification greedy,True,5,10.880968809127808,37.65437467999999,37
57570_1.tex,non stop classification greedy,True,8,15.324447393417358,121.211654345,24
57589_1.tex,non stop classification greedy,True,2,3.703738212585449,15.82855428,17
57601_2.tex,non stop classification greedy,True,3,5.047915935516357,6.214684008000001,7
57611_3.tex,non stop classification greedy,True,5,5.679518699645996,25.688467774999992,44
57641_3.tex,non stop classification greedy,True,24,52.333800077438354,353.94695451155974,210
57646_2.tex,non stop classification greedy,True,9,21.52903437614441,155.29464581899998,116
57687_1.tex,non stop classification greedy,True,12,24.24761176109314,85.50987075,47
57715_2.tex,non stop classification greedy,True,2,3.9567925930023193,5.24408966399999,8
58057_3.tex,non stop classification greedy,True,4,9.48447847366333,27.89293863999999,45
58059_2.tex,non stop classification greedy,True,7,14.016380310058594,50.69028171900002,102
58061_3.tex,non stop classification greedy,True,35,75.36838102340698,938.2178864837808,292
58062_1.tex,non stop classification greedy,True,10,21.62331295013428,115.27579493400088,183
58098_2.tex,non stop classification greedy,False,8,14.094316482543944,63.80683567099976,132
58114_1.tex,non stop classification greedy,True,7,14.014132261276243,44.44518124999995,55
58117_2.tex,non stop classification greedy,True,8,15.352264881134031,61.27137140499999,68
97895_3.tex,non stop classification greedy,True,3,5.69928503036499,21.33147447200004,13
97951_1.tex,non stop classification greedy,True,2,4.257637977600098,46.29778306000001,67
97998_1.tex,non stop classification greedy,True,2,3.7893612384796143,16.835199999999986,15
98012_1.tex,non stop classification greedy,True,2,3.400764942169189,13.399497096000028,12
98033_2.tex,non stop classification greedy,True,2,3.812942504882813,33.64543253248,44
98047_2.tex,non stop classification greedy,True,3,6.107930898666382,27.787009890000007,39
98137_1.tex,non stop classification greedy,True,6,10.746857404708862,33.15241204379198,33
98216_2.tex,non stop classification greedy,True,4,7.916995286941528,22.18215924800001,34
98242_1.tex,non stop classification greedy,True,26,53.682982444763184,276.72904672375006,402
98257_1.tex,non stop classification greedy,False,2,5.541605234146118,5.010038064275022,8
98345_3.tex,non stop classification greedy,True,1,1.2451341152191162,10.0,17
98419_3.tex,non stop classification greedy,True,3,3.4953908920288086,19.22592460000001,13
98445_1.tex,non stop classification greedy,True,2,2.0828216075897217,17.932949539200102,21
98481_2.tex,non stop classification greedy,True,6,9.689091682434082,70.36134118551995,78
98554_2.tex,non stop classification greedy,True,3,4.742109537124634,19.04965061240001,20
98557_2.tex,non stop classification greedy,True,4,7.879734992980957,24.429844794213963,30
98562_2.tex,non stop classification greedy,True,3,4.121858358383179,40.60092198552,52
98586_3.tex,non stop classification greedy,True,13,24.834418058395386,163.96880177574988,152
98618_2.tex,non stop classification greedy,True,3,5.567831993103027,30.838104999999985,20
98627_1.tex,non stop classification greedy,True,1,1.5971572399139404,0.0,1
98636_1.tex,non stop classification greedy,True,9,12.55211329460144,86.69059655999996,97
98638_1.tex,non stop classification greedy,True,3,5.332287549972534,14.772949999999994,11
98683_1.tex,non stop classification greedy,True,6,10.929592847824097,45.8958943194,65
98707_1.tex,non stop classification greedy,True,44,81.4498119354248,445.7203548597425,438
98711_3.tex,non stop classification greedy,True,24,41.03802418708801,537.2849234239998,488
98726_1.tex,non stop classification greedy,True,6,6.1414995193481445,36.75640920000004,21
98762_2.tex,non stop classification greedy,True,4,4.4717748165130615,43.71182471000003,64
98773_1.tex,non stop classification greedy,True,3,3.142539024353028,9.113200000000036,7
98776_3.tex,non stop classification greedy,True,3,5.62235951423645,6.330618764999997,5
98785_3.tex,non stop classification greedy,True,2,3.571428775787353,15.410818120000034,24
98999_1.tex,non stop classification greedy,True,8,10.001874923706056,52.778934641750006,55
99045_3.tex,non stop classification greedy,True,4,6.340933084487915,62.88412511750002,33
99080_2.tex,non stop classification greedy,False,6,15.281740188598633,57.79717774629202,56
99095_3.tex,non stop classification greedy,True,1,1.5798239707946775,5.244121985519996,5
99098_2.tex,non stop classification greedy,True,5,10.516700983047484,97.11542744500002,77
99106_2.tex,non stop classification greedy,True,7,12.930625438690186,58.16780234132312,91
99130_3.tex,non stop classification greedy,True,4,4.754086971282959,26.065964628096083,58
99143_1.tex,non stop classification greedy,True,17,29.79503965377808,189.71568289627996,175
99165_3.tex,non stop classification greedy,True,10,11.144516468048096,128.4269383750001,73
99192_1.tex,non stop classification greedy,True,2,2.280074119567871,15.131492025600023,14
99206_2.tex,non stop classification greedy,True,5,5.918065547943115,38.20288030880001,46
99209_1.tex,non stop classification greedy,True,2,2.4519758224487305,21.045691529999985,45
99272_1.tex,non stop classification greedy,True,9,17.118667125701904,163.95915574000023,172
99276_3.tex,non stop classification greedy,True,2,2.066158533096313,12.572467020000031,8
99291_2.tex,non stop classification greedy,True,1,0.915919542312622,5.244123524639986,5
99350_2.tex,non stop classification greedy,True,4,8.637107610702515,38.132335000000005,51
99450_2.tex,non stop classification greedy,True,3,5.483440399169922,5.116192594999973,43
99524_1.tex,non stop classification greedy,True,2,3.174900531768799,60.41519804087868,40
99527_1.tex,non stop classification greedy,True,7,15.458567142486572,423.9608678074801,82
99530_2.tex,non stop classification greedy,True,1,1.5681631565093994,8.391422775000024,18
99531_1.tex,non stop classification greedy,True,2,4.498245000839233,17.60660889999994,36
99552_2.tex,non stop classification greedy,True,3,7.32660174369812,100.16332304000002,80
99652_1.tex,non stop classification greedy,True,7,12.688530683517456,151.50787855980002,127
99698_2.tex,non stop classification greedy,True,5,10.01111888885498,84.75872438999998,57
99720_3.tex,non stop classification greedy,True,6,8.097187519073486,98.07064968000005,97
99726_1.tex,non stop classification greedy,True,7,11.74476146697998,102.58441254599995,108
99750_2.tex,non stop classification greedy,True,17,36.63569188117981,227.67369293200008,224
99755_3.tex,non stop classification greedy,True,2,3.878971099853516,13.029400566175,18
99769_3.tex,non stop classification greedy,False,28,52.90200662612915,358.3285214086352,348
99779_2.tex,non stop classification greedy,True,28,48.44979071617127,427.8635253187501,215
99788_1.tex,non stop classification greedy,True,4,4.303157806396484,11.937198329999994,13
99792_2.tex,non stop classification greedy,True,2,2.639085292816162,15.440830224999983,12
99855_2.tex,non stop classification greedy,True,30,49.28313159942627,347.71706257510044,381
99857_3.tex,non stop classification greedy,True,2,1.8780133724212649,2.5019307999999683,2
99899_3.tex,non stop classification greedy,True,13,20.089478015899655,84.58711294000032,133
99929_2.tex,non stop classification greedy,True,3,5.7749342918396,73.93992194375004,26
99990_2.tex,non stop classification greedy,True,1,1.3925228118896484,0.0,1
