,results simple greedy,results heuristic greedy,results non stop heuristic greedy,results model greedy,non stop results classification greedy,results regreession model greedy,results non stop regreession model greedy,results classification regreession model greedy,results classification regreession v2 model greedy
Reduced,30.0,28.0,31.0,20.0,30.0,30.0,30.0,31.0,30.0
Iterations,6.2,4.071428571428571,5.129032258064516,3.65,4.266666666666667,6.033333333333333,6.033333333333333,4.387096774193548,4.4
Time,30.958130081494648,20.412558146885463,25.173823825774654,18.276258718967437,24.470396073659263,29.810818338394164,28.591106486320495,20.291524171829224,21.389127580324807
Cost,40.41151611049999,46.3240940653742,54.80222273974579,43.64617601571307,52.82856418862536,46.96391935171492,46.96391935171492,53.74404240189551,55.461956734458695
Total_operators,6.2,12.214285714285714,36.96774193548387,20.85,24.766666666666666,6.1,6.1,25.225806451612904,25.433333333333334
