,results simple greedy,results heuristic greedy,results non stop heuristic greedy,results model greedy,non stop results classification greedy,results regreession model greedy,results non stop regreession model greedy,results classification regreession model greedy,results classification regreession v2 model greedy
Reduced,56.0,54.0,57.0,40.0,57.0,55.0,55.0,58.0,57.0
Iterations,6.267857142857143,4.333333333333333,5.228070175438597,3.575,4.12280701754386,5.781818181818182,5.781818181818182,4.189655172413793,4.2105263157894735
Time,37.052381264311926,27.308920524738454,33.60754861329731,20.08318641781807,21.600471237249543,35.96639929684726,35.607752002369274,23.453309408549604,22.5334608805807
Cost,42.927472822102864,49.45915738019406,56.05755144310738,38.80793402456905,45.65955884872389,44.75695553408998,44.75695553408998,46.272770305642446,47.20802440354846
Total_operators,6.267857142857143,12.018518518518519,37.01754385964912,18.725,22.280701754385966,5.963636363636364,5.963636363636364,22.603448275862068,22.70175438596491
