,non stop results classification greedy,results heuristic greedy,results model greedy,results non stop heuristic greedy,results non stop regreession model greedy,results regreession model greedy,results simple greedy
Reduced,18.0,18.0,14.0,18.0,16.0,16.0,17.0
Iterations,3.3333333333333335,3.3333333333333335,2.4285714285714284,3.3333333333333335,5.125,5.125,4.529411764705882
Time,16.129276778962875,16.987162113189697,12.22327128478459,16.971351133452522,23.87975625693798,23.85174062848091,25.292838419184964
Cost,35.76421428770898,40.81115181174878,29.062626013340125,36.08986938067332,37.776262907152976,37.776262907152976,31.296222234941176
Total_operators,17.833333333333332,12.055555555555555,15.5,23.38888888888889,5.8125,5.8125,4.529411764705882
