Name,Algorithm,Reduced,Iterations,Time,Cost,Total_operators
1050_3.tex,regreession model greedy,True,6,9.892647743225098,27.06506401199999,6
1424_2.tex,regreession model greedy,True,7,11.488933563232422,44.71231760000001,7
1430_2.tex,regreession model greedy,True,1,1.2409992218017578,0.0,1
1568_1.tex,regreession model greedy,True,2,2.727363109588623,0.0,2
1589_3.tex,regreession model greedy,True,4,6.0094921588897705,14.69885785200001,4
1613_2.tex,regreession model greedy,True,17,28.576112508773804,85.23495991650012,17
2021_2.tex,regreession model greedy,True,6,9.09294295310974,31.404604703736,6
2495_3.tex,regreession model greedy,True,5,7.808172464370727,41.36998084999976,5
2580_1.tex,regreession model greedy,True,12,18.45123243331909,67.16649020322085,12
2584_1.tex,regreession model greedy,True,22,36.406423807144165,161.0291397306513,22
2637_1.tex,regreession model greedy,True,7,11.78544020652771,25.902189139919965,7
2642_2.tex,regreession model greedy,True,9,13.974442958831789,45.26742452161708,12
2659_2.tex,regreession model greedy,True,34,59.99560070037842,271.4740145998141,34
2906_3.tex,regreession model greedy,True,16,27.625568151474,160.385197615579,16
2973_2.tex,regreession model greedy,True,9,15.288731098175049,37.59584360022525,9
3004_1.tex,regreession model greedy,True,11,18.57912564277649,52.73658528393904,11
3051_3.tex,regreession model greedy,True,12,18.858952045440677,80.6332334050004,12
3118_2.tex,regreession model greedy,True,8,13.48337984085083,21.70002000003597,8
3118_3.tex,regreession model greedy,True,11,18.538374423980716,48.9549527188752,11
313_3.tex,regreession model greedy,True,10,14.924412488937378,62.38922040249522,10
316_3.tex,regreession model greedy,True,13,22.02810835838318,128.05149602031804,13
3193_2.tex,regreession model greedy,True,6,9.3053081035614,20.580248799000053,6
3213_2.tex,regreession model greedy,True,5,7.947675943374634,9.757488366800033,5
3224_1.tex,regreession model greedy,True,15,24.93884348869324,83.16025386614406,15
3229_2.tex,regreession model greedy,True,7,11.068619012832642,21.251064869400025,7
3238_3.tex,regreession model greedy,True,7,11.433127403259276,34.717795075000005,7
3771_2.tex,regreession model greedy,True,32,53.63807320594788,211.0461940025002,32
3771_3.tex,regreession model greedy,True,30,49.83186316490173,283.6307677625003,30
3774_1.tex,regreession model greedy,True,23,37.613818645477295,170.23437418349977,52
412_2.tex,regreession model greedy,True,27,44.87032675743103,368.4819483590998,27
4157_3.tex,regreession model greedy,True,18,30.96627950668335,129.63888241433648,18
4161_2.tex,regreession model greedy,True,3,4.813100814819336,5.399132730874953,3
4163_3.tex,regreession model greedy,True,15,24.739898681640625,86.65371305507847,15
4168_3.tex,regreession model greedy,True,14,22.8572416305542,74.685292013202,15
4192_1.tex,regreession model greedy,True,11,17.5525963306427,50.855355184805,11
4202_2.tex,regreession model greedy,True,9,14.370493173599243,36.800347860799896,9
4279_3.tex,regreession model greedy,True,22,35.47088265419006,183.96303781700016,22
4571_3.tex,regreession model greedy,True,6,10.829602241516112,19.63090911000002,6
464_3.tex,regreession model greedy,True,5,7.051262855529785,37.29085269374998,5
4677_2.tex,regreession model greedy,True,1,1.1531684398651123,0.0,1
4681_2.tex,regreession model greedy,True,3,4.081609725952148,8.981456122320054,3
4728_3.tex,regreession model greedy,True,10,15.62704062461853,41.43975635814986,10
4738_1.tex,regreession model greedy,True,7,12.21385931968689,19.996560559272503,7
4808_3.tex,regreession model greedy,True,21,32.839394092559814,118.79919707429612,21
484_2.tex,regreession model greedy,True,16,25.15870428085327,199.00538362374377,55
487_1.tex,regreession model greedy,True,1,1.2922124862670898,6.67230278750003,1
508_3.tex,regreession model greedy,True,28,46.29786944389343,327.4944995179011,55
5147_3.tex,regreession model greedy,True,15,26.990313053131104,117.08269425860036,15
5248_1.tex,regreession model greedy,False,9,16.556084632873535,61.347788719418176,10
5269_2.tex,regreession model greedy,False,9,15.44028115272522,48.55136677342411,10
5338_3.tex,regreession model greedy,True,9,14.377487421035768,55.54674785224002,9
537_2.tex,regreession model greedy,True,3,4.798810005187988,25.3052,3
5385_2.tex,regreession model greedy,True,6,9.90041995048523,26.628455079999966,6
5754_1.tex,regreession model greedy,True,4,6.247363090515137,12.322279790000067,4
5860_1.tex,regreession model greedy,True,4,5.698603391647339,23.92872037500002,4
5887_2.tex,regreession model greedy,True,2,2.918022871017456,7.214766189999992,2
5925_1.tex,regreession model greedy,True,5,7.863253593444824,27.05015219105016,5
6111_3.tex,regreession model greedy,True,4,6.616160392761231,8.09746670175005,4
6127_1.tex,regreession model greedy,True,5,8.598896980285645,11.599016700049988,5
6217_2.tex,regreession model greedy,True,5,7.856798648834228,10.511024765000002,5
6252_1.tex,regreession model greedy,True,10,15.980034589767456,35.46291881319998,10
62909_3.tex,regreession model greedy,True,10,16.97981333732605,34.24453227224795,10
62915_1.tex,regreession model greedy,True,3,4.782482624053955,6.2925787499999615,3
62940_3.tex,regreession model greedy,True,5,8.242000818252563,11.677183569200022,5
62992_1.tex,regreession model greedy,True,15,25.330926418304443,68.9316766000002,15
63052_3.tex,regreession model greedy,True,5,8.258898496627808,9.701443985000026,5
63063_1.tex,regreession model greedy,True,4,6.039054870605469,8.564820789500033,4
63072_1.tex,regreession model greedy,True,12,17.208208799362183,93.00563122500006,12
63117_3.tex,regreession model greedy,True,3,4.844574689865112,6.784037645000012,3
63118_2.tex,regreession model greedy,True,33,60.887664556503296,350.7412301064136,33
63148_2.tex,regreession model greedy,True,9,14.55950403213501,33.12241871199998,9
6330_3.tex,regreession model greedy,True,12,19.586085319519043,82.5618348636,12
6342_1.tex,regreession model greedy,True,24,41.1088502407074,156.84086126156112,24
63451_2.tex,regreession model greedy,True,18,33.2808141708374,78.20456090658783,18
63455_3.tex,regreession model greedy,True,26,49.83269143104553,224.5142434780012,26
63488_3.tex,regreession model greedy,True,11,20.43836522102356,57.78892543400001,11
63502_2.tex,regreession model greedy,True,18,30.79020357131958,98.59081004299614,18
63532_1.tex,regreession model greedy,True,16,25.26585102081299,118.1230198350004,16
6354_3.tex,regreession model greedy,True,6,9.59631872177124,18.05390377300004,6
63576_2.tex,regreession model greedy,True,7,10.25211238861084,39.39770101650507,7
63608_3.tex,regreession model greedy,True,4,6.291917562484741,19.576708110000105,4
63609_2.tex,regreession model greedy,True,43,75.39994812011719,403.9220867379997,43
63668_2.tex,regreession model greedy,True,4,6.064016819000244,20.495771222999945,4
63783_3.tex,regreession model greedy,True,5,8.53762173652649,18.207916917499997,5
63824_1.tex,regreession model greedy,True,18,35.424548864364624,100.49424915101588,18
6387_3.tex,regreession model greedy,True,19,29.2806875705719,148.66667065000013,37
6401_1.tex,regreession model greedy,True,6,9.701669216156006,18.765559725000017,6
64069_2.tex,regreession model greedy,True,11,17.523718118667603,66.65610217999995,11
64129_3.tex,regreession model greedy,True,5,7.861588954925537,15.232492814999986,5
64150_1.tex,regreession model greedy,True,7,11.761301040649414,36.11214591171997,7
64239_1.tex,regreession model greedy,True,29,48.67763066291809,178.9312065977499,29
64252_2.tex,regreession model greedy,True,7,11.051135778427124,29.01028061680005,7
64254_1.tex,regreession model greedy,True,4,6.068373441696167,10.906815871799978,4
64443_2.tex,regreession model greedy,True,14,26.112539052963257,77.67540078542362,14
64443_3.tex,regreession model greedy,False,11,22.593266248703003,58.79756135479694,12
64453_3.tex,regreession model greedy,True,11,19.47883033752441,34.607622819329734,11
64458_3.tex,regreession model greedy,True,8,15.11479377746582,23.31973588679996,8
64468_1.tex,regreession model greedy,True,3,4.902988910675049,6.146186812600007,3
64485_2.tex,regreession model greedy,True,1,1.1303527355194092,0.0,1
64493_1.tex,regreession model greedy,True,6,9.969943523406982,20.5432303,6
64493_2.tex,regreession model greedy,True,9,15.386153221130373,38.05900870500013,9
64580_1.tex,regreession model greedy,True,25,48.36571526527405,144.1208378464019,25
64602_2.tex,regreession model greedy,True,10,17.014795780181885,66.88251680000033,10
64638_1.tex,regreession model greedy,True,4,6.095242977142334,7.355890450000018,4
64671_1.tex,regreession model greedy,True,2,2.99275279045105,2.521723040000012,2
64679_2.tex,regreession model greedy,True,30,51.46006512641907,214.1181258920004,30
64744_1.tex,regreession model greedy,False,21,38.91022109985352,127.24879224700004,22
64745_1.tex,regreession model greedy,True,4,6.184170484542847,16.05002432499998,4
65039_1.tex,regreession model greedy,True,4,6.8659749031066895,21.308222984999983,4
65081_2.tex,regreession model greedy,True,4,6.293291091918945,22.023245744796284,4
65110_2.tex,regreession model greedy,True,9,16.717684268951416,46.840284116375074,9
65271_2.tex,regreession model greedy,True,9,14.019960165023804,65.68556406800002,9
65516_1.tex,regreession model greedy,True,11,20.78431725502014,53.706325281888496,11
65549_1.tex,regreession model greedy,True,4,6.556985855102539,9.446520749599998,4
65584_2.tex,regreession model greedy,True,6,9.327955961227415,22.6107396700001,6
65623_3.tex,regreession model greedy,True,11,18.36565637588501,53.84969351333349,11
65645_2.tex,regreession model greedy,True,11,20.02941417694092,52.294209714375,11
65670_3.tex,regreession model greedy,True,7,11.460081815719604,42.32648713999989,7
65724_2.tex,regreession model greedy,True,6,9.388302326202393,24.748249702496096,6
65752_3.tex,regreession model greedy,True,6,9.488672733306885,27.81354851929613,6
65761_2.tex,regreession model greedy,False,30,55.68865513801575,198.6242355120004,34
65777_2.tex,regreession model greedy,True,10,15.191611051559448,76.0764752,10
65794_3.tex,regreession model greedy,True,4,6.405349493026733,17.965611450000026,4
65816_2.tex,regreession model greedy,True,3,4.53016471862793,9.107351971875024,3
65818_3.tex,regreession model greedy,True,6,9.335328340530396,24.85864388439507,6
65826_2.tex,regreession model greedy,False,14,25.637593746185303,60.45775116312089,15
65826_3.tex,regreession model greedy,True,10,16.64838480949402,41.93237371399996,10
65866_1.tex,regreession model greedy,True,6,9.514867544174194,27.519903854999967,6
65963_1.tex,regreession model greedy,True,10,19.66841006278992,38.86273446139906,10
66087_1.tex,regreession model greedy,True,4,6.890160322189331,15.129503400999948,4
66222_2.tex,regreession model greedy,True,14,23.077662229537964,140.04558298000023,14
66264_2.tex,regreession model greedy,True,4,6.076016426086426,14.033228448000006,4
66278_2.tex,regreession model greedy,True,20,37.69329261779785,94.94736277344111,20
66316_1.tex,regreession model greedy,True,8,14.02885603904724,28.408371674999927,8
66326_3.tex,regreession model greedy,True,10,16.481165170669556,60.09524640000016,10
66333_1.tex,regreession model greedy,True,8,12.799381971359251,32.27260675000028,8
66394_3.tex,regreession model greedy,True,27,49.55067825317383,138.24136638645024,27
66619_2.tex,regreession model greedy,True,10,18.993108987808228,67.95475016239921,10
66624_3.tex,regreession model greedy,True,9,14.88321042060852,50.66010588500027,9
66625_2.tex,regreession model greedy,True,5,8.266610383987427,31.505366280021235,5
66691_2.tex,regreession model greedy,True,6,10.504117727279665,31.113714370000253,6
66697_3.tex,regreession model greedy,True,5,8.116617441177368,29.417958585000072,5
66720_2.tex,regreession model greedy,True,8,12.807920694351196,41.46042089675764,8
66741_2.tex,regreession model greedy,False,18,35.954684019088745,118.36598415616666,19
66773_1.tex,regreession model greedy,True,5,8.227466583251953,22.767378755000124,5
66791_3.tex,regreession model greedy,False,26,51.65988278388977,190.71109498400736,27
66820_3.tex,regreession model greedy,True,4,6.864145755767822,14.834334063350042,4
66842_3.tex,regreession model greedy,True,1,1.137440204620361,5.5279910799999925,1
66895_1.tex,regreession model greedy,True,6,9.498708486557009,34.148786636000025,6
66922_3.tex,regreession model greedy,True,3,4.59447169303894,18.506694080000017,3
67063_2.tex,regreession model greedy,True,4,7.195922136306763,10.265373137499992,4
67134_1.tex,regreession model greedy,False,16,32.28526997566223,138.2442825323662,17
67159_3.tex,regreession model greedy,True,3,5.082067966461182,5.254140633600002,3
67166_3.tex,regreession model greedy,True,12,22.78271532058716,66.70898490544644,12
67197_1.tex,regreession model greedy,True,6,10.397095203399658,29.381885815000047,6
67235_3.tex,regreession model greedy,True,2,3.048682928085327,5.373264840000047,2
67247_1.tex,regreession model greedy,True,26,49.22490334510803,183.9056498520009,26
67272_3.tex,regreession model greedy,True,3,4.758196115493774,6.09044993560002,3
67276_2.tex,regreession model greedy,True,17,30.524975299835205,75.48981797399999,17
67281_2.tex,regreession model greedy,True,16,27.79228401184082,78.36474343840005,16
6731_3.tex,regreession model greedy,True,9,15.320129156112673,102.85064635,9
67367_1.tex,regreession model greedy,True,8,13.527993202209473,23.848473827,8
67405_3.tex,regreession model greedy,True,3,4.308531999588013,12.88574635000002,3
67420_2.tex,regreession model greedy,True,11,17.50311851501465,86.50688900000019,11
67423_3.tex,regreession model greedy,True,11,17.582113027572632,62.3858571100002,11
6755_3.tex,regreession model greedy,True,4,6.766165971755981,24.87034919606804,4
6791_2.tex,regreession model greedy,True,7,12.660470485687256,42.17119673632253,7
6881_3.tex,regreession model greedy,True,12,19.4224271774292,68.01401166706813,12
6897_1.tex,regreession model greedy,True,5,7.87398886680603,20.82949255201504,5
6942_1.tex,regreession model greedy,True,16,24.56373119354248,125.91650558875,16
6975_1.tex,regreession model greedy,True,12,18.605650424957275,70.11184834629414,12
7342_2.tex,regreession model greedy,True,12,22.126544952392575,54.884330787249866,12
7413_1.tex,regreession model greedy,True,43,72.46737408638,604.5956404145836,43
7539_3.tex,regreession model greedy,True,34,57.28334665298462,255.6907500200205,34
7556_2.tex,regreession model greedy,True,29,52.12987995147705,170.29203532930836,29
7774_1.tex,regreession model greedy,True,12,22.70005798339844,57.36856603397507,12
7877_3.tex,regreession model greedy,True,4,6.636590957641602,9.139168456874955,4
7880_2.tex,regreession model greedy,True,4,7.278973817825317,18.610376093750176,4
7909_3.tex,regreession model greedy,True,4,6.069741487503052,11.530423050000053,4
7919_3.tex,regreession model greedy,True,18,29.08873391151428,122.03860430000024,18
7925_1.tex,regreession model greedy,True,19,32.40455985069275,174.37517519640164,19
7977_1.tex,regreession model greedy,True,36,63.00702905654907,328.3402467284972,36
7995_2.tex,regreession model greedy,True,8,12.229532480239868,52.9629539999999,8
8019_2.tex,regreession model greedy,True,4,6.188156127929688,16.863570343750013,4
8085_1.tex,regreession model greedy,True,11,18.175397157669067,47.37350111375005,11
8373_1.tex,regreession model greedy,True,13,22.007811069488525,94.83768340660002,13
8413_3.tex,regreession model greedy,True,27,44.87461757659912,251.4422740714776,27
8481_1.tex,regreession model greedy,True,22,38.33672261238098,198.74093033071176,22
8492_1.tex,regreession model greedy,True,6,9.923921823501589,39.943029278250215,6
8531_2.tex,regreession model greedy,True,9,14.990300178527832,44.626819102000056,9
858_2.tex,regreession model greedy,True,14,24.554871082305908,88.04039332863822,15
8614_1.tex,regreession model greedy,True,18,30.256497144699097,113.71640467306706,18
8621_2.tex,regreession model greedy,True,31,52.82321286201477,241.97945527991143,31
8953_3.tex,regreession model greedy,True,10,16.0100417137146,55.78139096552375,10
8954_1.tex,regreession model greedy,True,3,4.833446502685547,13.82222484500005,3
8959_1.tex,regreession model greedy,True,12,21.922003030776978,63.317890465272654,12
9032_1.tex,regreession model greedy,True,6,9.38088583946228,26.620016463749977,6
101767_1.tex,regreession model greedy,True,23,60.53118562698364,192.27090657500108,23
101798_3.tex,regreession model greedy,True,5,12.050228357315063,12.865324354107202,5
101813_1.tex,regreession model greedy,True,11,27.11111831665039,37.81071856799997,11
101830_3.tex,regreession model greedy,True,4,10.833997964859009,12.457021251649904,4
101836_2.tex,regreession model greedy,True,23,75.34065413475037,130.33518767981417,23
101840_3.tex,regreession model greedy,True,17,53.40830636024475,79.61444552500049,17
101918_1.tex,regreession model greedy,True,16,40.987308740615845,75.96991372179997,16
101980_1.tex,regreession model greedy,True,9,20.855008840560917,48.8157391,9
102128_3.tex,regreession model greedy,True,18,49.58815860748291,115.08169697040046,19
102227_1.tex,regreession model greedy,True,5,10.84564471244812,22.41234103300005,5
102289_2.tex,regreession model greedy,True,8,17.805238962173462,50.55436398000054,8
102320_3.tex,regreession model greedy,True,9,21.571690320968628,52.531948213271015,9
102343_2.tex,regreession model greedy,True,4,8.449117660522461,20.42521683499996,4
102358_1.tex,regreession model greedy,True,13,32.31832790374756,58.44331653279988,13
102404_1.tex,regreession model greedy,True,6,11.856460094451904,37.69068585500026,6
102419_3.tex,regreession model greedy,True,2,4.231304883956909,12.327236830000288,2
102428_3.tex,regreession model greedy,True,7,16.916267156600952,52.41264538124,7
102467_3.tex,regreession model greedy,True,8,22.56338381767273,38.49507855400014,8
102489_2.tex,regreession model greedy,True,53,136.63075041770935,458.7979347425602,53
102564_3.tex,regreession model greedy,False,24,58.335078954696655,155.63186733224595,25
102740_2.tex,regreession model greedy,True,5,12.12593412399292,29.42668852500004,6
102797_2.tex,regreession model greedy,False,41,104.68354535102844,2346.2074037245443,41
102798_3.tex,regreession model greedy,True,7,18.16659927368164,25.10610581159996,7
102819_1.tex,regreession model greedy,True,12,31.35630798339844,77.84377606500001,12
102919_2.tex,regreession model greedy,True,12,33.48739767074585,73.41604306200011,12
102931_1.tex,regreession model greedy,True,5,12.180667877197266,14.996017864999985,5
103028_3.tex,regreession model greedy,True,23,55.80088186264038,123.1293728668502,23
103042_1.tex,regreession model greedy,True,7,14.117395401000977,30.984236799999948,7
103050_3.tex,regreession model greedy,False,7,17.053067684173584,22.251256115000032,8
103074_3.tex,regreession model greedy,True,6,11.965294122695925,20.48081151500004,6
103090_3.tex,regreession model greedy,True,4,7.655969619750977,11.30650722499999,4
103099_2.tex,regreession model greedy,True,3,5.401692390441895,8.053274635600019,3
103230_2.tex,regreession model greedy,True,11,25.52100133895874,35.63887625917002,11
103240_3.tex,regreession model greedy,True,6,13.386122941970823,30.8594305362502,6
103257_2.tex,regreession model greedy,True,9,19.72424602508545,50.94917593999999,9
103265_1.tex,regreession model greedy,True,9,19.4520423412323,38.41829446625003,9
103316_2.tex,regreession model greedy,True,9,18.35149455070496,41.90980258300007,9
103318_1.tex,regreession model greedy,True,3,6.050755262374878,10.512685664000024,3
103322_3.tex,regreession model greedy,True,18,41.35777425765991,137.54604396838926,18
103421_3.tex,regreession model greedy,True,16,36.433066606521606,81.48557716868635,16
103466_1.tex,regreession model greedy,True,12,26.57833337783813,78.20489843999991,12
103486_1.tex,regreession model greedy,True,16,37.99401140213013,82.0278017900003,16
103495_2.tex,regreession model greedy,True,5,9.318546056747437,16.552660740000064,5
103524_3.tex,regreession model greedy,True,6,11.817124366760254,20.28027597500008,6
103600_3.tex,regreession model greedy,True,15,29.6340754032135,88.3333413187504,15
103623_2.tex,regreession model greedy,True,8,15.431103706359863,31.84618853180004,8
103935_1.tex,regreession model greedy,True,1,1.5373594760894775,6.755339279999987,1
103943_1.tex,regreession model greedy,True,9,20.48497176170349,44.00896957000012,9
103952_2.tex,regreession model greedy,True,17,38.55209136009216,212.23034497899997,17
103984_3.tex,regreession model greedy,True,8,17.599846124649048,38.91597339312564,8
104017_1.tex,regreession model greedy,True,9,16.698244333267212,50.99897841000053,9
104024_2.tex,regreession model greedy,True,18,38.16481852531433,180.18567611999973,18
104028_3.tex,regreession model greedy,False,11,25.04773235321045,70.16448343000016,12
104093_2.tex,regreession model greedy,True,12,26.906790256500244,54.8003633932091,12
104095_2.tex,regreession model greedy,True,19,45.22000741958618,109.16063542555028,19
104098_1.tex,regreession model greedy,True,11,24.77541947364807,50.034236359014976,11
104128_1.tex,regreession model greedy,True,3,5.508650541305542,18.51119782999993,3
104154_3.tex,regreession model greedy,True,7,13.122023582458496,30.11493986119508,7
104167_2.tex,regreession model greedy,True,5,9.203516483306885,26.036758457275063,5
104200_2.tex,regreession model greedy,True,2,3.864339590072632,16.836195960000012,2
104289_1.tex,regreession model greedy,True,13,29.73972249031067,58.541528203000304,13
104314_2.tex,regreession model greedy,True,7,16.624179363250732,32.191681951258936,7
104420_1.tex,regreession model greedy,True,16,36.61271142959595,92.7371592488983,16
104428_3.tex,regreession model greedy,True,8,16.792126893997192,31.54559325600013,8
104434_1.tex,regreession model greedy,True,15,34.452701807022095,58.89461777675709,15
104470_1.tex,regreession model greedy,True,13,26.10764479637146,98.03148506000048,13
104481_3.tex,regreession model greedy,True,23,50.38836026191712,202.2577393040903,23
104540_2.tex,regreession model greedy,True,17,36.77409362792969,75.82305187641443,17
104557_3.tex,regreession model greedy,True,13,28.8852653503418,101.19474565000068,13
104566_3.tex,regreession model greedy,True,7,15.88065242767334,58.38183098750003,7
104585_3.tex,regreession model greedy,True,1,1.5043489933013916,3.7007706800000335,1
104598_1.tex,regreession model greedy,True,19,40.94168543815613,148.08307932476026,19
104601_1.tex,regreession model greedy,True,17,34.59349727630615,109.26133432668612,17
104608_3.tex,regreession model greedy,True,6,12.777747869491575,19.384489929000203,6
104651_1.tex,regreession model greedy,False,19,41.64670252799988,92.90132603605416,20
104678_3.tex,regreession model greedy,False,10,21.27919602394104,44.35963513000013,11
104686_2.tex,regreession model greedy,True,19,37.6664936542511,129.9382259312501,19
104715_2.tex,regreession model greedy,False,25,52.85794615745544,145.20643953850026,26
104841_1.tex,regreession model greedy,True,1,1.4958248138427734,0.0,1
104916_1.tex,regreession model greedy,True,4,7.447142839431763,13.713314610000054,4
104973_2.tex,regreession model greedy,True,20,43.3651556968689,113.44930010355044,20
104988_1.tex,regreession model greedy,True,4,7.613816976547241,17.664830900000034,4
105006_2.tex,regreession model greedy,True,14,30.316850662231445,117.6540417800002,14
105030_2.tex,regreession model greedy,True,9,17.884419441223145,28.41819210000048,9
105062_3.tex,regreession model greedy,True,13,26.609988927841187,67.3124469244961,13
105080_2.tex,regreession model greedy,True,2,3.855231046676636,4.025165450000003,2
105135_1.tex,regreession model greedy,True,24,53.118834495544434,177.2876709441213,24
105162_3.tex,regreession model greedy,True,18,37.46445775032044,126.47923633600004,18
105175_1.tex,regreession model greedy,True,12,25.0253643989563,63.92906789225218,12
105216_3.tex,regreession model greedy,True,19,37.89070010185242,132.9064167437504,19
105234_2.tex,regreession model greedy,True,2,3.551654100418091,0.0,2
105269_1.tex,regreession model greedy,True,19,37.34975337982178,91.67006817850007,19
105284_2.tex,regreession model greedy,True,48,105.66569352149963,344.4212773812254,48
105470_1.tex,regreession model greedy,True,21,48.05722618103027,201.4377899805112,62
105500_3.tex,regreession model greedy,True,19,45.02332592010498,111.82103833125042,19
105544_1.tex,regreession model greedy,True,6,11.867876529693604,41.639661219999965,6
105551_3.tex,regreession model greedy,True,5,10.035828113555908,33.045296959999924,5
105553_1.tex,regreession model greedy,True,7,13.199025392532349,40.92700205627109,7
58175_3.tex,regreession model greedy,True,11,20.937648057937626,46.20433270262494,11
58206_2.tex,regreession model greedy,True,39,81.8346357345581,341.50696961500034,39
58211_3.tex,regreession model greedy,True,43,89.46815252304077,311.0380103976752,43
58234_1.tex,regreession model greedy,False,11,26.78740382194519,73.38480381249994,12
58246_3.tex,regreession model greedy,True,4,7.108039855957031,8.923226800000009,4
58253_1.tex,regreession model greedy,True,4,7.5771636962890625,5.797692415,4
58276_2.tex,regreession model greedy,True,3,5.21667742729187,2.5038397625000077,3
58281_3.tex,regreession model greedy,True,44,89.80527758598328,371.4003621182501,45
58302_1.tex,regreession model greedy,True,37,77.7634015083313,324.99548572900034,37
58583_2.tex,regreession model greedy,True,6,12.33893585205078,38.64760952459994,6
58598_1.tex,regreession model greedy,True,11,22.928751707077023,74.49845238233661,11
58626_3.tex,regreession model greedy,True,17,37.116225242614746,102.0430160567207,17
58630_2.tex,regreession model greedy,True,7,16.184902667999268,33.06158071239995,7
58671_2.tex,regreession model greedy,True,4,8.226863622665405,22.388187470000148,4
58724_3.tex,regreession model greedy,True,9,18.23692631721497,45.46303531144403,9
58725_3.tex,regreession model greedy,True,22,50.34390449523926,220.369713456432,22
58744_2.tex,regreession model greedy,True,2,3.510080099105835,9.701541152759964,2
58765_1.tex,regreession model greedy,False,3,7.215707063674927,21.334810593749975,4
58775_3.tex,regreession model greedy,True,4,7.017858505249023,33.72379595999999,4
58807_2.tex,regreession model greedy,True,4,7.676584482192993,23.40386409964011,4
58816_1.tex,regreession model greedy,True,17,32.79433226585388,139.47958124900032,17
58844_2.tex,regreession model greedy,True,25,49.11855387687683,200.68745857100012,25
59024_1.tex,regreession model greedy,True,6,13.439335584640505,31.08922195425769,6
59055_2.tex,regreession model greedy,True,2,3.637917995452881,5.09329081250003,2
59234_3.tex,regreession model greedy,True,4,7.888584613800049,13.649206560500003,4
59236_3.tex,regreession model greedy,True,12,25.128445625305176,64.161383471,12
59290_3.tex,regreession model greedy,True,7,13.60882568359375,29.763337068800052,7
59321_3.tex,regreession model greedy,True,27,53.78685998916626,305.8927477625013,27
59342_2.tex,regreession model greedy,False,2,5.920316457748413,3.703607080000012,3
59345_3.tex,regreession model greedy,True,9,19.51723337173462,41.53756337800026,9
59356_1.tex,regreession model greedy,True,21,42.561723709106445,142.95262854800066,21
59399_2.tex,regreession model greedy,True,13,26.786831617355347,57.33714784000015,13
59609_3.tex,regreession model greedy,True,8,18.037166595458984,27.04266291499995,8
59685_1.tex,regreession model greedy,True,11,24.86735463142395,53.33169154440005,11
59721_2.tex,regreession model greedy,True,28,64.03039383888245,183.55722007000008,28
59739_2.tex,regreession model greedy,True,13,27.01653861999512,96.68241760000004,13
59765_1.tex,regreession model greedy,True,5,10.006041526794434,13.41659833999998,5
59768_3.tex,regreession model greedy,True,1,1.527592420578003,0.0,1
59795_1.tex,regreession model greedy,True,2,3.36718487739563,2.506202031800001,2
59872_1.tex,regreession model greedy,True,5,9.95893406867981,28.800914713496024,5
59885_3.tex,regreession model greedy,True,4,9.923786163330078,11.9011196,4
59886_1.tex,regreession model greedy,True,11,23.027984142303467,68.53659573499996,11
59889_1.tex,regreession model greedy,True,14,27.25650978088379,65.60063212900016,14
59910_3.tex,regreession model greedy,True,14,29.40489268302917,59.70501628270704,14
60111_2.tex,regreession model greedy,True,6,12.854883193969728,27.122223341270967,6
60135_3.tex,regreession model greedy,True,4,9.004260301589966,26.343152841200016,4
60187_3.tex,regreession model greedy,True,9,21.31956434249878,77.70405899374997,10
60226_3.tex,regreession model greedy,True,3,5.493042469024658,16.357887188000046,3
60273_3.tex,regreession model greedy,True,13,27.713425636291504,100.94141627000003,13
60322_1.tex,regreession model greedy,True,6,18.63816237449646,34.45673281123999,6
60377_3.tex,regreession model greedy,True,5,10.722985744476318,29.43275268000005,5
60404_2.tex,regreession model greedy,True,21,44.87408089637756,147.89244586999996,21
60425_2.tex,regreession model greedy,True,5,9.78918170928955,23.495124421000018,5
60657_2.tex,regreession model greedy,True,3,7.721163988113403,11.968179950000009,3
60659_3.tex,regreession model greedy,True,5,10.436142683029177,16.316151,5
60689_2.tex,regreession model greedy,True,19,42.29904556274414,115.665365002641,19
60774_2.tex,regreession model greedy,True,5,10.827314376831056,21.897577851974575,5
60785_1.tex,regreession model greedy,True,22,48.08935236930847,150.56075019659988,22
60836_3.tex,regreession model greedy,True,12,24.04916214942932,67.85720899999993,12
60865_1.tex,regreession model greedy,True,31,64.97115135192871,289.11460231165034,65
60914_2.tex,regreession model greedy,True,15,29.807432174682617,236.55348615000003,15
60950_2.tex,regreession model greedy,True,3,5.310439586639404,14.913594000000082,3
60966_1.tex,regreession model greedy,True,3,5.869050025939941,6.981839564999973,3
60967_3.tex,regreession model greedy,True,2,3.477700710296631,5.500259199999988,2
60972_2.tex,regreession model greedy,True,20,39.38542461395264,138.27859246700007,20
60987_3.tex,regreession model greedy,False,11,24.805046319961548,45.67390961900001,12
61011_3.tex,regreession model greedy,True,6,11.938302040100098,22.506470273750004,6
61122_2.tex,regreession model greedy,True,7,15.691479682922363,23.457273082005003,7
61191_3.tex,regreession model greedy,True,1,1.753699541091919,0.0,1
61231_3.tex,regreession model greedy,True,1,1.4986536502838137,0.0,1
61257_1.tex,regreession model greedy,True,2,3.629837036132813,0.0,2
61290_3.tex,regreession model greedy,True,9,19.76469731330872,32.45179307500018,9
61291_2.tex,regreession model greedy,True,1,1.5286448001861572,0.0,1
61327_2.tex,regreession model greedy,True,12,26.255061864852905,46.00554616299989,12
61456_1.tex,regreession model greedy,True,12,24.08654284477234,141.81955763125,12
61470_3.tex,regreession model greedy,True,3,5.691213846206665,3.596379599999992,3
61520_2.tex,regreession model greedy,True,19,37.21084380149841,122.14698364324995,19
61529_1.tex,regreession model greedy,True,10,21.054195165634155,37.524719698252,10
61811_3.tex,regreession model greedy,True,6,11.62196922302246,41.87213543000002,6
61837_3.tex,regreession model greedy,True,6,12.178134679794312,41.61216957434997,6
61847_2.tex,regreession model greedy,True,8,16.16364574432373,53.28355465100015,8
61861_2.tex,regreession model greedy,False,8,17.93097758293152,44.35864981975274,9
61869_1.tex,regreession model greedy,True,16,35.42710041999817,121.19637111812544,16
61873_3.tex,regreession model greedy,True,17,35.31423759460449,100.5026555525999,17
61947_1.tex,regreession model greedy,True,9,17.898550748825073,47.718951906,9
62000_3.tex,regreession model greedy,True,9,17.87964677810669,96.7956616900001,9
62039_2.tex,regreession model greedy,True,3,5.532221078872681,17.524174404000053,3
62051_1.tex,regreession model greedy,True,20,42.26136565208435,148.1811550341003,20
62093_3.tex,regreession model greedy,True,4,7.369336605072021,16.980644410000018,4
62269_3.tex,regreession model greedy,False,12,27.15524673461914,85.71195260566793,13
62278_3.tex,regreession model greedy,False,14,35.56400752067566,100.12258182078804,15
62355_1.tex,regreession model greedy,True,5,11.066978216171265,17.01267106200003,5
62384_1.tex,regreession model greedy,True,18,38.44363045692444,107.99558446817632,18
62459_1.tex,regreession model greedy,True,6,10.316241979599,27.05077472500018,6
62486_2.tex,regreession model greedy,True,6,11.799356460571287,23.86582219078399,6
62495_1.tex,regreession model greedy,True,4,7.570450305938721,16.036994425000017,4
62569_3.tex,regreession model greedy,True,14,25.22911691665649,82.94132818149605,14
62574_3.tex,regreession model greedy,True,8,15.691802024841309,34.4713453310925,8
62742_2.tex,regreession model greedy,True,14,33.55169057846069,56.01962047500005,14
62804_1.tex,regreession model greedy,True,10,22.048545360565186,33.569396457500176,10
105570_3.tex,regreession model greedy,True,1,2.7244038581848145,7.126909160000054,1
105582_1.tex,regreession model greedy,True,12,30.885539293289185,71.71250808530012,12
105592_3.tex,regreession model greedy,False,8,29.653834342956543,45.46207247103044,9
105603_1.tex,regreession model greedy,True,11,35.26094698905945,51.936188403200255,11
105631_2.tex,regreession model greedy,True,9,23.037291765213013,75.83740008000007,9
105637_2.tex,regreession model greedy,True,10,30.04365348815918,77.37120676000092,10
105646_2.tex,regreession model greedy,True,8,21.408690452575684,58.28856613000044,8
105646_3.tex,regreession model greedy,True,3,4.806885957717896,20.29203649750013,3
105650_1.tex,regreession model greedy,True,14,33.635868072509766,107.31016892999996,14
105703_2.tex,regreession model greedy,True,2,4.518075704574585,10.236545680000006,2
105744_3.tex,regreession model greedy,True,7,14.376145124435425,41.52475695499998,7
105760_2.tex,regreession model greedy,True,21,48.365349769592285,167.2775191600005,21
105760_3.tex,regreession model greedy,True,9,20.11078000068665,49.31889358000015,9
105787_1.tex,regreession model greedy,True,16,31.31955885887146,99.00042509700005,16
105831_2.tex,regreession model greedy,True,12,27.49366855621338,61.680947918000015,12
105835_3.tex,regreession model greedy,True,34,85.12810015678406,249.765641328639,34
105930_3.tex,regreession model greedy,True,20,52.87767815589905,165.60590099502588,34
105989_3.tex,regreession model greedy,True,3,7.191380262374878,8.112500611125,3
106011_3.tex,regreession model greedy,True,32,81.61824154853821,550.6784028095485,32
106013_1.tex,regreession model greedy,True,5,9.262554407119753,18.88228871076005,5
106017_3.tex,regreession model greedy,True,7,16.50830841064453,27.62020685299999,7
106072_2.tex,regreession model greedy,True,12,27.00353479385376,130.72365395000006,12
106108_1.tex,regreession model greedy,True,2,3.771270036697388,7.718037187999994,2
106122_3.tex,regreession model greedy,True,16,32.384183406829834,107.09182007941422,16
106160_1.tex,regreession model greedy,True,9,20.157069206237797,39.57566501665016,9
106199_3.tex,regreession model greedy,True,24,56.54598236083984,158.85327474000056,24
106210_3.tex,regreession model greedy,True,10,25.178143978118896,44.59902000400005,10
106270_3.tex,regreession model greedy,True,24,63.363306283950806,142.67227142400003,24
106328_3.tex,regreession model greedy,True,7,16.29633116722107,39.87635332200011,7
106334_2.tex,regreession model greedy,True,37,76.12438917160034,289.54233148580005,37
106346_2.tex,regreession model greedy,True,4,7.232723712921143,10.553965032120942,4
106359_3.tex,regreession model greedy,False,22,45.14251136779785,123.55708034250002,23
106364_1.tex,regreession model greedy,True,8,14.717655897140505,36.913467589500094,8
106364_3.tex,regreession model greedy,True,18,37.24703741073608,78.57078550626804,18
106436_3.tex,regreession model greedy,True,17,38.901803731918335,85.01207699011478,17
106442_2.tex,regreession model greedy,True,13,31.502408266067505,72.82074388084929,20
106487_2.tex,regreession model greedy,True,3,6.547204494476318,6.299083425499987,3
106527_1.tex,regreession model greedy,True,11,26.77461051940918,54.85691860146805,11
106571_3.tex,regreession model greedy,True,20,44.52868175506592,81.00525483394412,20
106581_2.tex,regreession model greedy,True,3,5.4196531772613525,7.56537299095001,3
106583_1.tex,regreession model greedy,True,6,11.02715015411377,15.890116803200243,6
106599_2.tex,regreession model greedy,True,14,30.00985550880432,114.21289507499986,14
106645_3.tex,regreession model greedy,True,1,1.4266231060028076,0.0,1
106685_2.tex,regreession model greedy,True,3,5.52570366859436,5.844973594400017,3
106711_3.tex,regreession model greedy,True,8,11.055046081542969,30.58717282499989,8
106715_1.tex,regreession model greedy,True,27,47.97044849395752,214.94887972999976,27
106754_3.tex,regreession model greedy,True,17,35.01208567619324,98.46443888900012,17
106785_1.tex,regreession model greedy,True,13,23.480167388916016,47.98654513027503,13
106794_3.tex,regreession model greedy,True,11,23.14675521850586,43.15031360800027,11
106865_3.tex,regreession model greedy,True,26,54.01721096038818,150.52898136400012,26
106878_2.tex,regreession model greedy,True,43,87.80087518692017,352.6792965139997,43
106890_2.tex,regreession model greedy,False,33,68.0576581954956,301.1061779860005,34
106900_3.tex,regreession model greedy,False,28,57.99770665168762,170.52188354899977,29
107151_1.tex,regreession model greedy,True,16,33.65224528312683,140.50036693000055,16
107151_3.tex,regreession model greedy,True,14,24.335262537002563,79.93193960499998,14
107182_1.tex,regreession model greedy,True,1,1.4655404090881348,4.370101911120003,1
107209_2.tex,regreession model greedy,True,4,7.704410314559936,14.240842990249956,4
107217_3.tex,regreession model greedy,True,5,9.665260314941406,24.269938944528075,5
107283_2.tex,regreession model greedy,True,16,31.756819009780884,115.8422150829998,16
107300_1.tex,regreession model greedy,True,1,1.8314025402069087,7.301946920000006,1
107337_1.tex,regreession model greedy,True,15,30.571821212768555,89.69699805668597,15
107372_1.tex,regreession model greedy,True,7,16.28450655937195,41.3742845999999,7
107400_2.tex,regreession model greedy,True,8,16.623168230056763,36.10554344299999,8
107448_3.tex,regreession model greedy,True,12,26.49166822433472,61.762408546000174,12
107487_3.tex,regreession model greedy,True,2,4.539250612258911,3.7031470800000506,2
107555_1.tex,regreession model greedy,True,5,10.169043064117432,18.339789032649964,5
107593_2.tex,regreession model greedy,True,11,20.05158853530884,48.5898498549999,13
107631_1.tex,regreession model greedy,True,10,17.19663429260254,45.46423429200049,10
107651_2.tex,regreession model greedy,True,10,19.17596673965454,52.15019023650001,10
107672_3.tex,regreession model greedy,True,19,37.814327001571655,95.21260471000164,19
107697_1.tex,regreession model greedy,True,6,11.2072434425354,28.57797076625016,6
107711_3.tex,regreession model greedy,True,4,7.321231365203857,19.99449145500003,4
107714_2.tex,regreession model greedy,True,3,5.526771545410156,9.241183952650031,3
107717_3.tex,regreession model greedy,True,2,3.41113018989563,5.694023395000002,2
107741_3.tex,regreession model greedy,True,14,25.708984375,80.63362724971401,14
107749_1.tex,regreession model greedy,True,16,32.760721921920776,84.03896093639754,16
107769_3.tex,regreession model greedy,True,12,24.81624746322632,40.60642911735735,12
107785_1.tex,regreession model greedy,True,6,9.674896717071531,29.849522315,6
107861_2.tex,regreession model greedy,True,2,2.2414567470550537,5.021515364149991,2
107899_2.tex,regreession model greedy,True,26,52.76807999610901,179.65159058999984,26
107917_3.tex,regreession model greedy,True,2,3.955202341079712,2.799304580000026,2
107934_3.tex,regreession model greedy,False,14,28.420528888702396,63.702198824759925,15
107966_1.tex,regreession model greedy,True,10,15.795587062835692,41.65514551447099,10
108064_2.tex,regreession model greedy,True,11,22.01314163208008,57.333209674875874,11
108092_3.tex,regreession model greedy,True,13,27.603489875793457,44.3956203483299,13
108130_3.tex,regreession model greedy,True,3,5.6388585567474365,3.806034549999993,3
108170_2.tex,regreession model greedy,True,11,20.070205450057983,48.578408281000414,11
108175_1.tex,regreession model greedy,True,22,47.9499568939209,119.94945415370005,22
108183_3.tex,regreession model greedy,True,10,22.00121545791626,34.22922517724989,10
108207_2.tex,regreession model greedy,True,20,38.73698329925537,95.77876580634997,20
108229_3.tex,regreession model greedy,True,3,5.984464168548584,11.22498029999997,3
108232_2.tex,regreession model greedy,True,12,25.67554497718811,61.21608922499998,12
108245_1.tex,regreession model greedy,True,13,27.578243732452396,75.22333801250025,13
108266_2.tex,regreession model greedy,True,6,12.23039960861206,12.302472760000086,6
108314_2.tex,regreession model greedy,True,6,11.844899654388428,19.001855620000008,6
108326_2.tex,regreession model greedy,False,6,15.505908250808716,17.54829402499999,7
108339_3.tex,regreession model greedy,True,3,6.232792139053345,5.977490149999966,3
108344_2.tex,regreession model greedy,True,1,1.8532979488372805,0.0,1
108384_1.tex,regreession model greedy,False,30,58.88620901107788,212.77786276500015,31
108386_2.tex,regreession model greedy,True,12,25.150832414627075,61.66483588000027,12
108417_1.tex,regreession model greedy,True,2,3.526062488555908,2.5062013055249963,2
108425_3.tex,regreession model greedy,True,4,6.333656549453735,13.181126873250022,4
108428_1.tex,regreession model greedy,True,5,10.131897926330566,12.119880703550006,5
108499_3.tex,regreession model greedy,True,15,28.81267619132996,66.86834249854809,15
108508_3.tex,regreession model greedy,True,5,9.651821851730348,19.733042314999977,5
108610_3.tex,regreession model greedy,True,5,9.745041131973268,24.87795638499996,5
108675_2.tex,regreession model greedy,True,7,12.982031345367432,47.15209948500021,7
108679_2.tex,regreession model greedy,True,1,1.488274335861206,5.597381849999977,1
108716_3.tex,regreession model greedy,True,15,27.30951356887817,99.32476928100108,15
108735_3.tex,regreession model greedy,True,9,17.56673312187195,41.14204981820001,9
108789_1.tex,regreession model greedy,True,7,15.162753582000732,31.766591400000134,7
108812_2.tex,regreession model greedy,True,20,38.75867033004761,176.85919987300025,20
108832_2.tex,regreession model greedy,True,5,9.43322253227234,24.888424032999996,5
108850_2.tex,regreession model greedy,True,11,22.6978223323822,93.91557150951998,11
108914_3.tex,regreession model greedy,True,14,25.79155921936035,87.61765305200026,14
108929_2.tex,regreession model greedy,True,30,58.02965188026428,221.9693128166677,30
108936_3.tex,regreession model greedy,True,7,11.633017539978027,35.61543536680007,7
109008_3.tex,regreession model greedy,True,7,12.067705154418944,36.54016058300001,7
109031_2.tex,regreession model greedy,True,19,36.29224181175232,122.27963782825007,19
109036_2.tex,regreession model greedy,False,28,56.30503225326538,229.3263991545003,29
109145_1.tex,regreession model greedy,True,3,5.9342942237854,15.091279509999993,3
109168_1.tex,regreession model greedy,True,23,49.383511543273926,219.01488758410127,23
109219_3.tex,regreession model greedy,True,1,1.6514358520507812,5.504261079999992,1
109244_1.tex,regreession model greedy,True,3,6.144176244735718,8.234018754599997,3
109323_3.tex,regreession model greedy,True,11,22.432770013809204,48.21057281500066,11
109329_3.tex,regreession model greedy,True,7,14.38821506500244,35.10859520875022,7
109339_3.tex,regreession model greedy,True,1,1.414442777633667,2.504289540000002,1
109350_3.tex,regreession model greedy,True,6,11.77609658241272,23.60960752099997,6
109413_1.tex,regreession model greedy,True,2,2.1678571701049805,3.075459639999991,2
109416_2.tex,regreession model greedy,True,6,10.5574369430542,21.792947640000023,6
109542_3.tex,regreession model greedy,True,10,19.19822406768799,48.11947360000006,10
109579_1.tex,regreession model greedy,False,27,52.45566987991333,174.96091208300015,28
109759_2.tex,regreession model greedy,True,14,30.74997878074646,94.9617338500016,14
109761_2.tex,regreession model greedy,True,1,1.4462602138519287,0.0,1
109773_1.tex,regreession model greedy,True,18,32.70570373535156,124.79809915299997,18
109829_1.tex,regreession model greedy,True,17,32.20716309547424,76.00215557140035,17
109834_1.tex,regreession model greedy,True,19,36.8020703792572,94.68233708634996,19
109852_3.tex,regreession model greedy,True,4,7.159385681152344,10.910271664999982,4
109874_2.tex,regreession model greedy,True,18,40.004488468170166,184.29421454275,18
109880_2.tex,regreession model greedy,True,3,5.343338251113892,6.026258354999982,3
109880_3.tex,regreession model greedy,True,16,31.672654628753666,76.09587330299993,16
109890_2.tex,regreession model greedy,True,7,12.893768787384031,14.88455709699996,7
109904_2.tex,regreession model greedy,True,26,54.873512744903564,140.5203451817074,26
109910_3.tex,regreession model greedy,True,12,21.958575010299683,39.8921856204,12
109911_2.tex,regreession model greedy,True,9,18.0316641330719,31.09602065800006,9
109974_1.tex,regreession model greedy,True,12,24.1275155544281,60.64607290000002,12
110069_1.tex,regreession model greedy,True,6,12.296008110046388,18.319544689999997,6
110087_1.tex,regreession model greedy,True,16,31.51701259613037,74.62963606600005,16
110099_3.tex,regreession model greedy,True,7,14.363665580749512,20.655222102500005,7
110258_1.tex,regreession model greedy,True,8,17.204825162887573,52.50308285924862,8
110259_3.tex,regreession model greedy,True,5,11.013593912124634,26.4771363090002,5
110264_1.tex,regreession model greedy,True,8,15.867136716842651,43.131190607652,8
110264_3.tex,regreession model greedy,True,13,25.899344444274902,61.37377299941396,13
110329_3.tex,regreession model greedy,True,13,25.71596360206604,98.9281542730006,16
110337_1.tex,regreession model greedy,True,8,16.305383920669556,40.563786633,8
110402_1.tex,regreession model greedy,True,2,4.73321008682251,15.387342140000024,2
110445_3.tex,regreession model greedy,True,22,47.18858551979065,146.7023902893213,22
110461_3.tex,regreession model greedy,True,15,30.486100673675537,77.17710418280048,15
110501_2.tex,regreession model greedy,True,12,25.329167127609253,99.4134920300008,12
110554_1.tex,regreession model greedy,True,23,48.354904651641846,209.99047584175017,23
110658_3.tex,regreession model greedy,True,37,76.88785171508789,405.3275946119998,37
110669_1.tex,regreession model greedy,True,7,12.951052904129028,31.479958995059057,7
110682_3.tex,regreession model greedy,True,29,60.7802963256836,241.11571058400008,53
110694_3.tex,regreession model greedy,True,6,9.656720638275146,36.794483104000015,6
110735_1.tex,regreession model greedy,True,10,21.83373093605041,55.84352347250007,10
110789_1.tex,regreession model greedy,True,3,6.296225786209106,8.458827637499951,3
111019_1.tex,regreession model greedy,True,30,65.18543982505798,238.64066492992865,30
111128_2.tex,regreession model greedy,True,51,107.12056827545166,610.509489971914,51
111158_2.tex,regreession model greedy,True,8,15.421777486801147,53.77645115000018,8
111199_1.tex,regreession model greedy,False,25,46.15698003768921,130.77141782800015,26
111212_1.tex,regreession model greedy,True,1,1.616614580154419,2.511953379050027,1
111263_2.tex,regreession model greedy,True,11,24.636650562286377,72.21822112000008,11
111273_1.tex,regreession model greedy,True,1,1.4596714973449707,0.0,1
111306_2.tex,regreession model greedy,True,7,14.175177335739136,24.921453405999976,7
111342_2.tex,regreession model greedy,True,11,23.22799038887024,37.60203643499192,11
111416_1.tex,regreession model greedy,True,9,15.828238248825071,31.25845257099996,9
111546_1.tex,regreession model greedy,True,18,35.78857445716858,88.03314297100049,18
111584_3.tex,regreession model greedy,True,19,38.99695777893066,184.42795239999975,19
111625_3.tex,regreession model greedy,True,1,1.5564861297607422,3.6569143800000177,1
111639_2.tex,regreession model greedy,True,8,13.968562841415403,30.190662367400027,8
111687_2.tex,regreession model greedy,False,25,53.3939368724823,181.54689491125055,26
111693_2.tex,regreession model greedy,False,10,21.709386110305783,47.91460805000014,11
111695_3.tex,regreession model greedy,False,7,15.262658834457396,26.339437600000025,8
111702_2.tex,regreession model greedy,True,5,9.659448385238647,13.004034993750068,5
111708_2.tex,regreession model greedy,True,19,35.23857617378235,132.90424446800006,19
111709_3.tex,regreession model greedy,True,5,8.211193561553955,8.387018708607016,5
111723_3.tex,regreession model greedy,True,21,41.06568908691406,122.5506427152502,21
111730_1.tex,regreession model greedy,True,28,57.98450541496277,194.810748259,28
111757_3.tex,regreession model greedy,True,2,3.258164644241333,7.3187214223000865,2
111763_1.tex,regreession model greedy,True,53,105.4884068965912,486.8139555990502,53
111775_2.tex,regreession model greedy,True,7,11.433628559112549,22.225140546000105,7
112011_1.tex,regreession model greedy,True,9,18.714965105056763,68.6697170300001,9
112015_2.tex,regreession model greedy,True,3,5.110308885574341,25.630128799999973,3
112054_2.tex,regreession model greedy,True,16,32.381449699401855,110.51327397300064,16
112067_3.tex,regreession model greedy,True,7,13.384897470474243,40.60024987750037,7
112101_2.tex,regreession model greedy,True,12,25.49622273445129,64.11857227868607,12
112120_2.tex,regreession model greedy,True,4,5.914930582046509,21.523864220000007,4
112137_1.tex,regreession model greedy,True,13,25.98290967941284,74.30814148000027,13
112142_3.tex,regreession model greedy,True,8,16.79755401611328,32.69796644999997,8
116192_1.tex,regreession model greedy,True,8,21.324827671051025,20.41848284437492,8
116193_2.tex,regreession model greedy,True,15,34.00457501411438,77.67667917833353,15
116248_3.tex,regreession model greedy,True,9,19.2075617313385,33.810644981849535,9
116275_3.tex,regreession model greedy,True,4,8.09064507484436,9.57901907499999,4
116339_1.tex,regreession model greedy,True,11,25.58375310897827,73.42858909000078,11
116377_3.tex,regreession model greedy,True,6,11.842302560806274,24.27448910500001,6
116392_3.tex,regreession model greedy,True,4,7.804611921310425,8.59907241999997,4
116393_3.tex,regreession model greedy,True,12,26.00659680366516,45.01719592700003,12
116402_3.tex,regreession model greedy,True,10,20.25103116035461,35.44917619700006,10
116416_3.tex,regreession model greedy,True,3,5.703352451324463,11.169499000000002,3
116474_3.tex,regreession model greedy,True,6,11.806199312210085,16.665921859999997,6
116494_3.tex,regreession model greedy,True,4,7.422817945480347,8.57406727999998,4
116508_2.tex,regreession model greedy,True,8,15.80253839492798,20.57324121600029,8
116570_2.tex,regreession model greedy,True,14,29.7471981048584,51.883563594,14
116570_3.tex,regreession model greedy,True,18,39.11424541473389,81.01966255970717,18
116608_3.tex,regreession model greedy,True,45,101.74217438697816,659.9660824997501,45
116610_1.tex,regreession model greedy,True,5,9.081250190734863,8.450070789500046,5
116627_2.tex,regreession model greedy,True,54,119.31226849555968,509.0074984680003,54
116711_2.tex,regreession model greedy,True,1,1.5150353908538818,7.42855416000009,1
116804_2.tex,regreession model greedy,True,4,7.914750099182129,24.261439666000037,4
116816_3.tex,regreession model greedy,True,5,10.882991075515749,26.922494805150077,5
116863_1.tex,regreession model greedy,True,10,21.036925315856934,84.16441531000017,10
116888_3.tex,regreession model greedy,True,8,15.782588958740234,44.67687247000048,8
116911_1.tex,regreession model greedy,True,6,11.927901268005373,32.18446457115346,6
116930_2.tex,regreession model greedy,True,5,11.15248990058899,23.798600446400048,5
116952_2.tex,regreession model greedy,True,26,55.93364906311035,188.95388000612056,26
116986_3.tex,regreession model greedy,True,11,26.52875661849976,81.56713129374972,11
117024_3.tex,regreession model greedy,True,8,16.211836576461792,38.73242993205904,8
117025_2.tex,regreession model greedy,False,8,19.57584953308105,36.27135327770732,9
117034_1.tex,regreession model greedy,True,3,6.368710279464722,19.84404135999997,3
117102_1.tex,regreession model greedy,True,1,1.7002146244049072,6.93,1
117104_1.tex,regreession model greedy,True,2,3.3973581790924072,13.91932916000004,2
117123_2.tex,regreession model greedy,False,2,5.74056339263916,7.849681672352034,3
117159_2.tex,regreession model greedy,False,14,29.03409719467163,69.12815101999998,15
117168_2.tex,regreession model greedy,True,2,3.438815832138061,16.34252506000007,2
117310_1.tex,regreession model greedy,True,2,3.9077341556549072,17.126034160000366,2
117317_1.tex,regreession model greedy,True,2,3.89653754234314,7.744369879999994,2
117367_3.tex,regreession model greedy,True,3,6.007658958435059,7.5082124317999615,3
117377_1.tex,regreession model greedy,True,7,14.887217044830322,25.730563241699823,7
117377_2.tex,regreession model greedy,True,22,50.46450614929199,138.22686629000668,22
117476_3.tex,regreession model greedy,True,5,9.657974243164062,18.446870226000023,5
117491_3.tex,regreession model greedy,True,4,7.645347833633423,10.55434438000006,4
117540_2.tex,regreession model greedy,True,5,9.656082153320312,17.980430817999995,5
117564_3.tex,regreession model greedy,True,14,30.64881896972656,86.954622395521,14
117573_1.tex,regreession model greedy,True,1,1.5796289443969729,2.506202031800001,1
117620_1.tex,regreession model greedy,True,9,17.219327211380005,55.35328599999988,9
117673_3.tex,regreession model greedy,True,6,11.689549446105955,23.28194073600009,6
117718_3.tex,regreession model greedy,True,8,15.551692724227903,36.79259553560006,8
117755_1.tex,regreession model greedy,True,7,14.264965772628784,27.55762515000133,7
117884_3.tex,regreession model greedy,True,17,37.549338579177856,106.0252818030001,17
117917_3.tex,regreession model greedy,True,4,8.065854787826538,8.547229350000038,4
117949_1.tex,regreession model greedy,True,11,22.578359365463257,83.04503360000051,11
117983_3.tex,regreession model greedy,True,5,10.3741774559021,13.422501980000035,5
118068_2.tex,regreession model greedy,True,20,40.05330204963684,143.7674372000007,24
118085_1.tex,regreession model greedy,True,13,26.699224948883057,58.13479256499987,13
118094_3.tex,regreession model greedy,True,8,16.656663417816162,23.205917679000017,8
118190_1.tex,regreession model greedy,True,4,7.582568168640137,6.549299959707028,4
118201_2.tex,regreession model greedy,True,1,1.662773847579956,2.506202031800001,1
118213_3.tex,regreession model greedy,True,20,40.275031328201294,105.71089505000032,20
118229_2.tex,regreession model greedy,True,39,83.04167652130127,382.825769106675,39
118293_3.tex,regreession model greedy,True,2,3.77637243270874,9.7677053700001,2
118388_2.tex,regreession model greedy,True,1,1.6386854648590088,2.92680304000001,1
118424_3.tex,regreession model greedy,True,4,8.763954877853394,19.341432929600103,4
118441_2.tex,regreession model greedy,True,5,10.164978504180908,25.72461670428862,5
118471_3.tex,regreession model greedy,True,1,1.7300083637237549,5.466386080000007,1
118498_2.tex,regreession model greedy,True,11,23.77455735206604,117.21810988999992,11
118531_3.tex,regreession model greedy,True,2,3.6770870685577393,9.564100680000024,2
118560_2.tex,regreession model greedy,True,6,13.333072662353516,29.76550311800018,6
118571_1.tex,regreession model greedy,True,5,11.679100751876833,20.632941810000005,5
118581_2.tex,regreession model greedy,True,17,36.21664047241211,102.23795165363394,17
118713_3.tex,regreession model greedy,True,13,26.349501371383667,96.92619190999991,13
118762_3.tex,regreession model greedy,True,35,71.66284584999084,306.9268799727504,35
118781_3.tex,regreession model greedy,True,34,68.09779620170593,286.706576898,34
118864_3.tex,regreession model greedy,False,4,11.452292442321776,8.875379212320041,5
118960_3.tex,regreession model greedy,True,19,44.86112332344055,163.76421488205983,19
118989_1.tex,regreession model greedy,True,9,20.389517068862915,40.16067310200001,9
119035_3.tex,regreession model greedy,True,5,9.498143672943115,16.491358880000035,5
119058_3.tex,regreession model greedy,True,7,15.295873403549194,25.57354944354653,7
119102_1.tex,regreession model greedy,True,21,44.67596101760864,181.2281685297503,21
119134_2.tex,regreession model greedy,True,2,3.5586183071136475,5.2879901500000415,2
119153_3.tex,regreession model greedy,True,2,3.457664251327514,7.655830900000012,2
119175_2.tex,regreession model greedy,True,13,26.939093589782715,66.00592299000004,13
119200_2.tex,regreession model greedy,False,6,14.608591079711914,28.132137628045967,7
119208_3.tex,regreession model greedy,True,35,73.7470076084137,312.7757825824568,71
119228_1.tex,regreession model greedy,True,8,15.646833896636965,31.53413875557998,8
119259_1.tex,regreession model greedy,True,2,3.788647174835205,5.2879901500000415,2
119265_1.tex,regreession model greedy,True,38,78.20725440979004,372.579782666,38
119284_3.tex,regreession model greedy,False,27,56.09528660774231,183.8555999680004,28
119292_2.tex,regreession model greedy,False,24,52.741589069366455,153.97858709800002,25
119399_2.tex,regreession model greedy,True,9,19.200523853302,54.740239190096354,9
119425_1.tex,regreession model greedy,True,5,11.007757186889648,12.163463345000082,5
119498_1.tex,regreession model greedy,True,7,15.227113246917725,15.838178957999975,7
119513_1.tex,regreession model greedy,True,17,37.36300826072693,80.40550171000037,17
119515_1.tex,regreession model greedy,True,8,17.62058711051941,25.284330874414323,8
119547_3.tex,regreession model greedy,True,2,3.5960183143615723,5.169651276806988,2
119608_2.tex,regreession model greedy,True,14,28.976868152618408,58.085066469000495,14
119630_3.tex,regreession model greedy,True,17,34.900710344314575,91.69779031679992,17
119638_3.tex,regreession model greedy,True,3,6.34969162940979,6.06792028000001,3
119645_3.tex,regreession model greedy,True,10,21.116252422332764,36.326210844350655,10
119734_2.tex,regreession model greedy,True,29,59.03148078918457,190.2468688895601,29
119740_1.tex,regreession model greedy,True,15,30.69653010368347,135.46177831299997,15
119774_3.tex,regreession model greedy,True,8,15.620705604553224,37.24816854999996,8
119875_2.tex,regreession model greedy,True,42,91.09681582450868,306.78447235524175,42
119948_2.tex,regreession model greedy,True,4,8.838781118392944,23.63515622529505,4
120007_1.tex,regreession model greedy,True,9,20.940818548202515,52.073042610001146,9
120020_3.tex,regreession model greedy,True,14,32.745970249176025,129.1093425900009,24
120056_3.tex,regreession model greedy,True,9,19.94576406478882,59.79147550229624,9
120076_3.tex,regreession model greedy,True,2,3.8803536891937256,11.14317993000003,2
120087_3.tex,regreession model greedy,True,5,10.58098554611206,28.95634426299997,5
120141_1.tex,regreession model greedy,True,9,17.060856580734253,64.88328420300004,9
120215_2.tex,regreession model greedy,True,7,13.986904382705688,34.018133574999936,7
120254_2.tex,regreession model greedy,True,4,8.07068681716919,20.403025186999947,4
120275_2.tex,regreession model greedy,True,44,93.83973264694214,334.87634201747204,44
120323_3.tex,regreession model greedy,True,15,33.72281861305237,105.10405466,15
120329_3.tex,regreession model greedy,True,2,3.6894381046295166,12.304758210000015,2
120371_1.tex,regreession model greedy,True,3,5.291727542877197,17.384431329999984,3
120402_1.tex,regreession model greedy,True,10,20.94369745254517,51.86152680719007,10
120483_3.tex,regreession model greedy,True,13,29.710407495498657,95.86950123100016,13
120490_3.tex,regreession model greedy,True,7,21.99174809455872,30.73778324299999,7
120657_3.tex,regreession model greedy,True,11,24.53617143630981,86.09251318999999,11
120690_2.tex,regreession model greedy,True,14,28.386486291885376,73.76608125204154,14
120744_2.tex,regreession model greedy,True,13,26.351901054382324,128.99040918999998,13
120767_1.tex,regreession model greedy,True,8,16.285592317581177,37.855398815000086,8
120802_2.tex,regreession model greedy,True,15,31.41352677345276,90.34512686051414,15
120848_1.tex,regreession model greedy,False,46,103.7424292564392,454.60985824956015,47
120866_1.tex,regreession model greedy,True,6,11.418488264083862,21.57010720499996,6
120872_3.tex,regreession model greedy,True,13,25.422426223754883,71.8133480800002,13
120919_3.tex,regreession model greedy,True,28,54.930694580078125,170.73329774700014,28
120950_3.tex,regreession model greedy,False,32,67.85135626792908,210.54541714800035,71
120951_3.tex,regreession model greedy,True,6,11.72158169746399,12.89698230435006,6
120954_3.tex,regreession model greedy,False,5,12.501105785369871,11.968325610600004,6
121060_1.tex,regreession model greedy,True,11,23.94573283195496,48.18994228950035,11
121145_2.tex,regreession model greedy,True,4,8.109143018722534,13.484764116799994,4
121207_2.tex,regreession model greedy,True,6,12.317984104156494,18.713635150000613,6
121213_3.tex,regreession model greedy,False,10,21.497225522994995,44.26506801099998,11
121225_2.tex,regreession model greedy,True,10,19.820160627365112,43.662310081064206,10
121238_3.tex,regreession model greedy,True,3,4.9724061489105225,9.938609464999985,3
121282_2.tex,regreession model greedy,True,36,77.49648189544678,296.2289958445002,36
121305_2.tex,regreession model greedy,True,10,18.787738800048828,52.9432148050002,10
121306_3.tex,regreession model greedy,True,9,18.090315341949463,66.46044712500033,9
121307_1.tex,regreession model greedy,True,13,26.120052099227905,69.09216328000008,13
121346_3.tex,regreession model greedy,False,12,27.44585371017456,52.65086755300027,13
121407_1.tex,regreession model greedy,True,15,30.600414514541622,103.49222535000013,15
121423_3.tex,regreession model greedy,True,2,3.292931318283081,3.7659154499999934,2
121424_1.tex,regreession model greedy,False,13,26.403913974761963,68.13305438000049,14
121456_3.tex,regreession model greedy,True,1,1.2263052463531494,2.504286420800014,1
121478_1.tex,regreession model greedy,True,8,15.277472257614136,26.03534902077498,8
121488_3.tex,regreession model greedy,True,6,11.696680068969728,16.1962058884,6
121642_2.tex,regreession model greedy,True,4,8.186617136001587,33.51159198000004,4
121643_1.tex,regreession model greedy,True,1,1.5812413692474363,7.229306080000015,1
121651_3.tex,regreession model greedy,True,1,1.7478740215301514,5.731441080000025,1
121653_2.tex,regreession model greedy,True,6,12.801097869873049,28.828512947,6
121687_3.tex,regreession model greedy,True,1,1.5646181106567385,6.077646080000022,1
121713_1.tex,regreession model greedy,True,10,22.67974281311035,50.46229819939994,10
121726_3.tex,regreession model greedy,True,3,5.7766618728637695,26.029601230000026,3
121751_1.tex,regreession model greedy,True,12,24.71251654624939,92.77630293000075,12
121790_3.tex,regreession model greedy,True,24,51.52538585662842,181.1814608753428,24
121793_1.tex,regreession model greedy,True,7,14.488325834274292,29.204578686,7
121819_3.tex,regreession model greedy,True,10,20.09335875511169,53.351281747,10
121892_2.tex,regreession model greedy,True,28,58.40425705909729,258.25393022200024,28
121937_2.tex,regreession model greedy,False,9,20.806276321411133,44.61021905499992,10
121946_2.tex,regreession model greedy,False,6,14.657216548919678,30.96465418000004,7
121995_3.tex,regreession model greedy,True,7,12.791115760803224,37.56132748000039,7
122034_3.tex,regreession model greedy,True,24,49.954434633255005,138.874493391,24
122039_1.tex,regreession model greedy,True,8,15.770928382873535,35.846630525000066,8
122074_1.tex,regreession model greedy,True,6,14.06119465827942,24.36311485500076,6
122120_3.tex,regreession model greedy,False,7,19.21187925338745,29.41996073726807,8
122163_3.tex,regreession model greedy,True,2,3.1873910427093506,6.372990149999993,2
122179_2.tex,regreession model greedy,True,11,23.515877723693848,58.25622173375067,11
122201_3.tex,regreession model greedy,True,10,21.17880153656006,41.92465311780019,10
122203_2.tex,regreession model greedy,True,20,43.066691398620605,138.72455918400044,20
122412_1.tex,regreession model greedy,True,6,11.193755626678469,20.463644090000187,6
122425_3.tex,regreession model greedy,True,7,13.73344659805298,28.956939870000006,7
122453_1.tex,regreession model greedy,True,15,31.00287437438965,66.77468766500026,15
122496_2.tex,regreession model greedy,True,2,3.436906337738037,6.679667114999987,2
122563_3.tex,regreession model greedy,True,51,112.91256833076476,459.1559927416904,51
122601_2.tex,regreession model greedy,True,17,40.17048287391663,166.61577717500091,17
122629_2.tex,regreession model greedy,True,3,6.013440370559692,6.037890450000205,3
122701_1.tex,regreession model greedy,True,5,10.361534595489502,9.646740450000207,5
122753_1.tex,regreession model greedy,True,10,21.77592706680298,31.14906144340079,10
122803_1.tex,regreession model greedy,True,8,16.53660821914673,34.434584640000004,8
122920_1.tex,regreession model greedy,False,24,55.93651080131531,173.9869471800002,31
122941_1.tex,regreession model greedy,True,15,29.009058713912964,69.54073130200005,15
122952_3.tex,regreession model greedy,True,21,44.54002141952515,116.66879321300014,21
122969_2.tex,regreession model greedy,True,43,92.60033011436462,361.9530596102939,45
122977_3.tex,regreession model greedy,True,11,20.9470272064209,46.13977512537496,11
122995_3.tex,regreession model greedy,True,2,3.5345046520233154,5.7012320495000495,2
123107_2.tex,regreession model greedy,False,47,104.7684736251831,399.4068205062004,48
123107_3.tex,regreession model greedy,False,18,38.5878849029541,78.189000331,19
123153_2.tex,regreession model greedy,True,3,6.226588010787964,14.476926790000078,3
123285_3.tex,regreession model greedy,True,10,22.118926763534542,55.53765970850044,10
123306_1.tex,regreession model greedy,False,13,32.309563875198364,108.48068511637295,14
123352_3.tex,regreession model greedy,True,9,19.48615074157715,130.88952518000045,9
123362_3.tex,regreession model greedy,True,5,9.661579132080078,30.064781730000405,5
123370_1.tex,regreession model greedy,True,12,25.123839139938354,107.72092826000058,12
123379_2.tex,regreession model greedy,True,6,12.434702157974243,25.874345666000032,6
123424_1.tex,regreession model greedy,True,26,56.78268337249756,205.71477049177625,26
123438_1.tex,regreession model greedy,True,12,27.66478061676025,59.93714185241446,12
123465_1.tex,regreession model greedy,True,2,3.9468183517456055,14.838593859999976,2
112152_3.tex,regreession model greedy,True,15,32.935736656188965,73.93770926769369,15
112164_1.tex,regreession model greedy,True,7,15.208099126815796,35.55207277505894,7
112215_1.tex,regreession model greedy,True,7,14.333446502685549,41.60987707999987,7
112218_2.tex,regreession model greedy,True,5,10.076183557510376,27.443417480000008,5
112312_1.tex,regreession model greedy,True,2,4.344231605529785,12.553894280000058,2
112487_3.tex,regreession model greedy,True,9,18.95552134513855,60.089779432999954,9
112643_1.tex,regreession model greedy,True,11,24.6522376537323,58.3540809620001,11
112645_1.tex,regreession model greedy,True,9,18.820305109024048,61.28251042499994,9
112658_2.tex,regreession model greedy,True,8,18.27407670021057,35.73590325500005,8
112705_1.tex,regreession model greedy,True,11,26.20732283592224,48.69932265250005,11
112723_2.tex,regreession model greedy,True,19,45.96877598762512,83.03182317477113,19
112768_2.tex,regreession model greedy,True,12,27.91616201400757,59.07851279000044,12
112834_3.tex,regreession model greedy,True,43,105.55682921409608,518.9926683199998,43
112855_3.tex,regreession model greedy,True,39,86.52170491218567,235.7970434866573,39
112883_3.tex,regreession model greedy,True,11,28.79199862480164,162.66630775000016,11
112927_1.tex,regreession model greedy,True,51,134.8273148536682,377.0491179219973,53
113048_3.tex,regreession model greedy,True,20,46.4332959651947,102.923828153224,20
113091_3.tex,regreession model greedy,True,16,31.74110198020935,115.91985394,16
113144_3.tex,regreession model greedy,True,7,12.469484567642212,20.101244230000248,7
113194_3.tex,regreession model greedy,True,1,1.4136357307434082,3.130197140000007,1
113251_2.tex,regreession model greedy,True,10,18.011413097381592,45.54102304958009,10
113284_2.tex,regreession model greedy,True,38,76.74940347671509,266.68519891700004,38
113295_3.tex,regreession model greedy,True,11,17.66701865196228,56.7245415650001,11
113297_1.tex,regreession model greedy,True,1,1.425684690475464,0.0,1
113323_3.tex,regreession model greedy,True,12,26.65804886817932,65.2190835750002,12
113339_3.tex,regreession model greedy,False,11,24.8652560710907,57.3346832225001,12
113392_2.tex,regreession model greedy,True,15,33.66663599014282,60.91181803860018,15
113398_1.tex,regreession model greedy,False,29,61.74656772613525,145.08584928200008,30
113435_3.tex,regreession model greedy,True,13,26.905304670333862,65.06129633000113,13
113481_1.tex,regreession model greedy,True,12,21.95370817184448,76.732498272739,12
113531_3.tex,regreession model greedy,True,20,41.95403361320496,235.81495683,20
113592_3.tex,regreession model greedy,True,18,35.68631839752197,182.22215722687903,18
113600_2.tex,regreession model greedy,True,10,19.781407594680783,56.12802787087494,10
113634_1.tex,regreession model greedy,True,15,31.641889333724976,151.419607905,15
113667_2.tex,regreession model greedy,True,10,19.9534125328064,54.508491346000255,10
113683_3.tex,regreession model greedy,True,3,6.43639349937439,17.19508040500004,3
113747_1.tex,regreession model greedy,True,14,31.896889686584476,99.01750363000004,14
113748_2.tex,regreession model greedy,True,3,6.259810447692871,17.160977430000003,3
113787_2.tex,regreession model greedy,False,10,23.420117139816284,72.90012587800011,11
113806_2.tex,regreession model greedy,True,27,55.440930128097534,267.97399578999955,27
113808_2.tex,regreession model greedy,True,17,34.9748113155365,87.14485754800013,17
113843_3.tex,regreession model greedy,True,12,25.436798572540283,73.0142439550002,12
113896_2.tex,regreession model greedy,True,19,38.51824736595154,115.41849387425044,19
114067_3.tex,regreession model greedy,True,5,9.320241928100586,18.778732089999963,5
114073_3.tex,regreession model greedy,True,22,46.60150218009949,229.9796939150001,22
114132_1.tex,regreession model greedy,True,5,7.720325708389282,14.204166991125009,5
114258_1.tex,regreession model greedy,True,3,5.475669145584106,9.772868866350109,3
114293_3.tex,regreession model greedy,True,14,28.585870027542114,82.7042077162502,14
114311_2.tex,regreession model greedy,True,11,21.829408168792725,47.23994818400001,11
114322_3.tex,regreession model greedy,True,16,32.06170701980591,88.33365359000034,16
114325_1.tex,regreession model greedy,True,5,10.876424074172974,21.103563164999983,5
114327_2.tex,regreession model greedy,True,2,4.969715356826782,5.785257239799989,2
114350_3.tex,regreession model greedy,True,6,13.632288217544556,17.056858046250028,6
114389_1.tex,regreession model greedy,True,7,14.233418464660645,36.58354981500001,7
114406_2.tex,regreession model greedy,True,1,2.052114486694336,2.901810540000014,1
114531_3.tex,regreession model greedy,True,15,32.24048447608948,89.21116948585204,15
114541_3.tex,regreession model greedy,True,7,13.212165832519531,23.782006035000137,7
114606_3.tex,regreession model greedy,True,10,19.42853665351868,45.29503362500044,10
114633_3.tex,regreession model greedy,True,16,29.656311750411987,113.06545793352294,16
114643_3.tex,regreession model greedy,True,3,5.377479314804077,3.2926287999999886,3
114660_2.tex,regreession model greedy,True,7,13.211008310317991,16.427399499749995,7
114731_3.tex,regreession model greedy,True,1,2.0975022315979004,0.0,1
114755_1.tex,regreession model greedy,True,1,1.7014765739440918,4.321644965000004,1
114779_1.tex,regreession model greedy,True,26,51.57816195487976,134.89665373574644,26
114828_1.tex,regreession model greedy,False,16,32.95271921157837,77.56011215000005,17
114962_3.tex,regreession model greedy,True,11,18.450844526290894,41.31347618000008,11
115113_1.tex,regreession model greedy,True,5,10.264126300811768,22.64922490500004,5
115127_1.tex,regreession model greedy,True,6,11.137392044067385,27.6597836412502,6
115158_1.tex,regreession model greedy,True,1,1.516024827957153,5.48080108000002,1
115181_3.tex,regreession model greedy,True,14,28.564383029937744,100.41110346200036,14
115185_3.tex,regreession model greedy,True,5,9.709436416625977,25.174654053773946,5
115197_2.tex,regreession model greedy,True,4,7.030473232269287,21.803198814000165,4
115294_1.tex,regreession model greedy,True,10,20.60546493530273,45.94826440850035,10
115369_1.tex,regreession model greedy,True,8,14.203677892684937,50.54640755500002,8
115400_2.tex,regreession model greedy,True,4,7.8077638149261475,19.059807352000057,4
115553_2.tex,regreession model greedy,True,11,17.900352954864502,49.06987947400005,11
115655_3.tex,regreession model greedy,True,9,15.700952053070068,37.69416523519995,9
115661_2.tex,regreession model greedy,True,1,1.7518632411956787,4.140635439999997,1
115737_3.tex,regreession model greedy,True,14,22.219464540481567,63.86773051640032,14
115798_1.tex,regreession model greedy,True,7,14.200398921966553,40.39449247500077,7
115810_2.tex,regreession model greedy,True,21,42.77890086174011,111.78315460500116,21
115818_2.tex,regreession model greedy,True,19,37.76788067817688,162.2195370490001,19
115835_3.tex,regreession model greedy,True,13,26.99994969367981,66.40510997500046,13
116002_3.tex,regreession model greedy,True,7,10.469478130340576,22.39736628999995,7
116013_2.tex,regreession model greedy,True,8,15.567951679229736,43.90654960000001,8
116038_1.tex,regreession model greedy,True,2,3.867659330368042,3.4960341239999995,2
116057_3.tex,regreession model greedy,True,6,10.878623962402344,25.2285228768,6
123559_2.tex,regreession model greedy,True,19,38.35867261886597,207.164439,19
123580_1.tex,regreession model greedy,True,14,27.38762855529785,89.37064816000034,14
123758_1.tex,regreession model greedy,True,21,47.78994917869568,132.493720463684,21
123766_2.tex,regreession model greedy,True,2,3.660489320755005,6.9342114712480765,2
123788_1.tex,regreession model greedy,True,14,29.36676836013794,133.62224116000067,14
123791_2.tex,regreession model greedy,True,6,12.692562818527222,24.297893890000477,6
123792_2.tex,regreession model greedy,True,11,20.741177082061768,86.96076730000054,11
123810_1.tex,regreession model greedy,True,7,14.340129852294922,25.083999277252616,7
123812_2.tex,regreession model greedy,True,11,23.34143090248108,101.9243028196249,11
123838_2.tex,regreession model greedy,True,2,3.841630697250366,7.341714432759978,2
123917_1.tex,regreession model greedy,True,10,18.929483652114868,55.45615848599995,10
123958_3.tex,regreession model greedy,True,6,11.42155146598816,17.925889618800056,6
124016_1.tex,regreession model greedy,True,8,14.40382194519043,30.677349015000075,8
124017_3.tex,regreession model greedy,True,4,4.298261642456055,15.406048280000036,4
124121_3.tex,regreession model greedy,True,3,4.425090312957764,11.331052268750003,3
124149_2.tex,regreession model greedy,True,41,76.77827501296997,379.1456862700001,41
124153_3.tex,regreession model greedy,True,1,1.4608216285705566,0.0,1
124178_2.tex,regreession model greedy,True,9,16.396182775497437,35.685005139999994,9
124190_1.tex,regreession model greedy,True,5,9.395947217941284,26.99061251750005,5
124190_3.tex,regreession model greedy,True,2,3.5553622245788574,9.689319080000049,2
124264_2.tex,regreession model greedy,True,7,12.569069862365724,27.555327127999966,7
124297_3.tex,regreession model greedy,False,27,54.15325403213501,823.3382216535003,27
124379_1.tex,regreession model greedy,True,6,12.659766912460327,19.497487850000184,6
124413_1.tex,regreession model greedy,True,12,22.28356695175171,47.1869246385002,12
124469_1.tex,regreession model greedy,True,2,3.631537914276123,7.352594879999984,2
124481_3.tex,regreession model greedy,True,1,1.6238200664520264,0.0,1
124491_3.tex,regreession model greedy,True,9,17.870665550231934,49.160183152000016,9
124496_2.tex,regreession model greedy,True,23,47.16169595718384,126.12981775197107,30
124539_1.tex,regreession model greedy,True,24,48.54462504386902,193.29020805000096,24
124558_2.tex,regreession model greedy,False,21,44.0393967628479,176.99459397750005,22
124704_2.tex,regreession model greedy,True,18,33.817519426345825,85.60845561464994,18
124704_3.tex,regreession model greedy,True,3,4.670701265335083,6.018472948949977,3
124716_2.tex,regreession model greedy,True,40,78.62003231048584,339.38523168199964,40
124730_2.tex,regreession model greedy,True,23,45.109501123428345,108.58318923563576,23
124807_3.tex,regreession model greedy,True,13,21.49690294265747,66.1216035105605,13
124872_2.tex,regreession model greedy,True,3,5.428688764572144,27.298569160000014,3
124929_3.tex,regreession model greedy,True,2,3.818199872970581,9.89826567999998,2
124998_3.tex,regreession model greedy,True,6,11.91605806350708,26.825671448499985,6
125019_2.tex,regreession model greedy,True,5,9.843796014785768,27.998759345352063,5
125077_1.tex,regreession model greedy,True,5,7.459219455718994,29.94914461000056,5
125092_1.tex,regreession model greedy,True,10,17.2334041595459,71.34504828000041,10
125113_1.tex,regreession model greedy,False,8,16.346253156661987,44.43406637241404,9
125210_1.tex,regreession model greedy,True,12,21.3603458404541,67.33027487599995,12
125241_2.tex,regreession model greedy,True,33,65.53333306312561,221.89247330600008,34
125381_3.tex,regreession model greedy,True,2,3.592745304107666,4.695450440000059,2
125430_3.tex,regreession model greedy,True,9,16.023850679397583,39.184054847224616,10
125474_3.tex,regreession model greedy,True,7,14.17615008354187,22.96858907000062,7
125494_3.tex,regreession model greedy,True,6,10.89192509651184,16.458214045000247,6
125499_1.tex,regreession model greedy,True,9,17.756478309631348,65.35295459000001,9
125515_1.tex,regreession model greedy,True,2,3.523904323577881,2.811947140000001,2
125576_2.tex,regreession model greedy,True,10,18.55319094657898,33.66495387279996,10
125577_2.tex,regreession model greedy,True,2,2.1537437438964844,5.294075268150001,2
125604_2.tex,regreession model greedy,True,7,9.501455307006836,41.32141473999994,7
125608_2.tex,regreession model greedy,True,10,18.17036771774292,60.87284401500003,10
125636_3.tex,regreession model greedy,True,10,18.32813143730164,61.45105974000016,10
125670_2.tex,regreession model greedy,True,5,10.225197792053224,19.23580593000004,5
125680_1.tex,regreession model greedy,True,4,8.365381717681885,11.943084834999937,4
125707_2.tex,regreession model greedy,True,28,58.92870354652405,133.20968832515035,28
125720_1.tex,regreession model greedy,True,15,27.91153717041016,133.69692669375,15
125819_1.tex,regreession model greedy,True,32,57.28369379043579,215.04531021874996,32
125880_3.tex,regreession model greedy,True,2,2.869297504425049,3.784394540000065,2
125891_1.tex,regreession model greedy,True,6,12.80152702331543,17.212170831706366,6
125914_1.tex,regreession model greedy,True,8,17.64673638343811,36.93129696999998,8
125918_2.tex,regreession model greedy,True,6,10.67672872543335,23.046495771799957,6
125963_1.tex,regreession model greedy,True,1,1.5229778289794922,0.0,1
125995_3.tex,regreession model greedy,True,17,36.354506731033325,87.39684554040079,17
126107_2.tex,regreession model greedy,True,17,31.18250632286072,102.75962147200036,17
126119_3.tex,regreession model greedy,True,22,47.56591248512268,105.64387893604984,22
126181_1.tex,regreession model greedy,True,10,18.58413815498352,33.46288608070697,10
126197_1.tex,regreession model greedy,True,18,41.44140124320984,105.4205176085003,18
126231_2.tex,regreession model greedy,False,19,38.50368571281433,112.09752749863377,20
126242_2.tex,regreession model greedy,True,46,96.73614192008972,397.3963203464938,46
126286_2.tex,regreession model greedy,False,20,41.823697090148926,150.11119327500023,21
126314_3.tex,regreession model greedy,False,26,56.92093300819397,201.12958361575005,27
126324_3.tex,regreession model greedy,True,20,37.85092449188232,151.97152573500017,20
126452_3.tex,regreession model greedy,True,23,49.23774576187134,198.0536261046904,23
126558_3.tex,regreession model greedy,True,7,15.15342402458191,34.63168826987497,7
126564_2.tex,regreession model greedy,True,5,9.775423526763916,19.52451824680045,5
126574_1.tex,regreession model greedy,True,4,8.0229172706604,17.6556917521535,4
126614_1.tex,regreession model greedy,True,5,10.147376775741575,34.78380336994945,5
126671_3.tex,regreession model greedy,True,19,41.94857740402222,123.9731096614999,19
126685_3.tex,regreession model greedy,True,6,8.16398024559021,28.765946355000068,6
126778_3.tex,regreession model greedy,True,31,60.14915299415589,247.14266319375037,31
126784_2.tex,regreession model greedy,True,5,8.854021310806274,25.294574710800013,5
126815_2.tex,regreession model greedy,True,9,17.438985347747803,52.886394210000056,9
126822_3.tex,regreession model greedy,False,13,25.650222539901733,99.86836485000036,14
126837_2.tex,regreession model greedy,True,7,11.471650123596191,36.2196221300001,7
126886_2.tex,regreession model greedy,False,23,47.982038497924805,131.7416467900362,24
126891_3.tex,regreession model greedy,True,9,18.619431018829346,41.49820169874999,9
126989_2.tex,regreession model greedy,True,1,1.5111606121063232,2.504288762399966,1
126996_1.tex,regreession model greedy,True,6,12.45974898338318,16.771638899600116,6
126997_2.tex,regreession model greedy,True,7,13.222134590148926,33.30043242729652,7
127002_3.tex,regreession model greedy,True,7,14.92006778717041,34.59900428530028,7
127004_2.tex,regreession model greedy,True,21,45.12304377555847,667.5162629247595,21
127021_3.tex,regreession model greedy,True,5,9.123957633972168,22.59008404000008,5
127066_3.tex,regreession model greedy,True,17,35.8069531917572,157.0675041850003,17
127072_3.tex,regreession model greedy,True,8,15.085961818695068,45.84021935800033,8
127076_2.tex,regreession model greedy,True,4,8.252080202102661,14.37277796868598,4
127092_3.tex,regreession model greedy,True,8,16.127376556396484,21.97477898480012,8
127130_1.tex,regreession model greedy,True,4,7.29423713684082,9.735958890000006,4
127132_3.tex,regreession model greedy,True,20,41.03574872016907,211.32913036250088,20
127150_3.tex,regreession model greedy,True,11,22.16594934463501,49.52065676500028,11
127214_3.tex,regreession model greedy,True,20,40.12130331993103,110.12945472700044,20
127274_2.tex,regreession model greedy,True,12,22.937422275543213,60.47617345220003,12
127275_3.tex,regreession model greedy,False,20,42.96295642852783,113.7531219414002,21
127309_1.tex,regreession model greedy,True,31,65.51098203659058,282.9724058829999,103
127330_3.tex,regreession model greedy,True,16,33.61463689804077,81.24566397815003,16
127370_1.tex,regreession model greedy,True,21,39.61793112754822,177.18162959976024,21
127391_2.tex,regreession model greedy,True,16,31.633426427841187,74.4896880179999,16
127562_1.tex,regreession model greedy,True,5,9.6282799243927,11.04759980500019,5
127612_3.tex,regreession model greedy,False,13,35.43372678756714,49.302316457000416,14
127613_2.tex,regreession model greedy,True,9,20.272494554519653,32.16701851141424,9
127630_1.tex,regreession model greedy,True,10,23.285433769226078,27.20286756300005,10
127675_3.tex,regreession model greedy,True,14,35.65255784988403,84.12067855500064,14
127744_3.tex,regreession model greedy,True,15,37.91335320472717,52.53237308150029,15
127748_1.tex,regreession model greedy,True,25,73.33993792533875,146.2471827885501,25
127778_3.tex,regreession model greedy,True,8,19.91169214248657,26.910545255000272,8
127846_2.tex,regreession model greedy,True,12,27.788020133972168,56.80304868075331,12
127849_1.tex,regreession model greedy,True,16,35.27432107925415,84.94929673600035,16
127866_1.tex,regreession model greedy,False,30,64.23990058898926,169.65982285000024,31
127871_2.tex,regreession model greedy,False,35,78.22286105155945,177.19646804939995,36
127896_2.tex,regreession model greedy,True,8,15.795989513397217,30.68881193000016,8
127923_3.tex,regreession model greedy,True,5,10.397795915603638,9.972729544999936,5
127939_1.tex,regreession model greedy,True,39,90.40172600746156,313.64012036740024,39
128070_1.tex,regreession model greedy,True,14,34.183948040008545,65.98758998570491,14
128221_3.tex,regreession model greedy,True,2,3.783569812774658,16.75968916,2
128242_3.tex,regreession model greedy,True,9,20.68082571029663,52.96042232300007,9
128326_1.tex,regreession model greedy,True,2,3.360585927963257,13.357036980000146,2
128328_3.tex,regreession model greedy,False,10,23.097777128219604,78.35423990499996,11
128349_3.tex,regreession model greedy,True,23,49.81675720214844,205.69864539141375,23
128368_1.tex,regreession model greedy,True,5,9.53125548362732,25.56931395,5
128416_2.tex,regreession model greedy,True,8,14.7400541305542,55.45794763000008,8
128421_2.tex,regreession model greedy,True,7,12.700079202651978,38.07832524000006,7
128424_3.tex,regreession model greedy,True,4,6.932132005691528,22.435278485000083,4
128441_2.tex,regreession model greedy,True,4,7.888009548187256,23.363715381999995,4
128458_2.tex,regreession model greedy,True,6,12.309168100357056,30.06102151335203,6
128482_2.tex,regreession model greedy,True,11,23.46845769882202,50.599382255000044,11
128511_2.tex,regreession model greedy,True,5,10.298681497573853,21.549049784999998,5
128518_3.tex,regreession model greedy,True,1,1.464919090270996,5.485456080000006,1
128576_2.tex,regreession model greedy,True,11,26.33194661140442,36.54558587087767,11
128590_2.tex,regreession model greedy,True,7,17.081006050109863,24.99762062780007,7
128711_2.tex,regreession model greedy,True,13,31.364185333251957,52.86812379499997,13
128720_2.tex,regreession model greedy,True,20,44.01531219482422,104.4939117655439,20
128722_2.tex,regreession model greedy,True,9,19.54910945892334,43.79431202325206,9
128726_1.tex,regreession model greedy,True,21,48.22025012969971,157.14514441500128,21
128758_1.tex,regreession model greedy,True,10,20.62246346473694,44.85801538625009,10
128777_3.tex,regreession model greedy,True,6,11.767611026763916,17.448403489092552,6
128796_2.tex,regreession model greedy,True,3,5.545973777770996,10.575959380000214,3
128816_2.tex,regreession model greedy,True,9,18.91788625717163,38.35700570480006,9
128826_3.tex,regreession model greedy,True,21,46.015098094940186,130.95164195099994,21
128835_3.tex,regreession model greedy,True,8,16.07930016517639,22.853224562175,8
128892_3.tex,regreession model greedy,True,20,41.29064869880676,122.7861880280002,20
128946_2.tex,regreession model greedy,True,4,7.892414808273315,10.792602017199982,4
128987_3.tex,regreession model greedy,False,16,38.37408924102783,81.92461741500011,17
129006_1.tex,regreession model greedy,True,3,6.403902292251587,8.747826320000001,3
129020_1.tex,regreession model greedy,True,43,92.96307039260864,336.12071751560006,43
129273_1.tex,regreession model greedy,True,9,20.49649715423584,37.62456450500012,9
129289_1.tex,regreession model greedy,True,6,11.625193357467651,24.51675789000033,6
129300_1.tex,regreession model greedy,True,2,3.3404576778411865,4.380415450000072,2
129313_2.tex,regreession model greedy,True,4,7.361509561538696,12.28406774000004,4
129325_2.tex,regreession model greedy,True,6,12.052762269973757,15.319651210000105,6
129347_1.tex,regreession model greedy,True,12,22.997817277908325,36.22120074949999,12
129388_2.tex,regreession model greedy,True,2,3.361968517303467,2.9704880400000064,2
129443_2.tex,regreession model greedy,True,12,23.78045105934143,54.47265779652496,12
129450_2.tex,regreession model greedy,True,24,51.8988983631134,113.80882927200004,24
129473_2.tex,regreession model greedy,True,10,20.57993030548096,39.91122685515004,10
129481_3.tex,regreession model greedy,True,9,17.60814881324768,31.066873173,9
129489_3.tex,regreession model greedy,True,48,105.95998692512512,403.5192479357504,48
129580_1.tex,regreession model greedy,True,8,16.015776872634888,32.8015560376002,8
129664_3.tex,regreession model greedy,True,3,6.486099243164063,16.658732810000515,3
129692_2.tex,regreession model greedy,True,15,36.59911298751831,89.3265455350008,15
129693_1.tex,regreession model greedy,True,14,33.24512958526611,77.99504436029505,14
129737_1.tex,regreession model greedy,True,3,5.593005895614624,14.158467183750034,3
129739_3.tex,regreession model greedy,True,8,15.743813276290894,36.63163028000038,8
129755_1.tex,regreession model greedy,True,6,13.42434859275818,27.904884317346514,6
130022_1.tex,regreession model greedy,True,12,24.67639446258545,62.22844553375012,12
130030_1.tex,regreession model greedy,False,23,52.245872259140015,146.08811300850004,24
130037_3.tex,regreession model greedy,False,5,12.829450130462646,22.09418147999999,6
130043_1.tex,regreession model greedy,True,30,69.232577085495,273.71995366,30
130051_2.tex,regreession model greedy,True,9,17.33437991142273,52.894553304999874,9
130079_3.tex,regreession model greedy,True,9,17.246989011764526,46.75061186700001,9
130094_2.tex,regreession model greedy,True,1,1.5440053939819336,6.300404160000085,1
130109_3.tex,regreession model greedy,True,2,3.3055849075317383,14.916744280000003,2
130244_2.tex,regreession model greedy,True,1,1.5141034126281738,4.641287920000082,1
130270_1.tex,regreession model greedy,True,5,11.389902591705322,20.62334672000034,5
130331_2.tex,regreession model greedy,True,7,14.491634368896484,17.63391214404798,7
130334_3.tex,regreession model greedy,True,5,10.766402006149292,27.405082991957958,5
130357_2.tex,regreession model greedy,True,4,7.792584180831909,11.58628354000001,4
130439_3.tex,regreession model greedy,True,11,24.704041957855225,36.78159509995,11
130488_3.tex,regreession model greedy,True,10,18.623383045196533,63.00875384000075,10
130511_3.tex,regreession model greedy,True,4,7.247451782226562,22.506573910000043,4
130594_3.tex,regreession model greedy,True,15,28.198893308639526,79.35578358000046,15
130596_3.tex,regreession model greedy,True,2,3.5184454917907715,14.041494280000007,2
130635_1.tex,regreession model greedy,True,2,3.3614275455474854,6.419757600000025,2
130712_1.tex,regreession model greedy,True,10,21.51877999305725,48.81140883000069,10
130758_1.tex,regreession model greedy,True,3,6.581843137741089,10.684776800000009,3
130760_3.tex,regreession model greedy,True,14,32.78318119049072,59.54331666808234,14
130848_2.tex,regreession model greedy,True,3,5.576636075973511,7.68700625000001,3
130849_2.tex,regreession model greedy,True,4,7.580376148223877,9.57024824440019,4
130858_2.tex,regreession model greedy,True,1,1.49497652053833,3.663907080000072,1
130886_3.tex,regreession model greedy,True,18,39.86244797706604,91.13763567165051,18
131027_3.tex,regreession model greedy,True,18,35.82829666137695,97.72152520000044,18
131030_2.tex,regreession model greedy,True,15,30.618574619293213,100.01534749000017,15
131099_1.tex,regreession model greedy,True,22,45.08965492248535,108.90241715917496,22
131112_2.tex,regreession model greedy,True,2,3.0693633556365967,0.0,2
131172_1.tex,regreession model greedy,True,5,8.826068639755249,13.544438399999947,5
131174_1.tex,regreession model greedy,True,5,9.217236518859863,15.160542085600028,5
131182_3.tex,regreession model greedy,True,38,76.94041514396667,245.2080119366668,38
131187_2.tex,regreession model greedy,True,25,49.16970205307007,125.7512819376584,25
131324_2.tex,regreession model greedy,True,13,27.63113903999329,61.79553064299996,13
131407_2.tex,regreession model greedy,True,4,8.861393928527832,23.28283280249999,4
131462_3.tex,regreession model greedy,True,13,27.160115003585812,88.36360653,13
131537_3.tex,regreession model greedy,True,15,33.361416816711426,84.07143800063355,15
131621_2.tex,regreession model greedy,True,10,21.727195978164676,51.50982682841402,10
131648_2.tex,regreession model greedy,True,1,1.7212038040161133,5.678341079999996,1
131720_3.tex,regreession model greedy,True,6,11.261767387390137,30.520118176999997,6
131730_3.tex,regreession model greedy,True,13,28.841611862182617,66.91965510341412,13
131732_1.tex,regreession model greedy,True,47,96.51502323150636,567.3628954577505,47
131816_3.tex,regreession model greedy,True,3,6.208632946014404,14.478771319999936,3
131835_3.tex,regreession model greedy,True,17,39.44792342185974,108.0739494275098,17
131860_3.tex,regreession model greedy,True,7,15.383420705795288,28.099626378500083,7
131939_1.tex,regreession model greedy,True,4,7.614996433258057,15.787606723000057,4
131993_2.tex,regreession model greedy,True,5,9.61019229888916,16.259710240000004,5
131994_1.tex,regreession model greedy,True,1,1.4234189987182615,3.613604580000043,1
132048_2.tex,regreession model greedy,True,9,18.03989124298096,29.96563388699997,9
132066_3.tex,regreession model greedy,True,6,12.275044679641724,23.44846026199997,6
132119_2.tex,regreession model greedy,True,9,17.380165815353394,39.39769769000002,9
132150_3.tex,regreession model greedy,True,15,31.880377292633057,81.67615629800031,15
132180_2.tex,regreession model greedy,True,5,10.230775833129885,26.433280681800163,5
132213_2.tex,regreession model greedy,True,2,3.790900707244873,6.93,2
132220_1.tex,regreession model greedy,True,18,36.71152663230896,87.88433259500023,18
132378_1.tex,regreession model greedy,True,6,14.090022563934326,13.973993544249964,6
132378_3.tex,regreession model greedy,True,11,26.66382670402527,43.23197609499992,11
132442_3.tex,regreession model greedy,True,9,20.52202558517456,25.3948422550003,9
132505_3.tex,regreession model greedy,True,1,1.882564067840576,0.0,1
132527_2.tex,regreession model greedy,True,9,20.80061173439026,39.84314520000004,9
132543_1.tex,regreession model greedy,True,18,40.3772599697113,104.61656960000067,18
132550_1.tex,regreession model greedy,True,3,5.901547431945801,8.500783765000023,3
132566_2.tex,regreession model greedy,False,30,71.17379450798035,339.141809093,31
132571_3.tex,regreession model greedy,True,30,68.15283250808716,196.181515285,30
132587_3.tex,regreession model greedy,True,5,10.601369619369509,15.31897679999998,5
132610_1.tex,regreession model greedy,True,15,34.625357151031494,57.43908749150039,15
132714_2.tex,regreession model greedy,True,2,3.863753080368042,6.655687154999995,2
132751_1.tex,regreession model greedy,True,4,7.921074628829956,24.26873206800007,4
132775_2.tex,regreession model greedy,True,3,5.356169700622559,5.985490150000032,3
132780_1.tex,regreession model greedy,True,16,38.25104379653931,78.98751357900001,16
132825_2.tex,regreession model greedy,True,11,22.8230094909668,38.94605047000001,11
132873_3.tex,regreession model greedy,True,10,22.32220888137817,75.78107145500017,10
132903_3.tex,regreession model greedy,True,16,39.8797287940979,84.3754208950004,24
133041_2.tex,regreession model greedy,True,5,10.412439823150637,25.781427546000003,5
133065_3.tex,regreession model greedy,False,13,32.84655499458313,87.54484050000003,14
133073_1.tex,regreession model greedy,True,5,9.658360481262209,28.736313380000094,5
133078_1.tex,regreession model greedy,True,5,9.774283170700071,29.18878615,5
133106_2.tex,regreession model greedy,True,15,33.27414059638977,115.75721432799986,15
133108_2.tex,regreession model greedy,True,9,18.78255176544189,59.39446074939998,9
133200_2.tex,regreession model greedy,True,27,53.90604710578919,235.4524012379997,27
133229_2.tex,regreession model greedy,True,5,9.975750207901,29.896943110000585,5
133259_2.tex,regreession model greedy,True,24,50.04118776321411,142.3656984228003,24
133275_1.tex,regreession model greedy,True,5,9.570285081863403,28.210719229999853,5
133368_1.tex,regreession model greedy,True,2,3.3732423782348637,12.329856980000043,2
133377_3.tex,regreession model greedy,True,1,1.5376906394958496,5.07500607999998,1
133431_3.tex,regreession model greedy,True,7,15.399677991867064,23.036258482500003,7
133462_3.tex,regreession model greedy,True,8,18.40898060798645,23.48000781153395,8
133472_3.tex,regreession model greedy,True,13,31.123682498931885,51.4389308826626,13
133509_3.tex,regreession model greedy,True,11,23.894371509552,56.76512066500016,15
133527_2.tex,regreession model greedy,True,8,17.7665114402771,33.380378175649966,8
133534_3.tex,regreession model greedy,True,21,50.47386431694031,179.71737772299986,24
133537_3.tex,regreession model greedy,False,17,38.93527126312256,83.98240250850048,18
133544_2.tex,regreession model greedy,True,13,28.023070812225345,60.49777121999995,13
133588_1.tex,regreession model greedy,True,8,17.37041687965393,30.612606514707068,8
133590_1.tex,regreession model greedy,True,15,33.685200691223145,66.82790349200036,15
133667_3.tex,regreession model greedy,True,12,24.475860118865967,55.35459655500024,12
133708_1.tex,regreession model greedy,True,2,3.258955717086792,6.007625614999995,2
133739_1.tex,regreession model greedy,True,12,23.140573978424072,54.62378776500047,12
133769_3.tex,regreession model greedy,True,18,37.88783884048462,91.34967861517502,18
133787_1.tex,regreession model greedy,True,10,19.900940418243408,53.26860870999997,10
133806_3.tex,regreession model greedy,True,15,30.057121753692627,65.47062289350006,15
133912_3.tex,regreession model greedy,True,43,91.6055359840393,329.739111117,43
134012_1.tex,regreession model greedy,True,16,37.70297884941101,77.62430764320048,16
134037_1.tex,regreession model greedy,True,7,14.451655864715576,18.687152839999957,7
134064_3.tex,regreession model greedy,True,1,1.4093410968780518,0.0,1
134066_1.tex,regreession model greedy,True,16,35.82904934883118,132.17007975500002,16
134156_3.tex,regreession model greedy,True,13,25.71153879165649,73.87043466000057,13
134159_1.tex,regreession model greedy,True,6,12.084426403045654,18.98413521500011,6
134193_1.tex,regreession model greedy,True,16,33.30312418937683,70.78104180120017,16
134208_3.tex,regreession model greedy,True,18,37.78141379356384,74.20943922543904,18
134222_1.tex,regreession model greedy,True,19,42.11824917793274,85.05249471435712,19
134235_1.tex,regreession model greedy,True,20,43.88746070861816,94.3087894440002,20
134258_2.tex,regreession model greedy,True,25,53.58068776130676,176.8887131300004,25
134262_1.tex,regreession model greedy,True,16,34.2626736164093,124.27386156500113,16
134288_3.tex,regreession model greedy,True,19,41.23921489715576,113.09076916000004,19
134379_2.tex,regreession model greedy,True,2,3.451662540435791,3.6436654500000154,2
134434_3.tex,regreession model greedy,True,8,15.197394371032717,33.396988069750094,8
134552_1.tex,regreession model greedy,True,4,9.016937971115112,15.758190389999996,4
134622_1.tex,regreession model greedy,True,3,6.764993667602539,19.424771097704053,3
134650_3.tex,regreession model greedy,True,3,6.837638854980469,19.466080429999977,3
134661_2.tex,regreession model greedy,False,21,48.14357280731201,135.73436635849998,22
134712_1.tex,regreession model greedy,False,10,23.45940351486206,49.61880870646807,11
134760_2.tex,regreession model greedy,True,6,12.4050133228302,23.92758897179999,6
134791_3.tex,regreession model greedy,True,5,9.560290336608888,23.528738005000065,5
134867_2.tex,regreession model greedy,True,13,28.5806622505188,74.11802949500014,13
134912_2.tex,regreession model greedy,True,11,22.819088220596317,73.73653978000014,11
134922_1.tex,regreession model greedy,False,7,15.998551845550535,40.45520499000004,8
134965_3.tex,regreession model greedy,True,4,8.18083667755127,21.66978636700007,4
134971_1.tex,regreession model greedy,True,39,81.9270544052124,294.85221019436426,39
134972_2.tex,regreession model greedy,True,18,36.210482358932495,105.27993111000002,18
135132_2.tex,regreession model greedy,True,10,21.80095934867859,48.13727946500084,10
135195_1.tex,regreession model greedy,True,4,10.029807806015016,10.387570990000183,4
135199_1.tex,regreession model greedy,True,7,15.763526201248167,22.526552338999952,7
135213_2.tex,regreession model greedy,True,18,37.51291823387146,96.91103864400054,18
135301_1.tex,regreession model greedy,True,4,8.17968225479126,12.41836744470004,4
135320_2.tex,regreession model greedy,True,23,46.73420763015747,123.60055341568622,23
135343_2.tex,regreession model greedy,True,3,5.242625236511231,6.208852640000004,3
135361_2.tex,regreession model greedy,True,9,16.858410596847534,30.55505794699996,9
135366_3.tex,regreession model greedy,True,21,38.72794342041016,149.38716164875984,21
135408_3.tex,regreession model greedy,False,26,55.544941902160645,151.04444649375006,27
135409_1.tex,regreession model greedy,False,27,62.3791868686676,173.81144121800023,28
135429_2.tex,regreession model greedy,True,14,35.082921504974365,52.75435445460009,14
135454_3.tex,regreession model greedy,True,12,35.57120895385742,77.37715919500019,12
135529_3.tex,regreession model greedy,True,14,36.7487850189209,61.46223206180005,14
135599_2.tex,regreession model greedy,True,3,7.371418237686157,7.9397751919999795,3
135726_3.tex,regreession model greedy,True,6,16.463431119918823,18.21474041999997,6
135738_3.tex,regreession model greedy,True,12,35.37299728393555,51.41655531799997,12
135811_2.tex,regreession model greedy,True,23,55.8674578666687,177.46366166849987,23
135852_3.tex,regreession model greedy,True,31,79.98092198371887,205.8448509450005,31
135867_2.tex,regreession model greedy,True,6,12.516191244125366,17.466242824999995,6
135868_1.tex,regreession model greedy,True,7,15.613214254379272,18.648894564999992,7
135933_3.tex,regreession model greedy,True,41,118.68996691703796,227.06874051200103,41
135937_3.tex,regreession model greedy,True,5,14.803017139434814,13.187033710000032,5
135947_2.tex,regreession model greedy,True,20,56.18651509284973,88.87750340400002,20
135969_2.tex,regreession model greedy,False,62,151.1822600364685,1305.5748711825008,62
136013_1.tex,regreession model greedy,False,24,51.98361110687256,151.13112534750007,25
136062_3.tex,regreession model greedy,True,8,16.53951406478882,33.373192600599936,8
136138_2.tex,regreession model greedy,True,2,5.530907869338989,15.13125164455,2
136223_3.tex,regreession model greedy,True,4,10.962470769882202,26.59279708000043,4
136248_1.tex,regreession model greedy,True,15,35.05054044723511,161.50055466700007,15
136253_1.tex,regreession model greedy,True,3,7.860038995742798,16.638398208260003,3
136278_3.tex,regreession model greedy,True,4,8.792324542999268,14.773079955000044,4
136315_2.tex,regreession model greedy,True,6,13.056209087371826,38.13891452000016,6
136337_2.tex,regreession model greedy,True,12,28.444323539733887,61.315472339499934,12
136393_1.tex,regreession model greedy,True,6,12.681066989898682,32.80924365200019,6
136413_1.tex,regreession model greedy,True,6,13.99772024154663,38.27008722,6
136448_3.tex,regreession model greedy,True,6,14.953751802444458,30.858738087999964,6
136454_3.tex,regreession model greedy,True,1,1.9098541736602783,7.395574160000081,1
136463_3.tex,regreession model greedy,True,18,42.7348518371582,132.70115939232005,18
136501_2.tex,regreession model greedy,True,5,12.208423852920532,22.609276839800003,5
136543_3.tex,regreession model greedy,True,19,40.02859473228455,154.69348381800012,19
136580_1.tex,regreession model greedy,True,2,3.724687576293945,11.779206918,2
136608_3.tex,regreession model greedy,True,3,5.852883338928223,14.763032931800254,3
136685_1.tex,regreession model greedy,True,3,6.556217908859253,7.347715673750059,3
136713_1.tex,regreession model greedy,True,2,3.0589168071746826,2.518057260000006,2
136801_3.tex,regreession model greedy,True,6,13.416200160980225,23.18130444039999,6
136940_2.tex,regreession model greedy,True,19,44.57561254501343,91.79429996493486,19
136999_1.tex,regreession model greedy,True,4,9.77820110321045,19.67715834800007,4
137002_1.tex,regreession model greedy,True,21,53.810290813446045,178.25326019800045,21
137014_2.tex,regreession model greedy,True,3,6.941699266433716,6.547389164999999,3
137231_3.tex,regreession model greedy,True,24,60.22743606567383,164.0482896294024,24
137254_1.tex,regreession model greedy,True,13,28.863074779510494,60.14063873970031,13
137301_3.tex,regreession model greedy,True,1,1.581979751586914,0.0,1
137322_2.tex,regreession model greedy,True,8,16.703242778778076,36.55372225974385,8
137337_1.tex,regreession model greedy,True,3,5.30518102645874,12.261130099999995,3
137371_3.tex,regreession model greedy,True,16,31.59113883972168,86.82996369668615,16
137382_3.tex,regreession model greedy,True,1,1.5922701358795166,0.0,1
137386_2.tex,regreession model greedy,True,3,4.745558261871338,2.547934950000013,3
137408_3.tex,regreession model greedy,True,13,24.780440092086792,93.97365616500012,13
137423_2.tex,regreession model greedy,True,24,51.21872544288635,212.80556058499968,24
137454_1.tex,regreession model greedy,True,3,5.588766574859619,2.8155095999999986,3
137487_3.tex,regreession model greedy,True,1,2.011296510696411,0.0,1
137493_2.tex,regreession model greedy,False,23,53.49849534034729,156.87852697999983,24
137515_1.tex,regreession model greedy,True,6,11.539221048355104,24.13253870000009,6
137540_2.tex,regreession model greedy,False,4,10.312584161758425,9.53893256000003,5
137557_3.tex,regreession model greedy,True,7,14.84008812904358,20.580774962700037,7
137617_2.tex,regreession model greedy,True,1,1.4440622329711914,0.0,1
137734_3.tex,regreession model greedy,True,6,13.964780569076538,38.64552771999997,6
137782_2.tex,regreession model greedy,True,6,11.659542083740234,35.5013522043495,6
138038_3.tex,regreession model greedy,True,6,10.910553455352783,32.569742180000404,6
138092_2.tex,regreession model greedy,True,2,4.188017129898071,13.357844160000065,2
138165_2.tex,regreession model greedy,True,1,1.7131826877593994,3.0122203409999884,1
138208_1.tex,regreession model greedy,True,12,22.717872619628903,59.49237842600007,12
138294_2.tex,regreession model greedy,True,5,11.248674631118774,21.48174493500068,5
138324_3.tex,regreession model greedy,True,10,17.939857721328735,47.141971649324766,10
138334_1.tex,regreession model greedy,True,1,1.4080181121826172,4.184965420000012,1
138376_1.tex,regreession model greedy,True,9,17.84386396408081,60.94631140500032,9
138393_2.tex,regreession model greedy,True,3,4.843718767166138,9.647217215000012,3
138418_1.tex,regreession model greedy,True,16,31.880062103271484,97.36050452141392,16
138437_2.tex,regreession model greedy,True,5,10.705785036087036,17.725363103264034,5
138503_2.tex,regreession model greedy,True,1,1.462566375732422,0.0,1
138522_2.tex,regreession model greedy,True,1,1.4747047424316406,3.037905385000002,1
138531_2.tex,regreession model greedy,True,4,8.49702763557434,13.699271839999994,4
138618_3.tex,regreession model greedy,True,10,19.735952615737915,53.563331087999984,10
138654_3.tex,regreession model greedy,True,32,61.26722049713135,302.92149948675296,32
138758_1.tex,regreession model greedy,True,35,77.22442436218262,353.95817916599987,35
138819_1.tex,regreession model greedy,True,4,8.516219139099121,9.829575184752514,4
138854_3.tex,regreession model greedy,True,6,12.053582906723022,16.67211211499999,6
138866_3.tex,regreession model greedy,True,3,5.891474485397339,9.346069165000143,3
138874_2.tex,regreession model greedy,True,4,7.993528604507446,9.938345075000155,4
138875_1.tex,regreession model greedy,True,2,3.953468322753906,0.0,2
139015_2.tex,regreession model greedy,True,3,6.194764852523804,4.199990420000063,3
139024_1.tex,regreession model greedy,True,3,5.497535228729248,7.960926955000232,3
139061_1.tex,regreession model greedy,True,4,6.907869815826416,9.973386155000007,4
139063_3.tex,regreession model greedy,True,2,3.558545589447021,2.506202031800001,2
139073_3.tex,regreession model greedy,True,8,18.291513681411743,25.85295678476393,8
139080_2.tex,regreession model greedy,True,8,16.287186861038208,23.04820146475995,8
139101_2.tex,regreession model greedy,True,6,12.885862588882446,18.92744500680002,6
139160_3.tex,regreession model greedy,True,11,22.33745265007019,53.78071325500011,11
139308_1.tex,regreession model greedy,True,39,80.75535583496094,217.3089200670002,39
139365_3.tex,regreession model greedy,True,16,35.1406455039978,123.1249420689005,16
139458_3.tex,regreession model greedy,True,2,3.7346272468566895,14.16066017999998,2
139555_3.tex,regreession model greedy,True,6,12.819218158721924,42.63291976000003,6
139737_1.tex,regreession model greedy,True,21,44.67054200172424,107.8127457898755,21
139750_2.tex,regreession model greedy,True,15,35.72941017150879,81.02946587150002,15
139769_3.tex,regreession model greedy,True,1,1.6494574546813965,6.480051849999995,1
139821_2.tex,regreession model greedy,False,27,56.40828466415405,146.07425149699998,28
139914_1.tex,regreession model greedy,True,4,8.059370756149292,12.718543601200023,4
139961_3.tex,regreession model greedy,True,5,9.767367601394652,13.886951203707047,5
139983_3.tex,regreession model greedy,True,1,1.597001075744629,2.515365540000033,1
139989_2.tex,regreession model greedy,True,5,8.95041537284851,20.230492980000164,5
140003_2.tex,regreession model greedy,True,7,13.584611177444458,50.23310038124984,7
140044_3.tex,regreession model greedy,True,3,5.53142237663269,8.28918967674996,3
140059_2.tex,regreession model greedy,True,5,10.337039232254028,15.51960186500004,5
140093_2.tex,regreession model greedy,True,18,34.99457049369812,131.61749051124968,18
140112_2.tex,regreession model greedy,True,12,22.87955379486084,97.95820631860012,12
140181_3.tex,regreession model greedy,True,18,37.380645751953125,80.81852370050001,18
140273_2.tex,regreession model greedy,True,9,12.279848098754885,39.79942898799996,9
140317_2.tex,regreession model greedy,True,4,7.177684545516968,16.929480300000037,4
140391_3.tex,regreession model greedy,False,14,32.54423189163208,59.970207798799976,15
140450_1.tex,regreession model greedy,True,16,34.70956492424011,133.15480277219996,16
140453_3.tex,regreession model greedy,True,3,5.76487135887146,11.69511968249617,3
140576_3.tex,regreession model greedy,True,7,15.870182037353516,20.571351994399866,7
140586_1.tex,regreession model greedy,True,14,29.266535997390747,73.12265883129994,14
140601_3.tex,regreession model greedy,True,18,37.59998607635498,81.27324935176395,18
140611_1.tex,regreession model greedy,True,1,0.8741848468780518,0.0,1
140628_3.tex,regreession model greedy,True,9,13.31875228881836,45.49826010500026,9
140633_2.tex,regreession model greedy,True,18,32.63073492050171,136.39575330000085,18
140703_2.tex,regreession model greedy,True,18,36.824641704559326,100.61143370499998,18
140703_3.tex,regreession model greedy,True,4,7.903155565261841,6.257914150000104,4
140711_1.tex,regreession model greedy,True,4,7.600741386413574,15.865692174500031,4
140729_1.tex,regreession model greedy,True,10,20.75731611251831,52.51491735499989,10
140756_3.tex,regreession model greedy,True,5,8.055547714233398,25.123905599999983,5
140814_1.tex,regreession model greedy,True,21,37.29948830604553,109.17192747900027,21
140857_1.tex,regreession model greedy,False,3,8.146552801132202,6.373910524999999,4
140862_2.tex,regreession model greedy,True,7,13.589516162872314,32.29160704999995,7
140892_1.tex,regreession model greedy,True,39,79.98623514175415,316.666756006,39
140911_3.tex,regreession model greedy,True,16,27.956437349319454,68.43829588679999,16
141090_3.tex,regreession model greedy,True,11,23.60653185844421,54.88554971925748,11
141092_1.tex,regreession model greedy,True,7,14.311334371566772,35.410854324399935,7
141139_3.tex,regreession model greedy,True,1,1.658979892730713,6.30039192000001,1
141152_3.tex,regreession model greedy,True,42,88.20319080352783,602.4711135364009,42
141189_3.tex,regreession model greedy,True,12,23.531285762786865,64.28055769625027,12
141277_1.tex,regreession model greedy,True,1,1.4726760387420654,6.6520141600000215,1
141341_1.tex,regreession model greedy,True,1,1.523489475250244,5.963771080000015,1
141355_2.tex,regreession model greedy,True,15,28.4877245426178,83.08290612800012,15
141368_1.tex,regreession model greedy,True,41,78.76598143577576,373.7972692540002,41
141373_2.tex,regreession model greedy,False,12,19.134541034698486,78.29992025499988,13
141376_1.tex,regreession model greedy,True,10,15.99902629852295,80.84040875500001,10
141405_2.tex,regreession model greedy,True,9,17.589290857315063,51.830476380000064,9
141412_2.tex,regreession model greedy,True,8,14.49521517753601,39.960503527520935,8
141429_3.tex,regreession model greedy,True,8,14.289530754089355,39.05018105000004,8
141449_3.tex,regreession model greedy,True,5,9.684364318847656,27.564692439000044,5
141470_2.tex,regreession model greedy,True,35,69.80488109588623,260.0136785480729,35
141475_3.tex,regreession model greedy,True,26,53.305609703063965,134.01148585575024,26
141551_3.tex,regreession model greedy,True,10,20.60684633255005,44.29164864471498,10
141559_2.tex,regreession model greedy,True,6,12.40672779083252,25.61738286437501,6
141626_1.tex,regreession model greedy,True,4,8.220685720443726,12.267548039999994,4
141632_3.tex,regreession model greedy,True,3,4.770021677017212,9.77904154677254,3
141659_1.tex,regreession model greedy,True,11,23.34627079963684,55.99577704600031,11
141731_2.tex,regreession model greedy,True,12,22.20064163208008,60.00998089000012,12
141781_2.tex,regreession model greedy,True,10,19.530266761779785,39.53869450422799,10
141821_2.tex,regreession model greedy,True,14,26.83355951309204,71.41419843000055,14
141836_2.tex,regreession model greedy,True,7,14.621021270751951,21.712446880000066,7
141861_3.tex,regreession model greedy,True,8,16.09996509552002,25.25923793000001,8
141919_3.tex,regreession model greedy,True,11,20.897907495498657,58.88770383000002,11
141961_2.tex,regreession model greedy,True,7,12.436938762664797,31.57678253272501,7
142003_3.tex,regreession model greedy,True,45,88.8772337436676,379.3355362681998,45
142010_3.tex,regreession model greedy,True,42,81.34897375106812,321.85565243165416,42
142018_1.tex,regreession model greedy,True,6,12.010974168777466,21.602877193199944,6
142085_2.tex,regreession model greedy,True,11,22.598713397979736,53.3810211540006,11
142098_2.tex,regreession model greedy,True,7,13.657708406448364,18.2331182500499,7
142125_1.tex,regreession model greedy,True,11,24.22729182243347,50.9336128106678,11
142179_2.tex,regreession model greedy,True,6,11.969046354293823,17.59264082500016,6
142221_2.tex,regreession model greedy,True,6,10.920450448989868,14.398553023850056,6
142222_1.tex,regreession model greedy,True,21,37.432883977890015,97.78502400245095,21
142232_3.tex,regreession model greedy,True,11,20.807360410690308,50.41795457216,11
142272_1.tex,regreession model greedy,True,18,34.79405856132507,134.7538954189998,18
142275_3.tex,regreession model greedy,True,10,21.629807472229004,38.84550162212102,10
142291_2.tex,regreession model greedy,True,1,1.8365793228149412,2.971458040000016,1
142406_1.tex,regreession model greedy,True,11,23.49136686325073,43.15342363640004,11
142443_3.tex,regreession model greedy,True,3,6.206051826477051,7.82839891499998,3
142453_1.tex,regreession model greedy,False,16,30.34884548187256,92.23677481500016,17
142515_2.tex,regreession model greedy,True,15,23.147623538970947,64.79528456400021,15
142626_3.tex,regreession model greedy,True,16,32.736045122146606,120.65371386005906,16
142661_3.tex,regreession model greedy,True,3,5.124619007110596,18.403861182520323,3
142695_2.tex,regreession model greedy,True,2,3.951521873474121,16.85178416000003,2
142878_3.tex,regreession model greedy,False,39,85.42683601379395,398.58883402956815,40
142906_3.tex,regreession model greedy,True,11,20.29461908340454,62.67096680999995,11
142953_1.tex,regreession model greedy,True,10,21.6184241771698,53.03210707100007,10
143134_1.tex,regreession model greedy,False,7,15.951156377792358,61.76773028000007,8
143176_1.tex,regreession model greedy,True,6,11.46764349937439,36.51872321667099,6
143181_1.tex,regreession model greedy,True,8,18.03363513946533,30.687288807312427,8
143253_2.tex,regreession model greedy,True,15,36.34741711616516,103.86075468080011,15
143264_1.tex,regreession model greedy,True,5,9.721677303314207,16.369731570000326,5
143297_3.tex,regreession model greedy,True,3,5.897447824478149,10.405401462000038,3
143310_2.tex,regreession model greedy,True,25,53.40271282196045,155.28121058938564,25
143313_1.tex,regreession model greedy,False,16,33.616687536239624,88.47504713350055,17
143313_2.tex,regreession model greedy,False,17,35.159653186798096,92.97986972116703,18
143350_2.tex,regreession model greedy,True,11,21.17279052734375,72.95912576500018,11
143378_2.tex,regreession model greedy,True,9,18.26850199699402,35.52833701500009,9
143399_2.tex,regreession model greedy,True,10,21.59191060066223,41.77879106999995,10
143403_1.tex,regreession model greedy,True,20,63.797502279281616,129.17105197405914,20
143426_1.tex,regreession model greedy,True,2,6.453009605407715,2.8533571399999857,2
143454_1.tex,regreession model greedy,True,5,15.671159505844116,25.125454740000023,5
143456_3.tex,regreession model greedy,True,8,18.76387643814087,48.793461700000265,8
143466_2.tex,regreession model greedy,True,1,1.814391613006592,2.677032780000019,1
143469_2.tex,regreession model greedy,True,8,22.174315690994263,25.442343435707063,8
143513_1.tex,regreession model greedy,True,8,18.626973867416385,32.848593346300134,8
143531_1.tex,regreession model greedy,True,10,22.324917554855347,41.52863736760021,10
143542_1.tex,regreession model greedy,True,1,1.492893934249878,0.0,1
143559_3.tex,regreession model greedy,True,25,57.35971403121948,184.2662819000001,25
143578_2.tex,regreession model greedy,True,7,15.060155868530272,39.65451520000005,7
143737_3.tex,regreession model greedy,True,14,32.43569660186768,67.70029618200097,14
143746_2.tex,regreession model greedy,True,2,4.275936603546143,5.021515919400002,2
143764_2.tex,regreession model greedy,True,5,10.778960466384888,22.581647050000303,5
143789_3.tex,regreession model greedy,True,4,8.243199110031128,10.382923551999989,4
143790_2.tex,regreession model greedy,True,2,4.730794668197632,5.72840017489753,2
143836_3.tex,regreession model greedy,True,4,10.016573905944824,8.780005114000208,4
143844_1.tex,regreession model greedy,True,5,12.63098692893982,15.525094719400172,5
143905_2.tex,regreession model greedy,True,10,25.655405521392822,57.179692106999966,10
143951_2.tex,regreession model greedy,True,6,13.826678037643433,16.636521115000022,6
143995_1.tex,regreession model greedy,True,2,3.934978485107422,7.085139208999948,2
143996_2.tex,regreession model greedy,True,10,24.360009908676147,55.29466234999994,10
144045_2.tex,regreession model greedy,True,17,40.877392053604126,107.26272891999992,17
144074_1.tex,regreession model greedy,True,26,65.117262840271,295.35379379999983,26
144094_1.tex,regreession model greedy,True,8,16.347660541534424,25.24084365000003,8
144303_3.tex,regreession model greedy,True,5,12.589550018310549,27.97345124000016,5
144389_2.tex,regreession model greedy,True,7,17.270957708358765,40.78829334535227,7
144407_3.tex,regreession model greedy,True,7,13.873703718185425,32.32247129000008,7
144422_1.tex,regreession model greedy,True,3,5.973470687866211,20.927803680000014,3
144487_3.tex,regreession model greedy,True,3,6.3482537269592285,13.170825999999977,3
144510_2.tex,regreession model greedy,True,1,1.46996808052063,6.215416080000011,1
144696_3.tex,regreession model greedy,True,31,73.22315430641174,254.50894378350017,31
144776_3.tex,regreession model greedy,True,11,31.048741817474365,46.13216112766124,11
144833_2.tex,regreession model greedy,True,6,17.407323122024536,31.378020940000027,6
144846_3.tex,regreession model greedy,True,4,9.809322118759155,15.411288289999971,4
144856_3.tex,regreession model greedy,True,6,16.698457956314087,39.53439440000007,6
144896_3.tex,regreession model greedy,True,7,18.43223810195923,29.276694649414296,7
144919_2.tex,regreession model greedy,True,13,35.25762176513672,49.86516979535014,13
144924_3.tex,regreession model greedy,True,8,17.516077280044556,26.520815157699964,8
144930_2.tex,regreession model greedy,True,16,38.94929122924805,71.3004250370012,16
144944_2.tex,regreession model greedy,True,13,26.732828378677368,142.72474019000006,13
144959_2.tex,regreession model greedy,True,28,65.8027708530426,259.21531548375,28
144975_3.tex,regreession model greedy,True,4,8.566757678985596,12.059521615000024,4
144990_3.tex,regreession model greedy,True,4,7.9656617641448975,14.94813058000048,4
145113_2.tex,regreession model greedy,True,6,12.394510984420776,21.96076219519999,6
145115_2.tex,regreession model greedy,True,10,20.624284267425537,41.54150482200002,10
145145_2.tex,regreession model greedy,False,32,77.87591695785522,181.4112970762004,33
145200_3.tex,regreession model greedy,False,20,49.10999703407288,126.76407202500005,21
145239_1.tex,regreession model greedy,False,58,131.60151195526123,2419.1894445141,58
145257_3.tex,regreession model greedy,False,27,61.03922653198242,148.20428441780012,28
145329_3.tex,regreession model greedy,True,4,10.182095289230348,8.930641104999978,4
145333_3.tex,regreession model greedy,True,6,12.821682214736938,20.08670217600001,6
145352_2.tex,regreession model greedy,True,6,12.79482889175415,16.499375251600082,6
145356_3.tex,regreession model greedy,True,12,28.97799062728882,46.64642524499999,12
145393_1.tex,regreession model greedy,True,7,16.92525029182434,41.81511402499999,7
145410_1.tex,regreession model greedy,True,8,18.3626401424408,31.318189460000006,8
145419_3.tex,regreession model greedy,True,9,19.939306259155277,52.71752183299996,9
145452_2.tex,regreession model greedy,True,1,1.409348726272583,0.0,1
145455_1.tex,regreession model greedy,True,7,15.877960681915283,21.681118866350204,7
145474_1.tex,regreession model greedy,True,3,5.601362943649292,8.87109203,3
145501_2.tex,regreession model greedy,True,19,39.83735036849976,124.08434692500126,19
145512_1.tex,regreession model greedy,True,6,12.013834714889526,22.80688969799996,6
145522_3.tex,regreession model greedy,True,4,7.776893138885498,10.050308799999923,4
145548_2.tex,regreession model greedy,True,1,1.384695053100586,5.724042150527964,1
145573_1.tex,regreession model greedy,True,15,31.554253578186035,63.85573460947542,15
145597_3.tex,regreession model greedy,False,14,30.510852336883545,95.17091440000029,15
145619_2.tex,regreession model greedy,True,1,1.4199259281158447,2.9321396590000006,1
145665_1.tex,regreession model greedy,True,23,48.64582562446594,118.69522988550013,23
145668_2.tex,regreession model greedy,True,4,8.296079158782959,13.255189535000024,4
145698_1.tex,regreession model greedy,True,10,22.196714878082275,33.875898525,10
145700_3.tex,regreession model greedy,True,5,9.554445743560793,16.25777442500005,5
145724_2.tex,regreession model greedy,True,7,13.649338722229004,21.851062890999955,7
145731_2.tex,regreession model greedy,True,8,16.055274963378906,40.09232227500003,8
145733_2.tex,regreession model greedy,True,2,3.286055088043213,2.5929759599999898,2
145744_1.tex,regreession model greedy,True,9,20.904335260391235,31.392572781800062,9
145750_3.tex,regreession model greedy,True,11,24.11594295501709,44.66866560120005,11
145784_3.tex,regreession model greedy,False,10,25.20724081993103,42.94344196799996,11
145879_3.tex,regreession model greedy,True,6,14.82228136062622,26.208560071725003,6
145891_1.tex,regreession model greedy,True,2,4.252539873123169,12.02923063,2
145892_1.tex,regreession model greedy,True,3,6.546097040176392,16.708910894999917,3
145929_1.tex,regreession model greedy,True,11,24.30074644088745,97.20741970500036,11
145952_3.tex,regreession model greedy,True,9,20.961963653564453,44.64783186499994,9
145958_3.tex,regreession model greedy,True,4,8.583553075790405,17.55699939644158,4
145964_1.tex,regreession model greedy,True,6,12.286155462265016,35.147550756000065,6
145993_3.tex,regreession model greedy,True,19,42.12617802619934,126.87203393500064,19
146032_3.tex,regreession model greedy,True,3,5.511758089065552,20.775383679999983,3
146082_2.tex,regreession model greedy,True,4,7.422076940536499,20.177581524414208,4
146104_1.tex,regreession model greedy,True,5,10.140638589859009,27.47419179100005,5
146114_1.tex,regreession model greedy,True,26,58.050209283828735,151.5849013483509,26
146114_2.tex,regreession model greedy,True,4,8.118286371231079,15.99001216635,4
146128_1.tex,regreession model greedy,True,14,27.03736019134521,121.59199607999996,14
146138_1.tex,regreession model greedy,True,5,9.82666039466858,29.16290633000014,5
146166_3.tex,regreession model greedy,True,5,10.062793493270874,26.82694027200001,5
146246_2.tex,regreession model greedy,True,6,11.578998327255247,34.526099980000254,6
146404_1.tex,regreession model greedy,True,10,21.820250034332275,45.426578217000326,10
146405_2.tex,regreession model greedy,True,8,16.829814434051514,30.728154605000327,8
146422_2.tex,regreession model greedy,True,10,25.41147089004517,46.10384880549991,10
146424_1.tex,regreession model greedy,True,5,10.099260330200195,11.315448836354449,5
146441_2.tex,regreession model greedy,True,8,18.365161418914795,30.75333395100017,8
146486_1.tex,regreession model greedy,True,7,15.13268232345581,28.978646395000027,7
146493_1.tex,regreession model greedy,True,17,36.65605115890503,114.36491956284294,17
146493_2.tex,regreession model greedy,True,5,10.145643472671509,18.69080116680001,5
146502_2.tex,regreession model greedy,True,13,27.675718069076535,71.30371384524801,13
146553_2.tex,regreession model greedy,True,3,6.382596015930176,16.929488080000027,3
146623_1.tex,regreession model greedy,True,15,32.22233200073242,78.89811814800004,15
146624_1.tex,regreession model greedy,True,21,45.96042442321777,165.75789212750024,21
146632_3.tex,regreession model greedy,True,11,24.48690795898437,47.01722617629604,11
146644_1.tex,regreession model greedy,True,14,32.70510768890381,54.71091678000022,14
146652_3.tex,regreession model greedy,True,5,11.509151458740234,14.629071830000072,5
146656_1.tex,regreession model greedy,True,2,4.223182201385498,12.248776980000171,2
146738_2.tex,regreession model greedy,True,8,17.97552180290222,33.78794483199994,8
146739_1.tex,regreession model greedy,True,1,1.509591579437256,2.879615540000003,1
146744_3.tex,regreession model greedy,True,5,9.731849670410156,14.44316361000005,5
146855_1.tex,regreession model greedy,True,4,7.555719614028931,11.043972885600027,4
146861_1.tex,regreession model greedy,True,50,112.49956941604614,573.8999531077502,50
146875_2.tex,regreession model greedy,False,48,104.60057997703552,299.42382423280003,49
146893_2.tex,regreession model greedy,True,12,25.64876818656921,145.01479089375,12
146921_2.tex,regreession model greedy,True,2,3.947383165359497,2.519622731874989,2
146968_3.tex,regreession model greedy,True,10,22.344005823135376,33.830246144,10
147070_3.tex,regreession model greedy,True,3,6.100781440734863,5.549689131999964,3
147111_1.tex,regreession model greedy,True,4,7.704136848449707,9.414047230000008,4
147147_3.tex,regreession model greedy,True,1,1.6474711894989014,4.1637418800000034,1
147153_2.tex,regreession model greedy,True,2,3.756126642227173,6.061990150000042,2
147159_3.tex,regreession model greedy,True,10,20.383296251297,45.85742703000016,10
147160_1.tex,regreession model greedy,True,38,82.74332761764526,1067.2267240980011,38
147168_3.tex,regreession model greedy,True,4,7.330939531326294,15.254258480000004,4
147178_3.tex,regreession model greedy,True,20,45.66437458992005,81.39318776182813,20
147192_2.tex,regreession model greedy,True,11,22.720216035842896,40.52204078900023,11
147211_3.tex,regreession model greedy,True,6,12.49105978012085,16.427203939999956,6
147225_1.tex,regreession model greedy,True,13,26.42769145965576,54.7595429500004,13
147273_2.tex,regreession model greedy,False,17,37.34842252731323,81.4741130486001,18
147284_1.tex,regreession model greedy,False,2,5.94185209274292,6.766305459999995,3
147299_2.tex,regreession model greedy,True,43,93.61367702484132,346.7610884808004,43
147301_1.tex,regreession model greedy,False,12,27.38088440895081,59.375201904000185,13
147310_2.tex,regreession model greedy,True,52,114.12774419784546,409.2873658180001,52
147358_1.tex,regreession model greedy,True,10,18.43639326095581,35.30715998947498,10
147363_2.tex,regreession model greedy,True,7,13.72281813621521,26.9543249875,7
147454_1.tex,regreession model greedy,True,7,14.774587154388428,46.07310233,7
147502_1.tex,regreession model greedy,True,7,17.03886914253235,34.36073848999672,7
147570_1.tex,regreession model greedy,True,5,10.40027666091919,25.84587687249996,5
147571_3.tex,regreession model greedy,True,13,28.252269983291622,79.78440418099989,13
147572_3.tex,regreession model greedy,True,11,25.620341777801517,53.9670599214999,11
147639_1.tex,regreession model greedy,True,7,13.959524869918823,42.32805305500003,7
147689_1.tex,regreession model greedy,True,2,3.680717945098877,8.090323004999988,2
147690_1.tex,regreession model greedy,True,16,35.608842611312866,110.01885211800048,16
147732_1.tex,regreession model greedy,True,17,35.92707109451294,85.54881142999994,17
147742_1.tex,regreession model greedy,True,17,38.83348751068115,102.15865840949996,17
147753_3.tex,regreession model greedy,False,10,23.32202172279358,71.5334627800001,11
147778_2.tex,regreession model greedy,False,12,28.043323278427124,67.29421648000037,13
147786_1.tex,regreession model greedy,True,1,2.0999648571014404,6.546921080000004,1
147826_3.tex,regreession model greedy,True,15,35.78332734107971,73.41214678741387,15
147897_3.tex,regreession model greedy,True,2,3.934265613555908,10.049936230000014,2
147913_3.tex,regreession model greedy,False,30,65.78434300422668,181.30203806300028,31
147918_3.tex,regreession model greedy,False,23,48.94443082809448,133.75880795956311,24
147934_1.tex,regreession model greedy,True,9,17.548072814941406,51.51031655000006,9
147941_1.tex,regreession model greedy,True,7,14.875136137008669,32.953270562399986,7
147985_2.tex,regreession model greedy,True,1,1.6569890975952148,4.602322920000063,1
148042_1.tex,regreession model greedy,True,12,32.48102259635925,48.40825804039994,12
148132_3.tex,regreession model greedy,True,5,10.642742156982422,17.72635466940001,5
148148_2.tex,regreession model greedy,True,6,12.844003438949583,18.431344780048025,6
148170_1.tex,regreession model greedy,True,13,34.65739631652832,55.42018036100082,13
148173_2.tex,regreession model greedy,True,10,22.48662066459656,37.86798215500002,10
148204_3.tex,regreession model greedy,True,9,19.62610411643982,38.68884793000015,9
148215_1.tex,regreession model greedy,True,4,8.383318185806274,11.393505521999993,4
148247_2.tex,regreession model greedy,True,12,26.90207052230835,57.08448697999996,12
148278_1.tex,regreession model greedy,True,24,54.55432748794556,189.38628427500015,24
148292_3.tex,regreession model greedy,True,12,24.96655774116516,54.607957784999854,12
148353_3.tex,regreession model greedy,True,16,32.806992530822754,75.73858154860017,16
148355_3.tex,regreession model greedy,True,13,27.689825773239136,60.22007956420013,13
148360_2.tex,regreession model greedy,True,13,30.20207118988037,46.611584660400005,13
148366_1.tex,regreession model greedy,True,3,5.490800619125366,9.549721075000008,3
148374_2.tex,regreession model greedy,True,3,5.890657663345337,10.61690809000011,3
148378_1.tex,regreession model greedy,True,5,9.430124282836914,11.098326289499994,5
148379_1.tex,regreession model greedy,True,19,38.74131417274475,101.54068838550025,19
148396_3.tex,regreession model greedy,True,26,54.50899577140808,209.47177383999968,26
148432_3.tex,regreession model greedy,True,20,39.22362732887268,181.3496595400001,20
148434_3.tex,regreession model greedy,True,15,29.19735860824585,74.98229394300006,15
148540_3.tex,regreession model greedy,True,5,10.62098479270935,11.312456570800007,5
148551_1.tex,regreession model greedy,True,6,13.253409147262571,20.079164457496148,6
148564_2.tex,regreession model greedy,True,3,6.375344753265381,8.96345482500017,3
148577_2.tex,regreession model greedy,True,8,17.29524874687195,27.243023939800047,8
148605_3.tex,regreession model greedy,True,5,10.102970123291016,9.011518090000152,5
148662_1.tex,regreession model greedy,True,6,12.484769821166992,19.224349261999947,6
148683_2.tex,regreession model greedy,True,10,21.25570034980774,47.61816239000026,10
148684_3.tex,regreession model greedy,True,2,3.6113319396972656,5.006052819999979,2
148719_3.tex,regreession model greedy,True,10,20.16142249107361,43.15721474000001,10
148727_1.tex,regreession model greedy,True,23,52.37441635131836,127.7331641050002,34
148736_3.tex,regreession model greedy,True,6,12.936508178710938,12.34549855000003,6
148759_3.tex,regreession model greedy,True,9,19.322155952453613,30.043134234413955,9
148763_2.tex,regreession model greedy,True,2,3.4572341442108154,3.496034124000005,2
148830_2.tex,regreession model greedy,True,18,35.85089182853699,106.12453548999969,18
148847_1.tex,regreession model greedy,True,6,11.477243423461914,16.89395196500007,6
148867_2.tex,regreession model greedy,True,22,43.70540809631348,131.6912951417201,22
148868_1.tex,regreession model greedy,True,2,3.643941640853882,5.031284965000026,2
148891_1.tex,regreession model greedy,True,7,13.20014786720276,20.266333446000008,7
148900_2.tex,regreession model greedy,True,12,26.03690195083618,38.05920645935001,12
148934_3.tex,regreession model greedy,True,18,36.9531786441803,131.13177749000008,18
148966_3.tex,regreession model greedy,True,14,28.560506105422974,76.29243545000027,14
148975_3.tex,regreession model greedy,True,18,32.66277623176575,71.55462572650003,18
148976_2.tex,regreession model greedy,True,5,9.341975688934326,11.878264870912489,5
149097_1.tex,regreession model greedy,True,6,13.680824756622314,37.20964395800009,6
149143_3.tex,regreession model greedy,True,3,6.39089560508728,16.631214980000124,3
149159_2.tex,regreession model greedy,True,5,10.369739294052124,36.69832997500002,5
149214_2.tex,regreession model greedy,True,6,12.672885179519652,36.282700354519946,6
149242_1.tex,regreession model greedy,True,14,29.4147264957428,84.9509793830462,14
149274_2.tex,regreession model greedy,False,1,4.18223237991333,7.482922200000019,2
149280_1.tex,regreession model greedy,True,4,7.352248191833496,29.744496359999985,4
149297_3.tex,regreession model greedy,True,13,25.627885818481445,101.23352438399984,13
149302_3.tex,regreession model greedy,True,8,15.932811260223389,48.90534230099989,8
149330_3.tex,regreession model greedy,True,5,9.78391432762146,22.932510018000077,5
149347_3.tex,regreession model greedy,True,1,1.4671268463134766,5.299340059751984,1
149356_2.tex,regreession model greedy,True,17,34.40880632400513,97.45412649535224,17
149376_1.tex,regreession model greedy,True,14,28.450674533843998,118.02039788000012,14
149395_1.tex,regreession model greedy,True,17,38.462719678878784,95.24938365000004,17
149447_3.tex,regreession model greedy,True,13,26.56933212280273,68.84768895700003,13
149460_1.tex,regreession model greedy,False,10,25.046289682388306,54.1845588123001,11
149472_2.tex,regreession model greedy,True,3,4.225474119186401,17.648158079999916,3
149473_1.tex,regreession model greedy,False,8,14.844737768173218,52.27386067999996,9
149500_1.tex,regreession model greedy,True,2,3.6024558544158936,11.16184521000008,2
149540_2.tex,regreession model greedy,True,37,72.82883477210999,299.2636542477509,118
149633_2.tex,regreession model greedy,True,3,5.779922962188721,9.381202714999972,3
149708_2.tex,regreession model greedy,True,1,0.8079957962036133,4.893061619999983,1
149726_2.tex,regreession model greedy,True,6,11.778244256973268,20.533530227499995,6
149771_3.tex,regreession model greedy,True,3,5.906317949295044,8.257721146999979,3
149780_3.tex,regreession model greedy,True,3,4.756783723831177,9.949969680000052,3
149801_3.tex,regreession model greedy,True,1,1.4856691360473633,0.0,1
149842_1.tex,regreession model greedy,True,8,14.509019613265991,49.348319452479984,8
149862_1.tex,regreession model greedy,True,1,1.5835201740264893,3.496081067160003,1
149885_3.tex,regreession model greedy,True,4,7.628087759017944,12.93599318500003,4
149886_3.tex,regreession model greedy,True,2,3.732963562011719,5.767332691350006,2
149929_1.tex,regreession model greedy,True,8,16.166062593460083,46.82587654000001,8
149952_3.tex,regreession model greedy,True,22,45.41181063652039,142.54471485200077,22
150006_1.tex,regreession model greedy,False,30,65.07015466690063,160.32628102335036,56
150030_3.tex,regreession model greedy,True,2,3.302560329437256,4.484124964999992,2
150066_1.tex,regreession model greedy,True,18,35.71170115470886,99.29154856800012,18
150072_2.tex,regreession model greedy,True,4,7.685829401016235,18.498088500000264,4
150112_3.tex,regreession model greedy,True,7,13.325231552124023,23.914153496400218,7
150255_1.tex,regreession model greedy,True,20,43.89389610290527,118.40310960000082,20
150263_3.tex,regreession model greedy,True,10,18.370906114578247,47.48422354000048,10
150268_3.tex,regreession model greedy,True,6,11.341070890426636,12.789473345625003,6
150277_1.tex,regreession model greedy,True,2,3.787907838821411,3.9487366500000007,2
150330_1.tex,regreession model greedy,True,20,40.42757296562195,89.6329092358501,20
150338_2.tex,regreession model greedy,True,5,9.010061264038086,15.137144000000037,5
150353_2.tex,regreession model greedy,True,10,18.241674184799194,45.02869648000029,10
150364_3.tex,regreession model greedy,True,2,3.3004860877990723,6.740092539999978,2
150369_2.tex,regreession model greedy,True,19,37.864505767822266,115.18692593000068,19
150375_2.tex,regreession model greedy,True,6,9.972657918930054,19.734354863999997,6
150397_2.tex,regreession model greedy,True,20,34.894694328308105,101.37586365700078,20
150406_2.tex,regreession model greedy,True,3,5.773666143417358,11.27523960000002,3
150485_1.tex,regreession model greedy,True,10,19.772379636764526,55.45115376700003,10
150538_3.tex,regreession model greedy,True,7,13.92499566078186,16.78501473676249,7
150545_3.tex,regreession model greedy,True,50,106.54272031784058,534.6061860633504,223
150563_3.tex,regreession model greedy,True,10,20.563759565353397,54.1470102499999,10
150627_1.tex,regreession model greedy,True,13,26.687835216522217,48.158650853274985,13
150636_3.tex,regreession model greedy,False,24,48.17139792442322,120.0794660410002,36
150648_3.tex,regreession model greedy,True,11,19.028128385543823,44.29580116560004,11
150694_3.tex,regreession model greedy,True,14,27.118794202804565,76.10218768000138,14
150727_3.tex,regreession model greedy,True,7,17.96545171737671,34.31114218849997,7
150733_2.tex,regreession model greedy,True,1,0.8072385787963867,5.610296720000008,1
150744_2.tex,regreession model greedy,True,4,8.251586675643921,19.528207650000127,4
150752_1.tex,regreession model greedy,True,5,10.995275974273682,22.36057867500007,5
150837_1.tex,regreession model greedy,True,6,12.718348264694214,27.905079396000254,6
150864_3.tex,regreession model greedy,True,7,14.252970218658447,40.76640660540004,7
150868_3.tex,regreession model greedy,True,18,38.691128730773926,117.0078012510009,18
150953_2.tex,regreession model greedy,True,5,10.51680850982666,24.628321871999997,5
151008_1.tex,regreession model greedy,True,19,47.83669638633728,153.15582821000024,19
151018_2.tex,regreession model greedy,True,3,4.612829208374023,18.24238443000001,3
151067_1.tex,regreession model greedy,True,13,21.88562154769897,62.38325995949995,13
151133_3.tex,regreession model greedy,True,10,19.63418912887573,58.97630953000002,10
151189_1.tex,regreession model greedy,True,8,15.736461639404297,43.43378562200006,8
151233_1.tex,regreession model greedy,True,13,24.33302044868469,72.8033242900008,13
151276_2.tex,regreession model greedy,True,8,15.776711463928224,30.051591530000024,8
151307_3.tex,regreession model greedy,True,16,30.180652618408203,70.3986613010008,16
151339_1.tex,regreession model greedy,True,8,10.031198978424072,35.62635478999998,8
151351_3.tex,regreession model greedy,True,6,11.341567277908323,20.787742564999974,6
151383_2.tex,regreession model greedy,True,13,23.86090421676636,74.21896080819998,13
151428_2.tex,regreession model greedy,True,9,13.29634141921997,54.58019945500013,9
151454_3.tex,regreession model greedy,True,15,26.135046005249023,96.90572729299996,15
151459_1.tex,regreession model greedy,True,8,17.770325422286987,29.941187312,8
151518_3.tex,regreession model greedy,True,1,1.9093093872070312,5.226616080000014,1
151520_2.tex,regreession model greedy,True,35,104.28567671775818,272.405055762,35
151622_1.tex,regreession model greedy,True,3,6.115101337432861,7.528533596174981,3
151648_2.tex,regreession model greedy,True,27,55.09640407562256,234.04280964375025,27
151812_3.tex,regreession model greedy,True,4,8.295111179351807,9.604432044627517,4
151835_1.tex,regreession model greedy,True,14,31.865750551223755,48.77800506039999,14
151835_2.tex,regreession model greedy,True,27,52.491721868515015,145.7419300611497,27
151861_2.tex,regreession model greedy,True,1,1.3394067287445068,3.764969640000004,1
151900_2.tex,regreession model greedy,True,10,16.244910717010498,26.972229840642992,10
151901_3.tex,regreession model greedy,True,4,7.944549083709717,12.077923850000062,4
151943_3.tex,regreession model greedy,True,8,16.672464847564697,29.591723085000428,8
152060_3.tex,regreession model greedy,True,6,11.99457597732544,15.242214297175003,6
152095_2.tex,regreession model greedy,True,2,3.5489790439605717,4.520395375000021,2
152179_2.tex,regreession model greedy,True,9,18.89498782157898,37.75920625000007,9
152244_2.tex,regreession model greedy,True,29,62.82590699195862,264.2195666271601,29
152247_2.tex,regreession model greedy,True,7,15.14319348335266,21.822575862199965,7
152278_2.tex,regreession model greedy,True,18,35.91917061805725,70.35317802300001,18
152337_1.tex,regreession model greedy,True,10,22.00035166740417,47.69710859000076,10
152361_2.tex,regreession model greedy,True,4,8.109162092208862,18.71928807499997,4
152413_3.tex,regreession model greedy,True,6,12.108390092849731,32.45330490500002,6
152419_1.tex,regreession model greedy,True,3,6.497668027877808,18.16824688000007,3
152458_3.tex,regreession model greedy,True,9,19.13845205307007,41.57355031335197,9
152476_3.tex,regreession model greedy,True,11,24.155735969543457,67.63478196120005,11
152490_1.tex,regreession model greedy,True,25,65.80936288833618,161.66849524776387,27
152529_1.tex,regreession model greedy,True,9,23.356165647506717,61.76352013000084,9
152530_1.tex,regreession model greedy,True,22,69.42676162719727,205.62579019875068,22
152534_3.tex,regreession model greedy,True,5,9.927233695983888,26.59282943500004,5
152538_2.tex,regreession model greedy,False,16,50.511438846588135,92.77153737424976,17
152545_1.tex,regreession model greedy,True,13,29.27220630645752,76.58571886799993,13
152583_2.tex,regreession model greedy,True,6,13.727341651916504,30.386613163,6
152606_1.tex,regreession model greedy,True,6,12.727524518966677,38.70615568000001,6
152632_2.tex,regreession model greedy,True,2,5.22496485710144,9.423682730000053,2
152655_3.tex,regreession model greedy,True,9,22.20020365715027,51.18313411500011,9
152721_3.tex,regreession model greedy,True,6,14.456134796142578,28.74143270500008,6
152793_3.tex,regreession model greedy,True,9,20.68111538887024,40.04115433949993,9
152865_2.tex,regreession model greedy,True,2,4.204840183258057,6.661284340000037,2
152905_3.tex,regreession model greedy,True,10,25.31496739387512,40.14610350299996,10
152937_3.tex,regreession model greedy,True,7,15.625030755996704,71.49040108000003,7
152972_2.tex,regreession model greedy,True,14,36.32891893386841,69.19744398799986,14
153008_3.tex,regreession model greedy,True,7,18.12926840782165,32.18199396299997,7
153052_3.tex,regreession model greedy,True,1,2.531615257263184,4.1938245400000085,1
153067_2.tex,regreession model greedy,True,5,16.435277462005615,17.56651141500012,5
153074_2.tex,regreession model greedy,True,6,20.412394046783447,30.67376760120004,6
153122_3.tex,regreession model greedy,True,13,38.0067355632782,56.60788755700021,13
153145_2.tex,regreession model greedy,True,9,23.535290956497192,39.38923878999992,9
153155_3.tex,regreession model greedy,True,8,22.884132862091064,35.33113403999997,8
153173_2.tex,regreession model greedy,True,5,11.918215990066528,20.87530679000005,5
153237_2.tex,regreession model greedy,True,21,50.44666409492493,97.93868039117515,21
153246_3.tex,regreession model greedy,True,30,73.42324352264404,173.96570412900087,30
153283_1.tex,regreession model greedy,True,9,18.478583335876465,39.70156639000007,9
153288_3.tex,regreession model greedy,True,6,12.24949026107788,21.168599439413956,6
153351_2.tex,regreession model greedy,True,8,17.263525247573853,23.71746577100007,8
153371_2.tex,regreession model greedy,True,13,29.625858545303345,69.98244137750004,13
153375_3.tex,regreession model greedy,True,1,1.8539938926696775,2.811947140000001,1
153456_2.tex,regreession model greedy,True,2,3.018125057220459,7.603932544759982,2
153493_3.tex,regreession model greedy,True,6,15.916707992553713,16.897717300000153,6
153496_1.tex,regreession model greedy,True,1,2.400362253189087,2.518057260000006,1
153552_1.tex,regreession model greedy,True,5,12.662529230117798,13.678462947000009,5
153614_2.tex,regreession model greedy,True,9,21.18174910545349,27.42027573100001,9
153650_1.tex,regreession model greedy,True,4,10.196074962615969,13.71505441200002,4
153772_1.tex,regreession model greedy,True,6,13.375919580459597,14.04019104750004,6
153803_1.tex,regreession model greedy,True,5,10.607879877090454,17.019626550000055,5
153807_3.tex,regreession model greedy,True,4,8.377931594848633,11.343247749999987,4
153837_3.tex,regreession model greedy,True,15,32.157424449920654,64.5722312670001,15
153966_2.tex,regreession model greedy,True,1,1.5737502574920654,5.713791080000021,1
153985_1.tex,regreession model greedy,True,3,7.192041158676148,12.615699510000011,3
154023_1.tex,regreession model greedy,True,2,3.93691086769104,12.188364429999922,2
154039_2.tex,regreession model greedy,True,1,2.161806344985962,5.297081080000055,1
154065_2.tex,regreession model greedy,True,2,5.797847032546997,11.001913830000008,2
154132_2.tex,regreession model greedy,True,9,21.578100442886356,51.04293465500013,10
154191_2.tex,regreession model greedy,True,9,21.133878469467163,42.103113965,9
154210_1.tex,regreession model greedy,True,2,3.873301267623901,7.530539031350031,2
154224_2.tex,regreession model greedy,True,10,22.05562376976013,58.48073328999985,10
154239_1.tex,regreession model greedy,True,13,28.318297863006592,66.43641042999988,13
154239_3.tex,regreession model greedy,True,5,10.550559759140016,29.06269733000013,5
154263_3.tex,regreession model greedy,True,6,13.462479829788208,31.66095219441405,6
154289_2.tex,regreession model greedy,True,15,35.017399072647095,85.00409752300006,15
154293_1.tex,regreession model greedy,False,6,17.699198007583618,33.990770225000176,7
154302_2.tex,regreession model greedy,True,1,1.5204455852508545,2.511954706050034,1
154339_2.tex,regreession model greedy,True,12,26.431622982025143,64.24218315499994,12
154343_2.tex,regreession model greedy,True,6,15.608897924423218,34.95568572500007,6
154354_3.tex,regreession model greedy,True,1,1.658985614776611,5.52543608000002,1
154356_1.tex,regreession model greedy,True,2,4.485730648040772,13.612406455000013,2
154362_2.tex,regreession model greedy,True,2,4.666392087936401,11.330209467999993,2
154377_2.tex,regreession model greedy,True,3,7.829151153564453,19.396415393749976,3
154407_2.tex,regreession model greedy,True,6,15.331088066101074,25.70920428805004,6
154431_1.tex,regreession model greedy,False,27,64.57686305046082,137.95353770300017,28
154457_1.tex,regreession model greedy,True,8,18.07466173171997,26.538606329999997,8
154536_1.tex,regreession model greedy,True,5,9.526066303253174,16.685000232800274,5
154547_2.tex,regreession model greedy,True,1,1.7269423007965088,2.8686280400000044,1
154576_1.tex,regreession model greedy,True,6,11.680466890335085,23.745489709999987,6
154643_3.tex,regreession model greedy,True,6,10.087682485580444,19.7184165944002,6
154670_1.tex,regreession model greedy,True,1,1.5220441818237305,4.494624540000103,1
154690_3.tex,regreession model greedy,True,6,12.060632944107056,17.459709540000773,6
154732_1.tex,regreession model greedy,True,7,11.633083581924438,39.11257549399996,7
154742_2.tex,regreession model greedy,True,9,16.95028567314148,33.69133989920002,9
154758_2.tex,regreession model greedy,True,1,1.6791167259216309,3.902464379999998,1
154765_1.tex,regreession model greedy,True,10,17.70601201057434,44.49064426499993,10
154765_3.tex,regreession model greedy,True,4,5.187259435653687,13.320986940000012,4
154768_1.tex,regreession model greedy,True,15,30.45051383972168,115.50317233999998,15
154853_1.tex,regreession model greedy,True,17,32.62426400184631,76.58691195580002,17
154883_3.tex,regreession model greedy,True,4,7.977828025817871,17.447050200000014,4
154961_2.tex,regreession model greedy,False,38,89.36292600631714,252.23545090300053,39
155013_1.tex,regreession model greedy,True,12,25.90831756591797,51.680528290000304,13
155032_1.tex,regreession model greedy,True,6,11.41166067123413,18.79372759000012,6
155064_3.tex,regreession model greedy,True,4,8.009877920150757,18.61173140479999,4
155068_1.tex,regreession model greedy,True,1,1.746469020843506,2.703800540000032,1
155086_2.tex,regreession model greedy,True,26,53.16103577613831,140.4134094620644,26
155113_1.tex,regreession model greedy,True,13,24.227197885513306,67.05204512500097,13
155121_2.tex,regreession model greedy,True,3,5.876247882843018,5.578638490000117,3
155151_2.tex,regreession model greedy,True,5,10.191091775894163,15.165944300000149,5
155160_3.tex,regreession model greedy,True,15,29.80629539489746,64.04143399400003,15
155191_3.tex,regreession model greedy,False,41,76.94751453399658,650.2184027274855,41
155245_3.tex,regreession model greedy,True,4,7.431201457977295,9.589382190000151,4
155256_2.tex,regreession model greedy,True,16,33.15478324890137,79.21967114700008,16
155266_2.tex,regreession model greedy,True,5,11.938692331314089,16.995959392000106,5
155296_1.tex,regreession model greedy,True,7,15.021465063095093,18.319551525175022,7
155328_2.tex,regreession model greedy,True,7,13.313467025756836,22.29387244000016,7
155351_3.tex,regreession model greedy,True,13,30.839284420013428,55.56675159500004,13
155361_1.tex,regreession model greedy,True,2,4.343048810958862,6.357334659000003,2
155361_2.tex,regreession model greedy,True,32,79.02116847038269,293.19386126025046,32
155452_2.tex,regreession model greedy,True,5,11.591598272323608,11.525477520150009,5
155455_1.tex,regreession model greedy,False,8,19.5096697807312,33.54491452760004,9
155493_3.tex,regreession model greedy,True,10,19.413062572479248,28.602387030000056,10
155577_2.tex,regreession model greedy,True,7,15.38328218460083,41.02364564856006,7
155588_1.tex,regreession model greedy,True,5,10.613706588745115,23.934343662000483,5
155590_2.tex,regreession model greedy,True,11,27.23969531059265,57.34462949839982,11
155657_3.tex,regreession model greedy,True,4,9.538031816482544,18.21257062000032,4
155665_3.tex,regreession model greedy,True,7,16.31851077079773,49.93733107706,7
155692_1.tex,regreession model greedy,True,2,4.204431056976318,11.227023710000182,2
155695_3.tex,regreession model greedy,True,2,4.979280710220337,11.762882020000347,2
155723_1.tex,regreession model greedy,True,12,34.404019832611084,65.65428890864,12
155749_2.tex,regreession model greedy,True,13,34.322389125823975,169.98290416000034,13
155817_2.tex,regreession model greedy,True,1,1.7321994304656982,7.216486360000033,1
155830_3.tex,regreession model greedy,True,13,35.43566060066223,62.65655054951452,13
155941_3.tex,regreession model greedy,True,9,22.199350357055664,42.75211860229997,9
155968_2.tex,regreession model greedy,False,3,8.04953408241272,20.906168780000044,4
156048_3.tex,regreession model greedy,True,8,17.3244149684906,33.98697168960006,8
156082_2.tex,regreession model greedy,True,9,21.39958548545837,48.14143898625112,9
156119_2.tex,regreession model greedy,True,3,6.142001152038574,9.701524991999964,3
156127_1.tex,regreession model greedy,True,3,6.085402488708496,8.166267010000013,3
156166_1.tex,regreession model greedy,True,8,17.67614483833313,29.755338381006027,8
156230_3.tex,regreession model greedy,True,14,30.57315278053284,109.65674303300013,14
156256_3.tex,regreession model greedy,True,7,14.577309131622314,30.74052990002392,7
156274_1.tex,regreession model greedy,True,6,13.048974990844728,19.457553080000054,6
156278_3.tex,regreession model greedy,True,3,5.678011417388916,11.77774488,3
156360_2.tex,regreession model greedy,True,20,44.06033110618591,163.7068319729999,20
156480_2.tex,regreession model greedy,False,10,23.340457439422607,40.73116266467514,11
156545_3.tex,regreession model greedy,True,5,10.948732137680054,28.11985193100009,5
156552_3.tex,regreession model greedy,False,28,66.52153849601746,164.48215564320003,29
156587_3.tex,regreession model greedy,True,4,8.292791366577148,8.442485609599956,4
156622_2.tex,regreession model greedy,True,1,1.5957303047180176,0.0,1
156635_2.tex,regreession model greedy,True,16,39.66714000701904,97.7766791500008,16
156646_3.tex,regreession model greedy,True,4,9.67321276664734,7.25941881489755,4
156729_1.tex,regreession model greedy,True,16,38.31517314910889,122.4063551999998,16
156769_3.tex,regreession model greedy,True,16,35.00557017326355,113.94701746750002,16
156830_2.tex,regreession model greedy,True,4,7.795786380767822,10.53420960000004,4
156846_2.tex,regreession model greedy,True,3,5.647425889968872,7.470114129999999,3
156974_2.tex,regreession model greedy,True,14,29.62456321716309,99.91701510399994,14
156992_2.tex,regreession model greedy,True,5,9.436941623687744,12.22749886500003,5
156998_2.tex,regreession model greedy,True,5,9.970292806625366,17.11028096000009,5
157054_3.tex,regreession model greedy,True,1,1.553217887878418,3.46565458000002,1
157087_3.tex,regreession model greedy,True,7,14.13728380203247,27.937513150000026,7
157112_2.tex,regreession model greedy,True,28,60.09395790100098,208.0197992277,28
157123_2.tex,regreession model greedy,True,45,101.69693064689636,359.6983870580001,45
157166_2.tex,regreession model greedy,True,2,3.862170696258545,15.053446080000024,2
157183_1.tex,regreession model greedy,True,8,20.099424839019772,51.30449125627099,8
157195_1.tex,regreession model greedy,True,1,1.6147828102111816,5.097140230000036,1
157200_1.tex,regreession model greedy,True,5,10.35350489616394,23.29231763377615,5
157207_1.tex,regreession model greedy,True,2,3.884716272354126,7.453980030000153,2
157240_1.tex,regreession model greedy,True,5,10.32543683052063,21.08896822030006,5
157281_1.tex,regreession model greedy,True,17,39.74148225784302,128.13358312999986,17
157285_2.tex,regreession model greedy,False,2,6.3021628856658936,8.899491412319975,3
157293_2.tex,regreession model greedy,False,14,32.7608699798584,104.68770100599995,15
157386_2.tex,regreession model greedy,True,5,11.00206732749939,29.805642310000053,5
157410_2.tex,regreession model greedy,True,5,9.912287473678589,31.31560240900005,5
157443_3.tex,regreession model greedy,True,4,7.5669801235198975,20.917090405000263,4
157459_2.tex,regreession model greedy,True,3,5.924693584442139,14.063480748879993,3
157464_2.tex,regreession model greedy,True,4,7.3282880783081055,24.44394487999997,4
157475_1.tex,regreession model greedy,True,23,51.442413091659546,190.9531328800001,23
157481_1.tex,regreession model greedy,True,12,25.920319080352783,90.4841066800003,12
157509_3.tex,regreession model greedy,True,1,1.9168684482574463,3.884875280000003,1
157622_1.tex,regreession model greedy,True,6,14.078871965408323,34.74306749000003,6
157652_2.tex,regreession model greedy,True,5,11.28634238243103,29.78043587500001,5
157663_3.tex,regreession model greedy,True,10,22.26522374153137,46.46872540800012,10
157695_1.tex,regreession model greedy,True,2,4.146498680114746,3.662534580000028,2
157867_1.tex,regreession model greedy,False,10,26.02181053161621,46.79861868116662,11
157897_3.tex,regreession model greedy,True,9,16.390944719314575,83.41860303999997,9
157942_2.tex,regreession model greedy,True,15,31.725775718688965,108.91182515799994,15
157972_1.tex,regreession model greedy,True,3,6.1258745193481445,10.4978088,3
158098_3.tex,regreession model greedy,True,31,65.84861350059509,206.12409842205025,31
158142_2.tex,regreession model greedy,True,18,37.07516050338745,116.58396092500028,18
158144_2.tex,regreession model greedy,True,9,19.42762970924377,45.057158980000125,9
158165_2.tex,regreession model greedy,True,20,41.31546592712402,102.27275358580016,20
158192_2.tex,regreession model greedy,True,5,9.40969204902649,18.846691410300075,5
158215_1.tex,regreession model greedy,False,11,25.393699884414676,54.318068157000106,12
158246_2.tex,regreession model greedy,True,6,12.3358154296875,17.55299270000046,6
158277_3.tex,regreession model greedy,True,1,1.618696212768555,0.0,1
158334_1.tex,regreession model greedy,True,5,9.77473497390747,18.42360314999999,5
158334_3.tex,regreession model greedy,True,9,18.383920669555664,56.29028522499999,9
158344_2.tex,regreession model greedy,True,5,10.505661964416504,25.841610974999995,5
158404_3.tex,regreession model greedy,True,13,28.61797857284546,60.54411179194154,13
158504_3.tex,regreession model greedy,True,20,43.66261625289917,119.19691379000008,20
158522_3.tex,regreession model greedy,True,3,5.701919555664063,7.784252840857022,3
158563_1.tex,regreession model greedy,True,8,15.606618165969849,32.331714275000124,8
158576_2.tex,regreession model greedy,True,12,24.76570963859558,82.64328965000016,12
158616_2.tex,regreession model greedy,True,5,9.49675440788269,7.885260747249987,5
158623_3.tex,regreession model greedy,True,10,20.290141344070435,32.511147635299935,10
158625_2.tex,regreession model greedy,True,8,15.95485782623291,16.858400514500033,8
158627_2.tex,regreession model greedy,True,20,41.916512966156006,97.89736833147612,20
158634_1.tex,regreession model greedy,True,5,10.274670839309692,14.474793862175012,5
158638_1.tex,regreession model greedy,True,3,5.558428764343262,10.444384017500084,3
158640_2.tex,regreession model greedy,True,44,102.30104780197144,383.0102213717678,44
158679_2.tex,regreession model greedy,True,5,9.119011163711548,17.043734550000046,5
158694_3.tex,regreession model greedy,True,5,9.709668397903442,12.222413875000017,5
158706_2.tex,regreession model greedy,False,17,37.2207727432251,84.13125408500008,18
158721_3.tex,regreession model greedy,False,13,29.68753147125244,61.28565303600003,14
158748_1.tex,regreession model greedy,True,1,1.5062780380249023,3.943274379999991,1
158886_1.tex,regreession model greedy,True,10,20.907999277114868,79.11428177250014,12
158890_3.tex,regreession model greedy,True,3,5.885006904602051,13.588343084999964,3
158927_2.tex,regreession model greedy,True,2,3.772845506668091,7.82717300500002,2
158945_2.tex,regreession model greedy,True,8,16.774810552597046,37.65121966029997,8
158950_2.tex,regreession model greedy,True,18,39.26193404197693,146.4471889159999,18
159016_2.tex,regreession model greedy,True,5,9.43863296508789,22.88770240719998,5
159031_2.tex,regreession model greedy,True,2,3.616253137588501,11.115936230000017,2
159034_3.tex,regreession model greedy,True,3,5.912244081497192,18.57003218941395,3
159060_2.tex,regreession model greedy,True,23,49.22015261650085,165.08461249649588,23
159071_3.tex,regreession model greedy,True,8,15.939070224761965,42.16109894000014,8
159157_3.tex,regreession model greedy,True,1,1.397597074508667,5.340119747351992,1
159186_1.tex,regreession model greedy,True,11,22.68158173561096,60.090021097749926,11
159206_3.tex,regreession model greedy,True,19,36.97518587112427,137.82287265500077,19
159214_2.tex,regreession model greedy,True,5,9.520294666290283,40.71457010000018,7
159235_1.tex,regreession model greedy,False,29,60.75439715385437,219.08000576117493,30
159236_1.tex,regreession model greedy,True,4,7.57627534866333,17.96376448000005,4
159263_1.tex,regreession model greedy,True,37,74.35279059410095,254.79268516734984,37
159291_2.tex,regreession model greedy,False,13,30.137052536010746,63.92181261800024,14
159387_2.tex,regreession model greedy,True,11,24.11663794517517,45.43715703249994,11
159393_2.tex,regreession model greedy,True,5,10.074491500854492,16.387335244999974,5
159418_2.tex,regreession model greedy,True,5,10.103342533111572,30.57822069000004,5
159449_1.tex,regreession model greedy,True,1,1.3981022834777832,0.0,1
159497_3.tex,regreession model greedy,True,11,23.7957456111908,51.49228660447821,11
159536_3.tex,regreession model greedy,True,23,51.64643573760986,222.6262564250009,23
159573_2.tex,regreession model greedy,True,15,30.47529911994934,68.0701238670002,15
159593_2.tex,regreession model greedy,True,10,21.89426040649414,45.55226793681395,10
159598_3.tex,regreession model greedy,True,9,20.90926957130432,37.79242333576393,9
159605_1.tex,regreession model greedy,True,9,18.644227743148804,45.9775568500004,9
159623_1.tex,regreession model greedy,True,4,7.681797027587891,9.022907623999998,4
159625_3.tex,regreession model greedy,True,13,23.19430184364319,103.07351706499992,13
159653_2.tex,regreession model greedy,True,16,32.34032225608826,96.01784295000036,16
159678_3.tex,regreession model greedy,True,25,52.32693099975586,193.31850779800064,25
159743_2.tex,regreession model greedy,True,13,24.905542135238647,75.06967940000006,13
159756_2.tex,regreession model greedy,True,14,26.00711226463318,88.64315947500002,14
159795_1.tex,regreession model greedy,True,31,63.58895111083984,186.54402370600025,31
159823_3.tex,regreession model greedy,False,43,97.95674991607666,295.33130018900056,44
159826_2.tex,regreession model greedy,False,26,60.71295046806336,144.72326018180013,27
159880_2.tex,regreession model greedy,True,7,16.517698287963867,17.469461709183804,7
159895_2.tex,regreession model greedy,True,1,1.4358656406402588,0.0,1
159906_1.tex,regreession model greedy,True,15,35.623260259628296,81.55150418000062,15
159917_1.tex,regreession model greedy,True,5,10.682820081710815,7.993638171800001,5
159935_3.tex,regreession model greedy,True,8,18.990208625793457,20.743764262056995,8
159951_3.tex,regreession model greedy,True,4,10.580080509185793,23.69848030000004,4
159963_1.tex,regreession model greedy,True,3,5.7847394943237305,3.9862041500001615,3
160020_2.tex,regreession model greedy,True,7,14.342275142669678,33.79537510279996,7
160178_2.tex,regreession model greedy,True,13,26.9257607460022,72.5883355400002,13
160235_3.tex,regreession model greedy,True,6,11.474671125411987,16.961985459000076,6
160240_2.tex,regreession model greedy,False,31,71.44448566436768,338.2919125650001,32
160266_3.tex,regreession model greedy,True,9,19.128572463989254,25.223908823600063,9
160295_3.tex,regreession model greedy,True,11,28.26831340789795,45.54933086600008,11
160459_2.tex,regreession model greedy,True,23,57.93270230293274,144.6574722952524,23
160613_3.tex,regreession model greedy,True,1,1.4658193588256836,6.843051080000009,1
160653_2.tex,regreession model greedy,True,13,31.550148248672485,71.02250910000036,13
160760_3.tex,regreession model greedy,True,1,1.5618655681610107,6.778976080000007,1
160859_2.tex,regreession model greedy,True,4,7.978252410888672,20.01617534499997,4
161056_3.tex,regreession model greedy,True,15,32.60491991043091,70.27489306500077,15
161060_2.tex,regreession model greedy,True,11,25.806056022644043,56.947485115000624,11
161077_1.tex,regreession model greedy,True,14,30.244977474212646,81.41800620900017,14
161121_2.tex,regreession model greedy,True,1,1.4809303283691406,2.5119539944000167,1
161124_2.tex,regreession model greedy,True,19,42.77807855606079,113.8233074814008,19
161222_1.tex,regreession model greedy,True,17,37.109123945236206,84.1768391948142,17
161263_3.tex,regreession model greedy,True,10,20.469402551651,45.88249102499996,10
161307_3.tex,regreession model greedy,True,30,61.48976922035217,228.6216458466004,30
161323_3.tex,regreession model greedy,True,5,10.05081844329834,27.92867388,5
161342_3.tex,regreession model greedy,True,31,66.45818638801575,231.2385854207498,31
161373_1.tex,regreession model greedy,True,26,52.57398557662964,175.0935325900002,26
161376_1.tex,regreession model greedy,True,10,18.09579086303711,50.57685848000008,10
161390_3.tex,regreession model greedy,True,4,7.330186605453491,15.398182850000008,4
161446_3.tex,regreession model greedy,True,22,45.01739716529846,109.9221499048003,22
161473_1.tex,regreession model greedy,True,3,5.909553289413452,7.390830900000992,3
161495_2.tex,regreession model greedy,True,12,28.168126344680783,41.63981621500005,12
161567_3.tex,regreession model greedy,True,12,26.001026153564453,53.35869290563358,12
161580_3.tex,regreession model greedy,True,5,10.33044147491455,16.960775975000217,5
161583_2.tex,regreession model greedy,True,21,46.11649203300476,158.26429925000002,22
161608_1.tex,regreession model greedy,True,11,24.370885610580444,53.304851340496015,11
161693_3.tex,regreession model greedy,False,2,6.101284503936768,7.0398971150000165,3
161755_3.tex,regreession model greedy,True,4,8.142576932907104,10.378565744000031,4
161759_2.tex,regreession model greedy,True,2,3.545177459716797,2.776988039999992,2
161779_1.tex,regreession model greedy,True,12,25.311875820159912,43.78400872600019,12
161867_2.tex,regreession model greedy,True,26,52.23710107803345,112.48158098950005,26
161877_3.tex,regreession model greedy,True,9,17.893423795700073,41.18132420400004,9
161921_1.tex,regreession model greedy,True,25,51.776965618133545,169.4177500900001,25
161926_2.tex,regreession model greedy,True,17,33.14890456199646,80.96385874000032,17
161955_3.tex,regreession model greedy,True,33,67.86310744285583,224.93737233735047,33
162030_3.tex,regreession model greedy,True,10,23.37623071670532,46.52230732000048,10
162053_3.tex,regreession model greedy,True,3,6.322887420654297,14.842173092000053,3
162058_3.tex,regreession model greedy,True,1,1.5041930675506592,6.103057722060044,1
162081_1.tex,regreession model greedy,True,16,39.61374235153198,96.64153184684432,16
162137_2.tex,regreession model greedy,True,14,31.72993421554565,100.48618538000152,14
162154_3.tex,regreession model greedy,True,1,1.553133487701416,5.646798380000007,1
162155_1.tex,regreession model greedy,True,9,20.294135808944706,58.2548136825281,9
162163_1.tex,regreession model greedy,True,5,10.099817276000977,25.35535183299995,5
162176_1.tex,regreession model greedy,True,14,31.05171799659729,132.35410286024012,14
162189_3.tex,regreession model greedy,True,19,42.5282416343689,128.68078779379994,19
162209_1.tex,regreession model greedy,True,2,3.846203565597534,14.00599303432025,2
162209_2.tex,regreession model greedy,True,4,8.493001937866211,27.99756176,4
162271_1.tex,regreession model greedy,True,19,43.05592513084412,120.5986083073521,19
162362_2.tex,regreession model greedy,True,7,16.05992031097412,39.41239901452808,7
162366_1.tex,regreession model greedy,True,7,16.111343145370483,38.106077395352045,7
162459_2.tex,regreession model greedy,True,20,49.74665570259094,144.07369125000025,20
162475_1.tex,regreession model greedy,True,2,4.396024942398071,13.592068248000032,2
162493_1.tex,regreession model greedy,True,31,77.20806741714478,278.6777245272502,31
162495_3.tex,regreession model greedy,False,16,41.741578578948975,89.02305092800005,17
162517_3.tex,regreession model greedy,False,19,65.84333109855652,95.96350242550012,20
162568_1.tex,regreession model greedy,True,2,3.822480201721192,11.8248425200006,2
162613_3.tex,regreession model greedy,True,9,24.42451286315918,43.92967503579993,9
162723_2.tex,regreession model greedy,True,4,12.985695838928224,8.6036626968,4
162764_2.tex,regreession model greedy,True,3,7.733271598815918,6.125670799999995,3
162782_1.tex,regreession model greedy,True,3,7.819044828414917,8.957206440000093,3
162788_1.tex,regreession model greedy,True,9,20.328542947769165,43.88869205000066,9
162788_2.tex,regreession model greedy,True,1,1.6410536766052246,0.0,1
162788_3.tex,regreession model greedy,True,2,4.226938962936401,6.83980418000003,2
162813_1.tex,regreession model greedy,True,12,29.629992485046387,61.4548650875003,12
162836_2.tex,regreession model greedy,True,9,21.595244646072388,33.62822289676004,9
162848_3.tex,regreession model greedy,True,12,29.190462350845337,54.06719084533333,12
162854_2.tex,regreession model greedy,True,7,16.938628911972046,29.11195143000012,7
162871_3.tex,regreession model greedy,True,8,19.05971622467041,41.19216434000003,8
162879_3.tex,regreession model greedy,True,10,22.337878465652462,59.20278323000052,10
162924_1.tex,regreession model greedy,True,25,58.51467800140381,188.7810710400001,25
162955_2.tex,regreession model greedy,True,8,18.74765348434448,23.715407928100063,8
162971_2.tex,regreession model greedy,False,27,68.12952542304993,146.2807212862005,28
163111_3.tex,regreession model greedy,True,6,13.743671417236328,21.358338370000357,6
163158_1.tex,regreession model greedy,True,1,1.7605903148651123,0.0,1
163158_2.tex,regreession model greedy,True,7,17.558409452438354,32.03776423599997,7
163181_2.tex,regreession model greedy,True,4,8.523929357528687,9.950074492,4
163187_2.tex,regreession model greedy,True,10,28.050671339035038,38.43999830350001,10
163206_1.tex,regreession model greedy,True,3,6.739281177520752,11.194362450000485,3
163214_1.tex,regreession model greedy,True,2,3.868075609207153,0.0,2
163237_3.tex,regreession model greedy,True,14,33.19389748573303,71.39011963900036,14
163301_2.tex,regreession model greedy,True,2,4.454153537750244,0.0,2
163315_3.tex,regreession model greedy,True,4,9.739918947219849,14.943386015000314,4
163344_1.tex,regreession model greedy,True,8,19.075115203857425,30.16006834199997,8
163360_3.tex,regreession model greedy,True,13,29.49279260635376,74.90401967900085,13
163392_1.tex,regreession model greedy,True,29,72.63232660293579,242.4324156328501,29
163412_2.tex,regreession model greedy,True,8,19.753957271575928,37.16539025000005,8
163418_2.tex,regreession model greedy,True,4,9.68635368347168,7.513450000000091,4
163447_3.tex,regreession model greedy,True,3,7.982715606689453,5.779008400000009,3
163489_1.tex,regreession model greedy,True,13,33.910913705825806,56.61570016117512,13
163498_3.tex,regreession model greedy,True,25,53.39222192764282,132.1120963105251,25
163527_3.tex,regreession model greedy,True,8,16.66413688659668,35.00237769999998,8
163602_1.tex,regreession model greedy,True,35,67.74072217941284,239.45895599419163,35
163613_3.tex,regreession model greedy,True,15,30.32558822631836,57.82593159300004,15
163647_1.tex,regreession model greedy,True,2,3.6547913551330566,11.63846702000012,2
163712_2.tex,regreession model greedy,True,7,11.707993030548096,28.13230146799996,7
163761_3.tex,regreession model greedy,True,2,2.757633686065674,9.996851530000155,2
163765_1.tex,regreession model greedy,True,3,3.825475454330444,15.52497888800006,3
163793_1.tex,regreession model greedy,True,21,44.19643759727478,125.40533325200052,21
163850_2.tex,regreession model greedy,True,6,11.128406763076782,35.24394483500013,6
163888_3.tex,regreession model greedy,True,11,21.02637767791748,53.62609969299999,11
163897_2.tex,regreession model greedy,True,19,39.4474892616272,120.18286746205942,19
163904_1.tex,regreession model greedy,True,4,7.966420412063599,22.69591018000017,4
163947_3.tex,regreession model greedy,True,4,8.871925830841064,26.90533188000001,4
163958_1.tex,regreession model greedy,True,3,4.861758232116699,18.70217698000036,3
163997_1.tex,regreession model greedy,True,11,21.35883045196533,71.14358868000002,11
164003_2.tex,regreession model greedy,True,3,5.982022523880005,15.257715680000013,3
164012_1.tex,regreession model greedy,True,8,17.517205476760864,40.05621320000011,8
164048_2.tex,regreession model greedy,True,20,39.69755935668945,115.16676598427507,20
164060_2.tex,regreession model greedy,True,5,7.844619989395142,28.7472694800001,5
164063_2.tex,regreession model greedy,True,14,20.55254030227661,94.68008454000004,14
164089_1.tex,regreession model greedy,True,1,0.8538868427276611,5.605881080000017,1
164096_2.tex,regreession model greedy,True,6,8.641085386276245,30.696174559999992,6
164187_2.tex,regreession model greedy,True,8,15.915544509887695,33.49485277000112,8
164188_2.tex,regreession model greedy,True,7,14.186632871627808,43.277589192500415,7
164239_1.tex,regreession model greedy,True,3,5.687865734100342,7.902576208048032,3
164264_2.tex,regreession model greedy,True,3,5.300659894943237,6.763731039999996,3
164264_3.tex,regreession model greedy,True,8,16.264878034591675,35.2639375340002,8
164278_3.tex,regreession model greedy,True,4,6.7013256549835205,15.24021813999994,4
164279_1.tex,regreession model greedy,True,11,16.890382766723633,52.849018975000206,11
164341_2.tex,regreession model greedy,True,9,16.15772533416748,33.8271210194,9
164363_2.tex,regreession model greedy,True,13,17.886701345443726,78.07120937700009,13
164435_3.tex,regreession model greedy,True,3,6.313220500946045,5.873273979999993,3
164498_2.tex,regreession model greedy,True,3,6.549398422241211,7.530111680000033,3
164507_3.tex,regreession model greedy,True,3,3.4785144329071045,7.225151300000022,3
164518_1.tex,regreession model greedy,True,14,24.731890439987183,81.43488084999996,14
164518_2.tex,regreession model greedy,True,15,30.46524953842163,77.00483532000014,15
164519_3.tex,regreession model greedy,True,8,17.287611722946167,40.436149550000096,8
164533_3.tex,regreession model greedy,False,16,34.13518953323364,90.07705131,17
164539_3.tex,regreession model greedy,True,19,35.4764142036438,116.71220240819996,19
164544_3.tex,regreession model greedy,True,6,11.723294258117676,26.937079880000425,6
164569_3.tex,regreession model greedy,True,10,19.08729386329651,47.41227997630007,10
164574_3.tex,regreession model greedy,True,6,12.440690517425535,16.21686968269998,6
164578_2.tex,regreession model greedy,True,33,73.14572930335999,244.90932559002505,33
164597_1.tex,regreession model greedy,False,6,14.52273941040039,27.33138944000008,7
164635_3.tex,regreession model greedy,True,5,9.716344594955444,31.66233777499999,5
164637_3.tex,regreession model greedy,True,7,14.038885116577148,27.60145736999997,7
164684_1.tex,regreession model greedy,True,55,132.67695379257202,524.2992874679159,55
164738_3.tex,regreession model greedy,True,1,1.4811432361602783,0.0,1
164816_3.tex,regreession model greedy,True,2,3.5163397789001465,0.0,2
164831_3.tex,regreession model greedy,True,2,4.580328464508057,8.443659175000107,2
164841_1.tex,regreession model greedy,True,8,17.91964316368103,30.868566275000205,8
164920_3.tex,regreession model greedy,True,10,21.101194143295288,48.35366625000015,10
165079_3.tex,regreession model greedy,True,3,5.580845355987549,6.328830831800005,3
165101_3.tex,regreession model greedy,True,16,33.24955940246582,63.42508903499998,16
165132_2.tex,regreession model greedy,True,12,22.417648553848267,73.22218787500027,12
165142_2.tex,regreession model greedy,True,16,32.03442883491516,108.67978571500024,16
165156_1.tex,regreession model greedy,False,19,38.67594575881958,114.7506281550002,20
165172_1.tex,regreession model greedy,True,8,16.233909130096436,27.520257370000035,8
165272_1.tex,regreession model greedy,True,6,13.19473385810852,30.830455639999972,6
165291_3.tex,regreession model greedy,True,6,14.524856567382812,28.81537118620045,6
165297_3.tex,regreession model greedy,True,6,13.236261129379272,42.40076744400001,6
165298_2.tex,regreession model greedy,True,4,8.778864860534668,21.596187855999997,4
165331_2.tex,regreession model greedy,True,5,10.465977191925049,28.19206171299998,5
165338_3.tex,regreession model greedy,False,16,38.82691931724548,72.42803127184054,18
165380_1.tex,regreession model greedy,True,20,44.15199518203735,134.0659287650015,21
165433_2.tex,regreession model greedy,True,4,5.47739839553833,20.6397033475,4
165485_1.tex,regreession model greedy,True,2,3.478473424911499,9.52677298000006,2
165651_3.tex,regreession model greedy,True,6,9.950721740722656,32.493468008500166,6
165712_2.tex,regreession model greedy,True,10,19.40833210945129,50.34856543000008,10
165727_3.tex,regreession model greedy,True,41,72.81017994880676,334.1781989445159,41
165791_3.tex,regreession model greedy,True,4,6.897006273269653,13.45081633999996,4
165804_1.tex,regreession model greedy,True,3,4.900339126586914,6.506708380000248,3
165891_2.tex,regreession model greedy,True,6,11.12888216972351,36.60991076499995,6
165898_2.tex,regreession model greedy,True,10,16.667156219482422,67.55574269999991,10
165934_2.tex,regreession model greedy,True,4,7.997975826263428,13.060733857499978,4
165982_3.tex,regreession model greedy,True,15,26.42349147796631,66.14676053740062,15
165990_2.tex,regreession model greedy,True,33,68.13904213905334,593.5329988609178,33
166001_3.tex,regreession model greedy,True,7,10.034233808517456,40.28129248499999,7
166033_1.tex,regreession model greedy,True,6,11.930011749267578,25.667093601,6
166091_2.tex,regreession model greedy,True,10,20.523778200149536,44.49678437182501,10
166142_3.tex,regreession model greedy,True,11,19.330774307250977,45.32172204674991,11
166156_1.tex,regreession model greedy,True,10,17.685140132904053,38.597377437000056,10
166174_2.tex,regreession model greedy,True,24,40.023128032684326,123.7285215280006,24
166175_1.tex,regreession model greedy,False,13,26.81128716468811,59.00425951500007,14
166175_3.tex,regreession model greedy,True,38,72.87567520141602,334.58043200200007,38
166221_1.tex,regreession model greedy,True,5,8.292864322662354,26.60879722000005,5
166256_1.tex,regreession model greedy,True,15,26.27209186553955,83.24566864400006,15
166335_2.tex,regreession model greedy,True,1,0.9261355400085448,0.0,1
166336_3.tex,regreession model greedy,True,10,17.06729745864868,242.1636861712501,10
166478_2.tex,regreession model greedy,True,5,10.137507677078249,20.887023350000334,5
166526_2.tex,regreession model greedy,True,7,10.392263889312744,17.233804147000082,7
166561_1.tex,regreession model greedy,True,3,5.868883848190308,7.816942530000219,3
166575_2.tex,regreession model greedy,True,3,5.870681047439575,5.698449069400013,3
166582_1.tex,regreession model greedy,True,17,35.53910779953003,125.737018341414,17
166584_3.tex,regreession model greedy,True,10,12.91136908531189,30.265150473707145,10
166589_1.tex,regreession model greedy,True,4,7.506116390228271,8.55806088,4
166604_3.tex,regreession model greedy,True,4,4.546391010284424,9.304997139999998,4
166705_1.tex,regreession model greedy,True,8,11.25616717338562,35.864815750000005,8
166722_3.tex,regreession model greedy,True,2,3.6273655891418457,3.496081067160003,2
166793_1.tex,regreession model greedy,True,8,15.507535219192505,32.18541301749998,8
166819_1.tex,regreession model greedy,True,56,119.71513605117798,552.34461649175,56
166853_1.tex,regreession model greedy,True,3,6.06167459487915,7.7,3
166891_3.tex,regreession model greedy,True,4,8.072286128997803,21.11891039000025,4
166951_1.tex,regreession model greedy,True,2,3.83320689201355,11.183284862496038,2
166984_2.tex,regreession model greedy,True,5,10.37472128868103,26.964622655000184,5
167001_1.tex,regreession model greedy,True,7,14.353732109069824,32.0506366800002,7
167068_2.tex,regreession model greedy,True,7,15.73200249671936,28.68082043000028,7
167078_1.tex,regreession model greedy,True,14,31.133902311325077,176.58482154000012,14
167096_2.tex,regreession model greedy,True,7,13.851791858673096,41.35308785000007,7
167102_3.tex,regreession model greedy,True,23,50.16954588890076,187.44117170500027,23
167144_2.tex,regreession model greedy,True,22,50.68516206741333,196.8913942980008,22
167149_2.tex,regreession model greedy,True,25,51.70945549011231,216.7754723980001,25
167180_2.tex,regreession model greedy,True,20,43.72250485420227,107.15402856575017,20
167191_1.tex,regreession model greedy,True,4,8.086313247680664,25.13393557999996,4
167352_2.tex,regreession model greedy,False,24,51.90070986747742,155.43586464300006,25
167384_3.tex,regreession model greedy,False,29,64.79643154144287,172.77201179800008,30
167420_1.tex,regreession model greedy,True,4,8.015270471572876,19.34351812500057,4
167461_2.tex,regreession model greedy,True,12,25.394715785980225,52.1576904420012,12
167463_2.tex,regreession model greedy,True,8,17.497283458709717,46.92281898000091,8
167507_1.tex,regreession model greedy,True,4,8.470815658569336,21.23751414999998,4
167512_1.tex,regreession model greedy,True,15,29.463876724243164,103.34426553499992,15
167571_1.tex,regreession model greedy,True,4,8.220028400421143,13.006112850000036,4
167621_1.tex,regreession model greedy,True,9,13.618617057800291,67.29826521500001,9
167630_3.tex,regreession model greedy,True,13,25.439435482025143,100.76414633999995,13
167684_3.tex,regreession model greedy,True,6,9.059120178222656,21.33738569250004,6
167703_1.tex,regreession model greedy,True,3,3.386870622634888,6.081859340000023,3
167777_1.tex,regreession model greedy,True,21,40.83146452903748,100.98006894300018,21
167856_3.tex,regreession model greedy,True,1,1.420699119567871,2.9873080400000163,1
167860_2.tex,regreession model greedy,True,8,14.804322719573976,33.409061285250104,8
167864_2.tex,regreession model greedy,True,9,16.353600025177002,45.70421493525011,9
167895_2.tex,regreession model greedy,True,46,87.52585411071777,430.2166420432001,46
167896_2.tex,regreession model greedy,False,27,52.95689582824707,141.9187658302004,28
167918_2.tex,regreession model greedy,True,46,91.94220423698424,324.0671153612003,46
168031_3.tex,regreession model greedy,True,21,43.25828552246094,104.50520612789988,21
168033_2.tex,regreession model greedy,True,2,4.212318658828735,2.5119535683999743,2
168038_3.tex,regreession model greedy,True,15,34.07442760467529,53.97154189600019,15
168050_3.tex,regreession model greedy,True,3,5.765864610671997,6.099990150000053,3
168144_3.tex,regreession model greedy,True,3,5.838256120681763,14.673212310000045,3
168162_1.tex,regreession model greedy,True,18,32.20720434188843,140.25018053500003,18
168208_2.tex,regreession model greedy,True,9,19.246314525604248,26.29766451500022,9
168239_3.tex,regreession model greedy,False,34,63.61119842529297,356.5915047899999,35
168287_2.tex,regreession model greedy,True,5,8.750538110733032,15.44510979000006,5
168349_1.tex,regreession model greedy,True,6,8.795823812484741,19.32658008599998,6
168368_1.tex,regreession model greedy,True,41,92.34279561042786,348.0699449730007,41
168407_3.tex,regreession model greedy,True,25,49.74685049057007,123.89880964000002,25
168414_3.tex,regreession model greedy,False,18,39.94021511077881,95.33858282500005,19
168419_3.tex,regreession model greedy,True,10,19.77922201156616,31.96262125550001,10
168443_1.tex,regreession model greedy,True,55,119.86111068725586,463.2227589880002,55
168513_2.tex,regreession model greedy,True,4,8.318761110305786,28.545782180000216,4
168565_1.tex,regreession model greedy,True,8,17.927211046218872,42.16894710300025,8
168672_1.tex,regreession model greedy,True,6,12.29993987083435,29.993040356500146,6
168675_3.tex,regreession model greedy,True,4,8.447740316390991,25.52025400735202,4
168680_2.tex,regreession model greedy,True,9,19.201531171798703,53.99737018652021,9
168683_3.tex,regreession model greedy,True,26,63.89833211898804,157.50889691538922,26
168705_3.tex,regreession model greedy,True,2,3.5825283527374268,8.820633880000003,2
168714_3.tex,regreession model greedy,True,7,14.831512689590454,35.79851102000001,7
14553_3.tex,regreession model greedy,True,3,8.237585544586182,8.961007072700042,3
15507_1.tex,regreession model greedy,True,22,61.82656097412109,134.11693141120034,22
16152_2.tex,regreession model greedy,True,17,41.579655170440674,96.59071275600016,17
10043_3.tex,regreession model greedy,True,20,54.77006840705872,146.18346991800053,20
10097_3.tex,regreession model greedy,True,19,47.622278690338135,146.69488323215015,19
10128_3.tex,regreession model greedy,False,8,19.879301071166992,46.12708983939899,9
10134_3.tex,regreession model greedy,True,13,30.54669499397278,96.77052864235957,13
10184_2.tex,regreession model greedy,True,9,20.015893936157227,86.2988088937502,9
10186_2.tex,regreession model greedy,True,14,41.515236377716064,132.53391085499993,14
10213_2.tex,regreession model greedy,True,5,15.25964879989624,31.32968097700022,5
10227_2.tex,regreession model greedy,False,5,18.2989444732666,23.53528051413852,6
10235_3.tex,regreession model greedy,True,1,1.7094049453735352,6.787852778703325,1
10249_2.tex,regreession model greedy,False,10,30.931240558624268,49.88994426811401,11
10546_1.tex,regreession model greedy,True,8,26.713292598724365,44.52081178875028,8
10583_1.tex,regreession model greedy,True,20,53.52651143074036,139.48843424979992,20
10603_3.tex,regreession model greedy,True,2,4.634428262710571,6.481490149999985,2
10666_2.tex,regreession model greedy,True,12,27.68669414520264,66.32043290211813,12
10735_1.tex,regreession model greedy,True,16,37.99794411659241,82.78273431351411,16
11008_3.tex,regreession model greedy,True,11,26.40757441520691,53.837673963100215,11
11099_2.tex,regreession model greedy,True,4,9.045912981033323,8.227272161249871,4
11120_2.tex,regreession model greedy,True,10,23.43799638748169,41.75848520200015,10
11135_2.tex,regreession model greedy,True,9,21.320152759552,71.39131760000014,9
11283_2.tex,regreession model greedy,True,18,41.35632252693176,107.03246826880016,18
11303_3.tex,regreession model greedy,True,33,80.69340515136719,300.667876827475,33
11625_1.tex,regreession model greedy,True,4,9.36874294281006,15.428329087500003,4
11660_2.tex,regreession model greedy,True,31,83.15833401679993,300.0458671841732,31
11734_2.tex,regreession model greedy,True,8,17.533305406570435,40.76315234094261,8
11765_2.tex,regreession model greedy,True,4,9.905609130859377,17.635189976000007,4
11806_2.tex,regreession model greedy,True,23,51.48203039169312,265.52639952375,23
11838_1.tex,regreession model greedy,True,21,46.06291079521179,146.25675087726944,21
11856_3.tex,regreession model greedy,False,14,33.03723883628845,70.78439506026437,15
11870_2.tex,regreession model greedy,False,27,77.03201460838318,234.77500057112505,28
12195_3.tex,regreession model greedy,True,7,17.471049547195435,28.88790077760005,7
12259_1.tex,regreession model greedy,True,7,16.546082258224487,27.69730693001757,7
12262_1.tex,regreession model greedy,True,13,31.036722660064697,62.089352149158906,13
12284_2.tex,regreession model greedy,True,11,23.659701347351078,53.593118978959865,11
12301_3.tex,regreession model greedy,True,8,15.789785623550417,42.13775874520002,8
12344_1.tex,regreession model greedy,True,3,5.3133203983306885,8.177128190000019,3
12370_2.tex,regreession model greedy,True,19,38.58700180053711,179.47870257919988,19
12397_2.tex,regreession model greedy,True,23,43.95686864852905,117.81049098215,23
12410_1.tex,regreession model greedy,True,13,25.636762380599976,60.64648052,13
12597_2.tex,regreession model greedy,True,5,10.998100519180298,13.494758933599968,5
12728_2.tex,regreession model greedy,True,11,24.147433042526245,43.34058205292247,11
12736_3.tex,regreession model greedy,True,20,48.48588061332703,108.26330785772372,20
12847_3.tex,regreession model greedy,True,22,51.39338755607605,130.36364328500014,22
12937_1.tex,regreession model greedy,True,4,8.352284908294678,7.556510802100021,4
13273_3.tex,regreession model greedy,True,15,28.991485834121704,102.75489264488225,15
13431_2.tex,regreession model greedy,True,7,14.082528829574583,38.13262991752114,7
13444_2.tex,regreession model greedy,True,19,38.33958435058594,165.75000927719523,32
13846_3.tex,regreession model greedy,True,9,18.765596628189087,79.20460028000005,9
13884_1.tex,regreession model greedy,True,7,12.662461757659912,42.93865967646792,7
13911_3.tex,regreession model greedy,True,13,24.87195205688477,68.83882554080002,13
13920_2.tex,regreession model greedy,True,22,41.84728956222534,134.8797261436037,40
13949_1.tex,regreession model greedy,True,22,46.879157066345215,213.2216122625001,22
13955_2.tex,regreession model greedy,True,13,27.565639972686768,87.48055070000015,13
13990_3.tex,regreession model greedy,True,17,42.047810792922974,94.0185891001926,17
14003_2.tex,regreession model greedy,True,15,31.769119262695312,97.476571855,15
14007_2.tex,regreession model greedy,True,14,29.13834953308105,77.72530952778666,14
14010_1.tex,regreession model greedy,True,7,13.314713716506958,28.392288082500087,7
14018_2.tex,regreession model greedy,True,14,30.80295419692993,93.40776644900002,16
14146_1.tex,regreession model greedy,True,6,13.32675576210022,27.407070601900323,6
14252_3.tex,regreession model greedy,True,23,51.16322183609009,123.4820813559656,23
14310_3.tex,regreession model greedy,True,9,17.965253114700317,39.89967367046806,9
14335_3.tex,regreession model greedy,True,15,33.86146545410156,99.80302963637716,15
14416_2.tex,regreession model greedy,True,7,13.602569818496704,24.614635508749984,7
14423_2.tex,regreession model greedy,True,8,15.537812232971191,31.69318683440032,8
14445_2.tex,regreession model greedy,True,24,54.07311081886292,182.41128396106893,24
14466_3.tex,regreession model greedy,True,11,25.79332375526428,42.58958350174407,11
14506_2.tex,regreession model greedy,True,11,24.66520047187805,54.823625200000215,11
14521_3.tex,regreession model greedy,True,6,12.888940334320068,20.36077757279997,6
14524_3.tex,regreession model greedy,True,2,3.560353994369507,5.865448059897517,2
14963_3.tex,regreession model greedy,True,8,17.995075464248657,52.45837790699986,8
15036_1.tex,regreession model greedy,True,21,36.67815470695496,290.7169156675,21
15045_1.tex,regreession model greedy,True,5,9.10713028907776,29.18241886000007,5
9718_2.tex,regreession model greedy,True,4,8.067273378372192,9.34019573,4
15059_2.tex,regreession model greedy,True,12,25.04786491394043,79.18851877900006,12
15095_2.tex,regreession model greedy,True,17,34.955222606658936,110.48158348640268,17
15097_2.tex,regreession model greedy,True,4,7.161957263946533,22.06201597999997,4
15439_3.tex,regreession model greedy,True,5,9.9920756816864,15.365830105124996,5
15633_3.tex,regreession model greedy,True,2,3.491774082183838,5.072373395,2
15636_2.tex,regreession model greedy,True,8,14.271676063537598,34.632242970500016,8
15657_2.tex,regreession model greedy,True,2,3.427830696105957,2.506201158024993,2
15837_1.tex,regreession model greedy,True,3,6.4414381980896,5.3742163111249965,3
15919_1.tex,regreession model greedy,True,6,12.369282484054564,32.024579690621096,6
16033_2.tex,regreession model greedy,True,2,3.637633800506592,0.0,2
16040_1.tex,regreession model greedy,True,12,26.44076180458069,69.46756698399997,12
16183_1.tex,regreession model greedy,True,11,21.873671054840088,58.042848840000055,11
16619_2.tex,regreession model greedy,False,14,33.016916275024414,76.99039441449985,15
67467_2.tex,regreession model greedy,True,7,14.235574007034302,28.882733289550035,7
67746_2.tex,regreession model greedy,True,7,14.39944863319397,41.48217770000008,7
67820_3.tex,regreession model greedy,True,26,56.041736125946045,203.3476048370005,26
67929_3.tex,regreession model greedy,True,39,82.89995431900024,316.5020031892359,39
68037_3.tex,regreession model greedy,False,21,45.99002361297608,94.85386160415244,22
68348_3.tex,regreession model greedy,True,2,3.7841837406158447,11.830274133750066,2
68381_3.tex,regreession model greedy,True,5,8.886890172958374,28.03057222999992,5
68458_3.tex,regreession model greedy,True,35,73.55417108535767,266.9029678185002,35
68463_1.tex,regreession model greedy,False,24,57.58198618888855,160.89875242800002,25
68491_2.tex,regreession model greedy,True,7,14.11026120185852,37.55627524500014,7
68496_1.tex,regreession model greedy,True,11,21.37241578102112,73.3889764800002,11
68523_3.tex,regreession model greedy,True,6,12.052258729934692,31.928890586640478,6
68548_3.tex,regreession model greedy,True,3,5.574185848236084,14.052968995000027,3
68559_1.tex,regreession model greedy,True,2,3.5888824462890625,9.852715680000015,2
68743_2.tex,regreession model greedy,True,8,18.8731210231781,28.17671643680005,8
68854_1.tex,regreession model greedy,True,22,52.1217360496521,125.45947599300096,22
68903_3.tex,regreession model greedy,True,7,14.117493152618408,38.40921128999996,7
68910_1.tex,regreession model greedy,True,8,15.949459075927734,56.84631759999996,8
68917_2.tex,regreession model greedy,True,13,24.52017116546631,119.0710632,13
68949_3.tex,regreession model greedy,True,3,5.640437126159668,5.365779543799988,3
68976_1.tex,regreession model greedy,False,9,19.027276277542114,41.406838948434064,10
68989_1.tex,regreession model greedy,True,7,12.939340829849243,31.35237522750047,7
69034_3.tex,regreession model greedy,True,18,37.058342695236206,163.85035274000035,18
69061_2.tex,regreession model greedy,True,5,8.99554443359375,17.443550344400705,5
69068_3.tex,regreession model greedy,True,14,29.03140091896057,64.81475466640002,14
69113_3.tex,regreession model greedy,True,12,23.09727191925049,61.14968825495009,12
69211_1.tex,regreession model greedy,True,5,11.023581743240356,8.318665788700002,5
69224_2.tex,regreession model greedy,True,13,30.527543783187863,57.39313652023573,13
69245_3.tex,regreession model greedy,True,4,7.540377140045166,15.759495075,4
69259_3.tex,regreession model greedy,True,6,12.291851997375488,30.51909775000013,6
69287_2.tex,regreession model greedy,True,3,6.775359392166138,10.706909479375,3
69313_3.tex,regreession model greedy,True,6,12.049521446228027,25.09994356899999,6
69351_1.tex,regreession model greedy,True,16,35.51605200767517,155.76822554875022,16
69426_1.tex,regreession model greedy,True,15,30.45856547355652,64.99392941599999,15
69454_1.tex,regreession model greedy,True,8,17.0009765625,40.55269147499992,8
69477_3.tex,regreession model greedy,True,19,38.44199919700623,118.41067516875005,19
69488_2.tex,regreession model greedy,True,16,32.07819390296936,164.8299038379999,16
69503_2.tex,regreession model greedy,True,15,29.547879219055176,85.39983249900011,15
69513_3.tex,regreession model greedy,True,10,19.51819086074829,38.18724236500008,10
69561_2.tex,regreession model greedy,True,18,34.97653603553772,98.90399836874975,18
69574_1.tex,regreession model greedy,True,7,14.541972875595093,29.435584000000063,7
69634_2.tex,regreession model greedy,True,2,4.709912061691284,2.5119539944000167,2
69953_1.tex,regreession model greedy,False,12,28.72949194908142,99.14659964985267,13
69975_2.tex,regreession model greedy,True,10,20.36938452720642,41.238907792999925,10
69976_1.tex,regreession model greedy,True,21,46.81083393096924,132.23266839017003,21
70056_2.tex,regreession model greedy,False,11,22.26127552986145,55.983631884330585,12
70058_1.tex,regreession model greedy,False,18,38.57002091407776,121.06420091319433,19
70143_1.tex,regreession model greedy,True,18,36.21489071846008,147.623039419,18
70168_3.tex,regreession model greedy,True,5,10.084789991378784,21.921602775000068,5
70302_2.tex,regreession model greedy,True,16,36.95410180091858,124.00182622161712,16
70329_3.tex,regreession model greedy,True,1,1.4785935878753662,3.1370130400000136,1
70395_1.tex,regreession model greedy,True,2,3.850940465927124,5.00607193999997,2
70402_2.tex,regreession model greedy,False,10,25.589648962020878,45.68054697893852,11
70448_3.tex,regreession model greedy,True,4,7.686778545379639,15.093695455000358,4
70519_2.tex,regreession model greedy,True,11,23.73551750183105,47.25908324340013,11
70538_3.tex,regreession model greedy,True,11,22.560548067092896,57.15290589000048,11
70622_1.tex,regreession model greedy,False,31,68.85997676849365,191.68706382400003,32
70622_2.tex,regreession model greedy,True,2,3.8912856578826895,8.47,2
70657_2.tex,regreession model greedy,True,8,16.756814002990723,49.113167850000096,8
70666_3.tex,regreession model greedy,True,6,11.501471281051636,36.34160560000004,6
70675_2.tex,regreession model greedy,True,2,4.042983293533325,9.357551155000024,2
70681_2.tex,regreession model greedy,True,1,1.5599465370178225,0.0,1
70707_3.tex,regreession model greedy,True,10,21.760047912597656,39.296596693400026,10
70719_1.tex,regreession model greedy,True,3,5.904364109039307,5.009801915300017,3
70918_3.tex,regreession model greedy,True,1,1.5524582862854004,7.092890159999968,1
70939_1.tex,regreession model greedy,True,7,15.76356291770935,24.16569383360005,7
70949_1.tex,regreession model greedy,True,7,14.657843112945557,26.95609863300006,7
70951_2.tex,regreession model greedy,True,7,15.313857793807983,31.678831025999923,7
70983_2.tex,regreession model greedy,True,14,28.674206495285038,77.45223237500151,14
70987_2.tex,regreession model greedy,True,3,6.116589546203613,5.467333115000002,3
71026_1.tex,regreession model greedy,True,14,33.98189091682434,60.07377261781424,14
71064_3.tex,regreession model greedy,True,6,9.77251935005188,36.35867079000003,6
71068_3.tex,regreession model greedy,False,6,15.006547212600708,17.816294025000076,7
71122_2.tex,regreession model greedy,True,12,25.104049682617188,37.73035110000002,12
71149_1.tex,regreession model greedy,True,24,52.68786144256592,133.4611524576506,24
71172_3.tex,regreession model greedy,True,7,12.366612434387209,28.62708571500015,7
71250_1.tex,regreession model greedy,True,23,48.90262842178345,109.12952352730002,23
71271_2.tex,regreession model greedy,True,1,5.879902124404907,2.504284935200019,1
71551_3.tex,regreession model greedy,True,15,33.75494384765625,104.30413607799989,15
71628_1.tex,regreession model greedy,True,4,7.100516080856323,33.128780250000005,4
71632_1.tex,regreession model greedy,True,7,14.62555980682373,52.36798583375,7
71648_3.tex,regreession model greedy,True,8,18.7575204372406,49.45339168881313,8
71667_2.tex,regreession model greedy,True,3,6.092114210128784,18.762048829999983,3
71682_1.tex,regreession model greedy,True,20,43.7758469581604,152.73295241100004,20
71733_1.tex,regreession model greedy,True,1,1.4399709701538086,6.554814280000016,1
71891_3.tex,regreession model greedy,True,6,13.542658567428589,28.83947257357307,6
71917_2.tex,regreession model greedy,True,8,17.599104404449463,38.18885559382396,8
71927_2.tex,regreession model greedy,True,10,21.806602478027344,47.66213422475999,10
72118_3.tex,regreession model greedy,True,12,27.28965473175049,52.19201793600001,12
72127_1.tex,regreession model greedy,True,15,32.80449032783508,73.59089326440007,15
72128_2.tex,regreession model greedy,True,10,22.41795802116394,33.82306893927259,10
72164_1.tex,regreession model greedy,True,4,8.086405277252197,30.44665758000001,4
72198_3.tex,regreession model greedy,True,5,10.581267833709717,17.983678256000008,5
72202_1.tex,regreession model greedy,True,10,19.195148229599,46.89800704849594,10
72210_3.tex,regreession model greedy,True,7,14.206510305404665,26.31931213400007,7
72250_1.tex,regreession model greedy,False,32,71.0004894733429,282.71701915400206,33
72325_2.tex,regreession model greedy,True,4,7.264024496078491,8.786549686999985,4
72328_2.tex,regreession model greedy,True,3,5.505127429962158,8.263150039295994,3
72431_3.tex,regreession model greedy,True,1,1.4250881671905518,3.98807042,1
72554_2.tex,regreession model greedy,True,4,8.90816354751587,14.062718322004969,4
9039_2.tex,regreession model greedy,False,8,19.507468938827515,30.34041522670988,9
9119_3.tex,regreession model greedy,True,6,12.031859159469604,27.0689215479766,6
9150_2.tex,regreession model greedy,True,16,32.95090389251709,128.90761117925007,16
9443_2.tex,regreession model greedy,True,18,38.0295467376709,141.1128048159994,18
9548_3.tex,regreession model greedy,True,6,11.688261270523071,17.302298324692504,6
9591_2.tex,regreession model greedy,True,24,51.11373448371887,146.88277047661904,24
9594_2.tex,regreession model greedy,True,3,6.712581872940064,7.431823268749966,3
9608_3.tex,regreession model greedy,True,6,12.154145240783691,15.038012629420049,6
9707_1.tex,regreession model greedy,True,31,63.82000541687012,315.3227438022522,31
9708_3.tex,regreession model greedy,True,22,43.77139949798584,158.36435224324993,22
168749_1.tex,regreession model greedy,True,18,42.03110027313232,101.50992453612102,18
168764_2.tex,regreession model greedy,True,1,1.4650192260742188,6.352534280000015,1
168780_1.tex,regreession model greedy,True,7,14.424635648727415,35.79817529369997,7
168802_2.tex,regreession model greedy,True,1,1.6950268745422363,5.757384279999997,1
168813_3.tex,regreession model greedy,True,21,46.192596673965454,192.6600882799999,21
168826_3.tex,regreession model greedy,True,29,65.20915961265564,186.03625865999987,29
168835_2.tex,regreession model greedy,True,14,29.90025949478149,84.02166732500022,14
168839_1.tex,regreession model greedy,True,11,22.20949912071228,73.55619036000022,11
168846_1.tex,regreession model greedy,True,2,4.057199001312256,7.575361971999991,2
168850_2.tex,regreession model greedy,False,26,62.26221251487732,155.5179578269996,27
168906_1.tex,regreession model greedy,True,40,87.38821268081665,306.4322974207006,40
168934_3.tex,regreession model greedy,True,11,22.641799688339237,80.48849676000005,11
168939_2.tex,regreession model greedy,False,22,48.39518165588379,146.74595341,23
168953_2.tex,regreession model greedy,True,3,6.220725297927856,18.551216439999983,3
169004_1.tex,regreession model greedy,True,44,97.28197503089903,396.5256680737504,44
169046_2.tex,regreession model greedy,True,13,30.032244205474854,145.52681411375107,13
169050_1.tex,regreession model greedy,True,10,21.50597739219665,36.12145538000064,10
169063_1.tex,regreession model greedy,True,6,13.803946495056152,26.40490431299999,6
169073_1.tex,regreession model greedy,True,4,8.228799104690552,8.705807008048026,4
169080_2.tex,regreession model greedy,True,5,11.545731544494627,15.021886720000268,5
169168_3.tex,regreession model greedy,True,1,1.5171573162078855,2.6397033599999986,1
169169_3.tex,regreession model greedy,True,9,19.70757007598877,48.941545314,9
169216_3.tex,regreession model greedy,True,19,44.85813021659851,124.41305937599996,19
169217_3.tex,regreession model greedy,True,15,35.2647602558136,72.1910237034999,15
169228_1.tex,regreession model greedy,True,18,41.173789978027344,81.20499990227113,18
169254_2.tex,regreession model greedy,True,8,17.273338317871094,33.97093263000016,8
169269_2.tex,regreession model greedy,True,9,19.212034702301025,48.39871194000019,9
169274_1.tex,regreession model greedy,True,7,14.554704666137695,32.31673853100001,7
169290_1.tex,regreession model greedy,True,10,22.11751818656921,38.217171975057326,10
169322_1.tex,regreession model greedy,True,9,20.142377614974976,34.17079903881464,9
169447_3.tex,regreession model greedy,True,28,61.69201350212097,145.87997498,28
169460_1.tex,regreession model greedy,True,14,27.705880641937256,81.71922033999999,14
169473_1.tex,regreession model greedy,True,14,29.665637016296387,66.11333478999995,14
169505_2.tex,regreession model greedy,True,5,11.048519134521484,15.284571135600004,5
169611_1.tex,regreession model greedy,True,9,20.220036268234253,31.55928161600012,9
169630_3.tex,regreession model greedy,True,13,30.49076128005981,48.43453790275099,13
169637_1.tex,regreession model greedy,True,16,37.733909368515015,81.520246941696,16
169733_2.tex,regreession model greedy,True,11,24.13504767417908,43.68072995000004,11
169786_2.tex,regreession model greedy,True,3,6.166233777999878,5.977638399999975,3
169820_3.tex,regreession model greedy,True,5,10.882729530334473,14.283623423999993,5
169867_3.tex,regreession model greedy,True,22,48.60435914993286,136.8390783001756,22
169871_2.tex,regreession model greedy,True,8,17.656607151031494,24.055959345000048,8
169884_3.tex,regreession model greedy,True,4,7.525140523910522,6.079588439999981,4
169949_3.tex,regreession model greedy,True,9,20.16986441612244,32.97202975,9
169955_1.tex,regreession model greedy,True,13,27.979772329330444,56.43283801800007,13
170022_1.tex,regreession model greedy,True,10,19.934706211090088,37.804287780000166,10
170060_2.tex,regreession model greedy,False,34,74.22170186042786,197.81345369694455,35
170093_3.tex,regreession model greedy,False,37,84.560063123703,260.30908074000024,65
170155_1.tex,regreession model greedy,False,11,28.82553267478943,78.64367777799998,12
170289_3.tex,regreession model greedy,True,4,8.13010025024414,22.535244113,4
170322_3.tex,regreession model greedy,True,7,13.808386087417604,44.942137489999936,7
170332_2.tex,regreession model greedy,True,9,18.97776174545288,56.14326012000013,9
170386_2.tex,regreession model greedy,True,9,19.479978322982788,60.88304080499999,9
170457_1.tex,regreession model greedy,True,6,11.85381555557251,32.712161079999994,6
170548_2.tex,regreession model greedy,True,8,16.45737624168396,55.6160648350003,8
170594_3.tex,regreession model greedy,True,35,76.51955723762512,352.3359411160004,44
170607_3.tex,regreession model greedy,True,4,7.554553270339966,19.49012796750003,4
170610_2.tex,regreession model greedy,False,25,54.87942719459534,172.05518700700028,26
170662_2.tex,regreession model greedy,True,7,16.35517406463623,45.43979093999997,7
170783_1.tex,regreession model greedy,True,1,1.8070785999298096,0.0,1
170790_3.tex,regreession model greedy,True,4,8.542243719100952,12.296474579999966,4
170807_1.tex,regreession model greedy,True,2,3.894123077392578,5.356332794400004,2
170810_2.tex,regreession model greedy,True,10,23.734772205352783,53.38975597100063,10
170844_3.tex,regreession model greedy,True,10,22.29702925682068,35.21079898065041,10
170862_1.tex,regreession model greedy,True,4,7.904266595840454,16.296047340000058,4
170907_2.tex,regreession model greedy,True,8,17.60491943359375,23.79847510845705,8
170909_3.tex,regreession model greedy,True,11,23.79109215736389,58.9286932050002,11
170911_2.tex,regreession model greedy,True,1,1.698814868927002,4.640944964999974,1
170962_1.tex,regreession model greedy,True,13,29.55993413925171,66.17321998117497,13
170971_1.tex,regreession model greedy,True,2,3.504474639892578,5.327437215000032,2
170989_3.tex,regreession model greedy,True,7,14.824723958969116,37.245410525000274,7
170999_1.tex,regreession model greedy,True,1,1.4860241413116455,3.100957159000018,1
171019_2.tex,regreession model greedy,True,6,12.807231903076172,21.18956263180005,6
171027_1.tex,regreession model greedy,True,51,109.99145483970642,473.9275360126,51
171049_3.tex,regreession model greedy,True,4,7.761744022369385,18.482630287000063,4
171052_3.tex,regreession model greedy,True,5,10.29852533340454,12.794737579000046,5
171078_1.tex,regreession model greedy,True,23,49.26718354225159,174.78954426500025,23
171109_3.tex,regreession model greedy,True,9,17.848198175430298,43.25125761275002,9
171122_1.tex,regreession model greedy,True,28,60.30557608604431,296.05424358469986,28
171145_1.tex,regreession model greedy,True,1,1.745976448059082,5.760691080000015,1
171159_2.tex,regreession model greedy,False,37,83.88586068153381,225.01278613620005,38
171224_2.tex,regreession model greedy,True,8,17.811086654663086,28.269428667999957,8
171227_3.tex,regreession model greedy,True,9,19.6651451587677,29.03033243799992,9
171242_1.tex,regreession model greedy,True,4,8.192240238189697,11.444530800000251,4
171276_3.tex,regreession model greedy,True,8,17.43898844718933,22.911220764650334,8
171280_1.tex,regreession model greedy,True,4,9.877728700637816,12.108130143400013,4
171292_1.tex,regreession model greedy,True,4,8.010097980499268,15.652078799999984,4
171293_2.tex,regreession model greedy,True,5,10.099342823028564,15.972323874999988,5
171313_3.tex,regreession model greedy,True,3,5.907977104187012,10.504642020000064,3
171393_2.tex,regreession model greedy,True,7,15.115700960159302,19.272171321250013,7
171395_3.tex,regreession model greedy,True,12,24.501771926879883,40.28574823917512,12
171446_3.tex,regreession model greedy,True,6,13.07087016105652,14.349150119400036,6
171456_2.tex,regreession model greedy,True,1,1.4791951179504397,3.5924979400000154,1
171493_2.tex,regreession model greedy,True,9,19.626752614974976,35.54743833874989,9
171526_3.tex,regreession model greedy,True,2,3.531785726547241,3.874299580000013,2
171534_3.tex,regreession model greedy,True,5,9.005486011505127,11.73443148400007,5
171570_2.tex,regreession model greedy,True,23,52.194440841674805,141.05647429300018,23
171661_1.tex,regreession model greedy,True,16,31.929392337799072,85.1137010330001,16
171778_2.tex,regreession model greedy,True,4,8.57095193862915,22.07317619800008,4
171783_2.tex,regreession model greedy,True,2,3.5369229316711426,13.913572719999962,2
171842_1.tex,regreession model greedy,True,6,13.728566884994509,49.78963712999997,6
171845_1.tex,regreession model greedy,True,6,12.43441081047058,32.25904372500081,6
171875_3.tex,regreession model greedy,True,4,9.063298225402832,21.63649241999991,4
171892_1.tex,regreession model greedy,True,12,26.76911401748657,69.92938296541465,12
171971_3.tex,regreession model greedy,True,12,23.63361001014709,63.13959706125056,12
172002_2.tex,regreession model greedy,True,4,8.23428726196289,16.124695330000023,4
172021_3.tex,regreession model greedy,True,1,1.4180004596710205,5.667906080000023,1
172061_3.tex,regreession model greedy,True,11,21.895246744155884,79.26248900500048,11
172069_2.tex,regreession model greedy,True,1,1.665287971496582,6.067681080000028,1
172115_2.tex,regreession model greedy,False,41,98.45355820655824,289.2949780747505,42
172122_1.tex,regreession model greedy,True,7,14.345536947250366,28.510154516349942,7
172142_2.tex,regreession model greedy,False,38,88.98410701751709,237.8678857190501,39
172173_2.tex,regreession model greedy,False,11,25.739646673202515,55.92811427500005,12
172215_3.tex,regreession model greedy,False,37,80.17872762680054,236.1662954380004,38
172222_1.tex,regreession model greedy,False,22,47.621872663497925,127.33506365505434,23
172229_1.tex,regreession model greedy,True,11,21.793487548828125,50.99662282200003,11
172248_1.tex,regreession model greedy,False,26,58.78476810455322,151.00363024500018,27
172319_3.tex,regreession model greedy,True,3,6.664332151412964,9.628370114999967,3
172328_3.tex,regreession model greedy,True,8,17.23011612892151,27.632136132,8
172329_1.tex,regreession model greedy,True,8,18.154463052749637,38.66404124441408,8
172365_1.tex,regreession model greedy,True,13,28.6704695224762,63.2878396160007,13
172409_2.tex,regreession model greedy,True,5,10.4679753780365,25.84193571000003,5
172429_3.tex,regreession model greedy,False,31,68.96906518936157,363.5117542188709,32
172473_1.tex,regreession model greedy,True,7,15.43859362602234,33.72409097974994,7
172507_3.tex,regreession model greedy,True,2,3.4562482833862305,6.840238380000017,2
172538_2.tex,regreession model greedy,True,9,19.74326705932617,46.05301615500011,9
172684_2.tex,regreession model greedy,True,1,1.5732674598693848,7.090511080000027,1
172686_2.tex,regreession model greedy,True,49,120.11782550811768,388.3888933917503,49
172702_3.tex,regreession model greedy,True,10,19.02037668228149,57.374999965000114,10
172717_3.tex,regreession model greedy,False,30,60.39201092720032,229.7288486937501,31
172728_1.tex,regreession model greedy,False,17,36.07424068450928,82.37439639377116,18
172738_1.tex,regreession model greedy,True,22,44.041107177734375,130.96445098319992,22
172811_1.tex,regreession model greedy,True,4,8.361879348754883,16.188745074999996,4
172882_3.tex,regreession model greedy,True,1,1.711899757385254,2.515783816800024,1
172890_1.tex,regreession model greedy,True,18,45.79874229431152,96.69362428616655,18
172901_1.tex,regreession model greedy,True,10,21.618000745773315,51.58303189000016,10
172903_1.tex,regreession model greedy,True,1,1.5246353149414062,2.6896730400000024,1
172961_3.tex,regreession model greedy,True,16,34.99976396560669,87.03477724700028,16
172966_1.tex,regreession model greedy,True,26,63.673128843307495,147.89382391081358,26
172982_2.tex,regreession model greedy,True,2,3.877293825149536,0.0,2
172998_3.tex,regreession model greedy,True,10,21.96571922302246,27.479735338813995,10
173004_2.tex,regreession model greedy,True,21,47.425806522369385,98.00933407000085,21
173006_1.tex,regreession model greedy,True,8,16.80436682701111,29.8645104,8
173057_1.tex,regreession model greedy,True,3,5.404041290283203,5.94094072499999,3
173102_1.tex,regreession model greedy,True,13,27.76641058921814,52.677585077,13
173112_1.tex,regreession model greedy,True,18,38.30105566978455,77.30419192200023,18
173122_2.tex,regreession model greedy,True,61,138.68094277381897,670.5373651010307,61
173138_2.tex,regreession model greedy,True,7,13.686787605285645,36.97319233000064,7
173142_2.tex,regreession model greedy,True,8,15.552851676940918,35.1738665000005,8
173162_3.tex,regreession model greedy,True,27,58.399428844451904,171.67423467970707,27
173225_3.tex,regreession model greedy,True,55,122.8301854133606,385.1776983860004,55
173226_3.tex,regreession model greedy,True,2,3.732098817825317,5.81119993560003,2
173237_3.tex,regreession model greedy,True,8,14.5480215549469,26.872824000000072,8
173315_2.tex,regreession model greedy,False,43,92.27171301841736,262.27906801383506,44
173322_2.tex,regreession model greedy,True,11,23.550533533096317,27.56050662960001,11
173324_3.tex,regreession model greedy,False,39,84.81624364852905,268.4946579537501,40
173332_2.tex,regreession model greedy,True,10,20.35755491256714,40.445906509,10
173366_1.tex,regreession model greedy,True,7,14.349424600601196,34.66360800500058,7
173394_3.tex,regreession model greedy,True,7,15.569584608078005,39.29322651480007,7
173408_2.tex,regreession model greedy,True,5,10.004014492034912,28.423002762999964,5
173415_2.tex,regreession model greedy,True,10,23.804067134857178,40.5107629051,10
173483_2.tex,regreession model greedy,True,15,30.81475830078125,107.68717355500031,15
173520_2.tex,regreession model greedy,True,3,5.656052589416504,14.382285503214009,3
173568_3.tex,regreession model greedy,True,4,7.941148996353149,24.169444080000236,4
173605_1.tex,regreession model greedy,True,14,28.242736101150516,73.34388766500012,14
173661_1.tex,regreession model greedy,True,3,5.655524730682373,16.335482009999993,3
173667_2.tex,regreession model greedy,True,2,4.674259662628174,11.581016229999989,2
173669_2.tex,regreession model greedy,True,4,8.162119626998901,23.953907579999992,4
173677_3.tex,regreession model greedy,True,13,26.22747683525085,96.6735129300007,13
173702_3.tex,regreession model greedy,True,7,13.386611700057983,34.56354226,7
173708_1.tex,regreession model greedy,True,14,29.27527642250061,67.94057366799989,14
173754_1.tex,regreession model greedy,True,17,33.41585850715637,86.56626967250014,17
173781_1.tex,regreession model greedy,True,2,3.3766069412231445,10.82534528000008,2
173784_2.tex,regreession model greedy,True,10,19.144419193267822,55.88689406000016,10
173787_2.tex,regreession model greedy,True,6,11.237323999404907,37.27380560500001,6
173793_1.tex,regreession model greedy,True,7,13.451031684875488,39.58479625500004,7
173803_2.tex,regreession model greedy,True,36,71.3500292301178,244.08276264250048,36
173858_2.tex,regreession model greedy,True,51,109.4984941482544,512.6263879629998,51
173872_1.tex,regreession model greedy,True,33,66.1660213470459,178.88254617600018,33
173909_1.tex,regreession model greedy,True,9,18.650080919265747,32.675770958750675,9
173946_1.tex,regreession model greedy,True,9,19.59384083747864,37.85937076800075,9
173991_3.tex,regreession model greedy,True,13,26.981630086898804,122.88358996500008,13
174002_3.tex,regreession model greedy,True,11,25.194870471954346,51.25039619000077,11
174010_1.tex,regreession model greedy,True,9,18.79157304763794,34.6003874150003,9
174108_1.tex,regreession model greedy,True,17,36.473997592926025,160.94368557999996,17
174146_1.tex,regreession model greedy,True,20,45.06808114051819,111.0546824544005,20
174182_1.tex,regreession model greedy,False,40,87.91175770759583,1196.9777374481089,40
174204_1.tex,regreession model greedy,True,21,38.050557374954224,170.43854463999963,21
174206_3.tex,regreession model greedy,True,5,10.116474628448486,17.931204789999953,5
174239_1.tex,regreession model greedy,True,10,19.377885341644287,39.405198114999976,10
174260_2.tex,regreession model greedy,True,3,5.67765212059021,8.07877164,3
174284_3.tex,regreession model greedy,True,6,11.77311897277832,18.29499719500003,6
174293_2.tex,regreession model greedy,True,6,11.790364503860474,19.061692469300027,6
174294_3.tex,regreession model greedy,True,13,25.77470350265503,50.47618629775905,13
174381_3.tex,regreession model greedy,True,1,1.580223560333252,3.85,1
174394_3.tex,regreession model greedy,True,9,16.783180475234985,31.830981281600007,9
174397_3.tex,regreession model greedy,False,31,65.43185377120972,191.38557427060024,32
174447_2.tex,regreession model greedy,True,8,17.064717054367065,32.12601523000065,8
16658_3.tex,regreession model greedy,True,18,36.529898166656494,225.57291118125084,18
16705_2.tex,regreession model greedy,True,6,11.552711248397827,24.961115076,6
16726_3.tex,regreession model greedy,True,9,21.023002862930294,40.24485709594232,9
17015_1.tex,regreession model greedy,True,3,6.979573488235474,8.982409797800017,3
17137_1.tex,regreession model greedy,True,11,19.553966999053955,55.75413926158704,11
17153_1.tex,regreession model greedy,False,24,52.33890461921692,120.22903024607916,25
17179_3.tex,regreession model greedy,True,2,3.9502453804016113,5.565023999999994,2
17209_3.tex,regreession model greedy,True,5,9.45290994644165,23.475250755000037,5
17231_2.tex,regreession model greedy,True,15,31.905062675476078,71.99163661747097,15
17261_1.tex,regreession model greedy,True,6,11.620620489120483,35.001969215750044,6
17265_2.tex,regreession model greedy,True,30,65.30730390548706,215.8001266584007,30
17266_1.tex,regreession model greedy,True,25,48.86925673484802,162.82912707380018,25
17549_3.tex,regreession model greedy,True,4,7.94239354133606,10.433990822000034,4
17650_3.tex,regreession model greedy,True,4,8.786545515060425,9.191581447192448,4
17664_2.tex,regreession model greedy,True,12,24.92658233642578,78.583373015,12
17677_3.tex,regreession model greedy,True,21,42.18927264213562,120.31309914621912,21
17687_1.tex,regreession model greedy,True,25,59.44053888320923,145.84157932648765,25
17698_1.tex,regreession model greedy,True,29,60.25073289871216,217.32120989799137,29
17711_1.tex,regreession model greedy,True,45,95.34704780578612,405.3007182312501,45
17716_2.tex,regreession model greedy,True,1,1.4346919059753418,0.0,1
17759_2.tex,regreession model greedy,True,20,40.55066394805908,112.77126148169602,20
17809_1.tex,regreession model greedy,False,26,54.458457946777344,155.68097598499998,27
17812_1.tex,regreession model greedy,True,7,13.619552373886108,18.744944958707,7
18031_3.tex,regreession model greedy,True,4,8.236875772476196,21.78057725999995,4
18035_1.tex,regreession model greedy,False,12,29.61813759803772,70.678950080345,13
73237_3.tex,regreession model greedy,True,3,5.108687162399292,22.716591880000017,3
73350_1.tex,regreession model greedy,True,3,5.596568822860718,15.715526030000037,3
73374_1.tex,regreession model greedy,True,15,31.06788682937622,78.4419558410001,15
73815_1.tex,regreession model greedy,True,11,21.36905860900879,54.4275565292963,11
74893_3.tex,regreession model greedy,True,3,5.466964721679688,18.958913230000007,3
74939_2.tex,regreession model greedy,True,39,83.04616022109985,480.5305330021599,39
75373_1.tex,regreession model greedy,True,5,9.118186473846436,16.626385454999962,5
75431_3.tex,regreession model greedy,True,13,25.45911431312561,76.91730465280004,13
75513_3.tex,regreession model greedy,True,23,47.853408098220825,153.72222803000028,23
77053_1.tex,regreession model greedy,False,19,41.779438972473145,109.48756534700048,20
77170_2.tex,regreession model greedy,True,27,57.52714776992798,189.77007606800052,27
77209_3.tex,regreession model greedy,True,5,9.661872625350952,15.570780835475006,5
18140_2.tex,regreession model greedy,True,23,48.28869652748108,129.81352478632598,23
18246_3.tex,regreession model greedy,False,11,25.892961263656616,61.26607733699996,12
18323_3.tex,regreession model greedy,True,5,9.31416082382202,27.032013819814026,5
18358_2.tex,regreession model greedy,True,18,37.88787007331848,99.50068714077815,18
18573_3.tex,regreession model greedy,True,21,45.94775104522705,111.69795547123915,21
18669_1.tex,regreession model greedy,True,18,39.22579050064087,106.64562906966304,18
18860_2.tex,regreession model greedy,True,3,5.575619220733643,11.310233425000009,3
19093_2.tex,regreession model greedy,True,9,17.079802751541138,31.937987532554743,9
19103_3.tex,regreession model greedy,True,11,24.50515508651733,36.86459060379991,11
19139_1.tex,regreession model greedy,True,14,30.10991358757019,100.33453758999995,14
19274_2.tex,regreession model greedy,True,12,23.56535291671753,59.9710642539605,12
19295_2.tex,regreession model greedy,True,23,45.70792675018311,140.12722084000018,23
19335_1.tex,regreession model greedy,True,12,23.36034631729126,60.03591052125015,12
19428_2.tex,regreession model greedy,True,19,35.74965262413025,97.82167612285008,19
19691_1.tex,regreession model greedy,True,3,5.877342462539673,20.14829258000004,3
19754_1.tex,regreession model greedy,True,25,52.922452211380005,307.6193162122465,25
19758_2.tex,regreession model greedy,True,4,8.259927749633789,21.16741836027498,4
19828_2.tex,regreession model greedy,True,4,7.735846281051636,16.08092694479612,4
19838_1.tex,regreession model greedy,True,23,45.14759278297424,315.384385278801,23
19867_3.tex,regreession model greedy,True,6,11.68104076385498,27.03780820815029,6
19877_1.tex,regreession model greedy,True,4,7.0345072746276855,35.421782455000056,4
19907_1.tex,regreession model greedy,True,6,11.669294834136965,35.72769920374999,6
19907_2.tex,regreession model greedy,True,1,1.4784188270568848,6.864360909999959,1
19935_3.tex,regreession model greedy,True,10,18.253973960876465,60.50930423700006,10
19945_1.tex,regreession model greedy,True,4,6.951743841171265,17.121150720799925,4
19951_1.tex,regreession model greedy,True,36,75.43989729881287,325.54464357780495,36
20189_1.tex,regreession model greedy,True,15,32.64457893371582,109.7585512974425,15
20245_3.tex,regreession model greedy,True,8,15.154473066329956,52.24437629499997,8
20300_2.tex,regreession model greedy,True,13,24.98171377182007,55.96320886720032,13
20321_1.tex,regreession model greedy,True,1,1.6509287357330322,3.500010115000009,1
20334_1.tex,regreession model greedy,True,8,14.738531351089478,48.37136395000012,8
20375_1.tex,regreession model greedy,True,12,22.68959379196167,64.8446736830004,12
20410_2.tex,regreession model greedy,True,26,51.98285079002381,214.8919473156705,26
20425_2.tex,regreession model greedy,True,20,36.92238426208496,252.0816416125,20
20451_3.tex,regreession model greedy,True,12,20.956758499145508,67.8978436605599,12
20464_1.tex,regreession model greedy,True,10,19.89059615135193,62.389470208000205,10
20723_2.tex,regreession model greedy,True,3,6.086310863494873,2.5418941799999857,3
20727_3.tex,regreession model greedy,True,16,35.322160482406616,83.91365805689793,16
20765_2.tex,regreession model greedy,True,6,13.23918342590332,25.435056725000287,7
20796_3.tex,regreession model greedy,True,6,11.127502918243408,23.371026947521244,6
20829_2.tex,regreession model greedy,True,10,22.483349800109863,41.60585445449995,10
20915_2.tex,regreession model greedy,True,38,87.91335201263428,336.97481891732167,38
20961_2.tex,regreession model greedy,True,23,48.75249910354614,222.39897519999997,23
20986_1.tex,regreession model greedy,True,3,6.082818508148193,10.01,3
21534_2.tex,regreession model greedy,True,8,15.814992189407349,51.501471603007474,8
21546_1.tex,regreession model greedy,True,21,44.49252128601074,205.6652453540008,21
21566_3.tex,regreession model greedy,False,6,15.129251718521118,27.295174285390036,7
21580_2.tex,regreession model greedy,True,17,35.021987199783325,110.83242734180004,17
21592_2.tex,regreession model greedy,True,8,14.85339379310608,41.19411746575,8
21848_2.tex,regreession model greedy,True,7,14.636427640914915,62.375453940000014,7
21917_2.tex,regreession model greedy,True,3,6.06053900718689,8.679635344000008,3
21974_1.tex,regreession model greedy,True,13,27.23380970954895,57.883966493836525,13
21976_1.tex,regreession model greedy,True,14,29.68396806716919,112.46015626640296,31
21988_3.tex,regreession model greedy,False,12,28.846590518951416,72.48881628000004,13
22046_2.tex,regreession model greedy,True,2,3.711546897888184,10.01,2
22046_3.tex,regreession model greedy,True,2,9.72979474067688,8.833290750000003,2
22075_3.tex,regreession model greedy,True,2,3.475682020187378,2.504289540000002,2
22118_1.tex,regreession model greedy,True,6,11.87564182281494,30.283427818296104,6
22318_1.tex,regreession model greedy,True,4,8.804073333740234,6.94718002499998,4
22458_1.tex,regreession model greedy,True,5,11.097070932388306,8.483186659999973,5
22554_1.tex,regreession model greedy,True,17,37.35850524902344,101.76355785674994,17
22567_2.tex,regreession model greedy,True,4,8.085835456848145,15.30874903000003,4
22638_3.tex,regreession model greedy,True,27,53.60301113128662,188.1690418180004,27
22640_3.tex,regreession model greedy,True,10,20.333285331726078,59.91827729374994,10
22663_1.tex,regreession model greedy,True,19,37.393683195114136,94.28757815141998,19
22943_3.tex,regreession model greedy,True,6,12.539891958236694,49.604174970799946,6
23070_1.tex,regreession model greedy,True,17,37.656410932540894,137.36327684068624,17
23190_3.tex,regreession model greedy,True,7,13.710223913192747,32.253796815799994,7
23217_1.tex,regreession model greedy,True,5,9.725068807601929,26.55565796500001,5
23319_3.tex,regreession model greedy,True,8,17.226948499679565,37.17588183239997,8
23463_1.tex,regreession model greedy,True,5,9.271849155426024,21.348789099999976,5
23643_3.tex,regreession model greedy,True,7,13.230807542800903,27.490920129000003,7
23645_3.tex,regreession model greedy,True,14,27.0935378074646,71.59746597375016,14
72618_1.tex,regreession model greedy,True,2,3.688479661941528,3.242087835000006,2
72659_3.tex,regreession model greedy,True,17,34.49112153053284,95.7063101718,17
72670_1.tex,regreession model greedy,True,6,11.809937477111816,14.033955460000072,6
72673_3.tex,regreession model greedy,True,22,46.33672475814819,110.44608025990024,22
72694_2.tex,regreession model greedy,True,18,39.80785274505615,91.04295425999986,18
72803_3.tex,regreession model greedy,True,1,1.5569655895233154,0.0,1
72835_1.tex,regreession model greedy,True,16,31.688360929489136,101.70927091000006,16
73001_1.tex,regreession model greedy,True,10,21.5969820022583,52.85146908000016,10
73090_1.tex,regreession model greedy,True,7,15.203568696975708,34.71665013374988,7
73184_3.tex,regreession model greedy,True,6,12.53378415107727,34.78746684479504,6
73294_2.tex,regreession model greedy,True,10,21.427567720413208,48.51462107899993,10
73303_3.tex,regreession model greedy,True,24,52.354743242263794,159.63093271849976,24
73379_3.tex,regreession model greedy,True,7,13.494222640991213,34.48994815199984,7
73401_2.tex,regreession model greedy,True,6,10.809717655181885,34.033607395500034,6
73421_1.tex,regreession model greedy,True,6,11.818130016326904,37.37028067999994,6
73432_2.tex,regreession model greedy,True,8,16.44741988182068,40.950214096000025,8
73436_2.tex,regreession model greedy,True,2,3.6582345962524414,12.397736080000008,2
73601_2.tex,regreession model greedy,True,8,17.64536738395691,48.6100613337636,8
73612_2.tex,regreession model greedy,True,4,8.202024459838867,13.60421136250011,4
73631_2.tex,regreession model greedy,True,12,26.92699122428894,54.72585077199479,12
73643_1.tex,regreession model greedy,True,12,27.62530255317688,47.34502002700008,12
73655_3.tex,regreession model greedy,True,8,18.245738983154297,31.18938622369996,8
73686_2.tex,regreession model greedy,True,8,16.901607990264893,56.10033139000002,8
73701_3.tex,regreession model greedy,True,17,36.92576265335083,145.94581776624642,17
73799_1.tex,regreession model greedy,True,8,16.348676919937134,34.3933728650001,8
73882_1.tex,regreession model greedy,True,1,1.4088466167449951,0.0,1
74141_1.tex,regreession model greedy,True,12,27.95598554611206,71.14516285700017,12
74167_1.tex,regreession model greedy,True,23,51.64136219024658,148.47474515430594,23
74213_1.tex,regreession model greedy,True,8,15.659425735473633,47.779441474999935,8
74266_3.tex,regreession model greedy,True,4,8.824843168258667,10.79470889999999,4
74276_3.tex,regreession model greedy,True,6,13.19300651550293,13.89019647579996,6
74336_2.tex,regreession model greedy,True,15,32.39897274971008,103.04811907499986,15
74351_3.tex,regreession model greedy,True,1,1.453274488449097,0.0,1
74371_3.tex,regreession model greedy,True,12,24.742769956588745,54.01359692800005,12
74408_3.tex,regreession model greedy,True,39,82.72750067710876,286.8275587237963,39
74468_1.tex,regreession model greedy,True,47,98.67478251457214,550.2421369447072,48
74691_3.tex,regreession model greedy,True,12,25.987223625183105,68.4356127153825,12
74717_2.tex,regreession model greedy,True,19,41.28854465484619,124.6956451014092,19
74795_3.tex,regreession model greedy,True,8,18.512735843658447,34.16642937000001,8
74820_2.tex,regreession model greedy,False,9,18.89894151687622,58.30565791297603,10
74829_1.tex,regreession model greedy,True,35,82.53049397468567,409.6599657809997,35
74840_1.tex,regreession model greedy,True,15,32.036543130874634,68.59522740049592,15
74873_3.tex,regreession model greedy,True,10,18.98655366897583,49.66255918000024,10
74889_2.tex,regreession model greedy,True,10,21.63661527633667,52.11006350979487,10
74901_3.tex,regreession model greedy,True,2,3.879746198654175,8.734437880000016,2
74917_1.tex,regreession model greedy,True,8,15.73965048789978,35.480150230000035,8
74956_2.tex,regreession model greedy,True,3,5.418825387954712,26.313150250000007,3
74979_3.tex,regreession model greedy,False,11,25.13447618484497,59.98572943000006,12
75022_2.tex,regreession model greedy,True,13,26.11174249649048,80.383548178,13
75027_2.tex,regreession model greedy,True,4,7.381243467330933,18.436493247000037,4
75030_3.tex,regreession model greedy,True,4,7.4545347690582275,20.88712815549991,4
75337_2.tex,regreession model greedy,True,21,46.171623945236206,140.42472509055006,21
75352_1.tex,regreession model greedy,False,11,27.183161973953247,47.63849515391345,12
75415_3.tex,regreession model greedy,True,25,56.3718056678772,198.877520265,25
75459_1.tex,regreession model greedy,True,3,5.834439039230347,5.028894828799992,3
75521_2.tex,regreession model greedy,True,1,1.9964094161987305,0.0,1
75550_2.tex,regreession model greedy,True,3,5.301824569702148,11.219856339999936,3
75581_1.tex,regreession model greedy,True,46,99.87573623657228,412.2174628718002,46
75785_3.tex,regreession model greedy,True,12,25.663024425506592,51.09399806150988,12
75855_2.tex,regreession model greedy,True,8,16.791298151016235,27.500278299999977,8
75954_1.tex,regreession model greedy,True,13,26.804852962493896,69.3932914050004,13
75960_2.tex,regreession model greedy,True,15,28.60600972175598,95.57849603300006,15
75960_3.tex,regreession model greedy,False,10,21.357608795166016,40.78068490874395,11
76061_1.tex,regreession model greedy,True,5,9.35965895652771,18.181615589999986,5
76076_1.tex,regreession model greedy,True,8,15.66245460510254,29.245756891000003,8
76093_1.tex,regreession model greedy,True,45,88.47788429260254,359.60755742899937,45
76109_3.tex,regreession model greedy,True,6,11.393418550491331,15.373866005000009,6
76110_3.tex,regreession model greedy,True,36,80.68150734901428,301.4185730095639,36
76345_2.tex,regreession model greedy,True,9,18.549909114837646,47.566748991063086,9
76431_1.tex,regreession model greedy,False,15,35.07897901535034,90.37309038137124,16
76491_1.tex,regreession model greedy,True,4,7.279158592224121,25.67946353,4
76513_1.tex,regreession model greedy,True,11,21.713947296142575,66.70402486,11
76587_1.tex,regreession model greedy,True,11,21.141770124435425,76.53173904874996,11
76602_3.tex,regreession model greedy,True,16,35.97517251968384,114.82486523000006,16
76627_1.tex,regreession model greedy,False,14,31.2045738697052,92.54503087599996,15
76656_1.tex,regreession model greedy,True,8,15.388375759124756,31.99451581700008,8
76850_1.tex,regreession model greedy,True,22,48.70689940452576,197.8917708473425,22
76884_1.tex,regreession model greedy,True,11,22.88590669631958,61.852932367856354,11
76891_2.tex,regreession model greedy,True,8,16.569042205810547,31.310636710250137,8
76928_3.tex,regreession model greedy,True,6,12.40540599822998,31.735693490000216,6
76956_3.tex,regreession model greedy,True,26,55.63607430458069,241.6584954777508,26
76982_3.tex,regreession model greedy,True,13,28.769476175308228,49.08182399399996,13
76983_1.tex,regreession model greedy,True,9,18.76960682868957,29.23482690240025,9
77020_3.tex,regreession model greedy,True,7,14.454782009124756,30.48852198999993,7
77032_2.tex,regreession model greedy,True,11,25.26654601097107,51.25431926499997,11
77052_2.tex,regreession model greedy,True,12,23.57023310661316,56.23752982174995,12
77054_1.tex,regreession model greedy,True,1,1.493511199951172,5.646976080000002,1
77085_3.tex,regreession model greedy,True,17,34.57995891571045,66.78904555099992,17
23693_1.tex,regreession model greedy,True,4,7.688315153121948,11.251464655125034,4
23722_2.tex,regreession model greedy,True,7,13.096623182296751,39.15726336875012,7
23933_3.tex,regreession model greedy,True,19,44.04921817779541,116.28407784590036,19
23938_1.tex,regreession model greedy,True,13,29.15991473197937,48.62965650494975,13
23958_2.tex,regreession model greedy,True,11,28.733744144439697,57.30524021388867,11
24043_2.tex,regreession model greedy,True,13,26.873682498931885,88.03454788080005,13
24058_3.tex,regreession model greedy,True,10,22.317169427871704,43.46757046975239,10
24064_2.tex,regreession model greedy,True,39,90.49561524391174,356.7121975372333,39
24123_2.tex,regreession model greedy,True,12,24.598110914230347,57.7664089875002,12
24159_3.tex,regreession model greedy,True,20,42.494324922561646,128.92998881275005,20
24184_1.tex,regreession model greedy,True,12,24.325294494628903,40.65128392655009,12
24206_3.tex,regreession model greedy,True,6,11.243353605270386,28.390468731250053,6
24214_1.tex,regreession model greedy,True,10,19.649898767471317,47.27141680000017,10
24275_2.tex,regreession model greedy,False,7,18.135537147521973,20.981594319400077,8
24276_2.tex,regreession model greedy,True,13,25.4008948802948,59.14255370404592,13
24281_2.tex,regreession model greedy,True,27,61.12359046936035,186.84575579350016,27
24704_3.tex,regreession model greedy,True,11,24.168363332748413,55.43108901119943,11
24739_2.tex,regreession model greedy,True,9,17.75918436050415,56.30178375500007,9
24741_3.tex,regreession model greedy,True,12,24.063962697982788,92.1618830437502,12
25127_1.tex,regreession model greedy,True,8,15.958255767822266,29.38320087500007,8
25133_3.tex,regreession model greedy,True,2,3.898085594177246,5.044295429374984,2
25150_1.tex,regreession model greedy,True,20,46.7355751991272,109.58876152973409,20
25150_3.tex,regreession model greedy,True,3,6.507040977478027,8.49150638137948,3
25188_1.tex,regreession model greedy,True,9,15.458653211593628,57.68037891875001,9
25220_3.tex,regreession model greedy,True,14,28.14682698249817,74.00162627980029,14
25224_2.tex,regreession model greedy,True,5,9.276958465576172,13.851198223000022,5
25229_1.tex,regreession model greedy,True,8,16.974334955215454,27.59094328999996,8
25251_1.tex,regreession model greedy,True,22,46.42310929298401,126.47432710660026,22
25270_3.tex,regreession model greedy,True,11,21.303529262542725,54.5835849580002,11
25305_2.tex,regreession model greedy,True,2,3.3288588523864746,2.7951405400000056,2
25373_3.tex,regreession model greedy,True,4,7.371451616287231,12.293592712625042,4
25547_2.tex,regreession model greedy,True,8,17.739810466766357,20.1462167,8
25593_1.tex,regreession model greedy,True,17,35.98131704330444,87.29955297929763,17
25685_3.tex,regreession model greedy,True,25,54.97920250892639,174.35738154860024,25
25686_2.tex,regreession model greedy,True,12,25.70469117164612,42.97321310945024,12
25761_2.tex,regreession model greedy,True,10,19.89685606956482,31.30607987449997,10
26227_1.tex,regreession model greedy,False,17,39.70530962944031,105.2388875069455,18
26303_2.tex,regreession model greedy,True,1,1.60434889793396,5.767104280000012,1
26304_2.tex,regreession model greedy,True,21,39.45146536827088,294.2776316862029,21
26323_2.tex,regreession model greedy,True,29,64.76338744163513,288.059538386733,29
26392_1.tex,regreession model greedy,True,6,12.471374750137327,29.062071596957555,6
26397_3.tex,regreession model greedy,True,11,23.066251516342163,86.49695407039759,11
26670_2.tex,regreession model greedy,True,5,10.991729259490969,22.075107281200253,5
26826_1.tex,regreession model greedy,True,11,23.88859915733337,104.82079399499943,11
26846_3.tex,regreession model greedy,True,11,23.168182373046875,68.69706529200026,11
26863_3.tex,regreession model greedy,True,10,21.91315793991089,42.793882352,10
26911_2.tex,regreession model greedy,True,3,5.713651657104492,11.508691543750018,3
26923_2.tex,regreession model greedy,True,25,53.84128165245056,257.1761178500005,25
26943_1.tex,regreession model greedy,True,5,9.39500093460083,11.045992134999976,5
26972_1.tex,regreession model greedy,True,18,37.09608769416809,82.47460122399995,18
27247_1.tex,regreession model greedy,True,26,57.799718379974365,348.7060771099999,26
27271_3.tex,regreession model greedy,True,13,27.1589994430542,54.09492816871391,13
27277_2.tex,regreession model greedy,True,4,7.412618637084961,11.02110077000009,4
27280_3.tex,regreession model greedy,True,15,30.323643684387207,72.32894339353663,15
27351_1.tex,regreession model greedy,True,13,24.43968677520752,78.6695526500008,13
27369_2.tex,regreession model greedy,True,9,18.56104421615601,32.21252429101749,9
27427_1.tex,regreession model greedy,True,6,11.362935543060305,15.31354629035,6
27435_2.tex,regreession model greedy,True,5,9.644397974014282,15.4840784,5
27473_2.tex,regreession model greedy,True,23,44.04230356216431,208.2855515432481,23
27482_3.tex,regreession model greedy,True,13,24.38494443893433,85.61345406800004,13
27498_1.tex,regreession model greedy,True,13,24.20669841766357,81.23236058571996,13
27517_2.tex,regreession model greedy,True,36,74.55875444412231,350.8438322540002,36
27837_2.tex,regreession model greedy,True,7,14.7988121509552,31.45548937769948,7
27863_1.tex,regreession model greedy,True,22,46.16777205467224,137.82872341606463,22
27941_2.tex,regreession model greedy,False,13,27.782159566879272,60.51623661659609,14
27971_1.tex,regreession model greedy,True,44,95.77452039718628,505.3474179015,44
28025_1.tex,regreession model greedy,True,4,7.348017930984497,21.815474660000035,4
28028_2.tex,regreession model greedy,True,6,10.99028706550598,30.09376757875006,6
28032_1.tex,regreession model greedy,True,15,27.83489418029785,110.38630138175,15
28076_1.tex,regreession model greedy,True,40,85.67627310752869,286.1160560682912,40
28079_3.tex,regreession model greedy,True,5,9.499709606170654,25.756717894999973,5
28362_3.tex,regreession model greedy,True,6,12.398204803466797,23.20607296792002,6
28379_1.tex,regreession model greedy,True,20,44.02816009521485,152.499749033753,20
28380_1.tex,regreession model greedy,True,10,18.08139657974243,52.1225990106541,10
28451_1.tex,regreession model greedy,True,24,51.051984548568726,248.15618599068583,24
28472_1.tex,regreession model greedy,True,8,15.18406057357788,36.82376323017747,8
28532_2.tex,regreession model greedy,True,9,19.99380826950073,66.91369415000005,9
28534_3.tex,regreession model greedy,True,9,16.804497480392456,59.54741832000008,9
28546_3.tex,regreession model greedy,True,10,20.995691776275635,47.81316395000044,10
28795_3.tex,regreession model greedy,True,16,38.01109480857849,106.53997097400028,16
28964_2.tex,regreession model greedy,True,11,23.42528009414673,84.24625410000002,11
28971_3.tex,regreession model greedy,True,6,12.041653156280518,25.88103062499998,6
29153_2.tex,regreession model greedy,True,15,31.573298692703247,70.6789756862376,15
29443_2.tex,regreession model greedy,True,28,64.47992038726807,330.98914138775024,28
29538_2.tex,regreession model greedy,True,6,12.676510334014893,28.347893872500123,6
29547_1.tex,regreession model greedy,True,14,29.50869369506836,90.02968044300046,14
29549_3.tex,regreession model greedy,True,9,18.06032538414001,51.12048679200015,9
29564_2.tex,regreession model greedy,True,8,15.944296598434448,36.50919569344703,8
29570_1.tex,regreession model greedy,True,3,5.557660818099976,16.108357238750273,3
29577_3.tex,regreession model greedy,True,10,19.99510622024536,58.17146534340024,10
29616_3.tex,regreession model greedy,True,8,15.056689023971558,64.29802407375021,8
29629_3.tex,regreession model greedy,True,8,15.978081464767456,42.35490970525004,8
29662_2.tex,regreession model greedy,True,9,18.72794342041016,46.50055847283746,9
29667_2.tex,regreession model greedy,True,4,8.669252395629883,24.979001273749983,4
29668_2.tex,regreession model greedy,True,9,17.923479557037354,47.59647618859985,9
29695_2.tex,regreession model greedy,True,17,41.14154529571533,98.48266973557008,17
29699_2.tex,regreession model greedy,True,2,3.9680871963500977,11.237951160000025,2
77393_1.tex,regreession model greedy,True,6,11.991244077682495,17.051687860000015,6
77468_3.tex,regreession model greedy,True,7,13.745481967926024,28.022099885,7
77495_3.tex,regreession model greedy,True,5,10.528149843215942,12.82705574900002,5
77538_1.tex,regreession model greedy,True,22,50.85609698295593,98.99615633409704,22
77652_2.tex,regreession model greedy,False,11,20.6579008102417,52.691479639999926,12
77675_2.tex,regreession model greedy,True,13,26.710104942321777,74.53427085000011,13
77728_3.tex,regreession model greedy,True,2,3.812410593032837,5.02151445825001,2
77741_2.tex,regreession model greedy,True,10,20.125433921813965,29.636742114725028,10
77961_2.tex,regreession model greedy,True,3,6.237461090087891,11.90463344000004,3
78037_1.tex,regreession model greedy,True,5,9.068500995635986,25.82148853399996,5
78115_1.tex,regreession model greedy,True,4,7.909224510192871,19.12246921500004,4
78139_3.tex,regreession model greedy,True,4,8.24119758605957,22.60452785000004,4
78163_1.tex,regreession model greedy,True,32,67.95046353340149,342.0648630385999,32
78165_2.tex,regreession model greedy,True,17,33.46886086463928,124.21489250174984,17
78259_3.tex,regreession model greedy,True,6,11.580491542816162,32.0462449705,6
78271_3.tex,regreession model greedy,True,46,101.61719107627869,621.5944083670005,46
78476_3.tex,regreession model greedy,True,17,38.47079110145569,102.2184706286612,17
78535_3.tex,regreession model greedy,True,3,5.756757020950317,5.44211221499998,3
78549_1.tex,regreession model greedy,True,7,14.62815761566162,40.73655880000096,7
78562_1.tex,regreession model greedy,True,13,28.63599848747253,64.77103317841396,13
78570_2.tex,regreession model greedy,True,18,38.618807315826416,92.76352120576853,18
78581_2.tex,regreession model greedy,True,8,15.747833967208862,48.46244614250993,8
78610_3.tex,regreession model greedy,True,4,8.545151710510254,10.8952093192,4
78620_1.tex,regreession model greedy,True,22,48.41132068634033,136.49618244455036,22
78637_2.tex,regreession model greedy,True,2,3.51835560798645,10.01,2
78671_1.tex,regreession model greedy,True,5,10.359408855438232,15.843763680000023,5
78683_2.tex,regreession model greedy,True,13,23.955501794815063,67.49204875000063,13
78692_3.tex,regreession model greedy,True,5,9.571799755096436,20.476379862614053,5
78709_1.tex,regreession model greedy,True,9,18.31971025466919,40.53533822840005,9
78722_3.tex,regreession model greedy,True,12,23.5960066318512,64.91463677042019,12
78742_1.tex,regreession model greedy,True,6,10.94344973564148,27.42296760000028,6
78789_3.tex,regreession model greedy,False,9,18.920206785202023,45.363972083200125,10
78804_1.tex,regreession model greedy,True,20,37.12021327018738,196.9873555492499,20
78816_2.tex,regreession model greedy,True,1,1.4985458850860596,0.0,1
78979_1.tex,regreession model greedy,True,1,1.6026215553283691,0.0,1
79002_1.tex,regreession model greedy,True,3,5.763622283935547,7.356393472000008,3
79015_1.tex,regreession model greedy,True,3,5.512983322143555,2.837266093750032,3
79015_2.tex,regreession model greedy,True,4,7.565672159194946,11.054603649999931,4
79117_3.tex,regreession model greedy,True,10,19.391927480697632,58.82639992600001,10
79155_2.tex,regreession model greedy,True,21,44.984193325042725,137.9436445260003,21
79175_3.tex,regreession model greedy,True,5,10.094783067703249,17.856067999999937,5
79189_3.tex,regreession model greedy,True,4,7.223358869552612,10.807719600000013,4
79228_3.tex,regreession model greedy,True,3,5.275676727294922,6.183958020000048,3
79231_1.tex,regreession model greedy,True,6,11.956974506378174,24.691119300000157,6
79287_2.tex,regreession model greedy,True,15,29.15259075164795,102.72695850000008,15
79294_2.tex,regreession model greedy,True,14,28.125528573989868,100.3834738812508,14
79318_3.tex,regreession model greedy,True,2,3.325960159301758,0.0,2
79357_1.tex,regreession model greedy,True,7,12.863270044326782,21.95556139430002,7
79451_2.tex,regreession model greedy,True,7,15.539610147476196,53.38616085460012,7
79651_2.tex,regreession model greedy,True,8,19.154449701309204,42.46162773904504,8
79750_3.tex,regreession model greedy,True,4,8.426936388015747,20.70625896599998,4
79769_2.tex,regreession model greedy,True,14,27.586281299591064,77.32693541100043,14
79777_1.tex,regreession model greedy,True,25,50.609004735946655,296.14552633599965,25
79805_3.tex,regreession model greedy,True,28,57.80268740653992,165.261839241,28
79871_3.tex,regreession model greedy,True,26,53.38269257545471,190.47836802125053,26
79875_3.tex,regreession model greedy,True,1,1.468318223953247,8.418595960000005,1
79906_3.tex,regreession model greedy,True,28,57.70119071006775,234.97322307067407,28
80021_2.tex,regreession model greedy,True,6,13.435715675354004,22.91459527272849,6
80209_1.tex,regreession model greedy,False,10,20.98320817947388,41.98088241481243,11
80234_2.tex,regreession model greedy,True,5,9.714711904525757,26.76921431449994,5
80254_3.tex,regreession model greedy,True,7,14.93138599395752,54.29632796000007,7
80335_3.tex,regreession model greedy,True,36,78.86341857910156,264.4239713947843,36
80345_3.tex,regreession model greedy,False,28,64.17876172065735,187.9219045568,29
80356_3.tex,regreession model greedy,True,6,11.912998676300049,52.126885225,6
80386_2.tex,regreession model greedy,False,19,42.66787600517273,136.18519980000025,20
80432_1.tex,regreession model greedy,True,5,9.840927600860596,17.020996040550017,5
80433_1.tex,regreession model greedy,True,32,64.8970160484314,262.77128710274985,32
80558_3.tex,regreession model greedy,True,5,12.16887068748474,14.865407304795028,5
80562_2.tex,regreession model greedy,True,13,31.550519227981567,49.97332707498831,13
80653_2.tex,regreession model greedy,True,5,10.454518556594849,20.51321869000003,5
80665_2.tex,regreession model greedy,True,2,3.6557345390319824,4.83378454999999,2
80759_3.tex,regreession model greedy,True,2,3.770208120346069,5.517490149999986,2
80767_2.tex,regreession model greedy,True,3,6.0553507804870605,6.363082543150014,3
80780_1.tex,regreession model greedy,False,9,20.951411724090576,34.20029301081425,10
80844_3.tex,regreession model greedy,True,16,32.70529222488403,91.15252650200064,16
80881_3.tex,regreession model greedy,True,28,58.64424633979797,177.99279463394998,28
80933_2.tex,regreession model greedy,True,13,26.95885801315308,54.09556667340006,13
80960_3.tex,regreession model greedy,True,9,16.911698818206787,51.10392037600002,9
80993_1.tex,regreession model greedy,True,36,75.3655652999878,304.8933437936002,36
81336_2.tex,regreession model greedy,True,8,15.3827486038208,84.30405716875,8
81356_2.tex,regreession model greedy,True,14,29.136472940444943,113.10441867500096,14
81383_2.tex,regreession model greedy,True,14,30.612390279769897,65.41626234627502,14
81403_1.tex,regreession model greedy,True,8,15.801027536392212,40.98194598849621,8
81453_1.tex,regreession model greedy,True,24,51.88084411621094,255.9392795299999,24
81509_1.tex,regreession model greedy,True,6,13.023818731307983,29.034556022999983,6
81531_2.tex,regreession model greedy,True,8,16.24235248565674,43.943053645000006,8
81634_3.tex,regreession model greedy,True,16,39.632676124572754,105.97878889800111,16
81635_2.tex,regreession model greedy,True,14,34.19189143180847,67.91653678592522,14
81745_2.tex,regreession model greedy,True,5,10.104824542999268,20.36790379360004,5
81753_3.tex,regreession model greedy,True,6,12.731085300445557,17.116452230000135,6
81768_2.tex,regreession model greedy,True,7,12.98835277557373,40.45426506000098,7
81816_1.tex,regreession model greedy,True,6,11.926676511764526,29.723358917719985,6
81817_2.tex,regreession model greedy,False,17,37.31051468849182,84.2567770470005,18
81837_3.tex,regreession model greedy,True,19,41.23749423027039,114.90893359759032,19
81884_1.tex,regreession model greedy,True,9,18.414909601211548,49.63183376500013,9
81887_2.tex,regreession model greedy,True,11,22.784743070602417,56.75565350000034,11
81892_1.tex,regreession model greedy,True,5,9.643245220184326,19.19228414500003,5
81913_2.tex,regreession model greedy,False,23,51.533119440078735,182.69031261824608,24
81923_1.tex,regreession model greedy,True,34,78.52210426330566,256.7236484485146,34
29971_2.tex,regreession model greedy,True,16,35.76029968261719,121.2944976958417,16
29975_3.tex,regreession model greedy,True,5,10.969516277313232,24.105582275000216,5
29979_2.tex,regreession model greedy,True,1,1.7078204154968262,5.748882920000085,1
30003_1.tex,regreession model greedy,True,5,10.933200597763062,14.885668522899977,5
30055_2.tex,regreession model greedy,True,14,30.744447231292725,98.8389527550002,15
30069_3.tex,regreession model greedy,True,15,34.085275650024414,93.64984383852516,15
30077_2.tex,regreession model greedy,False,12,27.38932728767395,64.98150886300002,13
30094_1.tex,regreession model greedy,True,11,21.86327528953552,60.13301127600014,11
30151_1.tex,regreession model greedy,True,14,28.101264476776123,77.06697620500049,14
30153_3.tex,regreession model greedy,False,8,18.17822027206421,45.51580775000016,9
30311_2.tex,regreession model greedy,True,8,18.153741598129272,29.247452080000443,8
30407_2.tex,regreession model greedy,True,18,41.82928800582886,86.20120700744975,18
30419_1.tex,regreession model greedy,True,11,26.061257123947144,49.28965946624998,11
30520_2.tex,regreession model greedy,True,18,46.36144161224365,111.84358452041889,18
30584_3.tex,regreession model greedy,True,17,49.011175870895386,81.90284260000035,17
30715_3.tex,regreession model greedy,True,15,40.04938340187073,88.90183758,15
30751_2.tex,regreession model greedy,True,14,34.79027605056763,79.43871550000003,14
30767_1.tex,regreession model greedy,True,23,63.7532434463501,119.37804397924998,23
31055_2.tex,regreession model greedy,True,11,26.904708862304688,63.605048942499934,11
31089_2.tex,regreession model greedy,True,7,17.91257381439209,31.185545420499945,7
31090_2.tex,regreession model greedy,True,21,57.12807869911194,191.7229500805756,21
31135_2.tex,regreession model greedy,True,3,6.318680047988892,19.67255724875001,3
31136_1.tex,regreession model greedy,True,3,6.378199338912964,17.531633055000157,3
31168_2.tex,regreession model greedy,True,20,47.82448744773865,111.55027024199998,20
31295_3.tex,regreession model greedy,True,14,33.37546467781067,73.59138007754206,14
31310_2.tex,regreession model greedy,True,2,6.909252405166626,5.021515919400031,2
31589_3.tex,regreession model greedy,True,13,43.8808434009552,92.21762586337104,13
31632_1.tex,regreession model greedy,True,1,1.767925500869751,2.581202155850008,1
31673_2.tex,regreession model greedy,True,2,3.654726505279541,7.671994914999956,2
31677_3.tex,regreession model greedy,True,9,27.10767674446106,52.33494475000008,9
31693_3.tex,regreession model greedy,True,3,9.17055058479309,18.63121075500004,3
31704_2.tex,regreession model greedy,True,7,18.53669905662537,35.916233818750044,7
31740_3.tex,regreession model greedy,True,9,21.06869101524353,43.59857768880008,9
31753_2.tex,regreession model greedy,True,2,3.341259479522705,5.070490150000012,2
31824_3.tex,regreession model greedy,True,7,15.339662790298462,33.723358413250104,7
32015_1.tex,regreession model greedy,True,10,25.37109589576721,44.03628040494945,10
32059_2.tex,regreession model greedy,True,7,17.0763156414032,18.87778325296378,7
32136_3.tex,regreession model greedy,True,5,11.190692901611328,13.526482058750148,5
32170_1.tex,regreession model greedy,True,3,7.630174398422241,6.004633111500041,3
32216_3.tex,regreession model greedy,True,3,5.744540929794312,6.512868415,3
32219_3.tex,regreession model greedy,True,12,28.5152747631073,63.43628527500014,12
32239_3.tex,regreession model greedy,True,12,25.956750869750977,60.53994930800008,12
32374_1.tex,regreession model greedy,True,45,108.52268981933594,360.7260284255884,45
32775_1.tex,regreession model greedy,True,9,21.102708101272583,48.72666703323548,9
32786_1.tex,regreession model greedy,True,7,15.757782936096191,45.87114229157896,7
32869_1.tex,regreession model greedy,False,12,26.199100971221924,74.58496703696022,13
32889_3.tex,regreession model greedy,True,12,28.4678373336792,78.15712490674989,12
32891_3.tex,regreession model greedy,True,1,2.025195837020874,5.939309165412396,1
32892_1.tex,regreession model greedy,True,6,12.357361793518066,33.34256682935002,6
32921_3.tex,regreession model greedy,True,14,34.046515703201294,71.25354168341401,14
32931_1.tex,regreession model greedy,True,15,33.342949867248535,84.078713771,15
32936_1.tex,regreession model greedy,True,7,17.08932065963745,32.8579778988001,7
33154_1.tex,regreession model greedy,True,11,24.50568437576294,57.05018927180018,11
33240_1.tex,regreession model greedy,True,4,7.481470346450806,11.708817449150049,4
33317_2.tex,regreession model greedy,True,9,18.80978894233704,31.245876969449967,9
33375_3.tex,regreession model greedy,True,3,5.961238861083984,11.92852720000002,3
33396_1.tex,regreession model greedy,True,29,63.25252151489258,416.84989862500015,29
33419_1.tex,regreession model greedy,True,9,22.46446633338928,34.50905929280009,9
33577_2.tex,regreession model greedy,True,9,22.387532949447632,42.72792536312495,9
33760_2.tex,regreession model greedy,True,10,26.80801057815552,35.081832098000035,10
33841_3.tex,regreession model greedy,True,4,8.671714305877686,10.268142381225047,4
33849_3.tex,regreession model greedy,True,7,16.73229670524597,22.615340925,7
33857_2.tex,regreession model greedy,True,11,25.751853704452515,45.18113225800019,11
33879_1.tex,regreession model greedy,True,24,52.76166105270386,162.49157187280997,24
33907_1.tex,regreession model greedy,True,5,9.905514478683472,18.126967159999975,5
33918_3.tex,regreession model greedy,True,9,18.2969434261322,72.40228239999999,9
33944_1.tex,regreession model greedy,True,16,31.95217704772949,92.91978745,16
34225_2.tex,regreession model greedy,True,1,1.4932398796081543,5.108359015549951,1
34405_1.tex,regreession model greedy,True,5,10.04632043838501,24.67504349000004,5
34511_1.tex,regreession model greedy,True,13,27.42896819114685,85.12479596300096,13
34520_1.tex,regreession model greedy,True,5,9.187188148498535,29.769783550000085,5
34541_1.tex,regreession model greedy,True,3,5.984917402267456,18.290674800000005,3
34736_2.tex,regreession model greedy,True,5,10.272761344909668,23.709853749999997,5
34833_1.tex,regreession model greedy,True,1,1.5141680240631104,0.0,1
34861_2.tex,regreession model greedy,True,15,32.21795058250427,127.23945288046794,15
34895_3.tex,regreession model greedy,True,7,15.489239931106567,57.04793639999998,7
34939_3.tex,regreession model greedy,True,5,10.336330890655518,23.411976500000065,5
34942_1.tex,regreession model greedy,True,9,20.620381593704224,46.227127042999896,9
35021_2.tex,regreession model greedy,True,22,50.08193564414978,230.02530098000005,47
35065_1.tex,regreession model greedy,False,15,31.9542293548584,81.0490604936,16
35378_3.tex,regreession model greedy,True,24,51.58101487159729,275.2609802282503,24
35439_1.tex,regreession model greedy,True,15,30.900784254074097,138.5558112,15
35456_3.tex,regreession model greedy,True,5,9.32178521156311,18.15640103000007,5
35458_3.tex,regreession model greedy,True,6,11.963990926742554,22.242796650000003,6
35471_2.tex,regreession model greedy,True,28,60.5694215297699,223.7255143993374,28
35484_1.tex,regreession model greedy,True,19,40.11129379272461,130.624186618,19
35591_1.tex,regreession model greedy,True,5,10.08100724220276,15.262995590000008,5
35815_1.tex,regreession model greedy,True,9,22.272258520126343,47.97960228000039,9
35926_1.tex,regreession model greedy,True,15,35.05330729484558,133.35771533900996,15
35960_2.tex,regreession model greedy,True,10,22.62928438186645,57.846845148800064,10
36039_3.tex,regreession model greedy,True,3,6.010390520095825,8.502925901900028,3
36051_3.tex,regreession model greedy,True,3,5.136328220367432,15.090669649600006,3
36092_1.tex,regreession model greedy,True,6,10.348268032073976,55.29687098375005,6
36094_2.tex,regreession model greedy,True,4,7.2786500453948975,28.759639903749964,4
36132_3.tex,regreession model greedy,True,17,35.44386577606201,136.10923315135005,17
36136_2.tex,regreession model greedy,True,23,45.69818019866944,248.27960213539544,54
36137_3.tex,regreession model greedy,True,31,62.37665605545044,221.77275911625023,31
81946_1.tex,regreession model greedy,True,2,3.619835615158081,5.028895480800003,2
81955_3.tex,regreession model greedy,True,24,50.080631732940674,139.28730292386962,24
82002_1.tex,regreession model greedy,True,21,43.86025381088257,133.86132741500012,21
82030_1.tex,regreession model greedy,True,14,31.26284623146057,75.5165374574203,14
82052_3.tex,regreession model greedy,True,15,34.29365825653076,68.65389349571521,15
82072_1.tex,regreession model greedy,True,5,10.632678985595703,15.49201614002503,5
82072_3.tex,regreession model greedy,True,28,57.396793603897095,177.05623607947547,28
82211_2.tex,regreession model greedy,True,4,7.818254232406616,12.544995075000012,4
82275_2.tex,regreession model greedy,True,6,13.170993328094482,19.045930365000217,6
82290_1.tex,regreession model greedy,True,13,27.82605671882629,57.960251255252295,13
82316_2.tex,regreession model greedy,True,3,5.632723569869995,12.96879054000001,3
82351_2.tex,regreession model greedy,False,9,20.57956099510193,39.34569058900063,10
82374_3.tex,regreession model greedy,True,28,65.24620485305786,165.00429669416286,28
82382_2.tex,regreession model greedy,True,8,16.427971363067627,21.482687219999967,8
82398_3.tex,regreession model greedy,True,20,44.39389181137085,86.93866120570718,20
82413_2.tex,regreession model greedy,True,12,23.01071691513061,91.11257045000004,12
82425_1.tex,regreession model greedy,True,9,17.613991737365723,45.39088827500009,9
82495_3.tex,regreession model greedy,True,7,14.299132108688354,32.7630303,7
82514_3.tex,regreession model greedy,False,9,19.93803119659424,44.68204402500001,10
82536_1.tex,regreession model greedy,True,11,20.567212343215942,45.545950100000624,11
82605_2.tex,regreession model greedy,False,40,87.27450728416443,322.6649452199996,41
82722_3.tex,regreession model greedy,True,15,32.166332960128784,95.63043994381304,15
82865_2.tex,regreession model greedy,True,7,13.11068844795227,40.39770980500046,7
82879_3.tex,regreession model greedy,True,3,5.944546461105347,17.016995762200025,3
83012_2.tex,regreession model greedy,True,5,9.120739459991457,25.9422139840502,5
83079_3.tex,regreession model greedy,True,2,3.417694091796875,13.1251169800002,2
83095_2.tex,regreession model greedy,True,17,35.83608436584473,94.66389786499995,17
83121_2.tex,regreession model greedy,True,50,105.7902855873108,416.0163392120001,53
83227_3.tex,regreession model greedy,True,5,10.687256336212158,18.16537659000008,5
83326_2.tex,regreession model greedy,True,20,45.79694271087647,142.74435307600112,29
83403_1.tex,regreession model greedy,True,6,12.528461694717407,27.75450799000024,6
83434_1.tex,regreession model greedy,True,6,12.451898097991943,27.71339446499998,6
83446_3.tex,regreession model greedy,True,17,38.06317138671875,109.44841634700008,17
83454_2.tex,regreession model greedy,True,3,5.863858461380005,9.475833012000004,3
83469_1.tex,regreession model greedy,True,15,32.906168937683105,69.70237073499989,15
83479_3.tex,regreession model greedy,True,2,3.09730076789856,6.218596620000023,2
83496_2.tex,regreession model greedy,True,18,34.36308741569519,184.43839404000047,18
83497_3.tex,regreession model greedy,True,13,25.069021940231323,81.9457428150009,13
83536_2.tex,regreession model greedy,True,13,25.65523767471313,61.276104660392704,13
83605_1.tex,regreession model greedy,True,3,4.98639178276062,6.251093490000017,3
83623_2.tex,regreession model greedy,True,2,3.398496389389038,8.008679625,2
83665_2.tex,regreession model greedy,True,13,24.669387578964237,50.49643894277099,13
83694_2.tex,regreession model greedy,True,14,26.810958862304688,64.07901718155024,14
83698_3.tex,regreession model greedy,True,33,66.85637474060059,197.26592226975023,33
83753_3.tex,regreession model greedy,True,3,5.891155958175659,9.734358120399987,3
83837_1.tex,regreession model greedy,True,2,3.567707061767578,4.5462845499999816,2
83861_2.tex,regreession model greedy,True,6,13.01259183883667,15.700575682500109,6
83895_2.tex,regreession model greedy,True,5,10.765746355056764,11.20142045687497,5
83957_2.tex,regreession model greedy,True,14,31.009220123291016,73.98294815176197,14
83963_2.tex,regreession model greedy,True,5,9.602111339569092,9.080804473400008,5
84119_3.tex,regreession model greedy,True,13,26.855796575546265,59.82043142899992,13
84135_1.tex,regreession model greedy,False,11,24.63090682029724,47.22101601499996,12
84152_1.tex,regreession model greedy,True,8,15.05185341835022,29.71758065500022,8
84203_3.tex,regreession model greedy,True,38,80.47295999526978,373.55934685,38
84233_1.tex,regreession model greedy,True,3,5.359154939651489,8.925184568749955,3
84237_2.tex,regreession model greedy,True,1,1.5370752811431885,2.50428448560001,1
84451_3.tex,regreession model greedy,True,32,70.82508826255798,289.9040396705321,32
84547_3.tex,regreession model greedy,True,1,1.423567533493042,3.6052356799999927,1
84550_1.tex,regreession model greedy,True,5,11.299808502197266,25.24186658544401,5
84575_2.tex,regreession model greedy,True,16,33.00343585014343,143.94382795999996,16
84588_1.tex,regreession model greedy,True,1,1.5726609230041504,10.01,1
84589_2.tex,regreession model greedy,True,5,8.854792356491089,29.05095258000007,5
84592_2.tex,regreession model greedy,True,7,13.48905324935913,51.00127434000025,7
84597_1.tex,regreession model greedy,True,22,45.87775683403015,155.14431726000072,22
84600_1.tex,regreession model greedy,True,6,10.088720798492432,35.56758009500001,6
84605_3.tex,regreession model greedy,True,9,18.474811792373657,54.085746593000096,9
84632_2.tex,regreession model greedy,True,18,39.17499494552612,94.58289553941432,18
84639_2.tex,regreession model greedy,True,6,11.11305809020996,26.15679718359996,6
84655_1.tex,regreession model greedy,True,28,62.041539430618286,204.21575427669995,28
84691_2.tex,regreession model greedy,True,8,16.3719699382782,41.80524750250015,8
84705_1.tex,regreession model greedy,True,3,5.525018215179443,17.284290480000138,3
84714_3.tex,regreession model greedy,False,12,26.443561792373657,70.81696703799989,13
84746_3.tex,regreession model greedy,False,6,14.044312000274658,23.2934358736,7
84748_3.tex,regreession model greedy,True,34,71.99951887130737,315.54540482569604,34
84753_3.tex,regreession model greedy,True,21,48.94860792160034,142.10797018596384,21
84764_3.tex,regreession model greedy,True,3,5.454504728317261,21.23212327807005,3
84871_2.tex,regreession model greedy,True,6,13.794581413269045,27.10102654440002,6
84875_3.tex,regreession model greedy,True,6,14.48086714744568,20.81273085788393,6
85022_1.tex,regreession model greedy,True,3,5.9116833209991455,10.516411280000028,3
85068_2.tex,regreession model greedy,True,23,45.68304085731506,282.16957220614586,23
85072_3.tex,regreession model greedy,False,6,14.639154434204102,21.653234791127545,7
85079_1.tex,regreession model greedy,True,12,25.830795288085938,55.938522953000046,12
85103_2.tex,regreession model greedy,True,14,30.498616933822632,82.12212271700018,14
85140_2.tex,regreession model greedy,True,16,31.53122067451477,136.84885605818994,16
85161_1.tex,regreession model greedy,True,15,33.76815581321716,77.00218501300019,15
85207_3.tex,regreession model greedy,True,49,116.30475664138794,584.8591514151747,49
85242_1.tex,regreession model greedy,True,11,21.504233598709103,66.11572885000051,11
85298_3.tex,regreession model greedy,True,35,74.98196935653687,311.92020944700016,35
85387_3.tex,regreession model greedy,True,4,9.14004397392273,7.494060612499965,4
85451_2.tex,regreession model greedy,True,6,12.46614384651184,55.8372,6
85486_3.tex,regreession model greedy,True,6,13.846362590789797,18.592570384000076,6
85525_1.tex,regreession model greedy,True,22,48.52329397201538,130.34246284089645,22
85612_3.tex,regreession model greedy,True,7,14.532978534698486,22.293683450759037,7
85641_3.tex,regreession model greedy,True,11,22.1049120426178,33.52550983222502,11
85656_2.tex,regreession model greedy,True,5,9.004969596862793,26.56302244375076,5
85669_2.tex,regreession model greedy,False,3,7.943489074707031,6.542544249999992,4
85716_3.tex,regreession model greedy,True,14,27.839038133621216,73.84470677599994,14
85748_3.tex,regreession model greedy,True,34,72.04528594017029,245.8225722268481,34
85767_2.tex,regreession model greedy,False,16,35.86411809921265,127.24182668125056,17
36165_2.tex,regreession model greedy,True,28,58.24720287322998,189.55910557650012,28
36359_3.tex,regreession model greedy,True,7,15.47476077079773,30.367359532499943,7
36385_1.tex,regreession model greedy,True,9,18.25155282020569,32.342112552500055,9
36455_1.tex,regreession model greedy,True,5,10.882313013076782,20.099923725,5
36485_3.tex,regreession model greedy,True,29,63.27460956573486,200.0014880500037,29
36522_2.tex,regreession model greedy,True,4,7.318161487579346,15.976853509999998,4
36581_1.tex,regreession model greedy,True,9,18.247666358947757,32.94291427300004,9
36672_1.tex,regreession model greedy,True,29,54.2345654964447,244.26187571474435,29
36680_3.tex,regreession model greedy,True,4,6.821138620376587,17.682808249999994,4
36701_1.tex,regreession model greedy,True,8,14.904337644577026,42.11795332174998,8
36879_3.tex,regreession model greedy,True,9,17.631895542144775,35.55990835999993,9
36925_2.tex,regreession model greedy,True,19,37.60798621177673,92.04489874714427,19
37061_3.tex,regreession model greedy,True,7,13.533503532409668,25.82408689000012,7
37067_3.tex,regreession model greedy,True,6,10.749821662902832,15.29420194999996,6
37091_3.tex,regreession model greedy,True,5,10.434915781021118,16.29353107499992,5
37148_2.tex,regreession model greedy,True,12,22.847609758377075,41.08475156654997,12
37155_3.tex,regreession model greedy,True,9,17.563262462615967,36.45057375000008,9
37164_2.tex,regreession model greedy,True,4,6.944305181503296,8.569752675000018,4
37219_3.tex,regreession model greedy,True,36,71.84568476676941,384.333944763,36
37439_3.tex,regreession model greedy,True,7,15.376180171966553,52.533940985996885,7
37547_3.tex,regreession model greedy,True,2,3.353986978530884,10.64754714,2
37580_1.tex,regreession model greedy,True,7,13.998322010040283,40.263499664795006,7
37640_1.tex,regreession model greedy,True,9,19.03283190727234,49.77660964325008,9
37662_2.tex,regreession model greedy,False,14,30.10987162590027,67.88810933339046,15
37721_1.tex,regreession model greedy,True,16,30.39453339576721,88.28732816499992,16
37742_3.tex,regreession model greedy,True,13,24.45461845397949,72.76907465370022,13
37748_3.tex,regreession model greedy,True,9,17.48768639564514,50.32804351799996,9
37755_2.tex,regreession model greedy,True,14,26.815974235534668,76.0589258170003,14
37796_2.tex,regreession model greedy,True,42,86.47755908966064,373.9571386909005,42
38103_1.tex,regreession model greedy,False,15,32.96852111816406,73.21544015268019,16
38111_1.tex,regreession model greedy,True,3,5.505832195281982,5.006303940799967,3
38139_1.tex,regreession model greedy,True,14,26.901519060134888,93.19876578000014,14
38184_2.tex,regreession model greedy,False,18,36.457072496414185,125.82460770158328,19
38194_3.tex,regreession model greedy,True,4,6.834265947341919,15.734065434414203,4
38205_1.tex,regreession model greedy,True,3,5.171523809432983,9.20151182800002,3
38207_1.tex,regreession model greedy,True,21,43.56289315223694,124.46969649950012,21
38222_2.tex,regreession model greedy,True,38,78.1865668296814,440.4199917166067,38
38249_3.tex,regreession model greedy,False,7,15.159976959228516,25.77838910500006,8
38263_3.tex,regreession model greedy,True,10,19.07335114479065,52.63210566249994,10
38281_3.tex,regreession model greedy,True,3,4.953380107879639,9.762102394400046,3
38319_1.tex,regreession model greedy,False,36,81.09900379180908,241.33910025799983,37
38712_2.tex,regreession model greedy,True,8,14.99261713027954,30.63367411200036,8
38719_3.tex,regreession model greedy,True,10,20.850785970687863,34.32355110199994,10
38733_3.tex,regreession model greedy,True,2,3.843355178833008,8.355633765000022,2
38771_3.tex,regreession model greedy,False,26,57.090798139572144,143.03608719117534,27
38814_2.tex,regreession model greedy,True,11,19.711791276931763,46.45913505999994,11
38819_3.tex,regreession model greedy,False,23,51.63839840888977,126.97668284912072,24
38839_2.tex,regreession model greedy,True,16,30.18707919120789,72.01889588980004,16
39141_3.tex,regreession model greedy,True,2,3.606229782104492,14.454504793050068,2
39225_1.tex,regreession model greedy,True,10,21.108423709869385,76.881613865,10
39246_1.tex,regreession model greedy,True,9,18.698335886001587,85.63223077399988,9
39334_1.tex,regreession model greedy,True,3,6.0768208503723145,21.317691543749994,3
39340_1.tex,regreession model greedy,True,4,8.696244955062866,25.085756979999964,4
39354_1.tex,regreession model greedy,True,10,20.78282642364502,86.99478565640257,10
39395_2.tex,regreession model greedy,True,26,61.35901951789856,192.23733394864007,26
39736_1.tex,regreession model greedy,True,49,115.81903147697447,888.6550383495397,49
39824_3.tex,regreession model greedy,True,6,11.798754692077637,16.223619308562498,6
39835_2.tex,regreession model greedy,True,5,9.70972180366516,21.98655200319999,5
39858_3.tex,regreession model greedy,True,12,23.309190034866333,99.92032022499984,12
39879_3.tex,regreession model greedy,True,2,3.37373423576355,8.417600000000007,2
39929_2.tex,regreession model greedy,True,8,16.270665645599365,34.14573577548904,8
39956_1.tex,regreession model greedy,True,17,34.08140683174133,93.48941196891091,17
40066_3.tex,regreession model greedy,True,19,45.29079270362854,119.9872648164568,19
40155_3.tex,regreession model greedy,True,15,32.713024854660034,128.09258709485368,15
40236_2.tex,regreession model greedy,True,7,13.030860662460327,22.467094898000266,7
40299_3.tex,regreession model greedy,True,5,9.70393705368042,12.191853075000012,5
40325_2.tex,regreession model greedy,True,11,20.895144939422607,48.32562240499996,11
40356_1.tex,regreession model greedy,True,17,31.33412504196167,147.98347539475,17
40487_2.tex,regreession model greedy,True,27,54.97902178764343,191.00142940180075,27
40813_3.tex,regreession model greedy,True,3,5.254798173904419,16.943502028750103,3
40867_3.tex,regreession model greedy,True,16,32.72539734840393,130.60286320594173,16
40881_2.tex,regreession model greedy,True,11,21.18033003807068,57.19288426799986,11
40911_3.tex,regreession model greedy,True,45,91.53225994110107,490.7375454689992,45
40920_2.tex,regreession model greedy,True,12,23.6283700466156,70.09248301375005,12
40924_1.tex,regreession model greedy,True,7,13.201344728469849,37.12713487449991,7
41029_1.tex,regreession model greedy,True,4,7.562262296676636,18.960173145,4
41145_3.tex,regreession model greedy,True,14,31.03062152862549,74.20728284207468,14
41277_3.tex,regreession model greedy,True,4,7.328574895858765,18.468235225000008,4
41311_1.tex,regreession model greedy,True,9,19.07170844078064,31.549185897799987,9
41323_1.tex,regreession model greedy,True,9,17.54501175880432,35.50419390500011,9
41324_1.tex,regreession model greedy,True,5,10.071208238601685,21.09830733895172,5
41398_3.tex,regreession model greedy,True,4,7.529587030410767,15.690655250000091,4
41435_2.tex,regreession model greedy,True,2,3.250795364379883,2.5119539944000167,2
41448_2.tex,regreession model greedy,True,4,7.363861322402954,11.73630237560002,4
41452_3.tex,regreession model greedy,True,7,13.974607706069946,24.002374806022512,7
41453_2.tex,regreession model greedy,True,18,35.775585651397705,93.1354257445,18
41532_1.tex,regreession model greedy,True,16,29.092962741851807,89.94130375641433,28
41574_2.tex,regreession model greedy,True,7,13.419789791107178,39.07681076500009,7
41938_2.tex,regreession model greedy,True,5,9.449034214019775,8.270327335000019,5
41952_1.tex,regreession model greedy,True,4,7.030783891677856,14.351018129999986,4
41996_1.tex,regreession model greedy,True,12,24.625849962234497,46.48259737150353,12
42000_1.tex,regreession model greedy,True,15,29.4466712474823,90.52053459600016,15
42035_1.tex,regreession model greedy,True,2,3.3461663722991943,11.2733796,2
42050_1.tex,regreession model greedy,True,15,29.269343614578247,94.58390695109034,15
42082_3.tex,regreession model greedy,True,27,53.34809470176697,236.5472259932681,27
42103_1.tex,regreession model greedy,True,36,71.9721405506134,230.9989098605002,36
42112_3.tex,regreession model greedy,True,1,1.5399880409240725,0.0,1
85812_1.tex,regreession model greedy,False,23,46.24509954452515,150.60116441400012,24
85850_2.tex,regreession model greedy,True,29,58.73254895210266,207.7336833854999,29
86037_2.tex,regreession model greedy,True,2,3.566870927810669,7.93173668,2
86051_1.tex,regreession model greedy,True,12,27.753406524658203,66.48694806013737,12
86060_1.tex,regreession model greedy,True,7,14.765998601913452,38.39643854175768,7
86127_3.tex,regreession model greedy,True,4,8.119376420974731,15.596919312000018,4
86137_2.tex,regreession model greedy,False,10,21.998649835586548,55.03179236200001,11
86152_2.tex,regreession model greedy,True,24,49.84632849693298,249.40179155655423,24
86194_1.tex,regreession model greedy,True,12,25.31804656982422,61.53999944499995,12
86202_2.tex,regreession model greedy,True,6,11.910617351531982,38.85292631750016,6
86204_1.tex,regreession model greedy,True,4,8.06810712814331,19.332129205000086,4
86208_3.tex,regreession model greedy,True,8,14.434812545776367,72.26782695375032,8
86282_2.tex,regreession model greedy,True,5,11.133665323257446,21.699576280000088,5
86287_1.tex,regreession model greedy,False,37,82.07814574241638,230.43029057200005,38
86292_2.tex,regreession model greedy,True,1,1.7642173767089844,5.737191080000031,1
86325_1.tex,regreession model greedy,True,4,7.500147342681885,25.2277004,4
86340_3.tex,regreession model greedy,True,16,30.964008808135983,98.3580019474964,16
86352_2.tex,regreession model greedy,True,10,19.984447240829468,54.20535236000009,10
86389_1.tex,regreession model greedy,True,6,11.74048948287964,31.348898189500108,6
86498_2.tex,regreession model greedy,True,8,18.74171757698059,42.67120857124998,8
86571_2.tex,regreession model greedy,True,21,45.58597016334534,144.3263352630007,21
86608_3.tex,regreession model greedy,True,7,15.317270755767822,30.360013579599997,7
86678_1.tex,regreession model greedy,True,14,30.91391944885254,94.14005458100064,14
86744_2.tex,regreession model greedy,True,7,14.227874517440796,49.25711320000001,7
86768_3.tex,regreession model greedy,True,10,20.51806592941284,50.34827901499993,10
86814_3.tex,regreession model greedy,False,11,25.31384801864624,58.16412459116661,12
86816_3.tex,regreession model greedy,True,3,5.875929594039917,9.518854108549988,3
86827_1.tex,regreession model greedy,False,27,57.72333741188049,156.02857795450012,28
86887_1.tex,regreession model greedy,True,6,11.127055168151855,25.17269264547496,6
86890_1.tex,regreession model greedy,True,3,5.35400652885437,7.81972413000004,3
86929_1.tex,regreession model greedy,False,28,59.00536775588989,160.57001043380004,29
87033_2.tex,regreession model greedy,True,1,1.6090829372406006,6.173486080000004,1
87038_3.tex,regreession model greedy,True,18,40.750993967056274,117.723033688885,18
87125_1.tex,regreession model greedy,True,1,1.5461502075195312,2.527271320799997,1
87128_3.tex,regreession model greedy,True,19,43.24387431144714,92.14240234669674,19
87167_2.tex,regreession model greedy,True,4,7.439784288406372,18.596957599999985,4
87196_3.tex,regreession model greedy,True,12,25.76792025566101,110.089176848875,12
87251_1.tex,regreession model greedy,True,23,47.80757927894592,152.77983269500012,23
87335_3.tex,regreession model greedy,True,3,5.356860160827637,5.946394620000007,3
87348_3.tex,regreession model greedy,False,13,28.1926589012146,51.52100616700004,14
87355_2.tex,regreession model greedy,True,26,53.94050860404968,149.47015430613874,26
87387_1.tex,regreession model greedy,True,8,15.929352045059204,27.9016939750002,8
87397_1.tex,regreession model greedy,True,16,30.635300159454346,78.17461994000024,16
87421_1.tex,regreession model greedy,True,6,11.856078624725342,22.14229302500005,6
87465_2.tex,regreession model greedy,True,36,74.73102116584778,305.27639099995,36
87478_2.tex,regreession model greedy,True,28,59.44191598892212,141.5437009022499,28
87587_3.tex,regreession model greedy,True,5,10.612006664276125,26.02795113600009,5
87726_1.tex,regreession model greedy,True,9,20.02049708366394,40.33326430999999,9
87737_3.tex,regreession model greedy,True,10,20.287052869796756,57.4008572819,10
87743_3.tex,regreession model greedy,True,8,17.297335386276245,38.956459524850096,8
87810_1.tex,regreession model greedy,True,1,1.5726189613342283,5.92247685000001,1
87871_2.tex,regreession model greedy,True,20,39.99186730384827,117.7550042470001,20
87935_3.tex,regreession model greedy,True,13,24.14458274841309,101.07343253000052,13
87968_1.tex,regreession model greedy,False,12,27.178321838378903,57.43944267100042,13
87988_3.tex,regreession model greedy,True,7,13.37793469429016,33.960274817999974,7
88115_3.tex,regreession model greedy,True,9,21.9251606464386,30.85804465102499,9
88292_1.tex,regreession model greedy,True,4,8.303691387176514,10.238756732400017,4
88311_1.tex,regreession model greedy,True,9,19.014580249786377,29.450425024772564,9
88327_3.tex,regreession model greedy,True,7,14.96512746810913,27.483379094400192,7
88335_3.tex,regreession model greedy,True,8,16.219935178756714,32.47416596961415,8
88368_3.tex,regreession model greedy,True,11,26.15052628517151,68.25965210500023,11
88445_1.tex,regreession model greedy,True,13,25.887962818145752,63.343642510775226,13
88459_1.tex,regreession model greedy,True,5,10.001903772354126,20.366929165000045,5
88465_2.tex,regreession model greedy,True,5,8.844135284423828,19.04948157999999,5
88467_3.tex,regreession model greedy,True,25,53.32904887199402,292.09485015000115,25
88508_3.tex,regreession model greedy,False,17,36.71628379821777,91.8873407870006,18
88510_1.tex,regreession model greedy,True,9,18.787961721420288,36.34932886999999,9
88533_1.tex,regreession model greedy,True,7,13.303546667099,27.418223500475,7
88557_3.tex,regreession model greedy,False,36,79.39768433570862,209.32141729680004,37
88591_1.tex,regreession model greedy,True,4,8.196205377578735,8.181821999999983,4
88652_1.tex,regreession model greedy,True,10,23.247066020965576,30.44166504196079,10
88659_2.tex,regreession model greedy,True,16,39.82767271995544,73.34095144460039,16
88660_3.tex,regreession model greedy,True,3,6.544802665710449,8.103093846649998,3
88662_2.tex,regreession model greedy,True,19,46.28352427482605,102.13010609766997,19
88728_3.tex,regreession model greedy,True,5,10.249628067016602,17.526744180000065,5
88755_2.tex,regreession model greedy,True,7,14.92963409423828,22.61127442420023,7
88783_1.tex,regreession model greedy,True,2,3.84070086479187,2.7489950750000105,2
88810_2.tex,regreession model greedy,True,7,15.227810859680176,17.215758224999973,7
88828_2.tex,regreession model greedy,True,6,11.771739721298218,17.534283015000206,6
88859_2.tex,regreession model greedy,True,10,20.71057748794556,35.95991971000004,10
88871_2.tex,regreession model greedy,True,21,43.94136071205139,96.6449318275002,21
88905_3.tex,regreession model greedy,True,3,6.460748672485352,13.095088499999974,3
88917_2.tex,regreession model greedy,True,2,3.710611581802368,3.6381654500000025,2
88960_2.tex,regreession model greedy,True,6,11.822883129119871,15.363064907800004,6
89003_2.tex,regreession model greedy,True,1,1.4935355186462402,0.0,1
89003_3.tex,regreession model greedy,True,1,1.5159308910369873,0.0,1
89020_1.tex,regreession model greedy,True,15,35.41265344619751,90.20242234000074,15
89039_3.tex,regreession model greedy,False,33,68.2788815498352,254.39951836800023,34
89067_2.tex,regreession model greedy,True,4,7.715341567993164,20.78410160000005,4
89090_3.tex,regreession model greedy,True,1,1.6484663486480713,2.5062006885250128,1
89202_3.tex,regreession model greedy,True,22,54.63074445724487,116.11340736973963,22
89265_1.tex,regreession model greedy,True,9,20.508638620376587,57.06843569976982,9
89312_3.tex,regreession model greedy,True,16,34.89096522331238,85.75037430100045,16
89376_2.tex,regreession model greedy,True,5,9.864638805389404,24.602857535600123,5
89439_2.tex,regreession model greedy,True,9,17.315807819366455,53.29294354000042,9
89445_3.tex,regreession model greedy,True,12,23.63489246368408,69.73738235500025,12
89466_2.tex,regreession model greedy,True,17,34.78627800941467,141.7090576390001,17
89574_2.tex,regreession model greedy,True,4,7.324118614196777,21.72746041000005,4
89577_1.tex,regreession model greedy,True,18,37.49853825569153,117.89440184000009,18
42299_1.tex,regreession model greedy,True,15,32.71482992172241,90.88683161906252,15
42465_3.tex,regreession model greedy,True,10,21.055976390838623,71.88443567999988,10
42474_2.tex,regreession model greedy,True,5,9.860355138778688,37.525433779999965,5
42478_3.tex,regreession model greedy,True,22,42.11400103569031,343.28641742250016,22
42493_3.tex,regreession model greedy,False,6,12.052922487258911,28.887507802192445,7
42521_3.tex,regreession model greedy,True,2,3.7979557514190674,6.0651992174999805,2
42522_3.tex,regreession model greedy,True,3,5.743195533752441,15.532046413550107,3
42525_2.tex,regreession model greedy,True,29,61.42111873626709,346.5642612247501,29
42534_3.tex,regreession model greedy,True,6,13.150349617004396,30.559555524000107,6
42590_3.tex,regreession model greedy,False,8,15.91215682029724,44.42301876627107,9
42598_1.tex,regreession model greedy,True,14,28.96626114845276,107.89574031199996,14
42632_1.tex,regreession model greedy,True,3,5.739194869995117,10.91053340425006,3
42645_2.tex,regreession model greedy,True,20,35.682628870010376,129.86913353563364,20
42939_1.tex,regreession model greedy,True,14,25.71558976173401,73.29323986100044,14
43036_2.tex,regreession model greedy,True,11,21.61780953407288,62.315589467399946,11
43066_1.tex,regreession model greedy,True,14,28.39941906929016,64.28098753005,14
43159_1.tex,regreession model greedy,True,29,57.770557165145874,235.93862698925,30
43393_1.tex,regreession model greedy,True,4,6.849387407302856,9.294119693800198,4
43487_3.tex,regreession model greedy,True,7,12.705357313156128,28.73872885999992,7
43512_2.tex,regreession model greedy,True,7,14.468031883239746,18.29792051360019,7
43546_3.tex,regreession model greedy,True,5,10.435170888900757,24.22502033000008,5
43548_2.tex,regreession model greedy,True,5,9.229720830917358,11.848148055000207,5
43600_3.tex,regreession model greedy,True,17,38.37001156806946,74.9588794387001,17
43687_3.tex,regreession model greedy,True,13,26.701457262039185,58.980900999000056,13
43946_2.tex,regreession model greedy,True,8,18.29353642463684,38.39538599112505,8
43983_1.tex,regreession model greedy,True,1,2.094099998474121,6.596957693749999,1
44025_3.tex,regreession model greedy,True,5,10.655357599258425,22.92379457800028,5
44115_2.tex,regreession model greedy,True,5,10.450410842895508,28.25849152700001,5
44132_3.tex,regreession model greedy,True,15,31.88205575942993,91.45650180053325,15
44176_3.tex,regreession model greedy,True,8,13.84528946876526,48.380854575,8
44224_3.tex,regreession model greedy,True,6,11.693302154541016,30.90211359100004,6
44261_3.tex,regreession model greedy,True,7,13.967775106430054,44.176284315,7
44653_1.tex,regreession model greedy,True,13,26.20839238166809,86.13601498474996,13
44703_3.tex,regreession model greedy,False,16,38.47702479362488,77.8233651890005,17
44747_1.tex,regreession model greedy,True,8,12.038659572601318,41.73318388999997,8
44750_1.tex,regreession model greedy,True,18,32.15537095069885,177.09311365521992,18
44805_2.tex,regreession model greedy,False,29,61.03666257858277,191.9491468186667,30
44817_2.tex,regreession model greedy,True,1,1.4259729385375977,3.3284246590000066,1
44915_2.tex,regreession model greedy,True,11,25.916159629821777,50.68439724323282,11
45023_3.tex,regreession model greedy,True,3,3.7347705364227295,5.606627342499991,3
45026_1.tex,regreession model greedy,True,19,36.39893198013306,110.9295685919506,19
45057_2.tex,regreession model greedy,True,26,50.13534450531006,217.2454019400014,26
45063_1.tex,regreession model greedy,True,7,13.472910404205322,26.72669136500035,7
45210_3.tex,regreession model greedy,True,2,2.092944860458374,3.336938040000007,2
45319_2.tex,regreession model greedy,False,36,65.00039601325989,238.34260162459228,37
45643_3.tex,regreession model greedy,True,4,6.749481916427612,21.042515181559963,4
45717_2.tex,regreession model greedy,True,6,10.354811906814575,32.34477445374989,6
45768_1.tex,regreession model greedy,False,24,50.74482607841492,248.0648551351429,25
45848_1.tex,regreession model greedy,True,1,1.768057346343994,5.244121985519996,1
45877_3.tex,regreession model greedy,True,4,9.066524505615234,18.41915125165002,4
46165_3.tex,regreession model greedy,True,5,17.637038469314575,25.523813301650005,5
46195_2.tex,regreession model greedy,True,24,69.65551972389221,188.1582995335249,24
46241_1.tex,regreession model greedy,True,13,27.54882216453552,123.87591235000008,14
46284_1.tex,regreession model greedy,True,11,20.427876949310303,76.48837755074993,11
46289_1.tex,regreession model greedy,True,6,10.990941286087036,37.33062219000006,6
46294_1.tex,regreession model greedy,True,1,1.445558786392212,3.350333180000007,1
46317_1.tex,regreession model greedy,True,13,22.43412208557129,66.54243827500007,13
46373_3.tex,regreession model greedy,True,8,13.209286212921144,36.19130726600002,8
46381_1.tex,regreession model greedy,True,10,16.477660179138184,47.02734193680011,10
46396_3.tex,regreession model greedy,True,5,7.51541256904602,26.47214156000009,5
46409_3.tex,regreession model greedy,True,8,15.59050154685974,29.0383583544,8
46411_1.tex,regreession model greedy,True,20,40.582383155822754,158.2887974897497,20
46641_1.tex,regreession model greedy,True,6,11.64053988456726,14.183441254399952,6
46650_2.tex,regreession model greedy,True,1,1.567974090576172,0.0,1
46655_2.tex,regreession model greedy,True,1,1.268491506576538,0.0,1
46773_2.tex,regreession model greedy,True,4,7.171615362167358,13.875187600000004,4
46822_2.tex,regreession model greedy,True,6,8.618495225906372,27.46550098377603,6
46836_3.tex,regreession model greedy,True,3,5.228221654891968,5.650901829600002,3
46846_2.tex,regreession model greedy,True,5,10.68854546546936,12.754521825599994,5
46874_1.tex,regreession model greedy,True,4,8.562617301940918,10.681039200000043,4
46908_2.tex,regreession model greedy,True,6,9.655613899230955,21.227818383999978,6
46918_1.tex,regreession model greedy,True,1,1.114945888519287,0.0,1
46929_3.tex,regreession model greedy,True,2,4.450302600860596,3.7375195999999846,2
46938_3.tex,regreession model greedy,True,2,3.5715973377227783,3.4960341239999995,2
46976_1.tex,regreession model greedy,True,8,16.54226565361023,30.11187955000016,8
47264_1.tex,regreession model greedy,True,1,1.157210111618042,4.180082885000019,1
47279_2.tex,regreession model greedy,True,20,48.61293911933899,110.62867480484294,20
47286_1.tex,regreession model greedy,True,27,64.79899525642395,352.4243981042471,27
47433_3.tex,regreession model greedy,True,12,25.14893174171448,105.12383816000008,12
47448_3.tex,regreession model greedy,False,9,18.270089864730835,44.7020362162711,10
47468_1.tex,regreession model greedy,True,25,57.41459131240845,176.90312256799996,25
47479_1.tex,regreession model greedy,True,27,72.24219799041748,176.38070434000034,27
47499_1.tex,regreession model greedy,True,1,2.9731242656707764,5.495136080000009,1
47622_3.tex,regreession model greedy,True,3,9.000463962554932,14.657874296318028,3
47685_2.tex,regreession model greedy,True,1,2.030193567276001,2.845729640000002,1
47723_3.tex,regreession model greedy,True,11,32.50049638748169,47.27633406360029,11
47831_1.tex,regreession model greedy,True,14,41.610432147979736,53.718180587995775,14
47893_2.tex,regreession model greedy,True,4,11.142456531524658,11.222383517250051,4
48051_3.tex,regreession model greedy,True,30,74.95652318000793,213.55533402675007,30
48157_2.tex,regreession model greedy,True,10,25.014597177505493,37.58088546994991,10
48256_2.tex,regreession model greedy,True,12,30.98456287384033,42.3166405896001,12
48263_1.tex,regreession model greedy,True,25,64.0155611038208,163.65174538447008,25
48291_1.tex,regreession model greedy,True,4,9.796552419662476,20.10046137499998,4
48317_2.tex,regreession model greedy,True,19,59.237199544906616,185.5922484593007,19
48340_3.tex,regreession model greedy,True,8,22.51253151893616,34.99604849700008,8
48354_1.tex,regreession model greedy,True,10,34.276859998703,40.21110584959708,10
48358_1.tex,regreession model greedy,True,29,80.53588199615479,210.53306787822876,29
48393_3.tex,regreession model greedy,True,9,20.76733994483948,40.55867252499996,10
89604_3.tex,regreession model greedy,True,3,6.251088857650757,10.974292577200004,3
89626_1.tex,regreession model greedy,True,42,95.39445638656616,300.16461365478506,42
89782_1.tex,regreession model greedy,True,14,33.28504776954651,132.5758513400006,14
89855_1.tex,regreession model greedy,True,37,98.38160109519958,260.7628182779351,37
89909_2.tex,regreession model greedy,True,19,43.39173865318298,107.70882899339324,19
89976_2.tex,regreession model greedy,True,3,7.387359380722046,22.11772099000004,3
89990_1.tex,regreession model greedy,True,13,31.686350107192997,75.72719793000046,13
89996_3.tex,regreession model greedy,True,18,46.90913200378418,145.203029525001,18
90061_1.tex,regreession model greedy,True,16,35.44684839248657,84.85637311149996,16
90065_3.tex,regreession model greedy,True,30,70.56710743904114,198.00444138525,30
90235_1.tex,regreession model greedy,True,3,7.480996608734131,7.843086447499985,3
90342_3.tex,regreession model greedy,True,8,19.09819769859314,18.961941264707065,8
90361_3.tex,regreession model greedy,True,10,26.021105766296387,28.189069602071,10
90491_1.tex,regreession model greedy,True,12,32.041890144348145,51.3777591000004,12
90495_1.tex,regreession model greedy,True,14,37.189897537231445,56.51100907300031,14
90534_2.tex,regreession model greedy,True,3,6.290592908859253,5.918260030000013,3
90612_1.tex,regreession model greedy,True,4,8.59070634841919,8.67821318999998,4
90620_2.tex,regreession model greedy,True,8,18.256722450256348,44.81293707500001,8
90681_3.tex,regreession model greedy,False,29,63.3993411064148,155.15158434442924,30
90683_1.tex,regreession model greedy,True,21,42.188756227493286,88.31384533931372,21
90684_3.tex,regreession model greedy,True,32,62.14633631706238,230.34440554739936,32
90687_2.tex,regreession model greedy,True,26,56.69809293746948,157.5316862819999,26
90701_2.tex,regreession model greedy,True,3,5.982877254486084,9.092630735599997,3
90711_1.tex,regreession model greedy,True,10,21.75990509986877,35.72258684275015,10
90716_1.tex,regreession model greedy,True,11,25.89031553268433,49.93424264700005,11
90847_2.tex,regreession model greedy,True,5,11.12080216407776,34.797991880000026,5
90863_1.tex,regreession model greedy,True,6,14.96691346168518,47.17999861500014,6
90881_3.tex,regreession model greedy,True,5,10.609403610229492,26.56643711500005,5
90923_3.tex,regreession model greedy,True,6,12.243154764175417,26.39279065845324,6
90959_3.tex,regreession model greedy,True,8,18.77477169036865,80.50320392375001,8
90989_1.tex,regreession model greedy,True,10,21.94088649749756,52.74680362799993,10
91023_2.tex,regreession model greedy,True,15,33.68222260475159,75.78498850418195,15
91036_2.tex,regreession model greedy,True,7,14.499114274978638,37.06651228999996,7
91157_1.tex,regreession model greedy,True,23,43.98170447349548,186.8484359737504,23
91164_2.tex,regreession model greedy,True,7,12.920667886734009,45.46815518000009,7
91167_1.tex,regreession model greedy,True,7,14.268258333206177,49.72872733000004,7
91169_1.tex,regreession model greedy,True,21,46.325069189071655,139.9068325400002,21
91181_1.tex,regreession model greedy,True,14,29.363872051239014,87.88282160000017,14
91215_2.tex,regreession model greedy,True,6,13.975709915161133,33.84735104500008,6
91220_2.tex,regreession model greedy,True,18,39.13263988494873,103.94165617675016,18
91236_2.tex,regreession model greedy,False,4,10.175295352935793,23.238221539350054,5
91432_2.tex,regreession model greedy,True,6,12.810615301132202,27.36656803700045,6
91452_3.tex,regreession model greedy,True,4,8.09179401397705,9.579163549527522,4
91487_2.tex,regreession model greedy,True,14,31.852591276168823,120.76480400000004,14
91508_3.tex,regreession model greedy,False,18,39.07052946090698,184.2646163237501,19
91523_1.tex,regreession model greedy,True,12,26.608482599258423,90.388536374875,12
91531_3.tex,regreession model greedy,True,11,22.67539668083191,49.13653982095246,11
91551_1.tex,regreession model greedy,True,10,21.784406661987305,35.49849513749996,10
91557_2.tex,regreession model greedy,True,7,14.24924087524414,23.28419936349992,7
91557_3.tex,regreession model greedy,True,5,8.396314859390259,17.208920364399976,5
91614_3.tex,regreession model greedy,False,9,20.15283703804016,54.95814730000002,10
91654_3.tex,regreession model greedy,True,7,13.67661714553833,23.39307759200016,7
91719_2.tex,regreession model greedy,True,13,27.132612705230716,76.40403393000018,13
91733_3.tex,regreession model greedy,True,13,26.634158849716187,58.51540787999997,13
91740_2.tex,regreession model greedy,True,6,13.408422231674194,21.875131770000152,6
91797_2.tex,regreession model greedy,True,43,97.99274802207948,305.7452041130002,43
91799_2.tex,regreession model greedy,True,24,48.87513756752014,110.87365753200008,24
91835_1.tex,regreession model greedy,True,4,7.189468860626221,10.942709700000222,4
91897_3.tex,regreession model greedy,True,2,3.722666025161743,2.515781440000012,2
91971_1.tex,regreession model greedy,True,19,40.648555517196655,116.72613132774396,19
91978_3.tex,regreession model greedy,True,6,12.06436800956726,19.605816629999985,6
92042_2.tex,regreession model greedy,True,2,3.388471841812134,3.462577140000008,2
92159_2.tex,regreession model greedy,True,22,46.26662993431091,151.84593475000048,22
92171_1.tex,regreession model greedy,True,12,24.55930995941162,61.66508257674987,12
92218_1.tex,regreession model greedy,True,8,15.864813327789308,18.538996944,8
92223_2.tex,regreession model greedy,True,36,78.90964889526367,280.5919253407501,36
92238_1.tex,regreession model greedy,True,1,1.4703099727630615,0.0,1
92242_2.tex,regreession model greedy,True,1,1.4990220069885254,0.0,1
92436_3.tex,regreession model greedy,True,4,7.706193923950195,23.174020529999964,4
92583_3.tex,regreession model greedy,True,7,13.81062078475952,38.19928218000053,7
92638_2.tex,regreession model greedy,True,16,35.511409521102905,75.7398047334681,16
92772_3.tex,regreession model greedy,True,6,9.913426160812378,39.98862329000002,6
92773_2.tex,regreession model greedy,True,10,16.66520047187805,68.2587739549998,10
92831_1.tex,regreession model greedy,True,5,9.637614727020264,25.005801840000004,5
93054_3.tex,regreession model greedy,True,7,12.307926654815674,35.245232330000086,7
93057_3.tex,regreession model greedy,True,10,21.462889432907104,46.91992315400061,10
93063_3.tex,regreession model greedy,True,10,20.825748205184937,43.43913684925751,10
93095_3.tex,regreession model greedy,True,11,23.976532459259037,57.44195185071408,11
93126_2.tex,regreession model greedy,True,6,11.546953439712524,16.124238329999983,6
93167_1.tex,regreession model greedy,True,4,7.5523974895477295,11.889315470000112,4
93177_3.tex,regreession model greedy,False,31,69.38205671310425,424.8269081503501,32
93223_1.tex,regreession model greedy,True,1,1.513901948928833,4.214457780000004,1
93223_3.tex,regreession model greedy,True,5,10.484268426895142,19.390148589999967,5
93285_1.tex,regreession model greedy,True,8,18.628668308258057,28.10979683939996,8
93304_2.tex,regreession model greedy,True,13,29.011990070343018,64.50353445422009,13
93370_1.tex,regreession model greedy,True,1,1.435494899749756,3.657711880000022,1
93388_3.tex,regreession model greedy,False,10,22.2840096950531,46.70719124299994,11
93392_2.tex,regreession model greedy,True,6,12.386866569519045,19.216014118763923,6
93409_1.tex,regreession model greedy,True,20,41.13058423995972,96.6839546340001,20
93502_3.tex,regreession model greedy,True,14,33.142935037612915,86.70671917307575,14
93557_1.tex,regreession model greedy,True,5,9.971854209899902,10.242884950000049,5
93585_2.tex,regreession model greedy,True,7,14.070096492767334,23.474671060999963,7
93604_1.tex,regreession model greedy,True,17,36.90632271766663,102.89166535890296,17
93646_3.tex,regreession model greedy,True,1,1.492038011550903,0.0,1
93679_2.tex,regreession model greedy,True,23,47.88557291030884,156.0700506059999,23
93710_1.tex,regreession model greedy,True,5,10.710259914398192,13.66184594249998,5
93862_2.tex,regreession model greedy,True,5,9.41576051712036,16.58159804999997,5
93880_1.tex,regreession model greedy,True,15,27.232117652893063,76.09480565500023,15
48400_2.tex,regreession model greedy,True,10,20.01732802391052,38.9778534312502,10
48414_3.tex,regreession model greedy,True,1,1.3990263938903809,0.0,1
48424_1.tex,regreession model greedy,True,16,33.21856474876404,79.76376420210106,16
48433_3.tex,regreession model greedy,True,8,15.268750190734863,39.5582904374962,8
48452_3.tex,regreession model greedy,True,3,5.7832677364349365,2.550665449999997,3
48496_1.tex,regreession model greedy,True,7,13.50612211227417,29.140328893750024,7
48510_3.tex,regreession model greedy,True,2,3.9638631343841553,6.399472710000083,2
48511_3.tex,regreession model greedy,True,9,18.17438268661499,43.55186900000022,9
48525_2.tex,regreession model greedy,True,9,16.79661750793457,26.68419865500012,9
48550_3.tex,regreession model greedy,True,18,36.94014692306519,96.20715462200006,18
48580_2.tex,regreession model greedy,True,30,63.0574197769165,203.9306901226992,30
48588_3.tex,regreession model greedy,True,4,7.555903196334839,15.13185760000006,4
48596_3.tex,regreession model greedy,True,2,3.496379137039185,0.0,2
48778_1.tex,regreession model greedy,True,11,25.534379243850708,58.13185991900016,11
48804_3.tex,regreession model greedy,True,4,6.929244995117188,15.107274885600036,4
48814_3.tex,regreession model greedy,False,12,30.36696982383728,80.99330044925759,13
48919_2.tex,regreession model greedy,True,15,31.597434282302856,78.02319783025219,15
48964_3.tex,regreession model greedy,True,8,14.811642169952393,44.432203847449486,8
49023_2.tex,regreession model greedy,True,10,20.27558994293213,48.8948954367071,10
49031_3.tex,regreession model greedy,True,35,76.5109691619873,307.565563821,35
49067_2.tex,regreession model greedy,True,10,19.298259735107425,60.11940003000017,10
49095_1.tex,regreession model greedy,False,20,40.1782705783844,107.22079247900004,23
49104_3.tex,regreession model greedy,True,9,15.64077925682068,43.63987850703807,9
49105_1.tex,regreession model greedy,True,12,21.54297709465027,60.75541402399986,12
49334_1.tex,regreession model greedy,True,8,16.432377576828003,32.13141525740024,8
49391_3.tex,regreession model greedy,True,9,17.62511396408081,50.34181668500022,9
49481_2.tex,regreession model greedy,True,6,11.935673713684082,24.241585825,6
49531_3.tex,regreession model greedy,True,25,48.70012927055359,137.98030829707568,25
49569_2.tex,regreession model greedy,False,32,73.02636742591858,204.27194254917532,33
49624_2.tex,regreession model greedy,True,16,33.00641465187073,79.22626785700018,16
49663_2.tex,regreession model greedy,True,6,12.143883228302002,29.424250915000123,6
49823_2.tex,regreession model greedy,True,9,20.019142150878903,57.82265984374999,9
49843_3.tex,regreession model greedy,True,5,10.181765079498293,12.028900528125106,5
49882_1.tex,regreession model greedy,True,14,34.97790741920471,77.63759099741975,14
49887_2.tex,regreession model greedy,True,29,69.71642398834229,225.7492489334201,29
49965_3.tex,regreession model greedy,True,15,34.536781549453735,63.03001949700042,15
50056_3.tex,regreession model greedy,True,9,19.73888611793518,22.859369991249963,9
50153_2.tex,regreession model greedy,True,1,1.4916040897369385,0.0,1
50154_1.tex,regreession model greedy,True,3,5.472070693969727,13.43401670999998,3
50157_1.tex,regreession model greedy,True,12,26.27047562599182,67.19564431970693,12
50167_2.tex,regreession model greedy,False,22,56.5309362411499,115.27825026700008,23
50219_3.tex,regreession model greedy,True,27,57.86550569534302,140.67982541223347,27
50424_2.tex,regreession model greedy,True,2,3.5444858074188232,7.8026504562500065,2
50504_1.tex,regreession model greedy,True,8,17.413936138153076,39.14296226999997,8
50555_2.tex,regreession model greedy,True,4,8.313625574111938,19.180748206250087,4
50647_2.tex,regreession model greedy,False,25,54.0819046497345,157.66742141166725,26
50663_3.tex,regreession model greedy,False,17,37.86000609397888,190.1973138300002,18
50667_2.tex,regreession model greedy,True,5,9.571304082870483,25.952228430000048,5
50675_3.tex,regreession model greedy,True,2,4.202404022216797,12.909126999999955,2
50692_2.tex,regreession model greedy,False,17,35.798248291015625,99.92793682575,18
50698_1.tex,regreession model greedy,True,23,47.86489152908325,207.4998171375998,23
50702_1.tex,regreession model greedy,False,13,26.234835147857662,62.135397421,14
50702_2.tex,regreession model greedy,True,8,14.534852504730225,39.513814938247954,8
50735_2.tex,regreession model greedy,True,8,17.444827795028687,37.67186924783751,8
50735_3.tex,regreession model greedy,True,4,8.258163213729858,17.512297235000034,4
50741_1.tex,regreession model greedy,True,14,27.444611072540283,83.40826689500018,14
50753_3.tex,regreession model greedy,False,35,74.0010998249054,217.6377747070001,100
50933_3.tex,regreession model greedy,True,3,5.98195481300354,9.51286151112498,3
50969_2.tex,regreession model greedy,True,3,5.801432132720947,9.2043642542,3
51034_2.tex,regreession model greedy,True,12,25.853327989578247,54.60505790580011,12
51063_2.tex,regreession model greedy,False,42,95.73096346855164,2181.5916975405016,42
51083_1.tex,regreession model greedy,True,9,19.868726015090942,32.256094556450066,9
51156_1.tex,regreession model greedy,True,6,10.60427188873291,19.977340149000067,6
51173_3.tex,regreession model greedy,True,9,16.97792339324951,38.602405126000015,9
51252_2.tex,regreession model greedy,False,26,51.465145111083984,166.34521950826456,27
51287_2.tex,regreession model greedy,True,35,70.09438061714172,237.44210377719992,35
51287_3.tex,regreession model greedy,False,41,87.19728803634644,293.5349154726758,42
51550_3.tex,regreession model greedy,True,6,11.527807474136353,30.74324774999998,6
51647_1.tex,regreession model greedy,True,13,24.3850781917572,69.98651444000024,13
51686_3.tex,regreession model greedy,True,3,6.017584562301636,3.471769600000016,3
51772_3.tex,regreession model greedy,True,5,9.225112915039062,14.205360159999936,5
51821_3.tex,regreession model greedy,False,22,45.19302725791931,120.07776449799972,23
51828_3.tex,regreession model greedy,True,8,15.575501203536987,32.128919894000056,8
52051_2.tex,regreession model greedy,True,6,12.802011489868164,30.02581080000064,6
52109_1.tex,regreession model greedy,True,11,22.396732807159424,57.41748616899993,11
52207_2.tex,regreession model greedy,False,9,21.11592054367065,59.235958595000106,10
52213_2.tex,regreession model greedy,True,10,18.550306797027588,51.134018584613685,10
52248_1.tex,regreession model greedy,False,16,34.64855742454529,91.5468357666716,17
52263_3.tex,regreession model greedy,True,25,50.0566930770874,148.73518305224616,25
52271_2.tex,regreession model greedy,True,8,15.881040811538696,43.30057290200028,8
52278_1.tex,regreession model greedy,True,8,14.752440452575684,71.56674970000003,8
52297_1.tex,regreession model greedy,True,11,21.00102114677429,63.7071132300001,11
52298_1.tex,regreession model greedy,True,7,12.29108428955078,49.09494412374998,7
52310_2.tex,regreession model greedy,True,13,25.05593729019165,115.52514623436656,13
52349_3.tex,regreession model greedy,True,15,27.73481059074402,80.15686801754579,15
52363_2.tex,regreession model greedy,True,38,77.04279923439026,271.5516952870004,38
52368_1.tex,regreession model greedy,True,33,69.82731676101685,324.5995223445,52
52551_2.tex,regreession model greedy,True,6,12.158647775650024,24.15825487999997,6
52664_2.tex,regreession model greedy,True,3,6.194698333740234,11.283046109000036,3
52669_3.tex,regreession model greedy,True,3,5.169967889785767,5.038913881500008,3
52691_2.tex,regreession model greedy,True,8,16.84613060951233,32.215896056,8
52746_1.tex,regreession model greedy,True,5,9.804771661758425,14.88456023499998,5
52757_1.tex,regreession model greedy,True,8,16.450287342071533,43.28969618279998,8
52757_2.tex,regreession model greedy,True,15,30.928101539611816,108.25109643799996,15
52830_1.tex,regreession model greedy,True,13,25.894166707992557,96.63661825375034,13
52832_1.tex,regreession model greedy,True,1,1.5196893215179443,3.568586780000075,1
52860_1.tex,regreession model greedy,False,15,30.486996173858643,114.11500212999998,16
52909_1.tex,regreession model greedy,True,1,1.4537131786346436,3.615005455000016,1
52991_2.tex,regreession model greedy,True,16,37.81932997703552,60.07853169112944,16
93901_2.tex,regreession model greedy,True,27,58.68469738960266,197.70532266899997,27
93940_2.tex,regreession model greedy,True,37,79.62589931488037,317.79145997325026,37
94148_1.tex,regreession model greedy,True,3,6.018205404281616,10.67067155800001,3
94256_1.tex,regreession model greedy,True,6,12.577702283859251,27.611696272499994,6
94283_1.tex,regreession model greedy,True,1,1.6717007160186768,3.1544742800000023,1
94308_3.tex,regreession model greedy,True,5,9.149325370788574,28.916217330000208,5
94330_1.tex,regreession model greedy,True,4,8.18220567703247,23.559098298249975,4
94349_3.tex,regreession model greedy,True,12,24.140615224838257,66.71600633500003,12
94381_1.tex,regreession model greedy,True,3,6.776736259460449,17.040693829999952,3
94438_2.tex,regreession model greedy,True,23,44.238651275634766,197.0942085514998,23
94441_1.tex,regreession model greedy,True,15,28.12117648124695,84.0324704652505,15
94469_3.tex,regreession model greedy,True,39,83.31942486763,342.77774964225006,39
94475_3.tex,regreession model greedy,True,11,21.59921932220459,59.25074615025213,11
94687_3.tex,regreession model greedy,True,5,10.57875633239746,22.10772040503804,5
94688_1.tex,regreession model greedy,True,7,14.591905355453491,26.79327781544993,7
94736_2.tex,regreession model greedy,True,7,15.08638882637024,47.958443055,7
94765_3.tex,regreession model greedy,True,23,48.36787223815918,205.971639563,23
94807_1.tex,regreession model greedy,True,5,11.02270221710205,11.60091252014996,5
94914_2.tex,regreession model greedy,True,18,38.71824645996094,82.70863658899987,18
94924_2.tex,regreession model greedy,True,15,33.04239583015442,78.04862277172018,15
94952_3.tex,regreession model greedy,True,18,37.50515675544739,186.01839408999976,18
94970_3.tex,regreession model greedy,True,7,13.521080493927002,22.49657602659252,7
94983_3.tex,regreession model greedy,True,17,34.33328890800476,95.3785667730001,17
95002_3.tex,regreession model greedy,True,21,44.37943959236145,142.78844363319996,21
95023_2.tex,regreession model greedy,False,29,62.70590806007385,163.26098401247503,30
95025_1.tex,regreession model greedy,True,43,86.77615761756897,291.3463292463007,63
95037_3.tex,regreession model greedy,True,40,89.23456883430481,327.9956871744001,40
95103_3.tex,regreession model greedy,True,1,1.7162144184112549,0.0,1
95195_2.tex,regreession model greedy,True,17,45.20956134796143,100.94954828053604,17
95209_2.tex,regreession model greedy,True,11,22.73107361793518,56.37975249800038,11
95214_3.tex,regreession model greedy,True,5,9.785908460617064,9.419626116248024,5
95253_1.tex,regreession model greedy,True,7,13.928739309310911,28.132524089350188,7
95290_3.tex,regreession model greedy,True,3,6.070312023162842,5.976767074999998,3
95297_2.tex,regreession model greedy,True,6,12.186170816421509,16.971407280200005,6
95342_3.tex,regreession model greedy,True,9,18.97211265563965,25.4703740668,9
95369_1.tex,regreession model greedy,True,4,7.330311775207519,6.415196739999999,4
95445_1.tex,regreession model greedy,True,22,50.87851524353027,99.64180555755004,22
95464_2.tex,regreession model greedy,False,33,71.78688478469849,210.40358491750035,34
95500_2.tex,regreession model greedy,True,16,30.713136434555054,93.66361550000045,16
95511_2.tex,regreession model greedy,True,2,3.629078149795532,2.5319130400000063,2
95573_3.tex,regreession model greedy,True,12,28.819214820861816,34.66712748420001,12
95671_2.tex,regreession model greedy,True,4,9.289548873901367,15.815177425549962,4
95721_3.tex,regreession model greedy,True,2,3.5494384765625,12.981283215000047,2
95749_3.tex,regreession model greedy,True,12,25.244783878326416,78.64560294800043,12
95779_2.tex,regreession model greedy,True,8,17.908874988555908,36.48221573699996,8
95842_1.tex,regreession model greedy,True,12,28.33895182609558,95.82562894421308,12
95864_3.tex,regreession model greedy,True,12,24.887458086013797,74.20321354139493,12
95880_3.tex,regreession model greedy,False,12,26.008296251297,59.827211186564,13
95980_2.tex,regreession model greedy,True,5,9.710675239562988,26.039744358749985,5
95982_3.tex,regreession model greedy,True,8,15.730535984039308,35.80233288560003,8
96002_1.tex,regreession model greedy,False,29,66.38244366645813,213.02380273800023,30
96030_2.tex,regreession model greedy,True,14,32.854392528533936,98.85506775500065,14
96036_1.tex,regreession model greedy,False,14,28.46130919456482,85.72562120500034,15
96067_1.tex,regreession model greedy,True,1,1.5203630924224854,6.617161080000017,1
96070_2.tex,regreession model greedy,True,26,59.48659110069275,175.02301828200015,26
96072_3.tex,regreession model greedy,True,4,7.62257194519043,23.612864304000112,4
96260_3.tex,regreession model greedy,True,7,15.239888906478882,26.68194980500012,7
96320_2.tex,regreession model greedy,True,6,13.96312689781189,24.722217638,6
96331_2.tex,regreession model greedy,True,23,52.11419486999512,124.5779637064144,23
96364_3.tex,regreession model greedy,True,7,13.73211407661438,36.401567615,7
96418_3.tex,regreession model greedy,True,15,33.32782220840454,80.44313993619997,15
96452_3.tex,regreession model greedy,True,17,32.58914804458618,209.12050461874983,17
96462_2.tex,regreession model greedy,True,7,13.640300512313845,28.64698916500032,7
96475_3.tex,regreession model greedy,True,19,40.05652856826782,111.89354674000076,19
96491_2.tex,regreession model greedy,True,17,38.483726024627686,73.85625806924992,17
96504_3.tex,regreession model greedy,True,4,7.851110219955444,12.000063293400013,4
96510_1.tex,regreession model greedy,True,29,60.990586042404175,249.57960991700017,29
96547_2.tex,regreession model greedy,False,52,118.96206855773926,513.6036971980963,53
96599_1.tex,regreession model greedy,True,12,30.20940041542053,56.43624071900008,12
96654_1.tex,regreession model greedy,True,9,18.741076231002808,32.33292650049994,9
96693_3.tex,regreession model greedy,True,9,21.30331659317017,40.1924495887499,9
96860_1.tex,regreession model greedy,True,3,6.332655668258667,8.548822419999965,3
96865_2.tex,regreession model greedy,True,4,8.06725025177002,12.161213744400015,4
96900_2.tex,regreession model greedy,True,8,17.414406538009644,47.04261834,8
96914_3.tex,regreession model greedy,True,14,30.911431789398197,88.24432035484998,14
96928_2.tex,regreession model greedy,True,19,39.586774587631226,121.818619867105,19
96983_1.tex,regreession model greedy,True,9,18.048455715179443,23.16572534750006,9
97045_2.tex,regreession model greedy,True,8,15.538404941558838,34.385911324999974,8
97089_2.tex,regreession model greedy,False,65,150.83077836036682,673.7199023904404,66
97109_1.tex,regreession model greedy,True,10,18.69243168830872,44.91336616500007,10
97124_2.tex,regreession model greedy,True,8,15.795479774475098,35.13896094000002,8
97155_3.tex,regreession model greedy,True,32,64.95039868354797,183.85703328120027,32
97414_2.tex,regreession model greedy,True,10,22.40210604667664,62.48795100916463,10
97515_2.tex,regreession model greedy,True,26,58.576152324676514,194.3742634147003,26
97559_1.tex,regreession model greedy,True,1,2.00299072265625,8.47,1
97575_1.tex,regreession model greedy,True,15,32.373230934143066,110.02409243852836,15
97598_2.tex,regreession model greedy,False,7,16.035181283950806,30.098513551199986,8
97608_2.tex,regreession model greedy,False,7,15.406362056732178,30.880019191493638,8
97671_3.tex,regreession model greedy,True,7,13.094435214996338,30.596513367999908,7
97683_2.tex,regreession model greedy,False,20,42.92563700675965,153.66898224300013,21
97689_2.tex,regreession model greedy,True,1,1.533168077468872,7.434213560000018,1
97694_3.tex,regreession model greedy,True,6,12.031298875808716,35.2364724900002,6
97708_2.tex,regreession model greedy,True,12,23.662425756454468,77.37114784500014,12
97810_1.tex,regreession model greedy,True,4,8.493137121200562,14.04094308499998,4
97831_3.tex,regreession model greedy,True,5,11.517757177352903,17.726519673749987,5
97837_2.tex,regreession model greedy,True,7,14.367758989334106,24.0669974137046,7
97880_1.tex,regreession model greedy,True,4,7.91639256477356,17.952953650000097,4
100080_3.tex,regreession model greedy,True,1,1.542524814605713,0.0,1
100123_3.tex,regreession model greedy,True,13,25.479644775390625,156.67769015000002,13
100144_2.tex,regreession model greedy,True,1,1.3751885890960691,0.0,1
100195_1.tex,regreession model greedy,True,5,8.433536529541016,12.73796272299998,5
100215_3.tex,regreession model greedy,True,7,13.474320411682127,28.358375350999985,7
100216_3.tex,regreession model greedy,True,13,35.16471529006958,52.6572468280002,13
100290_3.tex,regreession model greedy,True,26,59.705116271972656,191.05639999232116,26
100354_3.tex,regreession model greedy,True,17,31.744677543640137,94.54992638000031,17
100403_3.tex,regreession model greedy,True,21,40.37828063964844,94.66874240199998,21
100422_1.tex,regreession model greedy,False,19,34.46308493614197,81.6397718185001,20
100433_1.tex,regreession model greedy,True,2,2.5505051612854004,2.50428448560001,2
100434_1.tex,regreession model greedy,True,41,86.67044615745544,263.1293181090906,74
100612_1.tex,regreession model greedy,True,4,12.32206892967224,24.4091296556405,4
100727_2.tex,regreession model greedy,True,1,2.013635396957397,5.8542710799999895,1
100847_3.tex,regreession model greedy,True,23,73.01960492134094,126.05260688541404,23
100942_3.tex,regreession model greedy,False,35,81.2666687965393,247.4805953207,36
100949_2.tex,regreession model greedy,True,27,55.47718787193298,194.38722443811128,27
100957_2.tex,regreession model greedy,True,6,9.922790765762327,29.47986575499999,6
101141_2.tex,regreession model greedy,True,1,1.583503246307373,4.640060420000083,1
101157_3.tex,regreession model greedy,True,12,24.95653009414673,58.80993527981392,12
101271_3.tex,regreession model greedy,True,16,34.51806044578552,80.1889026709999,16
101316_1.tex,regreession model greedy,True,2,3.3307764530181885,13.033776980000257,2
101386_2.tex,regreession model greedy,True,12,21.821349143981934,67.84853901599982,12
101472_3.tex,regreession model greedy,True,10,20.68018388748169,54.65067948477494,10
101504_2.tex,regreession model greedy,False,23,50.08150792121887,129.26295212769998,24
101565_1.tex,regreession model greedy,True,9,21.271852493286133,42.49543073667097,9
101648_3.tex,regreession model greedy,True,4,8.256988525390625,8.325658174999973,4
101649_1.tex,regreession model greedy,True,4,5.082174777984619,20.683185285000175,4
101654_1.tex,regreession model greedy,True,3,6.077280282974243,6.320490150000012,3
101662_1.tex,regreession model greedy,True,17,36.14738750457764,115.19065769250032,17
101710_1.tex,regreession model greedy,True,4,9.131781339645386,9.232412414374984,4
101710_2.tex,regreession model greedy,True,7,16.812317609786987,17.919206814170064,7
53167_3.tex,regreession model greedy,True,4,8.117066383361816,10.201886400000006,4
53177_3.tex,regreession model greedy,True,1,1.2712085247039795,0.0,1
53214_3.tex,regreession model greedy,True,6,12.188688278198242,15.281693014999943,6
53306_2.tex,regreession model greedy,True,16,31.801138162612915,98.8702018130001,16
53321_1.tex,regreession model greedy,True,12,26.045878887176517,48.54335320959986,12
53329_2.tex,regreession model greedy,True,5,12.403508424758911,11.356595575750026,5
53336_1.tex,regreession model greedy,True,16,38.99657130241394,116.03735671999996,16
53353_3.tex,regreession model greedy,True,24,59.296080589294434,323.0891823999999,24
53407_2.tex,regreession model greedy,False,20,55.72402787208557,130.22039996000004,21
53434_1.tex,regreession model greedy,True,37,93.62792992591858,409.5946930039997,37
53446_1.tex,regreession model greedy,False,21,58.25748920440674,142.73170903999997,22
53451_1.tex,regreession model greedy,True,31,76.62621903419495,203.51069042060016,108
53665_2.tex,regreession model greedy,False,25,79.80891513824463,192.77754799201057,26
53669_1.tex,regreession model greedy,True,14,41.87092709541321,80.82593577644973,14
53780_2.tex,regreession model greedy,True,15,44.06947755813599,86.64265315025028,15
53833_2.tex,regreession model greedy,True,8,19.62834358215332,42.54315236646799,8
53882_2.tex,regreession model greedy,False,13,31.921130180358887,65.3817127730004,14
53886_2.tex,regreession model greedy,True,6,12.870341300964355,37.607069957750085,6
53934_3.tex,regreession model greedy,False,6,18.7811381816864,34.229227773250074,7
53971_2.tex,regreession model greedy,True,28,61.34151792526245,199.707676270145,28
54203_1.tex,regreession model greedy,True,7,17.138105392456055,37.76867293329642,7
54214_2.tex,regreession model greedy,True,16,38.422932863235474,70.34267682237464,16
54284_1.tex,regreession model greedy,True,2,4.226861000061035,2.519622731874989,2
54341_1.tex,regreession model greedy,True,8,19.825931787490845,55.81481418999992,8
54343_1.tex,regreession model greedy,True,17,38.935463190078735,159.94535270500018,17
54355_1.tex,regreession model greedy,True,1,2.738332509994507,5.935054280000003,1
54378_2.tex,regreession model greedy,True,8,19.157400846481323,50.25249161300014,8
54390_2.tex,regreession model greedy,True,8,17.649253368377686,39.52809862800004,8
54395_1.tex,regreession model greedy,True,2,3.728805303573608,5.781990150000013,2
54444_1.tex,regreession model greedy,True,18,39.82390761375427,159.02000023000005,18
54454_2.tex,regreession model greedy,True,12,28.1414577960968,76.2038823500001,12
54464_3.tex,regreession model greedy,True,5,8.519046306610107,20.00352087500021,5
54512_3.tex,regreession model greedy,True,4,8.72859787940979,10.956042427800028,4
54735_1.tex,regreession model greedy,True,6,13.18138313293457,25.219931307999985,6
54785_3.tex,regreession model greedy,True,10,24.17669439315796,62.46290303000016,10
54838_3.tex,regreession model greedy,True,19,39.77968716621399,79.73793594042753,19
54862_3.tex,regreession model greedy,True,11,24.16971468925476,45.963985345964296,11
54894_3.tex,regreession model greedy,False,17,42.57377290725708,108.10347190374983,18
54921_2.tex,regreession model greedy,True,20,52.50784540176392,95.86049509641428,20
54941_2.tex,regreession model greedy,True,8,19.935925483703613,16.351980741800105,8
54944_3.tex,regreession model greedy,True,1,2.371830701828003,3.3172981799999945,1
54949_3.tex,regreession model greedy,True,6,14.589511394500732,23.65336142999999,6
54953_1.tex,regreession model greedy,True,19,48.03389835357666,123.3706977370001,19
54977_2.tex,regreession model greedy,True,12,23.08596348762512,51.74002029000016,12
54986_2.tex,regreession model greedy,True,7,13.991121292114258,28.225155150000106,7
55017_2.tex,regreession model greedy,True,16,33.87901163101196,75.21076493400018,16
55023_3.tex,regreession model greedy,False,19,40.99652695655823,108.14824576700022,20
55294_2.tex,regreession model greedy,True,6,9.864680290222168,28.89882412075891,6
55363_1.tex,regreession model greedy,False,9,21.81138253211975,45.57288001269265,10
55403_1.tex,regreession model greedy,True,4,8.04554533958435,22.80711636100001,4
55438_2.tex,regreession model greedy,True,8,14.50554633140564,69.71743390375057,8
55439_2.tex,regreession model greedy,True,7,14.700653791427612,36.122296130000166,7
55455_3.tex,regreession model greedy,True,18,37.70601868629456,150.75104483699982,18
55470_1.tex,regreession model greedy,True,29,64.83457589149475,331.54911071300006,29
55828_2.tex,regreession model greedy,True,9,20.479233980178837,34.29908141324988,9
55988_3.tex,regreession model greedy,True,8,16.994356632232666,42.94851781412101,8
56033_3.tex,regreession model greedy,True,19,40.00012230873108,91.65157092200003,19
56083_2.tex,regreession model greedy,True,3,5.203823566436768,13.703095074999991,3
56261_3.tex,regreession model greedy,True,7,15.557093858718872,20.305988482850186,7
56349_3.tex,regreession model greedy,True,7,13.740407943725586,20.64097601764007,7
56355_1.tex,regreession model greedy,False,19,43.65099954605103,109.789739528541,20
56448_3.tex,regreession model greedy,True,7,12.687052965164185,20.163208630350013,7
56565_1.tex,regreession model greedy,True,1,1.4627339839935305,0.0,1
56569_1.tex,regreession model greedy,True,15,28.329527378082275,67.69634736550026,19
56573_2.tex,regreession model greedy,True,24,51.4105122089386,141.93091374815052,24
56618_2.tex,regreession model greedy,True,5,10.354443073272703,11.14109690000008,5
56628_1.tex,regreession model greedy,True,6,11.671717882156372,22.33718267500004,6
56645_1.tex,regreession model greedy,True,34,76.0781147480011,224.66975899299985,34
56648_3.tex,regreession model greedy,True,6,11.813493728637695,22.739302904414217,6
56663_2.tex,regreession model greedy,True,47,94.65400290489195,447.7652695612505,47
56873_2.tex,regreession model greedy,True,12,25.327077388763428,85.78473078581193,12
56907_2.tex,regreession model greedy,False,11,24.01789140701294,67.70300958782796,12
57083_2.tex,regreession model greedy,True,7,14.0660240650177,35.31534314400005,7
57089_2.tex,regreession model greedy,True,19,39.84139561653137,96.994302065,19
57094_2.tex,regreession model greedy,True,17,35.474581241607666,104.10233828380017,17
57140_2.tex,regreession model greedy,True,2,4.122368335723877,13.921835079999966,2
57145_2.tex,regreession model greedy,True,6,9.286463499069214,34.28124468000033,6
57174_2.tex,regreession model greedy,True,12,24.909796714782715,62.31472932825012,12
57182_3.tex,regreession model greedy,False,16,37.23119020462036,98.60750549300045,17
57218_3.tex,regreession model greedy,True,5,8.58998155593872,28.353222221350087,5
57335_2.tex,regreession model greedy,True,4,9.787836074829102,10.642728790399984,4
57433_3.tex,regreession model greedy,True,9,18.84523200988769,30.06964136749994,9
57442_2.tex,regreession model greedy,True,5,10.45541286468506,13.177811993624973,5
57503_3.tex,regreession model greedy,True,7,14.58485198020935,26.64350472500001,7
57570_1.tex,regreession model greedy,True,8,15.951831340789797,93.68236537750003,8
57589_1.tex,regreession model greedy,True,5,8.509000062942505,20.477529740000136,5
57601_2.tex,regreession model greedy,True,2,3.5147147178649902,5.094619667249987,2
57611_3.tex,regreession model greedy,True,8,15.080271244049072,26.508743694999907,8
57641_3.tex,regreession model greedy,False,10,24.854184865951535,55.28754019600007,11
57646_2.tex,regreession model greedy,False,15,35.272804498672485,119.1678267531337,16
57687_1.tex,regreession model greedy,True,14,24.467920303344727,82.56852901499992,14
57715_2.tex,regreession model greedy,True,4,7.254256248474121,10.463258022000042,4
58057_3.tex,regreession model greedy,True,6,12.394070386886597,18.854197090000014,6
58059_2.tex,regreession model greedy,True,14,30.701953887939453,59.93643199799978,14
58061_3.tex,regreession model greedy,True,39,83.3233425617218,499.97788541175066,39
58062_1.tex,regreession model greedy,True,16,30.89418077468872,75.20302910724827,16
58098_2.tex,regreession model greedy,False,20,42.6463258266449,95.77263881899988,21
58114_1.tex,regreession model greedy,True,15,27.491005182266235,67.19057712499986,15
58117_2.tex,regreession model greedy,True,9,17.998067617416382,39.122925964999965,10
97895_3.tex,regreession model greedy,True,6,12.785616874694824,23.69048523599995,6
97951_1.tex,regreession model greedy,True,8,17.45577883720398,34.378229808550444,8
97998_1.tex,regreession model greedy,True,4,7.70401930809021,13.392316894125006,4
98012_1.tex,regreession model greedy,True,3,4.915961265563965,12.167222728000024,3
98033_2.tex,regreession model greedy,True,8,15.789747953414915,37.32296158720002,8
98047_2.tex,regreession model greedy,True,7,14.074451446533203,28.67625928400024,7
98137_1.tex,regreession model greedy,True,5,7.918202400207519,22.58122921929598,5
98216_2.tex,regreession model greedy,True,6,10.338097095489502,24.780766449820018,6
98242_1.tex,regreession model greedy,True,5,9.247135162353516,21.08142754099994,5
98257_1.tex,regreession model greedy,True,6,10.99817419052124,25.098152203000037,6
98345_3.tex,regreession model greedy,True,2,3.6981687545776367,7.157340030000114,2
98419_3.tex,regreession model greedy,True,4,8.484223127365112,18.67752879999997,4
98445_1.tex,regreession model greedy,True,5,11.135117292404177,16.292762766000447,5
98481_2.tex,regreession model greedy,True,5,10.582622766494753,14.425024314000002,5
98554_2.tex,regreession model greedy,True,7,15.569310903549194,17.138571315642924,7
98557_2.tex,regreession model greedy,True,6,12.25870418548584,20.74503967316399,6
98562_2.tex,regreession model greedy,True,12,23.12226867675781,53.80451599800063,12
98586_3.tex,regreession model greedy,True,21,46.59305191040039,180.9842925597498,21
98618_2.tex,regreession model greedy,True,5,8.721043348312378,22.80637925000031,5
98627_1.tex,regreession model greedy,True,2,3.35160231590271,2.8131202799999926,2
98636_1.tex,regreession model greedy,True,15,30.191450119018555,94.33182426250043,15
98638_1.tex,regreession model greedy,True,4,7.073856830596924,13.369117425000056,4
98683_1.tex,regreession model greedy,True,6,12.654501914978027,21.182775967400023,6
98707_1.tex,regreession model greedy,True,44,86.98216032981873,334.814790837768,44
98711_3.tex,regreession model greedy,False,31,64.54053068161011,213.6463108476665,32
98726_1.tex,regreession model greedy,True,6,10.585891962051392,33.670400000000015,6
98762_2.tex,regreession model greedy,True,8,14.143454313278198,36.55896731500012,8
98773_1.tex,regreession model greedy,True,4,4.803328275680542,11.75889992000002,4
98776_3.tex,regreession model greedy,True,2,3.4855031967163086,3.753192955000003,2
98785_3.tex,regreession model greedy,True,5,7.861112594604492,16.639941539999974,5
98999_1.tex,regreession model greedy,True,11,22.71569561958313,56.097119996751225,11
99045_3.tex,regreession model greedy,True,10,21.01673054695129,81.20450267250018,10
99080_2.tex,regreession model greedy,True,9,18.67215132713318,50.97135206502119,9
99095_3.tex,regreession model greedy,True,1,1.811216115951538,5.783841080000002,1
99098_2.tex,regreession model greedy,True,11,19.409215688705444,74.12682211299999,11
99106_2.tex,regreession model greedy,True,10,21.24431562423706,51.949742451326514,10
99130_3.tex,regreession model greedy,True,8,14.9654438495636,39.982727061295904,8
99143_1.tex,regreession model greedy,True,11,23.66022729873657,67.32737143350013,11
99165_3.tex,regreession model greedy,True,16,31.317683696746823,119.8257307700005,16
99192_1.tex,regreession model greedy,True,3,5.673944711685181,17.114663484999998,3
99206_2.tex,regreession model greedy,True,5,10.123685121536257,23.911860639000025,5
99209_1.tex,regreession model greedy,True,6,10.647808074951172,34.21720917800003,6
99272_1.tex,regreession model greedy,True,20,42.28469657897949,177.83248213499962,20
99276_3.tex,regreession model greedy,True,3,5.232285499572754,18.53312822999992,3
99291_2.tex,regreession model greedy,True,1,1.4507765769958496,5.60693108000001,1
99350_2.tex,regreession model greedy,True,7,14.582618713378906,44.750355572500034,7
99450_2.tex,regreession model greedy,True,1,1.7404451370239258,2.5606316569,1
99524_1.tex,regreession model greedy,True,2,3.729312896728516,6.41094828750002,2
99527_1.tex,regreession model greedy,True,20,41.25782561302185,150.31913475925137,20
99530_2.tex,regreession model greedy,True,3,5.882221937179565,10.872062224897576,3
99531_1.tex,regreession model greedy,True,3,5.792758464813232,9.010721630000036,3
99552_2.tex,regreession model greedy,True,15,31.43738317489624,93.30416647676498,15
99652_1.tex,regreession model greedy,True,16,34.898377895355225,96.90152252683808,16
99698_2.tex,regreession model greedy,False,8,17.69074034690857,56.968888750000055,9
99720_3.tex,regreession model greedy,False,8,17.887702226638794,37.37829872000001,9
99726_1.tex,regreession model greedy,True,14,28.064476013183597,82.24260606299988,14
99750_2.tex,regreession model greedy,True,26,52.82519912719727,198.7506279720008,26
99755_3.tex,regreession model greedy,True,2,1.96577787399292,2.50620056617501,2
99769_3.tex,regreession model greedy,True,24,49.123560190200806,162.48827678091504,24
99779_2.tex,regreession model greedy,False,31,67.75701999664307,233.6205596770002,32
99788_1.tex,regreession model greedy,True,2,2.903672456741333,7.169228125550035,2
99792_2.tex,regreession model greedy,True,2,3.1683034896850586,6.194490149999979,2
99855_2.tex,regreession model greedy,False,35,73.89409732818604,277.39899903900044,36
99857_3.tex,regreession model greedy,True,4,6.470962285995483,8.752602885600027,4
99899_3.tex,regreession model greedy,True,10,19.706907033920288,40.19627673440004,10
99929_2.tex,regreession model greedy,True,14,31.58710026741028,96.5340729500005,14
99990_2.tex,regreession model greedy,True,1,1.702793836593628,2.5196347502500203,1
