Name,Algorithm,Reduced,Iterations,Time,Cost,Total_operators
1050_3.tex,classifciation and regreession model greedy,True,12,16.817660570144653,179.26063029199997,143
1424_2.tex,classifciation and regreession model greedy,True,4,4.68857216835022,39.4724,24
1430_2.tex,classifciation and regreession model greedy,True,3,3.881858348846436,32.6472,27
1568_1.tex,classifciation and regreession model greedy,True,5,5.642693758010864,25.51203836672245,20
1589_3.tex,classifciation and regreession model greedy,True,9,11.816631555557253,104.74689118199996,84
1613_2.tex,classifciation and regreession model greedy,True,12,18.2749502658844,147.22695705032595,207
2021_2.tex,classifciation and regreession model greedy,True,2,2.771909236907959,22.34202023220002,29
2495_3.tex,classifciation and regreession model greedy,True,10,12.798828840255736,134.7779824349999,123
2580_1.tex,classifciation and regreession model greedy,True,3,3.323539018630981,18.64723810108002,30
2584_1.tex,classifciation and regreession model greedy,True,10,12.764742136001589,79.43614224020017,70
2637_1.tex,classifciation and regreession model greedy,True,12,17.177181482315063,138.89950904470936,79
2642_2.tex,classifciation and regreession model greedy,True,5,6.299307584762573,57.09229265115606,66
2659_2.tex,classifciation and regreession model greedy,True,25,35.87727332115173,243.7268485078561,384
2906_3.tex,classifciation and regreession model greedy,True,4,4.984945297241211,61.35867475249996,51
2973_2.tex,classifciation and regreession model greedy,True,5,6.293124914169312,74.26889425999984,59
3004_1.tex,classifciation and regreession model greedy,True,9,13.603522777557371,137.209741129272,174
3051_3.tex,classifciation and regreession model greedy,True,4,6.470816135406494,47.8916,53
3118_2.tex,classifciation and regreession model greedy,True,7,10.113617897033691,91.05638900445732,123
3118_3.tex,classifciation and regreession model greedy,True,11,14.31660223007202,66.49169715956005,75
313_3.tex,classifciation and regreession model greedy,True,8,20.89859294891357,164.0488655958718,197
316_3.tex,classifciation and regreession model greedy,True,4,5.938249588012695,82.90781828008404,84
3193_2.tex,classifciation and regreession model greedy,True,13,18.115057229995728,118.37686845075012,128
3213_2.tex,classifciation and regreession model greedy,True,12,15.387118816375732,67.20509922462497,109
3224_1.tex,classifciation and regreession model greedy,True,11,15.492584466934204,97.7565129080223,162
3229_2.tex,classifciation and regreession model greedy,True,24,37.10506892204285,269.348708949742,374
3238_3.tex,classifciation and regreession model greedy,True,5,15.206246852874756,36.24452304000003,35
3771_2.tex,classifciation and regreession model greedy,True,11,18.32637357711792,133.6891787497807,197
3771_3.tex,classifciation and regreession model greedy,True,13,19.314085960388184,177.46654368200018,216
3774_1.tex,classifciation and regreession model greedy,True,17,24.06299042701721,280.49567558905005,380
412_2.tex,classifciation and regreession model greedy,True,8,12.115115880966188,188.07611621220008,185
4157_3.tex,classifciation and regreession model greedy,True,6,9.72115445137024,129.08030732,107
4161_2.tex,classifciation and regreession model greedy,True,4,5.993593215942383,24.547921395669967,31
4163_3.tex,classifciation and regreession model greedy,True,7,9.801859378814695,65.90876745624992,70
4168_3.tex,classifciation and regreession model greedy,True,21,31.74331879615784,294.652454594128,283
4192_1.tex,classifciation and regreession model greedy,True,9,12.63389015197754,129.42626372000015,168
4202_2.tex,classifciation and regreession model greedy,True,7,8.457844018936157,35.42635380900001,31
4279_3.tex,classifciation and regreession model greedy,True,21,28.515172481536865,210.57486721400016,185
4571_3.tex,classifciation and regreession model greedy,True,11,17.683860063552856,118.04702213000006,132
464_3.tex,classifciation and regreession model greedy,True,2,2.7178966999053955,20.02,10
4677_2.tex,classifciation and regreession model greedy,True,4,5.121871471405029,17.880338173750012,20
4681_2.tex,classifciation and regreession model greedy,True,12,12.423568725585938,100.73360274925903,44
4728_3.tex,classifciation and regreession model greedy,True,13,14.88399076461792,151.5103194349339,138
4738_1.tex,classifciation and regreession model greedy,True,11,18.102466583251957,147.77159948705997,203
4808_3.tex,classifciation and regreession model greedy,True,20,26.68690085411072,188.90982833799995,215
484_2.tex,classifciation and regreession model greedy,True,6,7.170737266540527,107.03672710354812,85
487_1.tex,classifciation and regreession model greedy,True,1,1.0091001987457275,3.661303180000033,4
508_3.tex,classifciation and regreession model greedy,True,10,14.786316394805908,181.83501764411787,226
5147_3.tex,classifciation and regreession model greedy,True,11,18.285306930541992,148.90046586499994,85
5248_1.tex,classifciation and regreession model greedy,True,10,12.976595401763916,182.668761788612,115
5269_2.tex,classifciation and regreession model greedy,True,8,9.53262209892273,63.807658733770985,56
5338_3.tex,classifciation and regreession model greedy,True,6,7.450884580612183,66.68668050758987,77
537_2.tex,classifciation and regreession model greedy,True,22,32.299379110336304,298.21987205375024,452
5385_2.tex,classifciation and regreession model greedy,True,11,15.000502347946169,54.267032918382974,42
5754_1.tex,classifciation and regreession model greedy,True,1,1.295628547668457,7.285954080000181,9
5860_1.tex,classifciation and regreession model greedy,True,4,4.543212890625,34.05548955375009,19
5887_2.tex,classifciation and regreession model greedy,True,24,29.622764110565186,229.70959336974997,141
5925_1.tex,classifciation and regreession model greedy,True,4,4.530991792678833,26.31047334250006,32
6111_3.tex,classifciation and regreession model greedy,True,2,2.2780075073242188,10.713371366000048,10
6127_1.tex,classifciation and regreession model greedy,True,8,10.869779586791992,114.29155357479998,88
6217_2.tex,classifciation and regreession model greedy,True,16,19.726285219192505,120.45900879700002,97
6252_1.tex,classifciation and regreession model greedy,True,12,14.773611545562744,105.5353042824568,132
62909_3.tex,classifciation and regreession model greedy,True,8,10.675013780593872,75.97602023479199,101
62915_1.tex,classifciation and regreession model greedy,True,5,5.799964666366577,24.744006602999946,23
62940_3.tex,classifciation and regreession model greedy,True,4,4.755398750305176,10.438071283047975,12
62992_1.tex,classifciation and regreession model greedy,True,8,10.527004480361938,70.63693937500018,140
63052_3.tex,classifciation and regreession model greedy,True,9,12.165350437164308,67.90759789276012,106
63063_1.tex,classifciation and regreession model greedy,True,11,13.058424711227415,56.94527736050007,61
63072_1.tex,classifciation and regreession model greedy,True,9,9.22290301322937,130.1272528,92
63117_3.tex,classifciation and regreession model greedy,True,11,13.70607089996338,69.17342743824227,89
63118_2.tex,classifciation and regreession model greedy,True,29,39.43821048736572,412.63700693499993,160
63148_2.tex,classifciation and regreession model greedy,True,10,12.870689630508425,75.47824600399997,130
6330_3.tex,classifciation and regreession model greedy,True,12,15.87702178955078,111.45000721000058,110
6342_1.tex,classifciation and regreession model greedy,True,17,23.895587921142575,181.7643758377256,234
63451_2.tex,classifciation and regreession model greedy,True,16,24.31264972686768,172.70789903499983,221
63455_3.tex,classifciation and regreession model greedy,True,11,16.99917960166931,148.67516402374986,160
63488_3.tex,classifciation and regreession model greedy,True,5,7.277538061141968,48.27539174399988,62
63502_2.tex,classifciation and regreession model greedy,True,8,10.985411643981934,88.3726539680642,152
63532_1.tex,classifciation and regreession model greedy,True,5,5.621563196182251,47.15657694500016,47
6354_3.tex,classifciation and regreession model greedy,True,9,11.6272075176239,113.068218484,164
63576_2.tex,classifciation and regreession model greedy,True,18,20.281474590301517,230.4055199117575,117
63608_3.tex,classifciation and regreession model greedy,True,22,30.058107376098636,177.4283007600005,104
63609_2.tex,classifciation and regreession model greedy,True,36,52.96369481086731,611.4026499096749,481
63668_2.tex,classifciation and regreession model greedy,True,6,6.784735202789307,27.664615812000125,25
63783_3.tex,classifciation and regreession model greedy,True,3,4.349964141845703,20.310648265000037,17
63824_1.tex,classifciation and regreession model greedy,True,3,4.608421087265015,200.31163416574253,107
6387_3.tex,classifciation and regreession model greedy,True,15,17.57298994064331,179.48171955,137
6401_1.tex,classifciation and regreession model greedy,True,4,5.570844888687134,26.093899999999984,36
64069_2.tex,classifciation and regreession model greedy,True,8,9.719491004943848,58.63138680000016,62
64129_3.tex,classifciation and regreession model greedy,True,1,1.095858812332153,10.086892160000048,24
64150_1.tex,classifciation and regreession model greedy,True,32,46.34807538986206,324.57864978716646,191
64239_1.tex,classifciation and regreession model greedy,True,26,33.44103646278381,184.94978244479967,222
64252_2.tex,classifciation and regreession model greedy,True,8,10.026849031448364,35.37952588249994,63
64254_1.tex,classifciation and regreession model greedy,True,4,4.427222490310669,17.588046271800003,26
64443_2.tex,classifciation and regreession model greedy,True,6,7.826513767242432,99.79646673742342,98
64443_3.tex,classifciation and regreession model greedy,True,3,5.343864440917969,89.1210044567979,86
64453_3.tex,classifciation and regreession model greedy,True,7,9.192263126373293,106.4954844797019,160
64458_3.tex,classifciation and regreession model greedy,True,8,11.384332418441772,78.58806510421391,140
64468_1.tex,classifciation and regreession model greedy,True,4,5.286832094192505,28.407779024999925,62
64485_2.tex,classifciation and regreession model greedy,True,8,9.574223279953005,119.74283757499988,79
64493_1.tex,classifciation and regreession model greedy,True,9,12.903055429458618,136.807809805,97
64493_2.tex,classifciation and regreession model greedy,False,6,10.020832777023315,80.74435624000009,125
64580_1.tex,classifciation and regreession model greedy,True,19,28.27283096313477,149.2698621538282,205
64602_2.tex,classifciation and regreession model greedy,True,14,17.651675939559937,172.54513749000037,79
64638_1.tex,classifciation and regreession model greedy,True,3,3.9507768154144287,30.924483330000054,51
64671_1.tex,classifciation and regreession model greedy,True,12,14.790293216705322,72.44625223680006,77
64679_2.tex,classifciation and regreession model greedy,True,24,29.42534804344177,209.30001702900108,137
64744_1.tex,classifciation and regreession model greedy,False,19,26.755576372146606,177.67179627662546,237
64745_1.tex,classifciation and regreession model greedy,True,34,47.39797115325928,370.0632424361511,151
65039_1.tex,classifciation and regreession model greedy,True,11,15.689811706542969,133.5201627549999,87
65081_2.tex,classifciation and regreession model greedy,True,10,13.89484715461731,88.35099633400007,89
65110_2.tex,classifciation and regreession model greedy,True,10,16.800082683563232,109.08643129731767,163
65271_2.tex,classifciation and regreession model greedy,True,6,6.911814451217651,73.43020026000003,61
65516_1.tex,classifciation and regreession model greedy,True,2,2.7242019176483154,75.19970832000006,68
65549_1.tex,classifciation and regreession model greedy,True,6,8.58088994026184,64.96168115200001,124
65584_2.tex,classifciation and regreession model greedy,True,3,3.420165061950684,25.482415560000085,20
65623_3.tex,classifciation and regreession model greedy,True,6,7.141686916351318,56.74790481199999,45
65645_2.tex,classifciation and regreession model greedy,True,5,7.205538272857666,109.05104137921502,141
65670_3.tex,classifciation and regreession model greedy,True,5,5.850551128387451,47.75064759999995,15
65724_2.tex,classifciation and regreession model greedy,True,8,10.19653344154358,79.09826994579191,123
65752_3.tex,classifciation and regreession model greedy,True,4,4.856614351272583,37.470907608800026,75
65761_2.tex,classifciation and regreession model greedy,False,14,19.670976877212524,88.78034750764205,163
65777_2.tex,classifciation and regreession model greedy,True,7,8.551362037658691,70.27906353999997,49
65794_3.tex,classifciation and regreession model greedy,True,4,5.49872350692749,36.59470464,24
65816_2.tex,classifciation and regreession model greedy,True,5,5.772449731826782,25.607272518496085,22
65818_3.tex,classifciation and regreession model greedy,True,3,3.3024332523345947,10.740672003199933,11
65826_2.tex,classifciation and regreession model greedy,True,20,29.46189022064209,210.88602404640005,179
65826_3.tex,classifciation and regreession model greedy,True,8,21.678640842437744,51.84242894240009,68
65866_1.tex,classifciation and regreession model greedy,True,17,33.52519941329956,187.6040733075,246
65963_1.tex,classifciation and regreession model greedy,True,11,18.352890968322757,49.00631975019695,50
66087_1.tex,classifciation and regreession model greedy,True,16,26.906540870666504,173.5409925005199,131
66222_2.tex,classifciation and regreession model greedy,True,10,14.32406735420227,137.09259261000017,99
66264_2.tex,classifciation and regreession model greedy,False,4,7.423693895339966,14.103669524999988,29
66278_2.tex,classifciation and regreession model greedy,True,10,15.761383056640623,113.69505171319996,125
66316_1.tex,classifciation and regreession model greedy,True,11,15.137563467025757,172.71065673499996,182
66326_3.tex,classifciation and regreession model greedy,True,7,9.35513973236084,84.81905879999997,67
66333_1.tex,classifciation and regreession model greedy,True,7,8.997897863388062,42.090775090000136,41
66394_3.tex,classifciation and regreession model greedy,True,14,19.40853977203369,127.55782724403494,152
66619_2.tex,classifciation and regreession model greedy,True,7,10.331183910369871,123.1728764717486,104
66624_3.tex,classifciation and regreession model greedy,True,8,12.102169275283812,160.64675378499987,169
66625_2.tex,classifciation and regreession model greedy,False,4,7.926872968673706,57.584916676250096,121
66691_2.tex,classifciation and regreession model greedy,True,10,14.183012962341309,132.18674430836,128
66697_3.tex,classifciation and regreession model greedy,True,20,27.50528359413147,295.6579684547499,117
66720_2.tex,classifciation and regreession model greedy,True,5,6.040273666381836,85.14932592517002,93
66741_2.tex,classifciation and regreession model greedy,False,19,27.5203275680542,135.62674287325996,214
66773_1.tex,classifciation and regreession model greedy,True,10,13.453747034072876,79.52625015499999,45
66791_3.tex,classifciation and regreession model greedy,True,15,21.34769630432129,223.8469516853301,185
66820_3.tex,classifciation and regreession model greedy,True,19,26.473901748657227,239.4450057698477,129
66842_3.tex,classifciation and regreession model greedy,True,20,31.00390338897705,215.1886158505361,196
66895_1.tex,classifciation and regreession model greedy,True,7,8.92619252204895,48.99392210479997,39
66922_3.tex,classifciation and regreession model greedy,True,30,40.78885340690613,290.4946595840002,263
67063_2.tex,classifciation and regreession model greedy,True,8,11.203131914138794,31.520282332000047,71
67134_1.tex,classifciation and regreession model greedy,True,3,3.857631206512451,100.21502435459998,55
67159_3.tex,classifciation and regreession model greedy,False,8,14.242040634155272,66.30167095158832,102
67166_3.tex,classifciation and regreession model greedy,True,4,5.306685447692871,60.64044091640598,73
67197_1.tex,classifciation and regreession model greedy,True,6,7.942276239395142,126.62025068000004,65
67235_3.tex,classifciation and regreession model greedy,True,2,2.533812999725342,13.170988153599993,23
67247_1.tex,classifciation and regreession model greedy,True,15,22.05848836898804,181.22114232439975,269
67272_3.tex,classifciation and regreession model greedy,True,17,25.074201583862305,251.0419277894,268
67276_2.tex,classifciation and regreession model greedy,True,9,12.118624687194824,40.78048044675695,48
67281_2.tex,classifciation and regreession model greedy,True,12,15.965030193328856,65.44688003652092,84
6731_3.tex,classifciation and regreession model greedy,True,11,14.76619839668274,131.49622548000002,41
67367_1.tex,classifciation and regreession model greedy,True,5,5.8770787715911865,16.17457396699996,19
67405_3.tex,classifciation and regreession model greedy,True,24,27.473506927490234,296.6984097462501,122
67420_2.tex,classifciation and regreession model greedy,True,7,8.395266056060791,76.86729152999997,87
67423_3.tex,classifciation and regreession model greedy,True,6,8.096833944320679,50.538717560000094,77
6755_3.tex,classifciation and regreession model greedy,True,13,18.42142629623413,100.81870022400405,114
6791_2.tex,classifciation and regreession model greedy,True,6,7.937525510787964,59.60682607096009,39
6881_3.tex,classifciation and regreession model greedy,True,6,8.47910737991333,65.51484874154212,77
6897_1.tex,classifciation and regreession model greedy,True,13,17.925585985183716,179.70229815326002,160
6942_1.tex,classifciation and regreession model greedy,True,9,11.36949110031128,78.11599003499998,50
6975_1.tex,classifciation and regreession model greedy,True,3,3.385196685791016,22.83194714,28
7342_2.tex,classifciation and regreession model greedy,True,8,13.945153951644896,117.53382843489986,230
7413_1.tex,classifciation and regreession model greedy,True,9,10.568445682525637,137.51290863200026,67
7539_3.tex,classifciation and regreession model greedy,False,8,11.73986029624939,68.6934257233919,128
7556_2.tex,classifciation and regreession model greedy,True,11,15.546412229537964,89.73702401260124,181
7774_1.tex,classifciation and regreession model greedy,True,4,6.024689674377441,49.50321845111645,101
7877_3.tex,classifciation and regreession model greedy,True,15,21.543680429458615,198.86274189499971,240
7880_2.tex,classifciation and regreession model greedy,True,11,16.863359689712524,202.86201016000007,183
7909_3.tex,classifciation and regreession model greedy,True,3,3.3133859634399414,19.101395090000004,17
7919_3.tex,classifciation and regreession model greedy,True,14,17.367044925689697,119.29020635000047,134
7925_1.tex,classifciation and regreession model greedy,True,6,7.209895849227905,91.45619639706,62
7977_1.tex,classifciation and regreession model greedy,True,23,32.238444566726685,277.8502964687271,367
7995_2.tex,classifciation and regreession model greedy,True,13,15.537086486816406,118.9320255999998,39
8019_2.tex,classifciation and regreession model greedy,True,4,4.629364013671875,19.54616089999986,15
8085_1.tex,classifciation and regreession model greedy,True,22,28.66177582740784,233.6902850220002,297
8373_1.tex,classifciation and regreession model greedy,True,14,19.09896850585937,192.97364484682504,106
8413_3.tex,classifciation and regreession model greedy,True,14,18.69013237953186,170.32762352786347,198
8481_1.tex,classifciation and regreession model greedy,True,10,13.727001905441284,153.21487667454733,139
8492_1.tex,classifciation and regreession model greedy,True,4,5.460418939590454,89.43048488000053,65
8531_2.tex,classifciation and regreession model greedy,True,8,10.447424411773682,35.21327797659328,41
858_2.tex,classifciation and regreession model greedy,True,3,4.305512666702271,57.14919999999997,94
8614_1.tex,classifciation and regreession model greedy,True,7,8.906238317489624,78.5361239979711,105
8621_2.tex,classifciation and regreession model greedy,True,20,28.26129794120789,192.94407465376008,182
8953_3.tex,classifciation and regreession model greedy,True,14,18.675419092178345,233.65445421917585,274
8954_1.tex,classifciation and regreession model greedy,True,2,2.498934507369995,5.973886866354491,4
8959_1.tex,classifciation and regreession model greedy,True,7,9.6965811252594,59.03390882582504,97
9032_1.tex,classifciation and regreession model greedy,True,15,20.530956268310547,176.62978451900003,126
101767_1.tex,classifciation and regreession model greedy,True,12,19.090476751327515,157.26128300499997,164
101798_3.tex,classifciation and regreession model greedy,True,10,12.483778953552246,65.25402878521395,113
101813_1.tex,classifciation and regreession model greedy,True,14,16.86106038093567,132.33451677574408,139
101830_3.tex,classifciation and regreession model greedy,True,19,25.80012440681457,92.88229632170687,64
101836_2.tex,classifciation and regreession model greedy,True,15,19.96756649017334,172.0003089660557,296
101840_3.tex,classifciation and regreession model greedy,True,9,11.030208826065063,91.00288578499998,148
101918_1.tex,classifciation and regreession model greedy,True,14,16.170138597488403,106.11485895004022,144
101980_1.tex,classifciation and regreession model greedy,True,8,8.972070455551147,84.92222537499991,90
102128_3.tex,classifciation and regreession model greedy,True,18,23.331647872924805,118.47400361580056,70
102227_1.tex,classifciation and regreession model greedy,True,11,13.331982851028442,118.63797513660047,67
102289_2.tex,classifciation and regreession model greedy,False,5,6.686145305633545,50.0958814650005,55
102320_3.tex,classifciation and regreession model greedy,True,7,10.589023351669312,107.85894650282609,117
102343_2.tex,classifciation and regreession model greedy,True,14,19.85101294517517,110.64724829586292,171
102358_1.tex,classifciation and regreession model greedy,True,11,14.12072491645813,57.32159328559998,94
102404_1.tex,classifciation and regreession model greedy,True,4,4.213376760482788,38.67852297000025,27
102419_3.tex,classifciation and regreession model greedy,True,12,13.598485231399536,112.31365567000006,122
102428_3.tex,classifciation and regreession model greedy,True,13,14.247001886367798,139.62259676300002,24
102467_3.tex,classifciation and regreession model greedy,True,7,8.140437841415405,34.20165613593505,34
102489_2.tex,classifciation and regreession model greedy,False,31,39.55058431625366,390.4173952493,460
102564_3.tex,classifciation and regreession model greedy,False,8,9.66629147529602,39.62150675579197,57
102740_2.tex,classifciation and regreession model greedy,True,6,7.647118091583252,116.502505675,92
102797_2.tex,classifciation and regreession model greedy,False,34,51.255470275878906,1656.665708857494,325
102798_3.tex,classifciation and regreession model greedy,True,9,14.602922677993774,98.57193808719995,133
102819_1.tex,classifciation and regreession model greedy,True,7,9.330146312713625,124.06850994500005,57
102919_2.tex,classifciation and regreession model greedy,True,12,20.986783742904663,157.92965615500003,212
102931_1.tex,classifciation and regreession model greedy,True,5,9.556678771972656,44.96729067999996,47
103028_3.tex,classifciation and regreession model greedy,True,19,41.32511305809021,217.90838147900007,294
103042_1.tex,classifciation and regreession model greedy,False,5,11.823675155639648,48.107283550000034,49
103050_3.tex,classifciation and regreession model greedy,False,4,10.527092456817629,28.363769795000067,46
103074_3.tex,classifciation and regreession model greedy,False,8,18.14493417739868,68.50694296499996,86
103090_3.tex,classifciation and regreession model greedy,True,31,66.30258512496948,326.19883450275023,173
103099_2.tex,classifciation and regreession model greedy,False,9,19.39629101753235,42.66216497499991,50
103230_2.tex,classifciation and regreession model greedy,True,3,7.094602108001709,29.759976769999977,69
103240_3.tex,classifciation and regreession model greedy,True,21,33.99173665046692,134.65874864364093,176
103257_2.tex,classifciation and regreession model greedy,True,2,3.5713813304901123,74.07957879000001,27
103265_1.tex,classifciation and regreession model greedy,True,6,12.214404344558716,104.91028951500004,100
103316_2.tex,classifciation and regreession model greedy,True,8,17.568889379501343,106.36501587600006,111
103318_1.tex,classifciation and regreession model greedy,True,11,24.934248685836792,160.72808165299992,165
103322_3.tex,classifciation and regreession model greedy,True,6,13.379451751708984,116.81074476867202,146
103421_3.tex,classifciation and regreession model greedy,True,15,34.24390268325806,153.16274673,256
103466_1.tex,classifciation and regreession model greedy,True,8,15.259908437728882,98.94469017999992,74
103486_1.tex,classifciation and regreession model greedy,True,16,36.09273838996887,145.71871883000006,119
103495_2.tex,classifciation and regreession model greedy,True,7,14.208887815475464,62.77652045000002,84
103524_3.tex,classifciation and regreession model greedy,True,8,16.181056261062622,54.71051354000003,61
103600_3.tex,classifciation and regreession model greedy,True,13,24.11348962783813,109.93236680000015,63
103623_2.tex,classifciation and regreession model greedy,True,11,21.09279584884644,58.3945420369999,69
103935_1.tex,classifciation and regreession model greedy,True,7,14.898746252059937,125.46336745249988,69
103943_1.tex,classifciation and regreession model greedy,True,18,46.25997567176819,179.79106884618284,320
103952_2.tex,classifciation and regreession model greedy,True,12,26.95940637588501,209.4272539772398,95
103984_3.tex,classifciation and regreession model greedy,False,15,36.91089463233948,139.28786032302273,102
104017_1.tex,classifciation and regreession model greedy,True,3,5.45586633682251,30.81000624,31
104024_2.tex,classifciation and regreession model greedy,True,8,14.963007926940918,127.42281974000004,68
104028_3.tex,classifciation and regreession model greedy,True,10,15.40248203277588,126.42808346999992,90
104093_2.tex,classifciation and regreession model greedy,True,10,14.541253566741943,51.296008468263096,63
104095_2.tex,classifciation and regreession model greedy,True,11,23.69179630279541,83.92510428037808,125
104098_1.tex,classifciation and regreession model greedy,True,29,67.5156614780426,279.30491881810565,171
104128_1.tex,classifciation and regreession model greedy,True,6,11.658297300338743,66.75592609999993,55
104154_3.tex,classifciation and regreession model greedy,True,4,7.425287008285522,21.469265671296064,21
104167_2.tex,classifciation and regreession model greedy,True,5,9.267499685287476,24.753466559000024,31
104200_2.tex,classifciation and regreession model greedy,True,19,40.19087362289429,220.7572526600001,198
104289_1.tex,classifciation and regreession model greedy,True,4,8.926678657531738,217.83926425599984,71
104314_2.tex,classifciation and regreession model greedy,True,16,23.780994415283203,116.8737764848666,80
104420_1.tex,classifciation and regreession model greedy,True,4,9.209824562072754,114.68164081020493,162
104428_3.tex,classifciation and regreession model greedy,True,4,7.2413489818573,43.982231511247896,95
104434_1.tex,classifciation and regreession model greedy,True,7,13.9768385887146,101.51439135410703,173
104470_1.tex,classifciation and regreession model greedy,True,6,12.395101308822632,104.69547279999988,61
104481_3.tex,classifciation and regreession model greedy,True,11,23.154220581054688,190.0824397870001,91
104540_2.tex,classifciation and regreession model greedy,True,12,25.969662189483643,107.1733847057075,232
104557_3.tex,classifciation and regreession model greedy,True,7,13.183041095733644,85.82695959000047,55
104566_3.tex,classifciation and regreession model greedy,True,16,33.51614499092102,272.6049615274998,145
104585_3.tex,classifciation and regreession model greedy,True,1,1.5594854354858398,3.5116746399999954,4
104598_1.tex,classifciation and regreession model greedy,True,12,25.4805600643158,156.9497617545199,109
104601_1.tex,classifciation and regreession model greedy,True,10,20.298844814300537,106.26017657500432,120
104608_3.tex,classifciation and regreession model greedy,True,9,19.6865713596344,95.7977137054002,123
104651_1.tex,classifciation and regreession model greedy,False,30,69.19042587280273,296.27822705730995,523
104678_3.tex,classifciation and regreession model greedy,True,8,15.700769186019896,59.10088098000017,62
104686_2.tex,classifciation and regreession model greedy,True,18,36.94016075134277,238.52019983999972,240
104715_2.tex,classifciation and regreession model greedy,False,16,34.349244832992554,163.75642676599978,251
104841_1.tex,classifciation and regreession model greedy,True,6,14.288522481918337,152.30959289520018,87
104916_1.tex,classifciation and regreession model greedy,True,6,12.274759769439695,123.34926856,101
104973_2.tex,classifciation and regreession model greedy,True,13,31.1777446269989,149.6522772527968,273
104988_1.tex,classifciation and regreession model greedy,True,13,26.37078881263733,189.5878672999999,74
105006_2.tex,classifciation and regreession model greedy,True,8,17.325237035751343,109.88837770000004,104
105030_2.tex,classifciation and regreession model greedy,True,5,10.217016458511353,41.39322663251995,57
105062_3.tex,classifciation and regreession model greedy,True,7,15.142314434051514,95.410245644992,159
105080_2.tex,classifciation and regreession model greedy,True,8,12.285753011703491,92.34128964100007,109
105135_1.tex,classifciation and regreession model greedy,True,16,23.76476526260376,170.64622661692792,154
105162_3.tex,classifciation and regreession model greedy,True,9,13.90211796760559,142.23685918551985,159
105175_1.tex,classifciation and regreession model greedy,True,15,24.868778467178345,153.53684896316304,249
105216_3.tex,classifciation and regreession model greedy,True,12,14.830066442489624,107.87259324000068,119
105234_2.tex,classifciation and regreession model greedy,True,15,18.10084652900696,187.390923646414,152
105269_1.tex,classifciation and regreession model greedy,True,11,12.300845384597778,92.19037197750006,124
105284_2.tex,classifciation and regreession model greedy,True,27,38.17808151245117,309.56553986349985,359
105470_1.tex,classifciation and regreession model greedy,True,5,11.032691478729248,140.70224513993605,126
105500_3.tex,classifciation and regreession model greedy,True,8,19.21644401550293,168.40467165390004,168
105544_1.tex,classifciation and regreession model greedy,True,7,14.543660163879396,113.5494784,60
105551_3.tex,classifciation and regreession model greedy,True,5,10.405336141586304,27.165029415000035,19
105553_1.tex,classifciation and regreession model greedy,True,10,19.018646478652958,122.81163075673896,71
58175_3.tex,classifciation and regreession model greedy,True,9,17.470262050628662,47.8873979735001,48
58206_2.tex,classifciation and regreession model greedy,True,41,90.72122478485107,496.3072219087504,385
58211_3.tex,classifciation and regreession model greedy,True,37,87.10977721214294,490.613167179,677
58234_1.tex,classifciation and regreession model greedy,True,19,41.9478645324707,212.65804870624984,105
58246_3.tex,classifciation and regreession model greedy,True,18,35.39266586303711,192.58890485625,115
58253_1.tex,classifciation and regreession model greedy,True,15,30.069685459136963,76.34738775099996,64
58276_2.tex,classifciation and regreession model greedy,True,1,1.5458159446716309,0.0,1
58281_3.tex,classifciation and regreession model greedy,True,38,84.87296772003174,441.8770613261901,413
58302_1.tex,classifciation and regreession model greedy,True,30,64.25557017326355,296.1303249720001,182
58583_2.tex,classifciation and regreession model greedy,True,6,13.351319551467896,114.00892554999994,60
58598_1.tex,classifciation and regreession model greedy,True,3,6.16161060333252,57.20231128000002,54
58626_3.tex,classifciation and regreession model greedy,True,15,35.24591088294983,294.1453174700839,344
58630_2.tex,classifciation and regreession model greedy,True,4,8.774016857147217,52.55140365920001,48
58671_2.tex,classifciation and regreession model greedy,True,3,5.675619125366211,27.939205840000007,21
58724_3.tex,classifciation and regreession model greedy,True,8,17.250016450881958,131.46512394514502,104
58725_3.tex,classifciation and regreession model greedy,True,11,26.208662271499637,207.90365339736,154
58744_2.tex,classifciation and regreession model greedy,True,3,6.066966533660889,28.911826025999986,40
58765_1.tex,classifciation and regreession model greedy,False,9,18.675772666931152,90.79902404375004,37
58775_3.tex,classifciation and regreession model greedy,True,12,21.81075859069824,135.97084396000028,33
58807_2.tex,classifciation and regreession model greedy,True,16,36.35016202926636,202.12264922481987,261
58816_1.tex,classifciation and regreession model greedy,True,15,20.48806619644165,184.31755520000007,125
58844_2.tex,classifciation and regreession model greedy,True,13,15.740609645843506,203.05715697999997,251
59024_1.tex,classifciation and regreession model greedy,True,1,1.020775556564331,33.67438586,22
59055_2.tex,classifciation and regreession model greedy,True,4,4.987586736679077,86.05343427250001,98
59234_3.tex,classifciation and regreession model greedy,True,8,9.262075901031494,139.43999270456996,95
59236_3.tex,classifciation and regreession model greedy,True,4,7.380567789077759,80.17164444000007,88
59290_3.tex,classifciation and regreession model greedy,True,22,34.22448205947876,395.25233369999984,314
59321_3.tex,classifciation and regreession model greedy,True,10,11.24433207511902,127.78668777499996,85
59342_2.tex,classifciation and regreession model greedy,True,10,11.449780464172363,92.23629328624214,98
59345_3.tex,classifciation and regreession model greedy,True,7,8.302261352539062,71.3789944996399,108
59356_1.tex,classifciation and regreession model greedy,True,11,12.583195447921751,127.52123516000006,155
59399_2.tex,classifciation and regreession model greedy,True,13,15.88742470741272,113.08185024725007,263
59609_3.tex,classifciation and regreession model greedy,True,10,13.069448471069336,127.67594972826994,157
59685_1.tex,classifciation and regreession model greedy,True,4,4.930722236633301,45.01110798879999,67
59721_2.tex,classifciation and regreession model greedy,True,14,18.35240340232849,150.75936573000004,240
59739_2.tex,classifciation and regreession model greedy,True,10,11.845705032348633,112.85026959999983,76
59765_1.tex,classifciation and regreession model greedy,True,13,14.847594022750854,170.05350555199993,163
59768_3.tex,classifciation and regreession model greedy,True,7,8.493039608001709,101.71215471,65
59795_1.tex,classifciation and regreession model greedy,True,5,5.501724720001221,47.09999832999996,60
59872_1.tex,classifciation and regreession model greedy,True,4,4.200292348861694,34.92086244427203,41
59885_3.tex,classifciation and regreession model greedy,True,5,5.472246170043945,35.68775218750005,43
59886_1.tex,classifciation and regreession model greedy,True,15,18.473479747772217,157.98066125969882,153
59889_1.tex,classifciation and regreession model greedy,True,6,6.526893615722656,41.060796659999966,70
59910_3.tex,classifciation and regreession model greedy,True,7,8.111027956008911,58.00229016197475,72
60111_2.tex,classifciation and regreession model greedy,True,3,3.4226326942443848,24.22292350000001,22
60135_3.tex,classifciation and regreession model greedy,False,2,3.8709681034088135,35.08187877600017,68
60187_3.tex,classifciation and regreession model greedy,False,9,12.903498888015749,103.65601583125004,40
60226_3.tex,classifciation and regreession model greedy,True,8,9.354545831680298,73.89626382900065,64
60273_3.tex,classifciation and regreession model greedy,True,7,8.224711418151855,74.55791807999992,50
60322_1.tex,classifciation and regreession model greedy,True,6,6.6554577350616455,45.559676294000006,24
60377_3.tex,classifciation and regreession model greedy,True,7,8.058000564575195,113.45204684000004,58
60404_2.tex,classifciation and regreession model greedy,True,11,13.737101793289185,163.19561644499998,238
60425_2.tex,classifciation and regreession model greedy,True,6,7.017306089401245,52.13924814650196,72
60657_2.tex,classifciation and regreession model greedy,True,6,7.218198537826538,68.738929786,52
60659_3.tex,classifciation and regreession model greedy,True,3,3.451688528060913,55.03884846000002,40
60689_2.tex,classifciation and regreession model greedy,True,6,7.978278636932373,99.18368834499994,142
60774_2.tex,classifciation and regreession model greedy,True,22,29.68327379226685,341.2092874215648,218
60785_1.tex,classifciation and regreession model greedy,True,11,17.02566957473755,146.28517995447987,147
60836_3.tex,classifciation and regreession model greedy,True,4,4.528967142105103,54.45295500000001,35
60865_1.tex,classifciation and regreession model greedy,True,22,27.6572265625,254.2479141436504,247
60914_2.tex,classifciation and regreession model greedy,True,16,20.550931930541992,343.36671478,115
60950_2.tex,classifciation and regreession model greedy,True,5,6.042305707931519,47.22274157559994,38
60966_1.tex,classifciation and regreession model greedy,True,3,3.724698066711426,12.953281630913978,18
60967_3.tex,classifciation and regreession model greedy,True,20,26.26677346229553,241.16961709975,129
60972_2.tex,classifciation and regreession model greedy,True,18,20.65941858291626,194.7248844472992,255
60987_3.tex,classifciation and regreession model greedy,True,4,4.8922436237335205,75.604558601,119
61011_3.tex,classifciation and regreession model greedy,True,6,6.970016479492188,44.31084215579998,69
61122_2.tex,classifciation and regreession model greedy,True,2,2.519571542739868,38.08892575800007,65
61191_3.tex,classifciation and regreession model greedy,False,6,11.481851816177368,112.69581544412011,163
61231_3.tex,classifciation and regreession model greedy,True,8,10.412609815597534,108.48506638151986,135
61257_1.tex,classifciation and regreession model greedy,True,6,6.718132495880127,74.74219223500003,39
61290_3.tex,classifciation and regreession model greedy,True,8,10.350778102874756,143.18983507138103,164
61291_2.tex,classifciation and regreession model greedy,True,1,0.8971414566040039,2.515783422400005,3
61327_2.tex,classifciation and regreession model greedy,True,4,4.779974460601807,29.31475952075992,40
61456_1.tex,classifciation and regreession model greedy,True,4,4.60331130027771,70.71409835999998,30
61470_3.tex,classifciation and regreession model greedy,True,7,8.444595575332642,60.32160012499994,82
61520_2.tex,classifciation and regreession model greedy,True,15,18.243391275405884,112.91489799099992,85
61529_1.tex,classifciation and regreession model greedy,True,12,24.9678807258606,96.54097860970695,129
61811_3.tex,classifciation and regreession model greedy,True,8,16.14636754989624,54.71496637499998,41
61837_3.tex,classifciation and regreession model greedy,True,11,23.079763174057007,121.621330413563,106
61847_2.tex,classifciation and regreession model greedy,True,5,10.010628700256348,38.14047786799999,27
61861_2.tex,classifciation and regreession model greedy,True,7,14.566293001174929,109.57903044651032,139
61869_1.tex,classifciation and regreession model greedy,True,6,14.083650588989258,99.8646585317,144
61873_3.tex,classifciation and regreession model greedy,True,8,16.967782735824585,79.54807390100002,101
61947_1.tex,classifciation and regreession model greedy,False,21,39.72616124153137,178.77493020739996,120
62000_3.tex,classifciation and regreession model greedy,True,10,11.861546516418455,173.06571902499985,74
62039_2.tex,classifciation and regreession model greedy,True,3,3.0964953899383545,12.671110562319972,10
62051_1.tex,classifciation and regreession model greedy,True,14,17.361509561538696,160.63785865934233,164
62093_3.tex,classifciation and regreession model greedy,True,4,4.33347225189209,17.743149595999988,18
62269_3.tex,classifciation and regreession model greedy,False,5,7.273143529891968,49.81744541213602,56
62278_3.tex,classifciation and regreession model greedy,True,7,9.39193034172058,145.97739855100008,106
62355_1.tex,classifciation and regreession model greedy,True,8,9.598976850509644,77.95797975299996,45
62384_1.tex,classifciation and regreession model greedy,True,10,17.39158010482788,115.78785058149997,138
62459_1.tex,classifciation and regreession model greedy,True,17,28.667276859283447,126.66702592500047,213
62486_2.tex,classifciation and regreession model greedy,False,18,31.125614881515503,184.80242283402623,129
62495_1.tex,classifciation and regreession model greedy,True,9,18.48962163925171,49.668154825000016,51
62569_3.tex,classifciation and regreession model greedy,True,7,13.521032571792604,71.11797170033613,90
62574_3.tex,classifciation and regreession model greedy,True,3,5.753448486328125,22.57415434899187,28
62742_2.tex,classifciation and regreession model greedy,True,20,50.34080743789673,97.27636068568252,114
62804_1.tex,classifciation and regreession model greedy,True,4,8.987591028213501,53.46343198100003,53
105570_3.tex,classifciation and regreession model greedy,True,6,9.108585596084597,69.75933194920022,61
105582_1.tex,classifciation and regreession model greedy,True,9,14.086968898773192,97.2699617543,88
105592_3.tex,classifciation and regreession model greedy,False,3,6.456652402877808,32.0468702030099,57
105603_1.tex,classifciation and regreession model greedy,True,8,10.93260097503662,51.539202939792254,61
105631_2.tex,classifciation and regreession model greedy,True,7,9.418514728546144,141.25628432000005,77
105637_2.tex,classifciation and regreession model greedy,True,7,10.035499811172484,73.45081581500072,50
105646_2.tex,classifciation and regreession model greedy,True,8,12.07817816734314,84.31670943999983,40
105646_3.tex,classifciation and regreession model greedy,True,10,12.931923389434814,84.81572825625044,69
105650_1.tex,classifciation and regreession model greedy,True,9,13.659451484680176,120.86179759499998,107
105703_2.tex,classifciation and regreession model greedy,True,5,6.303986310958862,24.06024480099992,27
105744_3.tex,classifciation and regreession model greedy,True,7,9.273571729660034,73.69958514999976,58
105760_2.tex,classifciation and regreession model greedy,True,16,23.060362815856934,144.76474474999995,140
105760_3.tex,classifciation and regreession model greedy,True,8,13.185587167739868,62.73158118000002,87
105787_1.tex,classifciation and regreession model greedy,True,10,15.137014150619509,76.54729644716001,72
105831_2.tex,classifciation and regreession model greedy,True,22,36.69491243362427,180.8160463410498,260
105835_3.tex,classifciation and regreession model greedy,False,25,40.696857213974,298.165809958243,423
105930_3.tex,classifciation and regreession model greedy,True,20,35.24370241165161,165.549486104626,96
105989_3.tex,classifciation and regreession model greedy,True,4,6.505497217178345,115.66394648999994,89
106011_3.tex,classifciation and regreession model greedy,True,29,47.005186796188354,406.4027674173849,269
106013_1.tex,classifciation and regreession model greedy,True,9,12.711686849594116,68.84678487651001,70
106017_3.tex,classifciation and regreession model greedy,True,13,19.198699235916138,133.23139010999978,227
106072_2.tex,classifciation and regreession model greedy,True,7,10.650165557861328,135.0203804200001,76
106108_1.tex,classifciation and regreession model greedy,True,14,19.8818359375,160.86758526299988,126
106122_3.tex,classifciation and regreession model greedy,True,10,14.222726821899414,109.7054797464,118
106160_1.tex,classifciation and regreession model greedy,True,13,16.64360213279724,67.56612218882852,64
106199_3.tex,classifciation and regreession model greedy,True,25,36.750438928604126,357.5003794750002,184
106210_3.tex,classifciation and regreession model greedy,True,4,5.111131191253662,33.65171485999997,32
106270_3.tex,classifciation and regreession model greedy,True,40,56.4508900642395,458.17280692421633,313
106328_3.tex,classifciation and regreession model greedy,True,5,6.677350044250488,51.23843118499999,72
106334_2.tex,classifciation and regreession model greedy,True,24,33.032365560531616,269.89536676379964,322
106346_2.tex,classifciation and regreession model greedy,True,15,21.258919715881348,114.58006300635604,161
106359_3.tex,classifciation and regreession model greedy,True,30,43.80244827270508,396.04302012049993,424
106364_1.tex,classifciation and regreession model greedy,True,14,18.89619016647339,69.95471780665105,75
106364_3.tex,classifciation and regreession model greedy,True,14,20.63300967216492,97.6516946614999,149
106436_3.tex,classifciation and regreession model greedy,True,17,42.85235571861267,87.17426192611478,68
106442_2.tex,classifciation and regreession model greedy,True,13,26.045535564422607,89.33548618196069,105
106487_2.tex,classifciation and regreession model greedy,True,9,15.246967554092407,53.801372740500135,102
106527_1.tex,classifciation and regreession model greedy,False,3,7.284340143203735,43.070053145872095,62
106571_3.tex,classifciation and regreession model greedy,True,8,16.998745441436768,81.70025786878392,230
106581_2.tex,classifciation and regreession model greedy,True,11,23.16571569442749,123.83072628214929,261
106583_1.tex,classifciation and regreession model greedy,False,8,16.36100673675537,40.04467905852135,80
106599_2.tex,classifciation and regreession model greedy,True,6,9.428876399993896,121.93103358499998,46
106645_3.tex,classifciation and regreession model greedy,True,9,14.38265872001648,66.42752578300025,76
106685_2.tex,classifciation and regreession model greedy,True,5,9.02094316482544,22.319970477106995,31
106711_3.tex,classifciation and regreession model greedy,True,4,6.541972160339356,32.44329289000005,28
106715_1.tex,classifciation and regreession model greedy,True,8,14.32574987411499,132.8651864,135
106754_3.tex,classifciation and regreession model greedy,True,13,21.069685459136963,121.92033830151996,77
106785_1.tex,classifciation and regreession model greedy,False,12,21.575283765792847,56.042118536896176,88
106794_3.tex,classifciation and regreession model greedy,True,9,14.501667022705078,61.25328670000026,108
106865_3.tex,classifciation and regreession model greedy,True,10,18.08229160308838,80.34561461499997,170
106878_2.tex,classifciation and regreession model greedy,True,30,42.89866781234741,332.9205077537998,465
106890_2.tex,classifciation and regreession model greedy,True,31,41.75477027893066,371.224869208,328
106900_3.tex,classifciation and regreession model greedy,True,25,37.69637966156006,237.8972424202496,261
107151_1.tex,classifciation and regreession model greedy,True,5,7.403434038162231,142.88679292999993,88
107151_3.tex,classifciation and regreession model greedy,True,12,19.17802596092224,176.94745787499988,122
107182_1.tex,classifciation and regreession model greedy,True,4,5.486862182617188,44.872851911119966,24
107209_2.tex,classifciation and regreession model greedy,True,10,15.153859853744509,152.90483739700005,128
107217_3.tex,classifciation and regreession model greedy,True,4,5.087812900543213,12.702196279200162,16
107283_2.tex,classifciation and regreession model greedy,True,13,20.674810886383057,144.28960973199975,127
107300_1.tex,classifciation and regreession model greedy,True,1,1.02850341796875,2.657917920000017,2
107337_1.tex,classifciation and regreession model greedy,True,8,13.00186848640442,82.97676226715988,90
107372_1.tex,classifciation and regreession model greedy,True,21,36.49566316604614,336.8500553187499,193
107400_2.tex,classifciation and regreession model greedy,True,14,18.350772857666016,118.79591280675008,51
107448_3.tex,classifciation and regreession model greedy,True,14,19.69218945503235,94.10555587312508,108
107487_3.tex,classifciation and regreession model greedy,True,3,4.722935914993286,36.13128522500046,46
107555_1.tex,classifciation and regreession model greedy,True,14,22.22434377670288,332.31447980974974,145
107593_2.tex,classifciation and regreession model greedy,True,12,19.87744808197021,191.6533367500001,183
107631_1.tex,classifciation and regreession model greedy,True,8,12.434480905532835,56.00455895652032,111
107651_2.tex,classifciation and regreession model greedy,True,12,20.24671196937561,171.51757220275584,222
107672_3.tex,classifciation and regreession model greedy,True,9,15.67113184928894,118.87874246052026,154
107697_1.tex,classifciation and regreession model greedy,True,15,22.90855646133423,168.679851755,142
107711_3.tex,classifciation and regreession model greedy,True,6,8.860924243927002,41.84982999000002,43
107714_2.tex,classifciation and regreession model greedy,True,4,5.771165609359741,87.00060566391177,59
107717_3.tex,classifciation and regreession model greedy,True,11,17.199385166168213,183.1981712548,135
107741_3.tex,classifciation and regreession model greedy,True,9,15.542473554611206,62.69816212912811,81
107749_1.tex,classifciation and regreession model greedy,False,1,3.105473279953003,10.063135267200096,54
107769_3.tex,classifciation and regreession model greedy,True,8,13.03096842765808,41.384660364085086,90
107785_1.tex,classifciation and regreession model greedy,True,6,6.978960752487183,56.63173388999998,33
107861_2.tex,classifciation and regreession model greedy,True,3,3.812217712402344,5.01912385,3
107899_2.tex,classifciation and regreession model greedy,True,17,28.62540626525879,222.40389467499972,222
107917_3.tex,classifciation and regreession model greedy,True,2,2.121155023574829,5.99429965500002,4
107934_3.tex,classifciation and regreession model greedy,True,16,22.062121391296387,159.76653268951995,137
107966_1.tex,classifciation and regreession model greedy,False,8,12.99226999282837,54.990379247763926,94
108064_2.tex,classifciation and regreession model greedy,True,8,11.903778553009031,58.25971835900036,74
108092_3.tex,classifciation and regreession model greedy,True,5,8.590101718902588,191.94800454999995,217
108130_3.tex,classifciation and regreession model greedy,True,9,13.556084156036375,89.57578527999999,74
108170_2.tex,classifciation and regreession model greedy,True,8,11.520168542861938,60.99632834700052,99
108175_1.tex,classifciation and regreession model greedy,True,9,14.648620128631592,141.74261279382787,195
108183_3.tex,classifciation and regreession model greedy,True,10,14.535880327224731,123.88079874719266,159
108207_2.tex,classifciation and regreession model greedy,True,8,12.728432416915894,102.92868520912153,168
108229_3.tex,classifciation and regreession model greedy,True,14,18.656872987747192,143.53575704999992,93
108232_2.tex,classifciation and regreession model greedy,True,9,13.345162630081177,113.45290685000006,77
108245_1.tex,classifciation and regreession model greedy,True,7,10.627241134643556,38.891192423750056,40
108266_2.tex,classifciation and regreession model greedy,True,13,18.070396900177,129.24978513700017,126
108314_2.tex,classifciation and regreession model greedy,True,6,8.763065099716187,35.14029726500003,48
108326_2.tex,classifciation and regreession model greedy,True,7,10.189582586288452,75.84361506500007,60
108339_3.tex,classifciation and regreession model greedy,False,11,17.13506245613098,95.1619012400004,137
108344_2.tex,classifciation and regreession model greedy,True,17,27.682164192199707,161.67660702500092,98
108384_1.tex,classifciation and regreession model greedy,True,20,31.895330667495728,238.5675054970001,258
108386_2.tex,classifciation and regreession model greedy,True,12,16.765377521514893,94.65604777500018,143
108417_1.tex,classifciation and regreession model greedy,True,10,14.898905754089355,52.97960965250002,72
108425_3.tex,classifciation and regreession model greedy,True,36,50.49155950546265,372.8848944678938,276
108428_1.tex,classifciation and regreession model greedy,True,37,56.608766317367554,388.7784879217498,305
108499_3.tex,classifciation and regreession model greedy,True,36,54.42175650596619,361.8831834255743,348
108508_3.tex,classifciation and regreession model greedy,True,5,6.7506091594696045,21.71646358500002,14
108610_3.tex,classifciation and regreession model greedy,False,2,4.625255823135376,12.68050787205,36
108675_2.tex,classifciation and regreession model greedy,True,6,8.65751314163208,135.6695849300001,73
108679_2.tex,classifciation and regreession model greedy,True,6,8.439443826675415,42.84529014000019,22
108716_3.tex,classifciation and regreession model greedy,True,5,7.040174961090088,98.86809819999996,90
108735_3.tex,classifciation and regreession model greedy,True,9,14.075340986251833,101.19516162900004,191
108789_1.tex,classifciation and regreession model greedy,True,6,9.397252559661863,74.31112252000005,113
108812_2.tex,classifciation and regreession model greedy,True,11,15.92943811416626,106.31340161650064,60
108832_2.tex,classifciation and regreession model greedy,True,10,14.086529970169067,153.83779012022495,128
108850_2.tex,classifciation and regreession model greedy,True,7,10.377848386764526,165.26469443999991,79
108914_3.tex,classifciation and regreession model greedy,True,12,15.019878149032593,90.72290919180048,71
108929_2.tex,classifciation and regreession model greedy,True,21,29.72197389602661,237.22168059700076,287
108936_3.tex,classifciation and regreession model greedy,True,9,11.18429970741272,52.19184177620005,56
109008_3.tex,classifciation and regreession model greedy,True,19,25.441309928894043,191.1169839317498,61
109031_2.tex,classifciation and regreession model greedy,True,9,12.66991639137268,122.84216698337494,146
109036_2.tex,classifciation and regreession model greedy,True,26,40.91220664978027,305.0269576712001,313
109145_1.tex,classifciation and regreession model greedy,True,5,6.815015077590942,354.6679382210001,65
109168_1.tex,classifciation and regreession model greedy,True,26,42.25759768486023,268.4719300763013,77
109219_3.tex,classifciation and regreession model greedy,True,1,1.718836784362793,7.772677200000032,8
109244_1.tex,classifciation and regreession model greedy,True,13,20.694467067718502,134.3979671171782,91
109323_3.tex,classifciation and regreession model greedy,True,7,10.897510051727297,48.49917550000002,53
109329_3.tex,classifciation and regreession model greedy,True,16,23.6196870803833,116.41013964375068,60
109339_3.tex,classifciation and regreession model greedy,True,19,26.46862030029297,203.06759694899992,168
109350_3.tex,classifciation and regreession model greedy,True,14,18.971753120422363,91.80601485800004,97
109413_1.tex,classifciation and regreession model greedy,True,8,10.668251991271973,53.74336790000004,39
109416_2.tex,classifciation and regreession model greedy,True,4,6.141088485717773,22.29585718000001,25
109542_3.tex,classifciation and regreession model greedy,True,10,14.373937368392944,64.50796342499999,80
109579_1.tex,classifciation and regreession model greedy,True,43,64.72212839126587,609.1112973336001,426
109759_2.tex,classifciation and regreession model greedy,True,8,12.502353429794312,112.17006519000005,106
109761_2.tex,classifciation and regreession model greedy,True,13,21.571999311447144,138.94823886500063,196
109773_1.tex,classifciation and regreession model greedy,True,8,11.136600255966188,119.62505174599998,95
109829_1.tex,classifciation and regreession model greedy,True,12,18.279155492782596,121.51530432152094,187
109834_1.tex,classifciation and regreession model greedy,True,11,15.547857284545898,60.28650371182789,86
109852_3.tex,classifciation and regreession model greedy,True,7,8.851158380508423,67.77045402999998,59
109874_2.tex,classifciation and regreession model greedy,True,14,21.0946741104126,186.59443583025,65
109880_2.tex,classifciation and regreession model greedy,True,6,9.67295217514038,50.30222717999996,34
109880_3.tex,classifciation and regreession model greedy,True,11,15.748282194137571,70.7554183379999,50
109890_2.tex,classifciation and regreession model greedy,True,7,9.104272603988647,55.47474648399991,54
109904_2.tex,classifciation and regreession model greedy,True,14,20.6598117351532,160.98613164582855,236
109910_3.tex,classifciation and regreession model greedy,True,7,8.939071416854858,41.95543088100002,66
109911_2.tex,classifciation and regreession model greedy,True,10,14.71611762046814,91.52914841591908,135
109974_1.tex,classifciation and regreession model greedy,True,10,12.788180351257324,54.387381475,37
110069_1.tex,classifciation and regreession model greedy,True,8,10.435701608657835,54.37642335000005,77
110087_1.tex,classifciation and regreession model greedy,True,10,13.28441047668457,55.06803710000011,72
110099_3.tex,classifciation and regreession model greedy,True,12,18.950483798980716,77.35867577850001,76
110258_1.tex,classifciation and regreession model greedy,True,8,11.539419889450071,52.04823243234856,47
110259_3.tex,classifciation and regreession model greedy,True,20,31.983567237854004,175.3209701571217,191
110264_1.tex,classifciation and regreession model greedy,True,4,7.251974105834961,40.699352965428105,93
110264_3.tex,classifciation and regreession model greedy,True,2,3.5105526447296143,232.2370322100004,91
110329_3.tex,classifciation and regreession model greedy,True,4,7.297743558883667,107.82280000000004,94
110337_1.tex,classifciation and regreession model greedy,True,4,5.105256795883179,29.670770031520405,36
110402_1.tex,classifciation and regreession model greedy,True,6,10.444251775741575,66.6815044700003,45
110445_3.tex,classifciation and regreession model greedy,True,13,19.69641399383545,110.85745710639996,136
110461_3.tex,classifciation and regreession model greedy,True,12,18.740822315216064,84.73064980530032,118
110501_2.tex,classifciation and regreession model greedy,True,8,10.904017686843872,98.27602633000002,80
110554_1.tex,classifciation and regreession model greedy,True,15,20.96295428276062,199.90996063200004,150
110658_3.tex,classifciation and regreession model greedy,True,19,28.094499826431274,236.7598245114748,299
110669_1.tex,classifciation and regreession model greedy,True,8,12.207773208618164,41.800037912692005,66
110682_3.tex,classifciation and regreession model greedy,True,26,40.09696626663208,275.15583162674966,268
110694_3.tex,classifciation and regreession model greedy,True,12,19.304912090301517,95.53236549834988,100
110735_1.tex,classifciation and regreession model greedy,True,7,12.322216987609863,377.1454106875002,87
110789_1.tex,classifciation and regreession model greedy,True,7,14.310279846191406,172.0907674976902,172
111019_1.tex,classifciation and regreession model greedy,True,27,50.03631329536438,283.7627988620001,224
111128_2.tex,classifciation and regreession model greedy,True,40,67.28469252586365,588.3836275645376,306
111158_2.tex,classifciation and regreession model greedy,True,19,43.354376554489136,205.5915,147
111199_1.tex,classifciation and regreession model greedy,True,37,90.94053983688354,483.74339533399984,512
111212_1.tex,classifciation and regreession model greedy,True,6,13.181058883666992,68.50464361787795,120
111263_2.tex,classifciation and regreession model greedy,True,6,16.26640748977661,245.07243730000127,97
111273_1.tex,classifciation and regreession model greedy,True,14,32.23214101791382,82.69944610000078,53
111306_2.tex,classifciation and regreession model greedy,True,5,11.908621549606323,117.962792592,51
111342_2.tex,classifciation and regreession model greedy,True,5,12.63227605819702,223.2551000649921,142
111416_1.tex,classifciation and regreession model greedy,True,7,17.471068859100342,100.88155908251996,124
111546_1.tex,classifciation and regreession model greedy,True,23,59.79947185516357,245.5336502627495,421
111584_3.tex,classifciation and regreession model greedy,True,16,40.29740762710571,195.3052462999999,149
111625_3.tex,classifciation and regreession model greedy,True,15,34.50991606712341,97.97860423650016,120
111639_2.tex,classifciation and regreession model greedy,False,7,19.419555187225345,33.60936820622797,64
111687_2.tex,classifciation and regreession model greedy,True,28,64.04491853713989,320.2985751400004,229
111693_2.tex,classifciation and regreession model greedy,True,14,30.092742919921875,112.68895749999989,114
111695_3.tex,classifciation and regreession model greedy,True,10,22.3552930355072,114.62629679999992,73
111702_2.tex,classifciation and regreession model greedy,True,12,26.63255786895752,86.974699,116
111708_2.tex,classifciation and regreession model greedy,True,12,24.76201200485229,135.07439662799996,111
111709_3.tex,classifciation and regreession model greedy,True,7,14.61231279373169,52.36246375000003,82
111723_3.tex,classifciation and regreession model greedy,True,11,24.699490547180176,79.67286560249988,80
111730_1.tex,classifciation and regreession model greedy,True,24,56.76388645172119,263.0177542029998,165
111757_3.tex,classifciation and regreession model greedy,True,21,45.089346408844,123.49520207250008,84
111763_1.tex,classifciation and regreession model greedy,True,53,128.36751699447632,1194.6161386539502,450
111775_2.tex,classifciation and regreession model greedy,True,12,29.491234302520752,80.45476677935004,129
112011_1.tex,classifciation and regreession model greedy,True,9,21.39818644523621,150.278646185,110
112015_2.tex,classifciation and regreession model greedy,True,11,25.990253448486328,166.00060555000027,38
112054_2.tex,classifciation and regreession model greedy,True,15,34.33398246765137,162.26466622850114,117
112067_3.tex,classifciation and regreession model greedy,True,4,9.137552976608276,31.82298316232003,39
112101_2.tex,classifciation and regreession model greedy,True,9,21.96161723136902,63.10575094600006,96
112120_2.tex,classifciation and regreession model greedy,True,9,19.88040804862976,106.27247367000022,73
112137_1.tex,classifciation and regreession model greedy,True,12,26.938060998916622,122.49376703,110
112142_3.tex,classifciation and regreession model greedy,True,11,25.83745574951172,135.4870251319998,101
116192_1.tex,classifciation and regreession model greedy,True,22,54.47839140892029,216.86634982599983,220
116193_2.tex,classifciation and regreession model greedy,True,6,13.39411211013794,550.5415498429995,97
116248_3.tex,classifciation and regreession model greedy,True,7,17.32266664505005,89.8527292116641,128
116275_3.tex,classifciation and regreession model greedy,True,5,12.32886815071106,44.18863759000013,73
116339_1.tex,classifciation and regreession model greedy,True,10,23.07974147796631,80.20036955000064,53
116377_3.tex,classifciation and regreession model greedy,True,15,33.182416677474976,75.44990453500037,100
116392_3.tex,classifciation and regreession model greedy,True,11,24.57176089286804,75.49306307750001,94
116393_3.tex,classifciation and regreession model greedy,True,11,24.49531435966492,51.34992524000003,54
116402_3.tex,classifciation and regreession model greedy,True,9,20.21137404441833,60.72272460400019,119
116416_3.tex,classifciation and regreession model greedy,True,1,1.6701982021331787,0.0,1
116474_3.tex,classifciation and regreession model greedy,True,11,24.2529239654541,111.70646260882808,146
116494_3.tex,classifciation and regreession model greedy,True,4,8.724532127380371,11.487922712500108,11
116508_2.tex,classifciation and regreession model greedy,True,28,60.79743385314941,272.603912906457,95
116570_2.tex,classifciation and regreession model greedy,True,10,22.35578680038452,65.95012964824208,121
116570_3.tex,classifciation and regreession model greedy,True,11,24.542333126068115,75.7616485123631,128
116608_3.tex,classifciation and regreession model greedy,True,44,97.3699779510498,715.0497032752498,278
116610_1.tex,classifciation and regreession model greedy,True,2,3.664443016052246,2.503599164999997,2
116627_2.tex,classifciation and regreession model greedy,True,40,95.36080813407898,503.6392966010003,399
116711_2.tex,classifciation and regreession model greedy,True,1,1.6149330139160156,2.515783816800024,1
116804_2.tex,classifciation and regreession model greedy,True,2,4.173081874847412,20.01,15
116816_3.tex,classifciation and regreession model greedy,True,7,16.60560417175293,109.80496895125006,82
116863_1.tex,classifciation and regreession model greedy,True,7,15.426281929016112,156.3129517300001,76
116888_3.tex,classifciation and regreession model greedy,True,5,10.108425617218018,44.88173202000016,26
116911_1.tex,classifciation and regreession model greedy,True,5,10.14815378189087,20.771691476520044,11
116930_2.tex,classifciation and regreession model greedy,True,5,11.60831618309021,95.195121426293,123
116952_2.tex,classifciation and regreession model greedy,True,18,40.63661336898804,164.01774857854792,197
116986_3.tex,classifciation and regreession model greedy,True,14,31.379831790924072,157.70225839374962,56
117024_3.tex,classifciation and regreession model greedy,True,6,11.954463720321655,36.58577511581389,33
117025_2.tex,classifciation and regreession model greedy,False,1,4.841309070587158,10.522491529999996,62
117034_1.tex,classifciation and regreession model greedy,True,2,3.793026208877564,15.53560406359999,23
117102_1.tex,classifciation and regreession model greedy,True,7,14.671071529388428,54.36088375000025,42
117104_1.tex,classifciation and regreession model greedy,True,2,3.910604238510132,16.93,23
117123_2.tex,classifciation and regreession model greedy,True,18,39.80992746353149,171.8179847757999,155
117159_2.tex,classifciation and regreession model greedy,False,12,26.62746262550354,86.5781119991333,121
117168_2.tex,classifciation and regreession model greedy,True,4,8.89976453781128,45.107681080000006,88
117310_1.tex,classifciation and regreession model greedy,True,7,16.769227266311646,180.2844341600003,43
117317_1.tex,classifciation and regreession model greedy,True,9,19.59373497962952,59.57113679999972,30
117367_3.tex,classifciation and regreession model greedy,True,6,13.478859186172484,99.634144896,93
117377_1.tex,classifciation and regreession model greedy,True,10,23.451873779296875,61.18452190097801,58
117377_2.tex,classifciation and regreession model greedy,True,27,65.76176357269287,266.72011679787283,181
117476_3.tex,classifciation and regreession model greedy,True,10,22.76064443588257,143.737525222,107
117491_3.tex,classifciation and regreession model greedy,True,7,15.771131038665771,58.16354955337194,83
117540_2.tex,classifciation and regreession model greedy,True,12,24.55155301094055,155.59309619599986,123
117564_3.tex,classifciation and regreession model greedy,True,15,36.076629400253296,215.2839144164001,202
117573_1.tex,classifciation and regreession model greedy,True,1,2.107495069503784,0.0,1
117620_1.tex,classifciation and regreession model greedy,True,8,17.89755415916443,113.74681614999989,92
117673_3.tex,classifciation and regreession model greedy,True,20,47.66513991355896,222.02012227875,165
117718_3.tex,classifciation and regreession model greedy,True,14,32.29981279373169,96.1744352867831,183
117755_1.tex,classifciation and regreession model greedy,True,5,13.704628229141235,424.27643840000167,56
117884_3.tex,classifciation and regreession model greedy,True,6,14.117687225341797,84.66169632999987,88
117917_3.tex,classifciation and regreession model greedy,False,4,14.204153537750244,79.66323339999994,125
117949_1.tex,classifciation and regreession model greedy,True,13,30.36198472976685,141.1239528000007,74
117983_3.tex,classifciation and regreession model greedy,True,12,28.57904291152954,110.97648822475996,56
118068_2.tex,classifciation and regreession model greedy,True,11,26.47297191619873,135.94828708000023,170
118085_1.tex,classifciation and regreession model greedy,True,9,22.033498287200928,80.51598604963993,84
118094_3.tex,classifciation and regreession model greedy,False,11,30.543991804122925,111.84545258680016,191
118190_1.tex,classifciation and regreession model greedy,True,3,6.536426305770874,13.03274256999994,20
118201_2.tex,classifciation and regreession model greedy,True,2,3.926629304885864,2.503599164999997,2
118213_3.tex,classifciation and regreession model greedy,True,14,34.2528555393219,130.68896172400054,160
118229_2.tex,classifciation and regreession model greedy,False,30,78.34296536445618,417.1371878921749,485
118293_3.tex,classifciation and regreession model greedy,True,17,44.99116945266724,112.48017596875114,56
118388_2.tex,classifciation and regreession model greedy,True,1,1.8480920791625977,2.92680304000001,1
118424_3.tex,classifciation and regreession model greedy,True,4,10.487244367599487,94.6624452300002,91
118441_2.tex,classifciation and regreession model greedy,True,5,12.584056854248049,143.46961756351797,109
118471_3.tex,classifciation and regreession model greedy,True,6,15.713245391845703,46.100557127107,68
118498_2.tex,classifciation and regreession model greedy,True,5,10.9819598197937,84.34736499999995,48
118531_3.tex,classifciation and regreession model greedy,True,10,24.12565302848816,64.9054419314,34
118560_2.tex,classifciation and regreession model greedy,True,9,22.8579626083374,123.33776722748024,140
118571_1.tex,classifciation and regreession model greedy,True,4,9.757071733474731,23.879869817400067,54
118581_2.tex,classifciation and regreession model greedy,True,10,24.106798887252808,86.61946480800019,114
118713_3.tex,classifciation and regreession model greedy,True,10,24.219449520111084,101.94194990500026,92
118762_3.tex,classifciation and regreession model greedy,True,28,67.42331266403198,339.00939973735,321
118781_3.tex,classifciation and regreession model greedy,True,22,56.56790375709534,277.2258780749997,349
118864_3.tex,classifciation and regreession model greedy,False,6,19.82325553894043,25.816597772320115,40
118960_3.tex,classifciation and regreession model greedy,True,8,22.09323287010193,148.18552000853506,127
118989_1.tex,classifciation and regreession model greedy,True,11,31.54467082023621,184.0496734038925,187
119035_3.tex,classifciation and regreession model greedy,True,6,13.582293510437012,52.04124748000045,59
119058_3.tex,classifciation and regreession model greedy,True,7,17.847134113311768,88.88622492987491,55
119102_1.tex,classifciation and regreession model greedy,True,4,8.908156871795654,92.81628523000022,87
119134_2.tex,classifciation and regreession model greedy,True,7,16.72171950340271,71.55043810499997,43
119153_3.tex,classifciation and regreession model greedy,True,11,25.46366047859192,94.64682279000002,129
119175_2.tex,classifciation and regreession model greedy,True,6,14.437834978103638,50.32387938715989,66
119200_2.tex,classifciation and regreession model greedy,False,6,16.141215562820435,33.90103698504803,65
119208_3.tex,classifciation and regreession model greedy,True,24,58.64031720161438,277.1326241353061,423
119228_1.tex,classifciation and regreession model greedy,True,33,89.1476423740387,442.1348230930751,477
119259_1.tex,classifciation and regreession model greedy,True,6,12.991745233535768,48.440459880000056,66
119265_1.tex,classifciation and regreession model greedy,True,25,61.3274712562561,315.3663235500002,286
119284_3.tex,classifciation and regreession model greedy,False,7,20.939133405685425,86.11238062,196
119292_2.tex,classifciation and regreession model greedy,True,24,59.32459330558777,302.81902115,399
119399_2.tex,classifciation and regreession model greedy,False,4,12.995696544647217,35.23219750659232,84
119425_1.tex,classifciation and regreession model greedy,True,23,58.80455303192139,158.3280421832503,104
119498_1.tex,classifciation and regreession model greedy,True,10,25.265316486358643,156.981171081,136
119513_1.tex,classifciation and regreession model greedy,True,12,31.92471218109131,125.42028607800049,210
119515_1.tex,classifciation and regreession model greedy,True,15,41.36486053466797,174.67307645363988,261
119547_3.tex,classifciation and regreession model greedy,True,9,22.596746921539307,74.64684806312164,142
119608_2.tex,classifciation and regreession model greedy,True,5,11.38547945022583,107.24814608,85
119630_3.tex,classifciation and regreession model greedy,False,6,17.120213508605957,24.813021207048006,47
119638_3.tex,classifciation and regreession model greedy,True,4,9.347317934036257,13.226398238999952,20
119645_3.tex,classifciation and regreession model greedy,True,12,29.99293565750122,106.223832141503,180
119734_2.tex,classifciation and regreession model greedy,True,18,42.41894841194153,211.67558737659985,219
119740_1.tex,classifciation and regreession model greedy,True,9,22.227399349212646,157.67782555100018,148
119774_3.tex,classifciation and regreession model greedy,True,10,23.66591572761536,130.2429784799998,119
119875_2.tex,classifciation and regreession model greedy,False,20,53.82999324798584,129.11264500631603,260
119948_2.tex,classifciation and regreession model greedy,True,8,23.224253177642822,86.9917037620326,86
120007_1.tex,classifciation and regreession model greedy,True,6,16.863818407058716,160.4775218599999,88
120020_3.tex,classifciation and regreession model greedy,True,9,23.546363830566406,161.42036650000037,160
120056_3.tex,classifciation and regreession model greedy,True,6,13.768009901046751,73.866979822,52
120076_3.tex,classifciation and regreession model greedy,True,16,41.878161907196045,222.22519835799184,183
120087_3.tex,classifciation and regreession model greedy,True,9,22.98755717277527,131.35932334600002,137
120141_1.tex,classifciation and regreession model greedy,True,6,14.561246156692505,65.82953873400005,54
120215_2.tex,classifciation and regreession model greedy,True,6,14.34233045578003,42.64154930000005,55
120254_2.tex,classifciation and regreession model greedy,True,3,7.378127574920654,25.44130361600002,23
120275_2.tex,classifciation and regreession model greedy,True,39,100.80945229530334,558.9117772198719,533
120323_3.tex,classifciation and regreession model greedy,True,13,30.714505910873413,128.06147147499996,122
120329_3.tex,classifciation and regreession model greedy,True,14,30.92625141143799,163.01213719999987,165
120371_1.tex,classifciation and regreession model greedy,True,9,21.10114622116089,64.3507205459999,90
120402_1.tex,classifciation and regreession model greedy,False,21,52.23125767707825,176.79120065410515,163
120483_3.tex,classifciation and regreession model greedy,True,19,48.19561314582825,139.38303075800093,69
120490_3.tex,classifciation and regreession model greedy,True,18,46.29677867889404,133.67182804391652,80
120657_3.tex,classifciation and regreession model greedy,True,8,21.029767513275143,108.02820895000002,66
120690_2.tex,classifciation and regreession model greedy,True,9,20.68836569786072,72.08001434260004,105
120744_2.tex,classifciation and regreession model greedy,True,6,12.861478567123411,100.02027966499998,81
120767_1.tex,classifciation and regreession model greedy,True,6,13.933620929718018,34.59541299000011,27
120802_2.tex,classifciation and regreession model greedy,True,6,15.233515739440918,104.458,121
120848_1.tex,classifciation and regreession model greedy,False,22,56.68087816238403,309.5482315049998,386
120866_1.tex,classifciation and regreession model greedy,True,5,11.939340114593506,36.12721557000007,48
120872_3.tex,classifciation and regreession model greedy,True,8,17.935539484024048,66.2757769800003,59
120919_3.tex,classifciation and regreession model greedy,True,31,76.69768166542053,266.4518411106004,284
120950_3.tex,classifciation and regreession model greedy,True,24,62.12131071090698,301.1147092697999,485
120951_3.tex,classifciation and regreession model greedy,True,6,13.36767077445984,19.549864510600077,21
120954_3.tex,classifciation and regreession model greedy,False,22,60.832481145858765,171.5558688095998,288
121060_1.tex,classifciation and regreession model greedy,True,5,11.707354307174684,34.81329999999996,90
121145_2.tex,classifciation and regreession model greedy,True,4,9.24854588508606,18.69718062554402,21
121207_2.tex,classifciation and regreession model greedy,True,10,25.701134204864506,77.20423407500022,89
121213_3.tex,classifciation and regreession model greedy,True,14,32.636106729507446,127.815725676,143
121225_2.tex,classifciation and regreession model greedy,True,6,13.751852750778198,30.64359512965015,18
121238_3.tex,classifciation and regreession model greedy,True,5,11.46126937866211,27.125877108399987,35
121282_2.tex,classifciation and regreession model greedy,True,18,46.722848653793335,233.64428292997505,200
121305_2.tex,classifciation and regreession model greedy,True,8,18.549540281295776,83.20208860500003,90
121306_3.tex,classifciation and regreession model greedy,True,7,17.045007705688477,66.3258607100002,60
121307_1.tex,classifciation and regreession model greedy,True,9,20.010238647460938,60.19902017500001,36
121346_3.tex,classifciation and regreession model greedy,True,10,25.5424063205719,90.44968709000008,183
121407_1.tex,classifciation and regreession model greedy,True,12,29.54816007614136,143.56747792000002,133
121423_3.tex,classifciation and regreession model greedy,True,1,2.1702306270599365,5.390000000000001,8
121424_1.tex,classifciation and regreession model greedy,False,16,37.98759984970093,109.71964200000022,47
121456_3.tex,classifciation and regreession model greedy,False,18,45.37909293174744,160.46666757524997,139
121478_1.tex,classifciation and regreession model greedy,True,24,56.85109043121338,268.022273016,192
121488_3.tex,classifciation and regreession model greedy,False,12,31.246827363967896,58.69187541999996,57
121642_2.tex,classifciation and regreession model greedy,True,6,15.236706256866457,109.67154415999998,61
121643_1.tex,classifciation and regreession model greedy,True,3,8.026889085769653,18.262725100000296,23
121651_3.tex,classifciation and regreession model greedy,True,3,7.540943622589111,70.27980670360007,70
121653_2.tex,classifciation and regreession model greedy,True,6,15.527691125869753,83.09800262837996,64
121687_3.tex,classifciation and regreession model greedy,True,2,4.166891098022461,7.507818739199962,9
121713_1.tex,classifciation and regreession model greedy,False,48,135.5848846435547,414.4222570500926,630
121726_3.tex,classifciation and regreession model greedy,True,8,18.145113229751587,125.38828492000005,24
121751_1.tex,classifciation and regreession model greedy,True,9,20.73204469680786,85.53241634000105,42
121790_3.tex,classifciation and regreession model greedy,True,9,22.75305676460266,122.16435577749988,135
121793_1.tex,classifciation and regreession model greedy,True,13,31.930752515792847,183.63856407480003,208
121819_3.tex,classifciation and regreession model greedy,True,14,38.00065088272095,142.5551963573229,243
121892_2.tex,classifciation and regreession model greedy,True,30,71.1297562122345,343.46309218500016,219
121937_2.tex,classifciation and regreession model greedy,True,14,32.49826669692993,165.2905956299999,137
121946_2.tex,classifciation and regreession model greedy,False,5,14.62761688232422,66.02004752000002,101
121995_3.tex,classifciation and regreession model greedy,True,9,21.94066047668457,55.40935051500017,77
122034_3.tex,classifciation and regreession model greedy,True,23,56.7501015663147,218.17860262399995,252
122039_1.tex,classifciation and regreession model greedy,True,19,46.76319169998169,130.12674817231806,207
122074_1.tex,classifciation and regreession model greedy,True,5,12.35133981704712,430.7195244600015,63
122120_3.tex,classifciation and regreession model greedy,False,11,31.116939306259155,66.7762329673519,48
122163_3.tex,classifciation and regreession model greedy,True,3,6.3983986377716064,64.11614662000004,34
122179_2.tex,classifciation and regreession model greedy,True,7,17.73165011405945,82.80743241249891,98
122201_3.tex,classifciation and regreession model greedy,True,6,14.52808690071106,62.94187606700003,75
122203_2.tex,classifciation and regreession model greedy,True,9,22.92847514152527,129.978924027,140
122412_1.tex,classifciation and regreession model greedy,True,11,27.286741495132446,166.05843794999987,175
122425_3.tex,classifciation and regreession model greedy,True,8,18.170166015625,53.89600349097501,67
122453_1.tex,classifciation and regreession model greedy,True,13,29.87365484237671,72.05702244500011,79
122496_2.tex,classifciation and regreession model greedy,True,8,17.39883828163147,53.91083822,88
122563_3.tex,classifciation and regreession model greedy,False,25,66.40805244445801,165.13148406559992,147
122601_2.tex,classifciation and regreession model greedy,True,5,13.254987001419067,117.41949608000172,64
122629_2.tex,classifciation and regreession model greedy,True,18,43.3365638256073,107.9006372140005,58
122701_1.tex,classifciation and regreession model greedy,True,12,28.1750385761261,158.0645408800001,111
122753_1.tex,classifciation and regreession model greedy,True,13,33.92540383338928,129.6417368029999,194
122803_1.tex,classifciation and regreession model greedy,True,10,24.31663656234741,106.4897209900001,56
122920_1.tex,classifciation and regreession model greedy,True,17,43.53837776184082,226.0835266500006,212
122941_1.tex,classifciation and regreession model greedy,True,13,28.635007858276367,76.43545561,68
122952_3.tex,classifciation and regreession model greedy,True,13,33.04975342750549,99.86226778873495,131
122969_2.tex,classifciation and regreession model greedy,False,20,53.46309471130371,184.32103194699997,270
122977_3.tex,classifciation and regreession model greedy,False,7,18.268100261688232,27.420645608496045,49
122995_3.tex,classifciation and regreession model greedy,True,10,22.73414301872253,53.14158504849993,105
123107_2.tex,classifciation and regreession model greedy,True,42,117.56557178497314,507.34906552804506,585
123107_3.tex,classifciation and regreession model greedy,False,36,96.94080257415771,444.4296340320003,674
123153_2.tex,classifciation and regreession model greedy,True,4,10.489709615707396,74.12659334500019,44
123285_3.tex,classifciation and regreession model greedy,True,11,28.30879783630371,178.21260967400093,123
123306_1.tex,classifciation and regreession model greedy,False,1,5.091251373291016,2.573424354599979,24
123352_3.tex,classifciation and regreession model greedy,True,5,12.83869695663452,114.07721355999996,57
123362_3.tex,classifciation and regreession model greedy,True,3,6.82500696182251,25.06759932000002,25
123370_1.tex,classifciation and regreession model greedy,True,8,20.215103149414062,101.95643316,47
123379_2.tex,classifciation and regreession model greedy,True,3,7.506024360656738,63.94783253248002,48
123424_1.tex,classifciation and regreession model greedy,True,9,24.71668791770935,133.57888741259217,207
123438_1.tex,classifciation and regreession model greedy,True,40,117.95630693435668,372.35620990310775,437
123465_1.tex,classifciation and regreession model greedy,True,6,15.87984824180603,57.81182347999987,73
112152_3.tex,classifciation and regreession model greedy,True,8,15.746424198150637,49.07023282580021,57
112164_1.tex,classifciation and regreession model greedy,True,12,25.03582978248596,109.9225116059779,141
112215_1.tex,classifciation and regreession model greedy,True,4,7.631495952606201,41.56044233999995,27
112218_2.tex,classifciation and regreession model greedy,True,5,9.531032800674438,30.873722390000022,22
112312_1.tex,classifciation and regreession model greedy,True,36,81.94719982147217,337.6447731037501,360
112487_3.tex,classifciation and regreession model greedy,True,5,11.782034397125244,73.52409856076004,42
112643_1.tex,classifciation and regreession model greedy,True,26,58.34248280525208,226.15974150462964,208
112645_1.tex,classifciation and regreession model greedy,True,16,29.73672914505005,189.0150329399997,108
112658_2.tex,classifciation and regreession model greedy,True,4,7.911795616149902,29.73398558000004,30
112705_1.tex,classifciation and regreession model greedy,True,6,11.868294715881348,31.97255747049997,54
112723_2.tex,classifciation and regreession model greedy,True,14,31.68316078186035,75.52607384024206,99
112768_2.tex,classifciation and regreession model greedy,True,17,36.15421628952026,124.5106345050003,94
112834_3.tex,classifciation and regreession model greedy,True,31,65.79390478134155,408.71308373999966,225
112855_3.tex,classifciation and regreession model greedy,True,35,82.24926590919495,345.8961795898302,491
112883_3.tex,classifciation and regreession model greedy,True,4,9.574917793273926,197.2404787999997,53
112927_1.tex,classifciation and regreession model greedy,True,12,29.524869441986084,170.79077135299414,313
113048_3.tex,classifciation and regreession model greedy,True,11,27.3041353225708,139.61762051160758,193
113091_3.tex,classifciation and regreession model greedy,True,10,20.825124979019165,106.87030590000008,104
113144_3.tex,classifciation and regreession model greedy,True,6,12.82091760635376,92.50488063999998,90
113194_3.tex,classifciation and regreession model greedy,True,4,7.925543785095215,43.16205290500001,38
113251_2.tex,classifciation and regreession model greedy,True,11,22.57850980758667,56.40709332799994,38
113284_2.tex,classifciation and regreession model greedy,True,25,55.187477588653564,245.85459470999976,266
113295_3.tex,classifciation and regreession model greedy,True,11,23.333594799041748,89.36484393999997,101
113297_1.tex,classifciation and regreession model greedy,True,9,16.95377492904663,46.32431400000003,36
113323_3.tex,classifciation and regreession model greedy,True,11,22.2971465587616,67.21728644999999,72
113339_3.tex,classifciation and regreession model greedy,False,13,28.60154604911804,139.18222064850005,132
113392_2.tex,classifciation and regreession model greedy,True,15,31.511148929595947,77.93539354000006,78
113398_1.tex,classifciation and regreession model greedy,True,28,66.01945614814758,264.7270881229998,586
113435_3.tex,classifciation and regreession model greedy,True,10,24.24077796936035,80.29788407500014,104
113481_1.tex,classifciation and regreession model greedy,True,17,41.03640794754028,119.88092952243876,122
113531_3.tex,classifciation and regreession model greedy,True,8,19.25740385055542,156.47121729999986,89
113592_3.tex,classifciation and regreession model greedy,True,5,10.728003978729248,113.39289541659998,129
113600_2.tex,classifciation and regreession model greedy,True,6,13.58364462852478,53.64455534177252,66
113634_1.tex,classifciation and regreession model greedy,True,11,23.537760496139526,174.19937027999987,69
113667_2.tex,classifciation and regreession model greedy,True,7,14.411808729171751,46.81352213029998,51
113683_3.tex,classifciation and regreession model greedy,True,3,6.186521768569946,18.490167140000025,19
113747_1.tex,classifciation and regreession model greedy,True,12,26.53410506248474,91.17350509,66
113748_2.tex,classifciation and regreession model greedy,True,7,13.604881286621094,51.02910239500004,61
113787_2.tex,classifciation and regreession model greedy,False,11,25.806942462921143,97.19856259716002,128
113806_2.tex,classifciation and regreession model greedy,True,25,53.00335550308228,323.69833279975995,132
113808_2.tex,classifciation and regreession model greedy,True,10,21.11772871017456,81.00233983151995,140
113843_3.tex,classifciation and regreession model greedy,True,7,14.90543007850647,69.56902103999994,73
113896_2.tex,classifciation and regreession model greedy,False,13,28.763920307159424,91.91970801380026,93
114067_3.tex,classifciation and regreession model greedy,True,10,24.351584672927856,148.38543808500032,208
114073_3.tex,classifciation and regreession model greedy,True,14,31.37829899787903,167.10819902500032,180
114132_1.tex,classifciation and regreession model greedy,True,5,11.216663360595703,62.90218996000035,136
114258_1.tex,classifciation and regreession model greedy,True,16,34.49011039733887,134.54669481082837,164
114293_3.tex,classifciation and regreession model greedy,True,13,26.746974229812626,94.23100462500034,105
114311_2.tex,classifciation and regreession model greedy,True,15,32.198978424072266,139.53818658576,134
114322_3.tex,classifciation and regreession model greedy,True,12,23.8671977519989,100.1638379214002,89
114325_1.tex,classifciation and regreession model greedy,True,8,16.34867238998413,46.74466485000004,55
114327_2.tex,classifciation and regreession model greedy,True,14,28.27140522003174,74.93021213800081,54
114350_3.tex,classifciation and regreession model greedy,True,14,31.024733543396,109.55933713395682,164
114389_1.tex,classifciation and regreession model greedy,True,14,29.624000549316406,103.1226185000004,83
114406_2.tex,classifciation and regreession model greedy,True,4,7.343730449676514,13.047123875000004,10
114531_3.tex,classifciation and regreession model greedy,True,20,47.60619235038757,138.8070554014757,78
114541_3.tex,classifciation and regreession model greedy,True,20,46.06060147285461,137.68253029600123,204
114606_3.tex,classifciation and regreession model greedy,True,10,23.64036202430725,139.30504854250032,179
114633_3.tex,classifciation and regreession model greedy,True,6,13.12352728843689,104.50405684499998,96
114643_3.tex,classifciation and regreession model greedy,True,14,30.00501799583435,115.25550193299976,88
114660_2.tex,classifciation and regreession model greedy,True,9,19.22351455688477,120.98332847155572,177
114731_3.tex,classifciation and regreession model greedy,True,9,18.378145933151245,57.08640025000007,61
114755_1.tex,classifciation and regreession model greedy,True,14,29.575377464294437,80.50559689000008,84
114779_1.tex,classifciation and regreession model greedy,True,17,42.38342189788818,183.1746786062281,302
114828_1.tex,classifciation and regreession model greedy,True,15,30.56559944152832,126.6965530349999,101
114962_3.tex,classifciation and regreession model greedy,True,10,20.69013261795044,59.06066833999989,68
115113_1.tex,classifciation and regreession model greedy,True,5,11.779565334320068,34.02743732187496,47
115127_1.tex,classifciation and regreession model greedy,True,8,19.383211135864254,120.41965816160024,174
115158_1.tex,classifciation and regreession model greedy,True,6,13.79574966430664,110.86042818000008,80
115181_3.tex,classifciation and regreession model greedy,True,5,11.46142601966858,123.50790302500008,94
115185_3.tex,classifciation and regreession model greedy,True,9,20.8734142780304,122.6232997713401,102
115197_2.tex,classifciation and regreession model greedy,True,9,20.236605644226078,49.338561786399744,52
115294_1.tex,classifciation and regreession model greedy,True,9,18.92812180519104,54.42130418880044,62
115369_1.tex,classifciation and regreession model greedy,True,8,15.923321723937988,71.47639116499998,58
115400_2.tex,classifciation and regreession model greedy,True,21,45.9482696056366,261.03199292600027,226
115553_2.tex,classifciation and regreession model greedy,True,10,21.322444677352905,44.642142405350086,54
115655_3.tex,classifciation and regreession model greedy,True,8,18.08120822906494,46.55846816499994,98
115661_2.tex,classifciation and regreession model greedy,True,3,6.684357166290283,23.644666381519947,52
115737_3.tex,classifciation and regreession model greedy,True,11,26.080697774887085,117.642239884059,90
115798_1.tex,classifciation and regreession model greedy,True,7,14.232083797454834,48.943582835000505,27
115810_2.tex,classifciation and regreession model greedy,True,18,41.15942621231079,130.8537665000009,125
115818_2.tex,classifciation and regreession model greedy,True,10,23.107046365737915,136.29101591024002,129
115835_3.tex,classifciation and regreession model greedy,True,12,28.44690775871277,142.42976485200032,140
116002_3.tex,classifciation and regreession model greedy,True,10,21.09620189666748,55.39538842499989,48
116013_2.tex,classifciation and regreession model greedy,True,12,24.397239923477173,75.44958076000003,80
116038_1.tex,classifciation and regreession model greedy,True,2,3.4128425121307373,3.4960341239999995,3
116057_3.tex,classifciation and regreession model greedy,True,35,79.56563591957092,490.0497357008003,466
123559_2.tex,classifciation and regreession model greedy,True,9,18.01326322555542,166.63661896000002,93
123580_1.tex,classifciation and regreession model greedy,True,10,20.501681089401245,106.14889206000002,129
123758_1.tex,classifciation and regreession model greedy,True,21,50.26868987083435,129.52384307283415,79
123766_2.tex,classifciation and regreession model greedy,True,2,4.478712797164917,79.00803526719987,58
123788_1.tex,classifciation and regreession model greedy,True,4,9.004862785339355,132.78941168000003,43
123791_2.tex,classifciation and regreession model greedy,True,4,8.220027923583984,81.27619856,53
123792_2.tex,classifciation and regreession model greedy,True,5,10.938469648361206,115.12063641999994,62
123810_1.tex,classifciation and regreession model greedy,False,3,9.750873804092407,30.05462041112509,46
123812_2.tex,classifciation and regreession model greedy,True,2,4.357218027114868,90.55378,46
123838_2.tex,classifciation and regreession model greedy,True,7,15.517316818237305,132.74338718551988,104
123917_1.tex,classifciation and regreession model greedy,True,9,19.927865982055664,150.22763982400008,92
123958_3.tex,classifciation and regreession model greedy,True,8,18.158291816711422,68.93619775200028,172
124016_1.tex,classifciation and regreession model greedy,True,6,12.614335060119627,48.92819596,59
124017_3.tex,classifciation and regreession model greedy,True,12,25.286675453186035,88.6435287000003,87
124121_3.tex,classifciation and regreession model greedy,True,13,26.472521543502808,71.08753858750057,57
124149_2.tex,classifciation and regreession model greedy,True,35,80.7126317024231,565.9411110447502,571
124153_3.tex,classifciation and regreession model greedy,True,32,70.51223301887512,360.01115652000016,269
124178_2.tex,classifciation and regreession model greedy,False,11,25.072441577911377,73.6702647339999,99
124190_1.tex,classifciation and regreession model greedy,True,12,25.69450044631958,74.29257550330004,101
124190_3.tex,classifciation and regreession model greedy,True,11,25.2281391620636,113.04927977599996,186
124264_2.tex,classifciation and regreession model greedy,True,20,45.95922899246216,145.06384417799984,87
124297_3.tex,classifciation and regreession model greedy,False,25,59.24375247955322,214.7631270280001,105
124379_1.tex,classifciation and regreession model greedy,True,8,18.43203806877136,276.0195984464009,139
124413_1.tex,classifciation and regreession model greedy,True,9,22.082416772842407,78.09857196500002,127
124469_1.tex,classifciation and regreession model greedy,True,10,22.860906839370728,62.022114704121606,96
124481_3.tex,classifciation and regreession model greedy,True,9,19.34456443786621,47.31252414500016,37
124491_3.tex,classifciation and regreession model greedy,True,4,8.987846374511719,84.25071768000002,77
124496_2.tex,classifciation and regreession model greedy,True,10,23.96377301216125,103.38324456639998,259
124539_1.tex,classifciation and regreession model greedy,True,14,31.33229351043701,164.62363144999995,148
124558_2.tex,classifciation and regreession model greedy,True,26,62.1629114151001,467.257547900001,323
124704_2.tex,classifciation and regreession model greedy,True,10,20.74157428741455,60.85443952289198,90
124704_3.tex,classifciation and regreession model greedy,False,4,10.414743661880491,15.22821062970695,39
124716_2.tex,classifciation and regreession model greedy,True,30,64.77529525756836,310.6996449699998,286
124730_2.tex,classifciation and regreession model greedy,False,9,23.08244681358337,57.8359817115999,177
124807_3.tex,classifciation and regreession model greedy,True,2,4.415290355682373,208.026038907648,53
124872_2.tex,classifciation and regreession model greedy,True,4,8.2963228225708,36.90122756000007,15
124929_3.tex,classifciation and regreession model greedy,True,13,32.984780073165894,195.39734250059988,176
124998_3.tex,classifciation and regreession model greedy,True,7,16.208508729934692,114.61345661977502,95
125019_2.tex,classifciation and regreession model greedy,True,9,20.830078840255737,58.20157738895693,59
125077_1.tex,classifciation and regreession model greedy,False,5,12.804502487182615,37.91112804000011,54
125092_1.tex,classifciation and regreession model greedy,True,7,15.824102401733398,71.77906522000002,73
125113_1.tex,classifciation and regreession model greedy,True,10,20.74647736549377,62.2595618714,47
125210_1.tex,classifciation and regreession model greedy,True,23,49.31031537055969,329.75312692327014,143
125241_2.tex,classifciation and regreession model greedy,True,34,89.23341274261475,447.0542097690002,769
125381_3.tex,classifciation and regreession model greedy,True,9,22.244929790496823,72.111089109,128
125430_3.tex,classifciation and regreession model greedy,True,5,11.884842872619627,70.54871984707322,48
125474_3.tex,classifciation and regreession model greedy,True,5,12.14322566986084,64.79897569779993,101
125494_3.tex,classifciation and regreession model greedy,True,6,14.751713752746582,71.51419473485589,195
125499_1.tex,classifciation and regreession model greedy,True,6,13.974213361740112,99.47673379499996,54
125515_1.tex,classifciation and regreession model greedy,True,6,14.269259691238403,94.22311104999994,74
125576_2.tex,classifciation and regreession model greedy,True,9,21.6324565410614,99.99302422254398,141
125577_2.tex,classifciation and regreession model greedy,True,2,4.1532275676727295,9.339383209949972,17
125604_2.tex,classifciation and regreession model greedy,False,4,9.883188724517822,41.61127889999997,39
125608_2.tex,classifciation and regreession model greedy,True,6,12.791894912719728,86.0461129249999,79
125636_3.tex,classifciation and regreession model greedy,True,19,42.85213017463684,230.69430684999992,119
125670_2.tex,classifciation and regreession model greedy,True,12,27.02813148498535,68.30581891500009,94
125680_1.tex,classifciation and regreession model greedy,True,10,22.486618995666504,90.28493059404988,115
125707_2.tex,classifciation and regreession model greedy,True,41,99.00493812561037,528.8794000805999,379
125720_1.tex,classifciation and regreession model greedy,True,14,31.080341339111328,168.6359609049999,114
125819_1.tex,classifciation and regreession model greedy,True,26,63.05759143829346,263.4244414268499,343
125880_3.tex,classifciation and regreession model greedy,True,11,25.631413459777832,68.31187953700001,45
125891_1.tex,classifciation and regreession model greedy,True,1,2.2271599769592285,164.1974263749995,47
125914_1.tex,classifciation and regreession model greedy,True,5,12.211899042129517,99.81126265000034,98
125918_2.tex,classifciation and regreession model greedy,False,6,17.759244203567505,26.44866058579189,97
125963_1.tex,classifciation and regreession model greedy,True,11,28.27237105369568,144.75934093000035,164
125995_3.tex,classifciation and regreession model greedy,True,8,19.725882291793823,48.2412386614,63
126107_2.tex,classifciation and regreession model greedy,True,17,40.85211372375488,157.5936068250001,170
126119_3.tex,classifciation and regreession model greedy,True,16,38.83342480659485,92.03372050222792,130
126181_1.tex,classifciation and regreession model greedy,True,6,12.260922193527222,28.70502702299996,34
126197_1.tex,classifciation and regreession model greedy,True,15,33.63375639915466,142.8082884870005,107
126231_2.tex,classifciation and regreession model greedy,True,22,53.15713286399841,206.01222424100743,247
126242_2.tex,classifciation and regreession model greedy,True,34,79.47588181495667,413.623961683,451
126286_2.tex,classifciation and regreession model greedy,True,19,41.32909536361694,174.59539813750013,128
126314_3.tex,classifciation and regreession model greedy,True,27,61.20773434638977,292.06811085350006,240
126324_3.tex,classifciation and regreession model greedy,True,14,30.721211671829224,145.9507924169999,168
126452_3.tex,classifciation and regreession model greedy,True,1,2.2201027870178223,248.99594000000013,46
126558_3.tex,classifciation and regreession model greedy,True,13,32.57957339286804,176.49384730146488,156
126564_2.tex,classifciation and regreession model greedy,True,3,6.947409629821777,24.671595990000466,61
126574_1.tex,classifciation and regreession model greedy,True,7,18.388261795043945,108.16073913500811,136
126614_1.tex,classifciation and regreession model greedy,False,3,9.520391464233398,22.860029531123985,24
126671_3.tex,classifciation and regreession model greedy,True,14,38.10801649093628,184.8191329782059,228
126685_3.tex,classifciation and regreession model greedy,True,8,15.070538520812988,67.97245481499994,33
126778_3.tex,classifciation and regreession model greedy,True,28,65.74314713478088,267.74013845274976,169
126784_2.tex,classifciation and regreession model greedy,True,30,71.97093868255615,460.9021620488999,379
126815_2.tex,classifciation and regreession model greedy,True,6,12.875218152999878,52.78926380000002,83
126822_3.tex,classifciation and regreession model greedy,True,18,39.59407448768616,206.04165657000024,91
126837_2.tex,classifciation and regreession model greedy,True,6,12.22914719581604,33.57689712,23
126886_2.tex,classifciation and regreession model greedy,False,28,67.73807716369629,335.04479935149993,413
126891_3.tex,classifciation and regreession model greedy,True,26,60.40621638298035,210.16214680375,233
126989_2.tex,classifciation and regreession model greedy,True,18,43.202948331832886,107.01875866100102,137
126996_1.tex,classifciation and regreession model greedy,True,10,24.525795698165894,83.20019258899993,142
126997_2.tex,classifciation and regreession model greedy,False,3,9.885597705841064,21.14596645694397,61
127002_3.tex,classifciation and regreession model greedy,False,7,19.28744983673096,58.727949725544335,110
127004_2.tex,classifciation and regreession model greedy,True,24,56.862350940704346,579.8942006029996,57
127021_3.tex,classifciation and regreession model greedy,True,8,17.608943939208984,146.58354643000007,107
127066_3.tex,classifciation and regreession model greedy,True,9,20.5070276260376,140.43026295250002,115
127072_3.tex,classifciation and regreession model greedy,True,9,21.03394055366516,115.90641800163613,167
127076_2.tex,classifciation and regreession model greedy,True,7,16.364336252212524,112.68691959103798,120
127092_3.tex,classifciation and regreession model greedy,True,8,18.33997750282288,111.26057811060002,135
127130_1.tex,classifciation and regreession model greedy,True,9,19.6586492061615,95.13638170500056,78
127132_3.tex,classifciation and regreession model greedy,True,9,20.362959623336792,142.78127247000057,98
127150_3.tex,classifciation and regreession model greedy,True,12,28.76137065887451,90.66606134500005,117
127214_3.tex,classifciation and regreession model greedy,False,8,20.72200846672058,60.1706968780002,84
127274_2.tex,classifciation and regreession model greedy,True,4,8.832920789718628,21.07870378720008,26
127275_3.tex,classifciation and regreession model greedy,True,18,42.15382838249207,158.55144114640007,154
127309_1.tex,classifciation and regreession model greedy,False,35,92.4523332118988,366.8303597877499,422
127330_3.tex,classifciation and regreession model greedy,True,24,55.65206480026245,239.3751267211749,286
127370_1.tex,classifciation and regreession model greedy,True,13,28.57150173187256,150.60240433951992,145
127391_2.tex,classifciation and regreession model greedy,True,10,21.344797372817997,51.51743163099998,97
127562_1.tex,classifciation and regreession model greedy,True,7,16.339074850082397,111.51424927500084,84
127612_3.tex,classifciation and regreession model greedy,True,7,11.829463243484495,99.92859769999984,157
127613_2.tex,classifciation and regreession model greedy,True,11,16.7221782207489,133.92222378337812,141
127630_1.tex,classifciation and regreession model greedy,True,7,9.42274045944214,84.48961782100011,152
127675_3.tex,classifciation and regreession model greedy,True,9,14.840476036071776,106.40463284000003,103
127744_3.tex,classifciation and regreession model greedy,True,16,21.841899394989014,69.44008080024204,98
127748_1.tex,classifciation and regreession model greedy,True,17,24.35032606124878,147.21063484964222,204
127778_3.tex,classifciation and regreession model greedy,True,9,13.597374439239502,89.98019784500012,102
127846_2.tex,classifciation and regreession model greedy,True,7,10.300979852676392,64.90697856500012,95
127849_1.tex,classifciation and regreession model greedy,True,14,18.91102647781372,95.80102089000042,98
127866_1.tex,classifciation and regreession model greedy,False,25,35.17379927635193,266.00603395000013,412
127871_2.tex,classifciation and regreession model greedy,False,30,45.58118963241577,285.54829843999994,365
127896_2.tex,classifciation and regreession model greedy,True,21,31.53926038742065,199.2164940687503,156
127923_3.tex,classifciation and regreession model greedy,True,1,1.539370059967041,0.0,1
127939_1.tex,classifciation and regreession model greedy,True,35,54.52208209037781,359.15814272075033,421
128070_1.tex,classifciation and regreession model greedy,True,28,48.47820043563843,168.85109293423304,91
128221_3.tex,classifciation and regreession model greedy,True,7,8.362038135528564,58.77303755500008,36
128242_3.tex,classifciation and regreession model greedy,True,14,19.623526096343998,107.38262614987502,22
128326_1.tex,classifciation and regreession model greedy,True,19,25.864606380462646,233.5284965400003,155
128328_3.tex,classifciation and regreession model greedy,True,13,18.710277318954468,151.959248095,109
128349_3.tex,classifciation and regreession model greedy,True,29,42.53984260559082,375.1129325835501,156
128368_1.tex,classifciation and regreession model greedy,True,29,39.009897232055664,305.37118524499977,121
128416_2.tex,classifciation and regreession model greedy,True,9,11.638059139251707,62.2190352649999,40
128421_2.tex,classifciation and regreession model greedy,True,8,9.469500303268433,75.22882538999987,51
128424_3.tex,classifciation and regreession model greedy,True,18,22.54444003105164,243.0585177337501,133
128441_2.tex,classifciation and regreession model greedy,False,7,9.24460220336914,41.86083596500026,65
128458_2.tex,classifciation and regreession model greedy,False,3,5.187129259109497,13.583289685763988,23
128482_2.tex,classifciation and regreession model greedy,True,42,61.448610067367554,576.37505264895,675
128511_2.tex,classifciation and regreession model greedy,True,23,28.635812520980835,134.7169801141004,125
128518_3.tex,classifciation and regreession model greedy,True,23,31.656890869140625,203.33583608838237,294
128576_2.tex,classifciation and regreession model greedy,False,1,2.8779568672180176,2.5478375111250102,23
128590_2.tex,classifciation and regreession model greedy,True,4,4.726848840713501,20.276833313800037,27
128711_2.tex,classifciation and regreession model greedy,True,4,5.398113012313843,53.70705753599994,74
128720_2.tex,classifciation and regreession model greedy,True,9,12.589589595794678,129.15556541949607,176
128722_2.tex,classifciation and regreession model greedy,True,6,8.013963222503662,112.21366378552028,134
128726_1.tex,classifciation and regreession model greedy,False,3,5.91042685508728,33.1858002,86
128758_1.tex,classifciation and regreession model greedy,True,12,15.211089611053469,98.1141637025004,95
128777_3.tex,classifciation and regreession model greedy,False,4,6.417510509490967,23.83265250499187,42
128796_2.tex,classifciation and regreession model greedy,True,7,8.444580554962158,34.71472750210704,60
128816_2.tex,classifciation and regreession model greedy,True,8,10.07726001739502,71.31762053454409,90
128826_3.tex,classifciation and regreession model greedy,True,4,6.472089052200317,100.87430228552006,99
128835_3.tex,classifciation and regreession model greedy,True,5,6.539591550827026,29.37913271999995,77
128892_3.tex,classifciation and regreession model greedy,True,14,18.10745143890381,109.15327817952031,118
128946_2.tex,classifciation and regreession model greedy,True,29,37.91285181045532,403.9249385799998,435
128987_3.tex,classifciation and regreession model greedy,True,34,43.6691837310791,392.7684599300003,327
129006_1.tex,classifciation and regreession model greedy,True,3,3.396746158599853,14.762070047799996,28
129020_1.tex,classifciation and regreession model greedy,True,29,39.57185673713684,408.3373351045999,755
129273_1.tex,classifciation and regreession model greedy,True,15,21.361775398254395,138.12654429500003,201
129289_1.tex,classifciation and regreession model greedy,True,6,7.010459899902344,40.93614269000005,33
129300_1.tex,classifciation and regreession model greedy,True,9,11.290340900421144,95.50423789999998,150
129313_2.tex,classifciation and regreession model greedy,True,4,4.590914964675903,16.44592736076,16
129325_2.tex,classifciation and regreession model greedy,True,11,13.66948676109314,114.88769770382812,126
129347_1.tex,classifciation and regreession model greedy,True,13,16.38063669204712,86.13091824330013,152
129388_2.tex,classifciation and regreession model greedy,True,4,4.677054405212402,33.006487065000044,28
129443_2.tex,classifciation and regreession model greedy,True,16,21.064581155776978,128.7386627282499,63
129450_2.tex,classifciation and regreession model greedy,True,19,23.71703410148621,105.34976985099992,91
129473_2.tex,classifciation and regreession model greedy,True,12,15.359799146652222,95.16853245514996,159
129481_3.tex,classifciation and regreession model greedy,False,12,17.093517303466797,85.60972077700002,113
129489_3.tex,classifciation and regreession model greedy,False,33,45.667311906814575,319.9409604110003,323
129580_1.tex,classifciation and regreession model greedy,True,32,42.235559940338135,348.0379905219999,303
129664_3.tex,classifciation and regreession model greedy,False,6,10.140529870986938,59.46522558533642,95
129692_2.tex,classifciation and regreession model greedy,True,4,5.995338201522827,418.5705997800001,118
129693_1.tex,classifciation and regreession model greedy,True,20,29.15297269821167,132.97394521936394,124
129737_1.tex,classifciation and regreession model greedy,True,11,15.52677607536316,199.13193681500016,45
129739_3.tex,classifciation and regreession model greedy,True,6,7.783741235733032,56.00418928000019,41
129755_1.tex,classifciation and regreession model greedy,True,6,8.358839750289917,125.33092257119998,74
130022_1.tex,classifciation and regreession model greedy,True,12,15.523931503295898,90.32126500850016,80
130030_1.tex,classifciation and regreession model greedy,False,16,22.815905809402462,237.89613126155,346
130037_3.tex,classifciation and regreession model greedy,True,8,9.79736828804016,129.94538856000003,73
130043_1.tex,classifciation and regreession model greedy,True,22,29.9689359664917,267.6950286799997,211
130051_2.tex,classifciation and regreession model greedy,True,5,6.262038707733154,33.91260988500004,26
130079_3.tex,classifciation and regreession model greedy,True,11,13.786508083343506,62.26420517999993,61
130094_2.tex,classifciation and regreession model greedy,True,12,13.63124704360962,85.67050881780006,59
130109_3.tex,classifciation and regreession model greedy,True,11,13.733782768249512,104.4116967999999,146
130244_2.tex,classifciation and regreession model greedy,True,4,5.763880252838135,48.12385919999987,134
130270_1.tex,classifciation and regreession model greedy,True,7,9.683097839355469,115.66734394750014,57
130331_2.tex,classifciation and regreession model greedy,True,9,11.68857741355896,67.14147676393614,132
130334_3.tex,classifciation and regreession model greedy,False,6,10.348729610443115,77.86826672677287,137
130357_2.tex,classifciation and regreession model greedy,True,7,7.599257469177246,120.9281803999999,54
130439_3.tex,classifciation and regreession model greedy,True,7,9.229020833969116,34.574852400534965,53
130488_3.tex,classifciation and regreession model greedy,True,9,11.142362117767334,81.18907069000025,64
130511_3.tex,classifciation and regreession model greedy,False,1,2.45934534072876,6.992162134320006,20
130594_3.tex,classifciation and regreession model greedy,True,9,10.38914918899536,66.47234572500022,57
130596_3.tex,classifciation and regreession model greedy,True,29,36.05358242988586,325.14527928,148
130635_1.tex,classifciation and regreession model greedy,True,28,37.39510917663574,300.9507739372,250
130712_1.tex,classifciation and regreession model greedy,True,13,17.757211208343506,126.73932010000073,102
130758_1.tex,classifciation and regreession model greedy,True,17,38.12755537033081,120.81743537100994,71
130760_3.tex,classifciation and regreession model greedy,True,19,28.59185552597046,131.50093417490112,115
130848_2.tex,classifciation and regreession model greedy,True,11,14.667322874069214,115.66928174200017,199
130849_2.tex,classifciation and regreession model greedy,True,5,6.052134275436401,26.688640724999964,42
130858_2.tex,classifciation and regreession model greedy,True,8,11.394415855407717,145.45887603,192
130886_3.tex,classifciation and regreession model greedy,True,6,8.330449104309082,59.149497565796935,124
131027_3.tex,classifciation and regreession model greedy,True,12,14.639752626419067,80.3817686500002,75
131030_2.tex,classifciation and regreession model greedy,True,15,19.18809151649475,174.64106907500036,163
131099_1.tex,classifciation and regreession model greedy,True,8,9.754367351531982,55.93711818717506,93
131112_2.tex,classifciation and regreession model greedy,False,9,10.82347822189331,91.8526802499999,87
131172_1.tex,classifciation and regreession model greedy,False,14,19.451292514801025,81.44834118399976,65
131174_1.tex,classifciation and regreession model greedy,True,13,16.131744861602783,82.04625268799991,92
131182_3.tex,classifciation and regreession model greedy,True,39,52.94722318649292,443.085766772,452
131187_2.tex,classifciation and regreession model greedy,True,20,26.6593759059906,219.1430198043248,239
131324_2.tex,classifciation and regreession model greedy,True,14,19.827230215072632,109.83424556659963,175
131407_2.tex,classifciation and regreession model greedy,True,9,13.14314317703247,177.12577763999997,150
131462_3.tex,classifciation and regreession model greedy,True,8,10.17843770980835,84.94622054500006,52
131537_3.tex,classifciation and regreession model greedy,True,9,11.656709909439089,71.37256160799997,104
131621_2.tex,classifciation and regreession model greedy,True,9,11.924102544784546,65.00418754784897,105
131648_2.tex,classifciation and regreession model greedy,True,16,21.059810876846317,116.0920113620001,103
131720_3.tex,classifciation and regreession model greedy,True,20,26.002604246139526,246.18636154590016,268
131730_3.tex,classifciation and regreession model greedy,True,11,15.505064010620115,92.95000204165588,211
131732_1.tex,classifciation and regreession model greedy,True,44,56.25476670265198,1030.6716085911598,331
131816_3.tex,classifciation and regreession model greedy,True,12,17.600111484527588,77.05311782725354,141
131835_3.tex,classifciation and regreession model greedy,True,19,26.96394681930542,121.8004212375098,60
131860_3.tex,classifciation and regreession model greedy,True,17,38.93509578704834,181.6622813612306,184
131939_1.tex,classifciation and regreession model greedy,True,22,50.31525540351868,233.4640777932499,100
131993_2.tex,classifciation and regreession model greedy,True,12,26.37191939353943,105.87095857500044,79
131994_1.tex,classifciation and regreession model greedy,True,7,14.29187512397766,43.23301132500021,22
132048_2.tex,classifciation and regreession model greedy,True,8,16.992234230041504,92.41627719859986,124
132066_3.tex,classifciation and regreession model greedy,True,11,25.047770261764526,139.75526475000007,129
132119_2.tex,classifciation and regreession model greedy,True,7,14.727911710739136,43.16733475899997,50
132150_3.tex,classifciation and regreession model greedy,True,8,17.859631776809692,54.62963881499999,65
132180_2.tex,classifciation and regreession model greedy,False,12,28.70190668106079,81.37126929727513,101
132213_2.tex,classifciation and regreession model greedy,True,10,22.04390382766724,86.03326015000039,70
132220_1.tex,classifciation and regreession model greedy,True,11,24.394508123397827,103.2400328650002,139
132378_1.tex,classifciation and regreession model greedy,True,8,19.94078683853149,83.74213587200748,123
132378_3.tex,classifciation and regreession model greedy,False,1,5.253927707672119,10.308080099999984,49
132442_3.tex,classifciation and regreession model greedy,True,10,25.41297173500061,129.24031180000014,128
132505_3.tex,classifciation and regreession model greedy,True,6,13.438725233078005,39.31769549000015,72
132527_2.tex,classifciation and regreession model greedy,True,9,21.74403429031372,90.32368599999973,81
132543_1.tex,classifciation and regreession model greedy,True,10,22.869892597198486,109.53563289000022,125
132550_1.tex,classifciation and regreession model greedy,True,7,15.594705820083618,67.83520160000003,88
132566_2.tex,classifciation and regreession model greedy,True,26,58.60622644424439,324.968145968,232
132571_3.tex,classifciation and regreession model greedy,True,18,43.24828743934631,172.16738920200035,205
132587_3.tex,classifciation and regreession model greedy,True,8,17.970009088516235,90.18601683928745,106
132610_1.tex,classifciation and regreession model greedy,True,17,38.565571784973145,94.60652272659208,143
132714_2.tex,classifciation and regreession model greedy,True,15,34.33167791366577,109.92863922568765,118
132751_1.tex,classifciation and regreession model greedy,True,3,5.839752197265625,14.03184735900004,15
132775_2.tex,classifciation and regreession model greedy,True,18,38.23909902572632,99.50830774050004,115
132780_1.tex,classifciation and regreession model greedy,True,13,28.67097759246826,99.508972797,118
132825_2.tex,classifciation and regreession model greedy,True,40,106.1399712562561,352.8239090880001,732
132873_3.tex,classifciation and regreession model greedy,True,3,7.049574613571167,240.0161991600004,46
132903_3.tex,classifciation and regreession model greedy,True,12,30.64320039749145,88.28860443125048,129
133041_2.tex,classifciation and regreession model greedy,True,3,6.7621119022369385,25.260998909,40
133065_3.tex,classifciation and regreession model greedy,False,6,17.673495292663574,65.42283807500002,42
133073_1.tex,classifciation and regreession model greedy,True,8,16.87916874885559,56.216069240000245,41
133078_1.tex,classifciation and regreession model greedy,True,6,13.32576584815979,62.76807577999998,23
133106_2.tex,classifciation and regreession model greedy,True,11,26.603454113006592,129.12297109899984,119
133108_2.tex,classifciation and regreession model greedy,True,7,16.453318119049072,100.816052455,74
133200_2.tex,classifciation and regreession model greedy,True,14,29.72193384170532,185.05008452899983,138
133229_2.tex,classifciation and regreession model greedy,True,11,27.864229917526245,130.21946725499996,253
133259_2.tex,classifciation and regreession model greedy,True,34,78.42073202133179,347.1329949640254,155
133275_1.tex,classifciation and regreession model greedy,False,7,17.19517755508423,72.0322156449999,85
133368_1.tex,classifciation and regreession model greedy,True,14,31.949564933776852,120.36122937799982,191
133377_3.tex,classifciation and regreession model greedy,True,10,22.804177045822144,47.82342921954999,61
133431_3.tex,classifciation and regreession model greedy,True,12,31.01064419746399,107.81367775299994,64
133462_3.tex,classifciation and regreession model greedy,True,6,15.366547584533691,46.04375165263801,89
133472_3.tex,classifciation and regreession model greedy,True,7,18.97701859474182,276.3567307576061,182
133509_3.tex,classifciation and regreession model greedy,True,6,13.244611024856567,41.846349990000064,44
133527_2.tex,classifciation and regreession model greedy,True,9,22.143521785736084,176.35689049799998,139
133534_3.tex,classifciation and regreession model greedy,True,9,23.34560751914978,138.92906308099992,123
133537_3.tex,classifciation and regreession model greedy,True,8,19.460607528686523,145.92171138600114,191
133544_2.tex,classifciation and regreession model greedy,True,6,13.739104747772217,81.81439156499994,86
133588_1.tex,classifciation and regreession model greedy,True,11,29.264392375946045,92.34947938412098,231
133590_1.tex,classifciation and regreession model greedy,True,9,23.390496492385864,100.24108547210702,174
133667_3.tex,classifciation and regreession model greedy,True,10,23.377413749694824,61.28034561500013,91
133708_1.tex,classifciation and regreession model greedy,True,7,14.70017147064209,97.01346122,70
133739_1.tex,classifciation and regreession model greedy,True,11,24.120662212371823,56.59633670000015,71
133769_3.tex,classifciation and regreession model greedy,True,9,21.875022172927856,111.9774576849998,220
133787_1.tex,classifciation and regreession model greedy,True,24,54.84905028343201,277.0023658000001,250
133806_3.tex,classifciation and regreession model greedy,True,30,72.15853714942932,435.72441441725016,308
133912_3.tex,classifciation and regreession model greedy,True,23,55.90191292762756,250.01306337500003,517
134012_1.tex,classifciation and regreession model greedy,True,14,33.68651747703552,81.87905920800048,81
134037_1.tex,classifciation and regreession model greedy,True,9,20.109156131744385,137.7774401499999,97
134064_3.tex,classifciation and regreession model greedy,True,1,1.8646540641784668,50.511578790000016,28
134066_1.tex,classifciation and regreession model greedy,True,5,12.344638586044312,127.54721625999991,120
134156_3.tex,classifciation and regreession model greedy,True,8,17.648329973220825,85.90563720000019,80
134159_1.tex,classifciation and regreession model greedy,True,11,24.348838329315186,95.1168508,62
134193_1.tex,classifciation and regreession model greedy,True,13,30.49983692169189,110.44517329919994,134
134208_3.tex,classifciation and regreession model greedy,True,13,28.76571655273437,80.554816674992,117
134222_1.tex,classifciation and regreession model greedy,True,12,28.112111568450928,74.76453963582804,114
134235_1.tex,classifciation and regreession model greedy,True,11,26.86340403556824,84.00166589000021,138
134258_2.tex,classifciation and regreession model greedy,True,13,29.82233452796936,148.71172278499995,199
134262_1.tex,classifciation and regreession model greedy,True,8,18.812947511672974,116.423974715,118
134288_3.tex,classifciation and regreession model greedy,True,14,33.92811870574951,148.80287383882788,194
134379_2.tex,classifciation and regreession model greedy,True,17,38.32726955413818,150.98987374999973,218
134434_3.tex,classifciation and regreession model greedy,True,11,23.32139587402344,66.51878867200006,78
134552_1.tex,classifciation and regreession model greedy,True,5,12.46807312965393,20.749008693300027,66
134622_1.tex,classifciation and regreession model greedy,True,7,17.153128385543823,122.49909481563807,121
134650_3.tex,classifciation and regreession model greedy,True,7,18.16765856742859,131.05862642999995,100
134661_2.tex,classifciation and regreession model greedy,False,32,79.25831294059753,289.17067003300014,245
134712_1.tex,classifciation and regreession model greedy,True,14,30.176570653915405,166.9163626796802,170
134760_2.tex,classifciation and regreession model greedy,True,9,19.47658061981201,48.55467434254405,67
134791_3.tex,classifciation and regreession model greedy,True,7,14.164981603622437,40.14139461499998,23
134867_2.tex,classifciation and regreession model greedy,True,15,32.462401390075684,111.71607839716012,88
134912_2.tex,classifciation and regreession model greedy,True,10,20.437882661819454,71.31722851500024,48
134922_1.tex,classifciation and regreession model greedy,True,5,10.400375604629517,32.538694420000006,56
134965_3.tex,classifciation and regreession model greedy,True,6,12.531157493591309,27.383490020000032,22
134971_1.tex,classifciation and regreession model greedy,True,20,43.49834060668945,195.6433135568205,208
134972_2.tex,classifciation and regreession model greedy,True,11,24.14375066757202,105.46496186499996,132
135132_2.tex,classifciation and regreession model greedy,True,14,31.25351047515869,116.07968067500109,99
135195_1.tex,classifciation and regreession model greedy,True,4,8.926839828491211,24.983244054999915,47
135199_1.tex,classifciation and regreession model greedy,True,12,29.38053870201111,125.69442754902028,146
135213_2.tex,classifciation and regreession model greedy,True,16,37.611088037490845,130.08011947850054,190
135301_1.tex,classifciation and regreession model greedy,True,11,24.07024884223938,66.30581840042002,143
135320_2.tex,classifciation and regreession model greedy,True,13,29.302652835845947,115.60860148283332,188
135343_2.tex,classifciation and regreession model greedy,True,7,13.747812509536743,36.80613160000017,40
135361_2.tex,classifciation and regreession model greedy,True,17,34.295793771743774,161.21101102951985,159
135366_3.tex,classifciation and regreession model greedy,True,12,25.939939498901367,116.56802016899992,87
135408_3.tex,classifciation and regreession model greedy,False,24,55.45131182670593,187.8972912989778,240
135409_1.tex,classifciation and regreession model greedy,True,24,51.16559076309204,237.3169608010004,174
135429_2.tex,classifciation and regreession model greedy,False,25,63.58932971954346,232.88598731503643,508
135454_3.tex,classifciation and regreession model greedy,True,11,22.95753288269043,88.22359663500012,76
135529_3.tex,classifciation and regreession model greedy,True,19,41.26087975502014,108.3558753182,123
135599_2.tex,classifciation and regreession model greedy,True,3,5.975321292877197,5.448584206999991,9
135726_3.tex,classifciation and regreession model greedy,True,15,35.7777943611145,188.41508638349973,239
135738_3.tex,classifciation and regreession model greedy,True,12,28.15578365325928,97.40035621000044,147
135811_2.tex,classifciation and regreession model greedy,True,17,37.35551404953003,225.47398260599996,163
135852_3.tex,classifciation and regreession model greedy,True,11,25.49976086616516,110.48284646000003,216
135867_2.tex,classifciation and regreession model greedy,True,13,28.098798274993896,148.42636676499984,114
135868_1.tex,classifciation and regreession model greedy,True,8,16.923450708389282,95.89572613999998,117
135933_3.tex,classifciation and regreession model greedy,True,50,115.04815888404846,529.2336447509999,382
135937_3.tex,classifciation and regreession model greedy,True,13,26.360584020614624,58.00042249783342,78
135947_2.tex,classifciation and regreession model greedy,True,9,19.904850721359253,83.33939803624995,133
135969_2.tex,classifciation and regreession model greedy,False,36,87.12285947799683,623.7774243102504,611
136013_1.tex,classifciation and regreession model greedy,True,15,30.90734004974365,174.81362915749995,182
136062_3.tex,classifciation and regreession model greedy,False,21,47.24054074287415,132.080347922,131
136138_2.tex,classifciation and regreession model greedy,True,2,4.326512575149536,106.72504941057504,22
136223_3.tex,classifciation and regreession model greedy,True,10,22.988593101501465,166.98597199999995,74
136248_1.tex,classifciation and regreession model greedy,True,5,10.979649782180786,136.61634202224056,80
136253_1.tex,classifciation and regreession model greedy,True,4,8.26446008682251,66.81350000000009,45
136278_3.tex,classifciation and regreession model greedy,True,10,23.038974046707157,153.01179397599992,126
136315_2.tex,classifciation and regreession model greedy,True,3,5.820628881454468,40.190514520000015,18
136337_2.tex,classifciation and regreession model greedy,True,12,26.1953239440918,196.38049549349995,129
136393_1.tex,classifciation and regreession model greedy,True,12,26.84656548500061,93.52568510967116,143
136413_1.tex,classifciation and regreession model greedy,True,5,9.865116357803345,42.71623506000002,29
136448_3.tex,classifciation and regreession model greedy,True,3,6.426780939102173,35.06490453999996,28
136454_3.tex,classifciation and regreession model greedy,True,3,5.795942068099976,12.945340194164004,16
136463_3.tex,classifciation and regreession model greedy,True,13,29.583240509033203,135.43007010000002,116
136501_2.tex,classifciation and regreession model greedy,False,19,45.19265723228455,163.85181687280016,173
136543_3.tex,classifciation and regreession model greedy,True,12,24.693033456802368,128.19641234999995,127
136580_1.tex,classifciation and regreession model greedy,True,30,63.57894682884216,334.1072412033249,274
136608_3.tex,classifciation and regreession model greedy,True,4,7.56209397315979,15.171400431000094,15
136685_1.tex,classifciation and regreession model greedy,True,17,38.581103801727295,114.925894678961,93
136713_1.tex,classifciation and regreession model greedy,True,1,1.6547448635101318,5.244121985519996,8
136801_3.tex,classifciation and regreession model greedy,True,2,4.032084703445435,64.81859672000002,58
136940_2.tex,classifciation and regreession model greedy,True,13,28.258427143096924,194.1666522338,249
136999_1.tex,classifciation and regreession model greedy,True,8,17.091337203979492,64.90978183671999,69
137002_1.tex,classifciation and regreession model greedy,True,9,19.27298140525818,103.79912443000056,91
137014_2.tex,classifciation and regreession model greedy,True,1,1.6136245727539062,0.0,1
137231_3.tex,classifciation and regreession model greedy,True,6,14.297561168670654,176.95780241230503,105
137254_1.tex,classifciation and regreession model greedy,True,13,29.45216202735901,63.56508881258719,110
137301_3.tex,classifciation and regreession model greedy,True,10,23.883612155914307,116.60400086,116
137322_2.tex,classifciation and regreession model greedy,True,5,10.579358577728271,53.18983044499207,57
137337_1.tex,classifciation and regreession model greedy,True,12,27.179965257644653,407.15464135,134
137371_3.tex,classifciation and regreession model greedy,True,6,14.505266427993774,78.49599192000001,156
137382_3.tex,classifciation and regreession model greedy,True,8,16.455148458480835,126.94810681000004,68
137386_2.tex,classifciation and regreession model greedy,True,6,12.285848379135132,42.07064173000013,46
137408_3.tex,classifciation and regreession model greedy,True,8,16.959169626235962,101.70587745500012,99
137423_2.tex,classifciation and regreession model greedy,True,10,23.63145637512207,126.56496421624198,159
137454_1.tex,classifciation and regreession model greedy,True,4,8.314287662506104,60.80088966400001,30
137487_3.tex,classifciation and regreession model greedy,True,3,5.920161247253418,25.47289130000007,22
137493_2.tex,classifciation and regreession model greedy,True,18,41.84522128105164,186.69834627999973,182
137515_1.tex,classifciation and regreession model greedy,True,5,10.798888683319092,43.47007200000003,62
137540_2.tex,classifciation and regreession model greedy,False,22,52.650354862213135,244.82306367699996,163
137557_3.tex,classifciation and regreession model greedy,False,5,12.276350498199465,16.087314569413934,30
137617_2.tex,classifciation and regreession model greedy,True,1,1.7139711380004885,0.0,1
137734_3.tex,classifciation and regreession model greedy,True,16,40.27586436271668,104.08147999,59
137782_2.tex,classifciation and regreession model greedy,True,2,4.581536769866943,196.28854910249785,53
138038_3.tex,classifciation and regreession model greedy,True,6,11.886927843093872,51.32022604500024,38
138092_2.tex,classifciation and regreession model greedy,True,4,7.573429107666016,16.852625597175077,13
138165_2.tex,classifciation and regreession model greedy,True,2,3.7262349128723145,9.545404580000152,12
138208_1.tex,classifciation and regreession model greedy,True,8,18.27545714378357,83.41097363764993,179
138294_2.tex,classifciation and regreession model greedy,True,17,41.49367833137512,149.17877700987,63
138324_3.tex,classifciation and regreession model greedy,True,15,33.689767360687256,111.65492014979748,92
138334_1.tex,classifciation and regreession model greedy,True,9,21.21364712715149,143.32218172600136,95
138376_1.tex,classifciation and regreession model greedy,True,4,9.03302764892578,62.202,57
138393_2.tex,classifciation and regreession model greedy,True,13,29.439018487930294,187.3562622589999,122
138418_1.tex,classifciation and regreession model greedy,True,7,16.8381245136261,107.41432484240003,107
138437_2.tex,classifciation and regreession model greedy,True,7,16.814005136489868,91.98842905785608,136
138503_2.tex,classifciation and regreession model greedy,True,7,16.21666646003723,84.37137572775993,74
138522_2.tex,classifciation and regreession model greedy,True,9,19.666143655776978,99.16211529640069,131
138531_2.tex,classifciation and regreession model greedy,True,11,24.55137324333191,92.56965680251992,104
138618_3.tex,classifciation and regreession model greedy,True,6,12.623770236968994,47.42767173000001,46
138654_3.tex,classifciation and regreession model greedy,True,14,31.943530559539795,183.7210746700001,242
138758_1.tex,classifciation and regreession model greedy,False,22,48.85856485366821,260.3777300307,225
138819_1.tex,classifciation and regreession model greedy,True,11,26.096778631210327,106.80769338467998,81
138854_3.tex,classifciation and regreession model greedy,True,3,7.107748746871948,215.6381191573598,52
138866_3.tex,classifciation and regreession model greedy,True,16,38.11401987075806,113.03098516975052,124
138874_2.tex,classifciation and regreession model greedy,True,11,24.98181962966919,89.30028167650033,104
138875_1.tex,classifciation and regreession model greedy,True,10,23.44463896751404,130.85230202187208,97
139015_2.tex,classifciation and regreession model greedy,True,8,16.665698051452637,70.0947494800004,73
139024_1.tex,classifciation and regreession model greedy,True,6,12.252661943435667,36.815779805000105,34
139061_1.tex,classifciation and regreession model greedy,True,5,10.657787799835203,31.32622889100005,37
139063_3.tex,classifciation and regreession model greedy,True,8,16.414321422576904,39.0481635888,52
139073_3.tex,classifciation and regreession model greedy,True,7,15.517690181732178,38.78592614947093,56
139080_2.tex,classifciation and regreession model greedy,True,11,24.39445948600769,130.4248051235001,147
139101_2.tex,classifciation and regreession model greedy,True,10,21.88901734352112,53.24592981650024,96
139160_3.tex,classifciation and regreession model greedy,True,7,14.431808710098268,69.85555492500015,60
139308_1.tex,classifciation and regreession model greedy,True,19,45.18778443336487,191.02079355000052,443
139365_3.tex,classifciation and regreession model greedy,True,4,9.70276427268982,95.4622981253393,93
139458_3.tex,classifciation and regreession model greedy,True,3,6.0393149852752686,19.265021980000228,12
139555_3.tex,classifciation and regreession model greedy,True,3,6.508097410202026,35.26509443999999,29
139737_1.tex,classifciation and regreession model greedy,True,18,38.83769965171814,119.9889222366531,144
139750_2.tex,classifciation and regreession model greedy,True,21,46.20936560630798,204.87800790982487,197
139769_3.tex,classifciation and regreession model greedy,False,11,24.87093615531921,77.40970555000001,99
139821_2.tex,classifciation and regreession model greedy,True,40,97.55857968330383,489.9396947549999,570
139914_1.tex,classifciation and regreession model greedy,False,3,9.94567584991455,9.04465834749999,20
139961_3.tex,classifciation and regreession model greedy,True,7,17.151917934417725,64.43394814334289,134
139983_3.tex,classifciation and regreession model greedy,True,9,19.36182165145874,111.90655028000046,107
139989_2.tex,classifciation and regreession model greedy,True,2,4.060133934020996,17.7542703799999,21
140003_2.tex,classifciation and regreession model greedy,True,9,21.74078607559204,136.0157541600002,62
140044_3.tex,classifciation and regreession model greedy,True,9,22.10051107406616,174.32352007449995,129
140059_2.tex,classifciation and regreession model greedy,True,8,18.745875120162964,103.94591647499996,135
140093_2.tex,classifciation and regreession model greedy,True,8,17.945286750793457,104.4052623800002,107
140112_2.tex,classifciation and regreession model greedy,True,8,16.454140186309814,116.71252237,79
140181_3.tex,classifciation and regreession model greedy,True,14,31.212984323501587,95.13348081799968,131
140273_2.tex,classifciation and regreession model greedy,True,30,64.90621948242188,226.2049676470421,144
140317_2.tex,classifciation and regreession model greedy,True,5,9.484249353408812,19.54993106500011,21
140391_3.tex,classifciation and regreession model greedy,True,30,72.99493408203125,327.97575620300006,572
140450_1.tex,classifciation and regreession model greedy,True,16,40.48938512802124,215.7300789372497,64
140453_3.tex,classifciation and regreession model greedy,True,14,31.38477849960327,79.17266875504079,97
140576_3.tex,classifciation and regreession model greedy,True,12,30.258626222610477,171.5663838150599,282
140586_1.tex,classifciation and regreession model greedy,True,7,15.380923986434937,90.07515611445996,92
140601_3.tex,classifciation and regreession model greedy,True,18,47.85956907272339,219.33563939447092,314
140611_1.tex,classifciation and regreession model greedy,True,10,24.56215739250183,96.0309604040007,158
140628_3.tex,classifciation and regreession model greedy,True,11,23.020046710968018,102.3982713050004,92
140633_2.tex,classifciation and regreession model greedy,True,10,22.59697151184082,128.88750047999997,118
140703_2.tex,classifciation and regreession model greedy,True,11,26.52830219268799,108.95811558000008,130
140703_3.tex,classifciation and regreession model greedy,False,15,39.24787497520447,206.265250893,297
140711_1.tex,classifciation and regreession model greedy,True,7,14.491235971450806,30.169426631900023,30
140729_1.tex,classifciation and regreession model greedy,True,12,26.94791030883789,114.93900811499964,102
140756_3.tex,classifciation and regreession model greedy,True,8,17.95342993736267,100.69949014999987,114
140814_1.tex,classifciation and regreession model greedy,True,12,26.95653343200684,91.31414788600024,147
140857_1.tex,classifciation and regreession model greedy,False,21,47.533841609954834,241.40050338374985,190
140862_2.tex,classifciation and regreession model greedy,True,7,13.84082055091858,25.14142627499997,21
140892_1.tex,classifciation and regreession model greedy,True,30,66.08432936668396,288.6226813839998,270
140911_3.tex,classifciation and regreession model greedy,True,18,37.52973246574402,131.9912597169999,172
141090_3.tex,classifciation and regreession model greedy,True,4,9.374550342559814,83.52905996000014,102
141092_1.tex,classifciation and regreession model greedy,True,5,11.854923963546751,64.73180083133585,84
141139_3.tex,classifciation and regreession model greedy,True,6,13.746112585067747,49.544751951000976,58
141152_3.tex,classifciation and regreession model greedy,False,18,49.68299651145935,304.7438076448351,347
141189_3.tex,classifciation and regreession model greedy,True,8,16.656940460205078,49.97539814000018,41
141277_1.tex,classifciation and regreession model greedy,True,7,13.671780109405518,50.24033161499988,27
141341_1.tex,classifciation and regreession model greedy,True,16,35.22107219696045,89.35694822062098,76
141355_2.tex,classifciation and regreession model greedy,True,14,30.961598873138428,123.0374647350004,147
141368_1.tex,classifciation and regreession model greedy,True,28,65.36217331886292,636.8762002659998,567
141373_2.tex,classifciation and regreession model greedy,True,12,21.547558546066284,153.35005113999995,89
141376_1.tex,classifciation and regreession model greedy,True,5,10.16907548904419,64.71769152999998,72
141405_2.tex,classifciation and regreession model greedy,True,6,11.547804832458496,30.07115334000004,31
141412_2.tex,classifciation and regreession model greedy,True,14,30.575231313705444,150.29669141439987,141
141429_3.tex,classifciation and regreession model greedy,True,19,44.03640365600586,222.4135594539999,294
141449_3.tex,classifciation and regreession model greedy,True,8,16.5425386428833,51.54653950600003,54
141470_2.tex,classifciation and regreession model greedy,True,34,76.2412965297699,331.6706014563499,350
141475_3.tex,classifciation and regreession model greedy,True,25,56.35100984573364,171.42717235430032,238
141551_3.tex,classifciation and regreession model greedy,True,10,24.9250807762146,326.27850062281635,164
141559_2.tex,classifciation and regreession model greedy,True,7,17.231980800628662,150.89650020374978,82
141626_1.tex,classifciation and regreession model greedy,True,3,6.517256498336792,89.08477384793994,74
141632_3.tex,classifciation and regreession model greedy,True,6,14.917768716812134,152.39770688469991,107
141659_1.tex,classifciation and regreession model greedy,True,9,20.54788088798523,117.4157630249999,136
141731_2.tex,classifciation and regreession model greedy,True,9,16.60199999809265,60.44372098499998,65
141781_2.tex,classifciation and regreession model greedy,True,11,22.16884064674377,48.24841270224203,56
141821_2.tex,classifciation and regreession model greedy,False,7,13.347886562347412,47.45375940500014,64
141836_2.tex,classifciation and regreession model greedy,True,11,20.19371223449707,61.96804117500011,58
141861_3.tex,classifciation and regreession model greedy,True,13,23.11488628387451,76.54098664699997,112
141919_3.tex,classifciation and regreession model greedy,True,7,13.566846132278442,57.18786314500008,56
141961_2.tex,classifciation and regreession model greedy,True,6,11.971956253051758,24.86246094319,25
142003_3.tex,classifciation and regreession model greedy,True,37,76.03991842269897,612.7867842754004,495
142010_3.tex,classifciation and regreession model greedy,False,30,61.49097466468811,256.7348698109997,272
142018_1.tex,classifciation and regreession model greedy,True,25,42.59673357009888,196.7882925181781,334
142085_2.tex,classifciation and regreession model greedy,True,15,24.186006784439087,138.7754445740504,154
142098_2.tex,classifciation and regreession model greedy,True,10,14.613974332809448,164.4924229648882,136
142125_1.tex,classifciation and regreession model greedy,True,7,11.328689813613892,158.89581433993172,114
142179_2.tex,classifciation and regreession model greedy,True,10,13.25764274597168,77.37577539000027,112
142221_2.tex,classifciation and regreession model greedy,True,15,26.115644693374637,121.3681593434717,195
142222_1.tex,classifciation and regreession model greedy,True,14,22.68871569633484,98.52842373682854,180
142232_3.tex,classifciation and regreession model greedy,True,8,10.555515050888062,80.16713158875001,92
142272_1.tex,classifciation and regreession model greedy,False,3,5.200966358184815,20.49701427200001,67
142275_3.tex,classifciation and regreession model greedy,True,9,11.520812034606934,33.282015085000054,35
142291_2.tex,classifciation and regreession model greedy,True,10,14.342820167541504,78.4367458850001,77
142406_1.tex,classifciation and regreession model greedy,True,20,29.63034439086914,183.3091613384,218
142443_3.tex,classifciation and regreession model greedy,False,43,73.44149541854858,396.5791697286003,421
142453_1.tex,classifciation and regreession model greedy,True,17,23.489356756210327,162.4185840749999,160
142515_2.tex,classifciation and regreession model greedy,False,28,47.66549897193909,226.54869923800013,291
142626_3.tex,classifciation and regreession model greedy,True,15,23.003102779388428,115.64492844565903,66
142661_3.tex,classifciation and regreession model greedy,True,10,13.891958951950071,54.60006220400032,88
142695_2.tex,classifciation and regreession model greedy,True,3,5.2101452350616455,27.168114799999984,13
142878_3.tex,classifciation and regreession model greedy,False,18,29.613022565841675,340.5109340598527,460
142906_3.tex,classifciation and regreession model greedy,True,11,17.58475136756897,160.28919146000004,135
142953_1.tex,classifciation and regreession model greedy,True,10,13.74582815170288,62.05616332720032,75
143134_1.tex,classifciation and regreession model greedy,False,7,11.031858444213867,67.44935120000007,33
143176_1.tex,classifciation and regreession model greedy,True,16,25.9623601436615,147.17510097206963,80
143181_1.tex,classifciation and regreession model greedy,True,7,10.206249952316284,147.71466635801264,140
143253_2.tex,classifciation and regreession model greedy,True,3,3.6015353202819824,73.52746277695996,44
143264_1.tex,classifciation and regreession model greedy,True,6,9.964043140411375,60.17467807400011,190
143297_3.tex,classifciation and regreession model greedy,True,6,8.188474655151367,79.89437670399984,93
143310_2.tex,classifciation and regreession model greedy,False,18,29.986884593963623,480.9904755496235,281
143313_1.tex,classifciation and regreession model greedy,True,13,19.876788854599,113.1462046300008,177
143313_2.tex,classifciation and regreession model greedy,True,8,14.923508644104004,119.14301031684808,144
143350_2.tex,classifciation and regreession model greedy,True,7,8.73409628868103,87.73761770000002,78
143378_2.tex,classifciation and regreession model greedy,True,16,22.47906494140625,139.54788746239998,198
143399_2.tex,classifciation and regreession model greedy,True,8,12.419135808944702,44.38881674752096,54
143403_1.tex,classifciation and regreession model greedy,True,5,11.3845055103302,53.06295896981994,104
143426_1.tex,classifciation and regreession model greedy,True,12,23.98718500137329,147.44157497999998,64
143454_1.tex,classifciation and regreession model greedy,True,20,41.37410736083984,216.1524327500005,49
143456_3.tex,classifciation and regreession model greedy,True,7,14.084700345993042,54.91966259999992,53
143466_2.tex,classifciation and regreession model greedy,True,6,12.945178031921388,74.13519119152802,86
143469_2.tex,classifciation and regreession model greedy,True,22,51.502026081085205,241.6820219514139,284
143513_1.tex,classifciation and regreession model greedy,True,13,27.26145052909851,82.95545721630009,119
143531_1.tex,classifciation and regreession model greedy,True,42,93.4076762199402,365.3239624410004,225
143542_1.tex,classifciation and regreession model greedy,True,1,1.5094945430755615,0.0,1
143559_3.tex,classifciation and regreession model greedy,True,37,78.81572484970093,783.5768503449998,336
143578_2.tex,classifciation and regreession model greedy,True,7,14.021658420562744,58.540867815000105,80
143737_3.tex,classifciation and regreession model greedy,True,16,35.47374510765076,80.98565825630793,99
143746_2.tex,classifciation and regreession model greedy,True,11,28.03121256828308,285.26219272617186,235
143764_2.tex,classifciation and regreession model greedy,True,5,10.398067235946655,84.53271519999998,45
143789_3.tex,classifciation and regreession model greedy,True,7,15.096787214279177,57.775053024000215,59
143790_2.tex,classifciation and regreession model greedy,True,7,16.428539037704468,142.28822457959004,104
143836_3.tex,classifciation and regreession model greedy,True,6,13.397714853286743,85.78434610000046,94
143844_1.tex,classifciation and regreession model greedy,True,9,19.29837274551392,51.5314028582279,90
143905_2.tex,classifciation and regreession model greedy,True,8,17.26492404937744,78.23632107460001,78
143951_2.tex,classifciation and regreession model greedy,True,12,27.088030338287357,100.17926439675009,100
143995_1.tex,classifciation and regreession model greedy,True,3,5.709404230117798,15.472985958999992,26
143996_2.tex,classifciation and regreession model greedy,True,12,26.215367317199707,123.55880890000012,128
144045_2.tex,classifciation and regreession model greedy,True,13,27.62517642974853,102.56154266715998,106
144074_1.tex,classifciation and regreession model greedy,True,15,31.88442015647888,214.310066,169
144094_1.tex,classifciation and regreession model greedy,True,13,26.208133459091187,106.29099865000086,108
144303_3.tex,classifciation and regreession model greedy,True,8,17.88423466682434,129.26012462000006,64
144389_2.tex,classifciation and regreession model greedy,True,10,24.979655265808105,73.87468171828391,179
144407_3.tex,classifciation and regreession model greedy,True,8,16.20436191558838,102.98584519500012,67
144422_1.tex,classifciation and regreession model greedy,True,11,23.41249656677246,125.7369977650004,74
144487_3.tex,classifciation and regreession model greedy,False,17,42.47425985336304,93.3038331001772,165
144510_2.tex,classifciation and regreession model greedy,True,8,16.02664089202881,91.62397145,38
144696_3.tex,classifciation and regreession model greedy,True,25,52.5051953792572,272.03177474424984,225
144776_3.tex,classifciation and regreession model greedy,True,14,33.97992849349976,124.201766777342,101
144833_2.tex,classifciation and regreession model greedy,True,4,8.733869314193726,92.09802151999996,57
144846_3.tex,classifciation and regreession model greedy,True,6,12.713000535964966,107.089834305,71
144856_3.tex,classifciation and regreession model greedy,True,3,6.653496980667114,49.44853820000008,43
144896_3.tex,classifciation and regreession model greedy,True,13,30.542205572128296,147.94218463889206,166
144919_2.tex,classifciation and regreession model greedy,True,9,20.57159662246704,39.885910165828285,51
144924_3.tex,classifciation and regreession model greedy,False,6,15.405150651931764,35.06749073322797,72
144930_2.tex,classifciation and regreession model greedy,True,14,34.16926670074463,162.05126317602895,230
144944_2.tex,classifciation and regreession model greedy,True,5,9.987536191940308,96.68803642000005,43
144959_2.tex,classifciation and regreession model greedy,True,19,44.0571928024292,245.20184830500008,200
144975_3.tex,classifciation and regreession model greedy,True,7,14.379830360412598,24.178260464,12
144990_3.tex,classifciation and regreession model greedy,True,10,21.48964238166809,111.62020787500056,85
145113_2.tex,classifciation and regreession model greedy,True,14,30.487178802490234,103.9339962732,157
145115_2.tex,classifciation and regreession model greedy,True,39,88.3645532131195,458.6031857850001,476
145145_2.tex,classifciation and regreession model greedy,False,12,29.402260780334476,62.89149828800009,123
145200_3.tex,classifciation and regreession model greedy,True,18,37.931801080703735,177.3859091470001,202
145239_1.tex,classifciation and regreession model greedy,True,51,113.662371635437,1094.0881967878508,533
145257_3.tex,classifciation and regreession model greedy,False,13,32.61064553260803,107.74664274000004,206
145329_3.tex,classifciation and regreession model greedy,True,22,52.77416253089905,145.2698693210002,81
145333_3.tex,classifciation and regreession model greedy,True,13,28.750638723373413,76.83058629599991,54
145352_2.tex,classifciation and regreession model greedy,True,12,26.55711007118225,44.6205208716432,73
145356_3.tex,classifciation and regreession model greedy,True,11,25.283747673034668,64.88625504999995,56
145393_1.tex,classifciation and regreession model greedy,True,6,13.11249589920044,71.43061733999988,72
145410_1.tex,classifciation and regreession model greedy,True,6,14.053051471710203,121.09791519999996,77
145419_3.tex,classifciation and regreession model greedy,True,6,13.46937894821167,89.53551180399998,47
145452_2.tex,classifciation and regreession model greedy,True,7,16.778486490249634,106.52848350929602,205
145455_1.tex,classifciation and regreession model greedy,True,9,21.155643701553345,48.3845166934709,90
145474_1.tex,classifciation and regreession model greedy,True,9,21.385552883148197,60.57874092999999,129
145501_2.tex,classifciation and regreession model greedy,True,10,22.589344263076782,125.14712282500032,168
145512_1.tex,classifciation and regreession model greedy,True,12,25.847679376602173,149.83692673399997,99
145522_3.tex,classifciation and regreession model greedy,True,6,12.637075662612917,55.29179303299996,46
145548_2.tex,classifciation and regreession model greedy,True,10,23.14546227455139,147.88336872873606,196
145573_1.tex,classifciation and regreession model greedy,True,16,37.48320770263672,163.5085080870001,202
145597_3.tex,classifciation and regreession model greedy,True,13,27.440870761871334,163.56445112500023,128
145619_2.tex,classifciation and regreession model greedy,True,16,35.44973945617676,128.94781185900024,197
145665_1.tex,classifciation and regreession model greedy,True,18,40.711262702941895,250.8875564654998,264
145668_2.tex,classifciation and regreession model greedy,True,7,14.85672402381897,31.494949065000057,49
145698_1.tex,classifciation and regreession model greedy,True,15,34.6562237739563,161.50351659999993,215
145700_3.tex,classifciation and regreession model greedy,True,12,24.081995964050293,109.64721415499984,91
145724_2.tex,classifciation and regreession model greedy,True,5,9.884325981140137,20.233823874999985,37
145731_2.tex,classifciation and regreession model greedy,True,5,10.175794124603271,29.97767572,41
145733_2.tex,classifciation and regreession model greedy,True,11,23.50343942642212,77.03995581262502,79
145744_1.tex,classifciation and regreession model greedy,True,27,59.7470133304596,291.6753241529997,265
145750_3.tex,classifciation and regreession model greedy,True,9,19.2393057346344,72.29942457320003,109
145784_3.tex,classifciation and regreession model greedy,False,4,11.126670598983765,10.477528840000003,39
145879_3.tex,classifciation and regreession model greedy,True,13,32.84329104423523,121.08900509488824,103
145891_1.tex,classifciation and regreession model greedy,True,6,14.741686582565308,700.909720421,101
145892_1.tex,classifciation and regreession model greedy,True,16,42.42680215835571,107.25013119570689,158
145929_1.tex,classifciation and regreession model greedy,True,6,13.879570245742798,93.59961319000004,33
145952_3.tex,classifciation and regreession model greedy,True,9,22.173383474349976,113.30047635799988,82
145958_3.tex,classifciation and regreession model greedy,True,9,22.24129843711853,167.58403324851758,136
145964_1.tex,classifciation and regreession model greedy,True,7,16.043054819107056,88.21598477600006,78
145993_3.tex,classifciation and regreession model greedy,True,21,48.49817156791687,175.5461033470011,161
146032_3.tex,classifciation and regreession model greedy,True,3,6.236592769622803,20.53193236499994,8
146082_2.tex,classifciation and regreession model greedy,True,10,22.421790599823,99.16231479252818,143
146104_1.tex,classifciation and regreession model greedy,False,11,27.86742377281189,95.5161306677607,96
146114_1.tex,classifciation and regreession model greedy,True,19,43.45759630203247,153.21587931092915,191
146114_2.tex,classifciation and regreession model greedy,True,7,15.150570392608644,41.57960332817797,64
146128_1.tex,classifciation and regreession model greedy,True,8,17.20305371284485,116.17635439999994,84
146138_1.tex,classifciation and regreession model greedy,True,9,19.25836515426636,110.9934512300002,74
146166_3.tex,classifciation and regreession model greedy,True,6,12.826100826263428,57.25527157399996,40
146246_2.tex,classifciation and regreession model greedy,True,4,7.934113502502441,19.741244939999945,20
146404_1.tex,classifciation and regreession model greedy,True,3,6.618531703948975,28.563791016000003,54
146405_2.tex,classifciation and regreession model greedy,True,15,34.761513471603394,90.29192304352146,108
146422_2.tex,classifciation and regreession model greedy,True,3,7.800424814224243,110.64597077360006,43
146424_1.tex,classifciation and regreession model greedy,True,11,25.65089440345764,72.77318626688873,151
146441_2.tex,classifciation and regreession model greedy,True,25,61.98797059059143,144.82326910920636,115
146486_1.tex,classifciation and regreession model greedy,True,6,14.12212872505188,132.161975724,102
146493_1.tex,classifciation and regreession model greedy,True,10,23.83284020423889,189.77137758405624,168
146493_2.tex,classifciation and regreession model greedy,False,8,20.65535593032837,57.4813146176,72
146502_2.tex,classifciation and regreession model greedy,False,5,14.011433124542236,47.26573357999981,81
146553_2.tex,classifciation and regreession model greedy,True,11,26.059547185897827,100.06984297500048,138
146623_1.tex,classifciation and regreession model greedy,True,7,17.375227451324463,129.31857445200006,206
146624_1.tex,classifciation and regreession model greedy,True,17,38.17019748687744,134.1937046975,51
146632_3.tex,classifciation and regreession model greedy,True,9,20.936986684799194,87.66568926053604,145
146644_1.tex,classifciation and regreession model greedy,True,18,46.18114733695984,277.36027651363986,429
146652_3.tex,classifciation and regreession model greedy,True,5,10.968144178390505,34.892546755000055,51
146656_1.tex,classifciation and regreession model greedy,True,21,48.511800050735474,194.1203732337502,86
146738_2.tex,classifciation and regreession model greedy,False,33,79.84382152557373,429.7971484899997,258
146739_1.tex,classifciation and regreession model greedy,True,2,3.7470319271087646,2.8929950750000017,3
146744_3.tex,classifciation and regreession model greedy,True,4,8.039054870605469,18.08754768355003,26
146855_1.tex,classifciation and regreession model greedy,True,6,12.026272535324097,22.741658966399932,23
146861_1.tex,classifciation and regreession model greedy,True,27,66.24917602539062,497.968797389,525
146875_2.tex,classifciation and regreession model greedy,True,45,112.0582377910614,478.3457263761909,651
146893_2.tex,classifciation and regreession model greedy,True,12,27.355178594589237,142.49054581875,40
146921_2.tex,classifciation and regreession model greedy,True,15,37.06831097602844,110.88521823100008,63
146968_3.tex,classifciation and regreession model greedy,True,21,52.87489581108093,124.72211759474985,130
147070_3.tex,classifciation and regreession model greedy,True,5,11.35839867591858,22.26197597499987,33
147111_1.tex,classifciation and regreession model greedy,True,8,17.448284149169922,58.447002674999965,39
147147_3.tex,classifciation and regreession model greedy,True,12,25.98572087287903,67.6743388240001,47
147153_2.tex,classifciation and regreession model greedy,True,15,34.28922438621521,127.96135254124997,154
147159_3.tex,classifciation and regreession model greedy,True,13,29.58800148963928,94.2454114299999,116
147160_1.tex,classifciation and regreession model greedy,True,36,83.65008616447449,790.6675916155024,319
147168_3.tex,classifciation and regreession model greedy,True,5,10.243044376373293,17.100203689,21
147178_3.tex,classifciation and regreession model greedy,True,20,51.84518337249756,199.15792774182776,365
147192_2.tex,classifciation and regreession model greedy,True,10,23.146350622177124,73.5129942150002,135
147211_3.tex,classifciation and regreession model greedy,True,11,25.483787536621094,132.55883593999994,131
147225_1.tex,classifciation and regreession model greedy,True,11,25.45488214492798,122.53638665000015,216
147273_2.tex,classifciation and regreession model greedy,False,32,76.61463189125061,331.5505702732362,383
147299_2.tex,classifciation and regreession model greedy,True,31,72.35662293434143,698.6176125862501,394
147301_1.tex,classifciation and regreession model greedy,False,30,71.20471453666687,260.0047482107502,162
147310_2.tex,classifciation and regreession model greedy,True,40,96.71625590324402,694.7694186460009,589
147358_1.tex,classifciation and regreession model greedy,True,6,13.033936023712158,42.05858889999988,66
147363_2.tex,classifciation and regreession model greedy,True,13,30.42461347579956,96.18301750600024,149
147454_1.tex,classifciation and regreession model greedy,True,4,9.094513177871704,212.0176251000001,58
147502_1.tex,classifciation and regreession model greedy,True,4,11.061364889144896,156.43820018303984,122
147570_1.tex,classifciation and regreession model greedy,True,5,11.690395593643188,54.0742291783001,27
147571_3.tex,classifciation and regreession model greedy,True,12,27.673129081726078,167.43675005247997,113
147572_3.tex,classifciation and regreession model greedy,True,5,12.54358434677124,120.14140707540008,97
147639_1.tex,classifciation and regreession model greedy,True,13,28.652082681655884,194.11421966999995,71
147689_1.tex,classifciation and regreession model greedy,True,10,22.72075390815735,53.84298321581407,53
147690_1.tex,classifciation and regreession model greedy,True,8,18.480896472930908,99.3993212690006,109
147732_1.tex,classifciation and regreession model greedy,True,18,41.811148166656494,117.52258632492784,107
147742_1.tex,classifciation and regreession model greedy,True,7,15.96167540550232,80.08982307740007,96
147753_3.tex,classifciation and regreession model greedy,False,10,24.780898809432983,121.07795477000003,92
147778_2.tex,classifciation and regreession model greedy,True,17,38.41175127029419,124.34518037000046,126
147786_1.tex,classifciation and regreession model greedy,True,2,4.004584550857544,5.909556067760008,3
147826_3.tex,classifciation and regreession model greedy,True,18,43.80084228515625,100.77076935114184,104
147897_3.tex,classifciation and regreession model greedy,True,6,12.682254076004028,25.259048145000037,16
147913_3.tex,classifciation and regreession model greedy,True,32,74.16996502876282,306.17089102560004,298
147918_3.tex,classifciation and regreession model greedy,False,25,55.59690833091736,161.31911558834184,127
147934_1.tex,classifciation and regreession model greedy,True,11,23.037274837493896,57.99887967499996,37
147941_1.tex,classifciation and regreession model greedy,False,29,69.88983011245728,249.27748224990012,264
147985_2.tex,classifciation and regreession model greedy,False,17,39.859188079833984,138.00482588500077,77
148042_1.tex,classifciation and regreession model greedy,True,5,13.628161430358888,134.70400975999993,83
148132_3.tex,classifciation and regreession model greedy,True,5,12.344489097595217,42.12155759735199,115
148148_2.tex,classifciation and regreession model greedy,True,4,8.81685185432434,14.67930917129604,18
148170_1.tex,classifciation and regreession model greedy,True,12,27.93553376197815,101.7510576312288,144
148173_2.tex,classifciation and regreession model greedy,True,6,13.941620588302612,39.16442838999995,68
148204_3.tex,classifciation and regreession model greedy,True,15,35.3562593460083,130.93947137999987,134
148215_1.tex,classifciation and regreession model greedy,True,12,26.377169370651245,70.66354258799988,45
148247_2.tex,classifciation and regreession model greedy,True,16,37.13917922973633,163.2619021527997,228
148278_1.tex,classifciation and regreession model greedy,True,21,49.77803182601929,247.10339596500012,224
148292_3.tex,classifciation and regreession model greedy,True,16,34.21039915084839,154.54651347499987,87
148353_3.tex,classifciation and regreession model greedy,True,15,32.782578468322754,80.91142088999987,103
148355_3.tex,classifciation and regreession model greedy,True,23,50.87632608413696,151.34017660900005,122
148360_2.tex,classifciation and regreession model greedy,True,16,36.74153137207031,82.4571132907069,106
148366_1.tex,classifciation and regreession model greedy,True,3,5.7631752490997314,6.418029199000017,3
148374_2.tex,classifciation and regreession model greedy,True,12,26.517061471939087,70.41575391116024,81
148378_1.tex,classifciation and regreession model greedy,True,4,8.358304262161255,7.54268400250001,4
148379_1.tex,classifciation and regreession model greedy,True,8,17.783772468566895,73.87443641450017,102
148396_3.tex,classifciation and regreession model greedy,True,19,43.14448308944702,198.46928138000004,160
148432_3.tex,classifciation and regreession model greedy,True,15,31.55569553375244,171.45097693771987,121
148434_3.tex,classifciation and regreession model greedy,False,8,19.817742586135864,62.80550046499995,92
148551_1.tex,classifciation and regreession model greedy,True,20,47.28142690658569,128.29973035900025,75
148564_2.tex,classifciation and regreession model greedy,True,20,46.87572169303894,119.4886034220011,139
148577_2.tex,classifciation and regreession model greedy,True,5,11.95350193977356,121.77658995043195,86
148605_3.tex,classifciation and regreession model greedy,True,10,25.35592460632324,96.59967453000068,167
148662_1.tex,classifciation and regreession model greedy,True,18,42.860037088394165,198.3614932815201,163
148683_2.tex,classifciation and regreession model greedy,True,16,40.20938277244568,185.31154310320028,258
148684_3.tex,classifciation and regreession model greedy,True,10,24.91619300842285,102.90543525800062,152
148719_3.tex,classifciation and regreession model greedy,True,11,24.36194968223572,89.38251913999996,55
148727_1.tex,classifciation and regreession model greedy,True,19,48.09898257255554,138.2689210549999,159
148736_3.tex,classifciation and regreession model greedy,True,12,28.151817321777344,110.11813162500032,69
148759_3.tex,classifciation and regreession model greedy,True,22,53.042630434036255,185.6240229969997,154
148763_2.tex,classifciation and regreession model greedy,True,2,3.6938788890838623,6.126257600000002,9
148830_2.tex,classifciation and regreession model greedy,True,13,28.37027359008789,145.75911854000003,141
148847_1.tex,classifciation and regreession model greedy,True,6,13.562228202819824,38.750666125000016,52
148867_2.tex,classifciation and regreession model greedy,True,26,56.43462777137756,591.955686075,105
148868_1.tex,classifciation and regreession model greedy,True,17,41.7454719543457,160.1795226888279,203
148891_1.tex,classifciation and regreession model greedy,True,5,10.592477321624756,17.09976361960006,18
148900_2.tex,classifciation and regreession model greedy,True,15,37.0780885219574,128.9110055131842,227
148934_3.tex,classifciation and regreession model greedy,True,16,36.5671124458313,185.06586708999995,137
148966_3.tex,classifciation and regreession model greedy,True,12,25.40431523323059,81.59874689375,58
148975_3.tex,classifciation and regreession model greedy,True,16,31.60129857063293,89.56801422550005,117
148976_2.tex,classifciation and regreession model greedy,True,6,11.574345350265505,14.0472354209125,6
149097_1.tex,classifciation and regreession model greedy,True,11,24.265965223312374,76.83286414650028,34
149143_3.tex,classifciation and regreession model greedy,True,12,29.15483021736145,172.18850061152023,170
149159_2.tex,classifciation and regreession model greedy,True,6,13.818717241287231,109.10239794999998,34
149214_2.tex,classifciation and regreession model greedy,True,8,18.455830812454224,71.63603341599992,48
149242_1.tex,classifciation and regreession model greedy,True,6,13.306564807891846,80.23877967519996,110
149280_1.tex,classifciation and regreession model greedy,True,13,27.66431474685669,165.8748633912504,39
149297_3.tex,classifciation and regreession model greedy,True,8,17.21995973587036,89.82179280079995,73
149302_3.tex,classifciation and regreession model greedy,True,10,20.945197582244877,106.69475102439992,55
149330_3.tex,classifciation and regreession model greedy,True,11,26.146459817886356,123.07503539500053,113
149347_3.tex,classifciation and regreession model greedy,True,14,31.386499404907227,131.48844464674897,148
149356_2.tex,classifciation and regreession model greedy,True,7,17.4401376247406,97.17337790737808,204
149376_1.tex,classifciation and regreession model greedy,True,11,22.88790273666382,129.78718947999997,90
149395_1.tex,classifciation and regreession model greedy,True,11,23.23790526390076,87.73254517000015,114
149447_3.tex,classifciation and regreession model greedy,False,11,26.802191495895386,96.75033202132008,129
149460_1.tex,classifciation and regreession model greedy,True,25,54.62475872039795,309.98586955,300
149472_2.tex,classifciation and regreession model greedy,True,5,8.500974178314209,37.584678439999976,23
149473_1.tex,classifciation and regreession model greedy,True,9,16.37424635887146,126.33529859999987,90
149500_1.tex,classifciation and regreession model greedy,True,15,29.606056451797485,143.15643918,60
149540_2.tex,classifciation and regreession model greedy,True,27,59.32389307022095,395.2233764860004,477
149633_2.tex,classifciation and regreession model greedy,True,18,41.58989858627319,135.97215424544166,70
149708_2.tex,classifciation and regreession model greedy,True,8,16.832094430923462,126.33323640000002,57
149726_2.tex,classifciation and regreession model greedy,True,5,10.910608053207396,116.61128391999983,63
149771_3.tex,classifciation and regreession model greedy,True,4,8.325596570968628,15.64585428001998,17
149780_3.tex,classifciation and regreession model greedy,True,5,11.611995458602903,76.24971626163601,115
149801_3.tex,classifciation and regreession model greedy,True,7,14.56598448753357,92.61356432999992,52
149842_1.tex,classifciation and regreession model greedy,True,13,27.888499975204468,72.26135525378243,40
149862_1.tex,classifciation and regreession model greedy,True,7,15.185633659362791,61.21551989000011,94
149885_3.tex,classifciation and regreession model greedy,True,10,21.55603289604187,50.22760743000005,45
149886_3.tex,classifciation and regreession model greedy,True,15,35.90583920478821,109.06376486165615,134
149929_1.tex,classifciation and regreession model greedy,True,18,39.21186947822571,151.6502563500005,106
149952_3.tex,classifciation and regreession model greedy,True,14,30.34947752952576,125.57155382700024,123
150006_1.tex,classifciation and regreession model greedy,True,31,72.1139304637909,344.809344111925,537
150030_3.tex,classifciation and regreession model greedy,True,7,13.878823518753052,48.13375559000009,56
150066_1.tex,classifciation and regreession model greedy,True,13,27.41409158706665,85.37666588579995,97
150072_2.tex,classifciation and regreession model greedy,True,5,9.540650844573976,27.46210849000037,39
150112_3.tex,classifciation and regreession model greedy,True,24,53.02910494804382,155.58860651075062,174
150255_1.tex,classifciation and regreession model greedy,True,10,23.698335886001587,110.23565339999996,145
150263_3.tex,classifciation and regreession model greedy,True,7,15.37226700782776,57.47520676000012,58
150268_3.tex,classifciation and regreession model greedy,True,12,29.01640558242798,192.5164748399999,132
150277_1.tex,classifciation and regreession model greedy,True,4,8.844146728515625,28.103957599999998,42
150330_1.tex,classifciation and regreession model greedy,True,11,25.58935642242432,81.7990125796781,114
150338_2.tex,classifciation and regreession model greedy,True,9,19.25396680831909,151.72663885999998,56
150353_2.tex,classifciation and regreession model greedy,True,8,17.406028032302856,57.48046510000013,50
150364_3.tex,classifciation and regreession model greedy,True,9,18.861332416534424,57.620854200000586,50
150369_2.tex,classifciation and regreession model greedy,True,13,29.096635818481445,132.24169704999994,151
150375_2.tex,classifciation and regreession model greedy,True,6,12.386337280273438,48.66654399999999,48
150397_2.tex,classifciation and regreession model greedy,True,14,30.58423447608948,92.38139778000028,122
150406_2.tex,classifciation and regreession model greedy,True,3,5.776763439178467,9.061709580999974,10
150485_1.tex,classifciation and regreession model greedy,True,7,13.96191692352295,31.719161080000045,8
150538_3.tex,classifciation and regreession model greedy,True,17,36.299333810806274,92.01708297116244,107
150545_3.tex,classifciation and regreession model greedy,True,24,63.03811383247376,530.9360778312503,647
150563_3.tex,classifciation and regreession model greedy,True,8,15.6122407913208,63.70834988999991,48
150627_1.tex,classifciation and regreession model greedy,True,13,27.425827503204346,85.22913434727494,134
150636_3.tex,classifciation and regreession model greedy,True,29,65.19014978408813,368.05479127,469
150648_3.tex,classifciation and regreession model greedy,False,14,33.11069655418396,74.66794726000009,108
150694_3.tex,classifciation and regreession model greedy,True,12,28.054789781570435,166.28357796000034,159
150727_3.tex,classifciation and regreession model greedy,True,6,13.462554216384888,93.29982556798994,46
150733_2.tex,classifciation and regreession model greedy,False,12,28.137539863586422,85.34491264587213,90
150744_2.tex,classifciation and regreession model greedy,True,13,28.706058502197266,95.3895252430002,70
150752_1.tex,classifciation and regreession model greedy,True,16,39.38180327415466,90.21058090351524,114
150837_1.tex,classifciation and regreession model greedy,True,13,32.330156564712524,111.88241345322808,194
150864_3.tex,classifciation and regreession model greedy,True,7,16.15139389038086,51.82332075500004,89
150868_3.tex,classifciation and regreession model greedy,True,10,24.0106840133667,136.8755712480231,211
150953_2.tex,classifciation and regreession model greedy,True,9,20.222618103027344,87.23701313676001,96
151008_1.tex,classifciation and regreession model greedy,True,12,26.788471460342407,162.51614539999974,182
151018_2.tex,classifciation and regreession model greedy,True,4,8.127493143081665,19.6087176900001,18
151067_1.tex,classifciation and regreession model greedy,True,12,25.24430823326111,74.42440616400003,40
151133_3.tex,classifciation and regreession model greedy,True,8,15.938156366348268,55.36124212716001,29
151189_1.tex,classifciation and regreession model greedy,True,26,59.78043580055237,229.29875017490028,248
151233_1.tex,classifciation and regreession model greedy,True,7,16.386486530303955,68.20903347500003,105
151276_2.tex,classifciation and regreession model greedy,False,10,28.659706354141235,115.64058121959592,165
151307_3.tex,classifciation and regreession model greedy,True,28,76.86163139343262,273.9437302254687,434
151339_1.tex,classifciation and regreession model greedy,True,13,31.67808961868286,124.0193615249998,159
151351_3.tex,classifciation and regreession model greedy,True,12,27.33169388771057,166.54980457399998,172
151383_2.tex,classifciation and regreession model greedy,True,6,13.83801007270813,103.757592781,108
151428_2.tex,classifciation and regreession model greedy,True,9,19.055662631988525,93.12011698499994,60
151454_3.tex,classifciation and regreession model greedy,True,10,21.533026695251465,104.33558526699996,88
151459_1.tex,classifciation and regreession model greedy,True,13,28.558368921279907,137.04500173999998,83
151518_3.tex,classifciation and regreession model greedy,True,2,3.8175790309906006,5.173447106799998,3
151520_2.tex,classifciation and regreession model greedy,True,32,75.4173641204834,321.3004604130761,245
151622_1.tex,classifciation and regreession model greedy,True,30,69.95430898666382,414.361067907,471
151648_2.tex,classifciation and regreession model greedy,True,22,47.48738241195679,196.7213448050001,138
151812_3.tex,classifciation and regreession model greedy,True,3,6.231883525848389,24.567012704257507,45
151835_1.tex,classifciation and regreession model greedy,True,12,30.65576410293579,201.20409104800007,244
151835_2.tex,classifciation and regreession model greedy,True,11,32.43048882484436,247.56309455562788,294
151861_2.tex,classifciation and regreession model greedy,True,7,14.860596179962158,88.43295159999985,89
151900_2.tex,classifciation and regreession model greedy,True,10,22.523280143737797,94.87656168199192,142
151901_3.tex,classifciation and regreession model greedy,True,10,24.42127799987793,128.64986819400005,126
151943_3.tex,classifciation and regreession model greedy,True,6,13.377211332321169,43.15371549999996,64
152060_3.tex,classifciation and regreession model greedy,True,4,8.907423496246338,32.64595511317498,61
152095_2.tex,classifciation and regreession model greedy,True,11,23.11304211616516,52.51915431500007,71
152179_2.tex,classifciation and regreession model greedy,True,7,14.13259482383728,45.57653674999993,54
152244_2.tex,classifciation and regreession model greedy,True,19,42.337162017822266,231.6432670600002,307
152247_2.tex,classifciation and regreession model greedy,True,7,14.910477638244627,35.43773144320001,84
152278_2.tex,classifciation and regreession model greedy,False,26,62.842278480529785,182.6937684339864,224
152337_1.tex,classifciation and regreession model greedy,False,24,62.055864334106445,179.06744902850076,133
152361_2.tex,classifciation and regreession model greedy,False,6,18.079158782958984,26.4011049241209,56
152413_3.tex,classifciation and regreession model greedy,True,4,8.154508113861084,32.76622474000033,32
152419_1.tex,classifciation and regreession model greedy,True,6,14.958236694335938,94.86539743000009,70
152458_3.tex,classifciation and regreession model greedy,True,22,52.97593975067139,213.73750637822783,201
152476_3.tex,classifciation and regreession model greedy,True,6,13.658382177352903,99.80118596247998,101
152490_1.tex,classifciation and regreession model greedy,False,43,107.10819506645204,1891.804286742229,307
152529_1.tex,classifciation and regreession model greedy,True,12,26.610912322998047,102.27212853500046,81
152530_1.tex,classifciation and regreession model greedy,True,16,38.51501274108887,195.63167773375037,130
152534_3.tex,classifciation and regreession model greedy,True,12,27.40990519523621,132.79946587980004,104
152538_2.tex,classifciation and regreession model greedy,True,16,35.94570255279541,153.10732969799983,132
152545_1.tex,classifciation and regreession model greedy,True,13,27.079737424850464,88.85416549300004,75
152583_2.tex,classifciation and regreession model greedy,True,11,25.187115907669067,62.94338238142795,97
152606_1.tex,classifciation and regreession model greedy,True,12,24.353181838989254,146.24205442499988,111
152632_2.tex,classifciation and regreession model greedy,True,6,12.723177194595335,49.164844910000085,81
152655_3.tex,classifciation and regreession model greedy,True,7,14.856533288955688,54.09110041500007,66
152721_3.tex,classifciation and regreession model greedy,True,16,32.82469701766968,168.35888008000015,212
152793_3.tex,classifciation and regreession model greedy,True,8,16.21435570716858,35.93545831049998,48
152865_2.tex,classifciation and regreession model greedy,True,17,38.696839570999146,201.50294011100044,87
152905_3.tex,classifciation and regreession model greedy,True,22,51.827107667922974,154.19610956900007,122
152937_3.tex,classifciation and regreession model greedy,True,8,17.061900854110718,143.88851868000023,36
152972_2.tex,classifciation and regreession model greedy,True,9,19.322619915008545,111.81155358599996,49
153008_3.tex,classifciation and regreession model greedy,True,11,25.15699958801269,160.34257963599975,128
153052_3.tex,classifciation and regreession model greedy,True,9,19.33994507789612,78.7099727450007,93
153067_2.tex,classifciation and regreession model greedy,True,6,12.19634747505188,31.106264925000065,24
153074_2.tex,classifciation and regreession model greedy,True,9,19.546220302581787,117.80710710920008,105
153122_3.tex,classifciation and regreession model greedy,True,20,46.2128472328186,199.92513661452048,294
153145_2.tex,classifciation and regreession model greedy,True,8,15.05839776992798,78.95171606499987,79
153155_3.tex,classifciation and regreession model greedy,False,6,16.73231601715088,65.43152512999984,82
153173_2.tex,classifciation and regreession model greedy,True,3,6.2297892570495605,9.763378799999993,11
153237_2.tex,classifciation and regreession model greedy,True,10,20.79413676261902,48.080766719000046,83
153246_3.tex,classifciation and regreession model greedy,True,19,40.045058250427246,136.82202859625096,122
153283_1.tex,classifciation and regreession model greedy,True,8,17.794208526611328,57.59272627500005,114
153288_3.tex,classifciation and regreession model greedy,True,16,33.56484127044678,198.94588034577805,222
153351_2.tex,classifciation and regreession model greedy,False,15,35.37075328826904,93.32385238000008,144
153371_2.tex,classifciation and regreession model greedy,True,16,36.413110971450806,187.14674398500009,86
153375_3.tex,classifciation and regreession model greedy,True,3,6.4230921268463135,174.23785400000003,41
153456_2.tex,classifciation and regreession model greedy,True,6,13.954878807067873,65.66640814999992,112
153493_3.tex,classifciation and regreession model greedy,True,11,24.93924450874329,126.75121674999974,182
153496_1.tex,classifciation and regreession model greedy,True,13,29.471075296401978,143.31936504000055,93
153552_1.tex,classifciation and regreession model greedy,True,9,20.34809875488281,102.48186042699996,100
153614_2.tex,classifciation and regreession model greedy,True,7,14.896457195281982,28.137194530999995,32
153650_1.tex,classifciation and regreession model greedy,True,16,37.18492484092712,173.51998824699982,177
153772_1.tex,classifciation and regreession model greedy,True,9,18.88835382461548,49.86706667849995,86
153803_1.tex,classifciation and regreession model greedy,True,2,3.6156704425811768,7.215539200000023,10
153807_3.tex,classifciation and regreession model greedy,True,16,33.87341356277466,140.67709677500028,104
153837_3.tex,classifciation and regreession model greedy,True,12,23.564157724380493,54.91436553900005,48
153966_2.tex,classifciation and regreession model greedy,True,8,18.42062759399414,290.67676326124,60
153985_1.tex,classifciation and regreession model greedy,True,4,8.626557111740112,21.571529589999894,32
154023_1.tex,classifciation and regreession model greedy,True,8,17.53542447090149,129.5821749600005,91
154039_2.tex,classifciation and regreession model greedy,True,9,21.736952543258667,121.41315966500024,158
154065_2.tex,classifciation and regreession model greedy,True,9,20.23372459411621,92.90279399299988,89
154132_2.tex,classifciation and regreession model greedy,True,18,39.758923292160034,220.0308593850009,156
154191_2.tex,classifciation and regreession model greedy,True,9,19.626725673675537,62.80865230849993,48
154210_1.tex,classifciation and regreession model greedy,True,10,24.705224752426147,85.4287072239851,173
154224_2.tex,classifciation and regreession model greedy,True,12,22.73436188697815,134.12484030000002,104
154239_1.tex,classifciation and regreession model greedy,True,10,21.42072629928589,63.746570664999936,73
154239_3.tex,classifciation and regreession model greedy,True,8,17.238415956497192,50.94941001500004,41
154263_3.tex,classifciation and regreession model greedy,True,11,24.016895294189453,74.18598418287823,77
154289_2.tex,classifciation and regreession model greedy,True,15,33.792625427246094,107.27204325515,158
154293_1.tex,classifciation and regreession model greedy,True,20,43.051493883132935,195.9243281038007,230
154302_2.tex,classifciation and regreession model greedy,True,15,35.237191915512085,123.092866489935,176
154339_2.tex,classifciation and regreession model greedy,True,19,37.92981314659119,166.65341295875,86
154343_2.tex,classifciation and regreession model greedy,True,7,13.18648886680603,45.611790075,51
154354_3.tex,classifciation and regreession model greedy,True,12,25.01695489883423,92.58884558374992,26
154356_1.tex,classifciation and regreession model greedy,True,16,33.17800951004028,110.0262780650006,83
154362_2.tex,classifciation and regreession model greedy,True,7,13.380467653274536,33.49914911499997,24
154377_2.tex,classifciation and regreession model greedy,True,32,68.98425340652466,365.7986976852747,195
154407_2.tex,classifciation and regreession model greedy,True,12,24.50553131103516,67.39234429367497,56
154431_1.tex,classifciation and regreession model greedy,False,19,46.36872315406799,127.37264859,200
154457_1.tex,classifciation and regreession model greedy,False,16,39.16696500778198,102.24568378500012,59
154536_1.tex,classifciation and regreession model greedy,True,13,31.771390438079838,104.0316193984998,281
154547_2.tex,classifciation and regreession model greedy,True,5,11.047531843185425,16.91229599500008,22
154576_1.tex,classifciation and regreession model greedy,True,9,20.675990104675293,114.34648561999995,112
154643_3.tex,classifciation and regreession model greedy,True,11,24.66235876083374,89.67669418122856,104
154670_1.tex,classifciation and regreession model greedy,True,9,18.90641593933105,54.25428014000001,59
154690_3.tex,classifciation and regreession model greedy,True,5,9.956674098968506,18.612828650000463,19
154732_1.tex,classifciation and regreession model greedy,True,16,35.60261511802673,115.4337570729999,120
154742_2.tex,classifciation and regreession model greedy,True,18,42.53999924659729,159.22249649382786,264
154758_2.tex,classifciation and regreession model greedy,True,18,40.890875816345215,124.34534959700052,195
154765_1.tex,classifciation and regreession model greedy,True,12,22.19245839118957,100.85490613999995,80
154765_3.tex,classifciation and regreession model greedy,True,13,24.092568159103397,133.76944698,72
154768_1.tex,classifciation and regreession model greedy,True,6,12.474756956100464,74.70803827499998,87
154853_1.tex,classifciation and regreession model greedy,True,14,30.00055694580078,60.35354157499995,49
154883_3.tex,classifciation and regreession model greedy,True,10,19.487075328826904,51.69381032500002,14
154961_2.tex,classifciation and regreession model greedy,False,27,66.2357964515686,280.3099277980004,500
155013_1.tex,classifciation and regreession model greedy,True,21,52.00668144226074,225.94207440000156,229
155032_1.tex,classifciation and regreession model greedy,True,13,29.8941330909729,87.58804754100014,122
155064_3.tex,classifciation and regreession model greedy,True,13,29.566821336746216,85.82617848300028,118
155068_1.tex,classifciation and regreession model greedy,True,21,47.81831049919128,119.3341256311429,179
155086_2.tex,classifciation and regreession model greedy,True,17,44.32026624679565,141.83542541636345,316
155113_1.tex,classifciation and regreession model greedy,True,9,19.54674530029297,84.39685931500043,132
155121_2.tex,classifciation and regreession model greedy,True,6,12.675522565841677,44.21828073999996,63
155151_2.tex,classifciation and regreession model greedy,True,4,8.407578706741333,20.451536014000027,34
155160_3.tex,classifciation and regreession model greedy,True,11,24.621527671813965,97.72148964699991,164
155191_3.tex,classifciation and regreession model greedy,False,39,97.21167945861816,730.6854955866663,361
155245_3.tex,classifciation and regreession model greedy,True,12,25.94852423667908,89.22647492500042,125
155256_2.tex,classifciation and regreession model greedy,True,9,18.863929510116577,50.99464699500006,58
155266_2.tex,classifciation and regreession model greedy,True,12,26.25942587852478,111.36239205340024,131
155296_1.tex,classifciation and regreession model greedy,True,7,14.736392259597778,35.59007827807497,53
155328_2.tex,classifciation and regreession model greedy,True,7,14.458571434020996,39.15755760000003,58
155351_3.tex,classifciation and regreession model greedy,True,12,24.931565523147583,57.25342604099998,62
155361_1.tex,classifciation and regreession model greedy,True,5,9.76761531829834,11.55802271250012,11
155361_2.tex,classifciation and regreession model greedy,True,25,53.07253551483154,296.53579376700014,201
155452_2.tex,classifciation and regreession model greedy,True,4,8.074377298355103,30.170095111999974,58
155455_1.tex,classifciation and regreession model greedy,True,19,38.71553707122803,120.17218407160016,159
155493_3.tex,classifciation and regreession model greedy,True,12,24.71622395515442,52.82576605,51
155577_2.tex,classifciation and regreession model greedy,True,4,8.620045900344849,236.403665580478,53
155588_1.tex,classifciation and regreession model greedy,False,1,4.610100269317627,16.742121680000253,37
155590_2.tex,classifciation and regreession model greedy,True,5,11.491376161575316,25.29872239439998,21
155657_3.tex,classifciation and regreession model greedy,True,7,15.630054473876951,86.99099999999994,93
155665_3.tex,classifciation and regreession model greedy,True,7,14.764141082763672,146.983919990076,125
155692_1.tex,classifciation and regreession model greedy,False,7,19.25158715248108,83.22644221999985,118
155695_3.tex,classifciation and regreession model greedy,True,5,12.431954860687256,75.54019170000026,132
155723_1.tex,classifciation and regreession model greedy,True,15,38.6341233253479,444.50458042438174,233
155749_2.tex,classifciation and regreession model greedy,True,10,20.962230682373047,151.18990698000027,87
155817_2.tex,classifciation and regreession model greedy,True,7,14.96272611618042,40.89228217585327,31
155830_3.tex,classifciation and regreession model greedy,True,13,32.1224319934845,180.52960095889048,239
155941_3.tex,classifciation and regreession model greedy,True,23,51.147807121276855,245.60807599605,221
155968_2.tex,classifciation and regreession model greedy,True,6,12.35697054862976,77.92049152999994,57
156048_3.tex,classifciation and regreession model greedy,True,10,22.1088228225708,73.07098231685008,109
156082_2.tex,classifciation and regreession model greedy,True,4,9.407235145568848,185.04359232000067,78
156119_2.tex,classifciation and regreession model greedy,True,3,6.518201112747192,116.26037198551988,53
156127_1.tex,classifciation and regreession model greedy,True,4,8.806885957717896,190.5494998474899,47
156166_1.tex,classifciation and regreession model greedy,True,1,1.818089723587036,163.68508165406706,23
156230_3.tex,classifciation and regreession model greedy,True,9,21.26905870437622,123.10740653552048,97
156256_3.tex,classifciation and regreession model greedy,True,4,9.053792953491213,67.35215932505602,81
156274_1.tex,classifciation and regreession model greedy,True,4,8.928590774536133,37.665387935953504,81
156278_3.tex,classifciation and regreession model greedy,True,7,14.62723994255066,101.13995879999996,40
156360_2.tex,classifciation and regreession model greedy,True,8,18.88380479812622,173.9185219855199,152
156480_2.tex,classifciation and regreession model greedy,True,19,43.165892362594604,264.7922661219999,275
156545_3.tex,classifciation and regreession model greedy,True,28,61.12727189064026,354.6253705682502,180
156552_3.tex,classifciation and regreession model greedy,True,24,53.585341453552246,290.9015026279999,396
156587_3.tex,classifciation and regreession model greedy,True,40,95.03422904014587,536.1691578913503,600
156622_2.tex,classifciation and regreession model greedy,True,5,12.233859539031982,112.71263584000158,69
156635_2.tex,classifciation and regreession model greedy,True,18,44.17071652412415,127.11331995000052,81
156646_3.tex,classifciation and regreession model greedy,False,9,22.989919185638428,53.07452964167157,29
156729_1.tex,classifciation and regreession model greedy,True,11,27.068724632263184,154.32433929999974,132
156769_3.tex,classifciation and regreession model greedy,True,8,18.90437245368957,122.2077517188278,157
156830_2.tex,classifciation and regreession model greedy,True,13,28.248314142227173,201.3008288,88
156846_2.tex,classifciation and regreession model greedy,True,4,8.393272399902344,46.15739596000057,52
156974_2.tex,classifciation and regreession model greedy,True,9,19.53275680541992,123.4528569800001,98
156992_2.tex,classifciation and regreession model greedy,True,12,25.756068229675293,104.9865328309999,165
156998_2.tex,classifciation and regreession model greedy,True,3,6.127751588821411,42.09279999999998,51
157054_3.tex,classifciation and regreession model greedy,True,4,7.629262447357178,18.243909450000046,22
157087_3.tex,classifciation and regreession model greedy,True,9,17.801021814346313,45.801300038,47
157112_2.tex,classifciation and regreession model greedy,True,10,21.36860609054565,138.01335821499998,180
157123_2.tex,classifciation and regreession model greedy,True,45,108.0238161087036,1052.2670811871683,628
157166_2.tex,classifciation and regreession model greedy,True,2,3.82198429107666,12.521723040000012,3
157183_1.tex,classifciation and regreession model greedy,True,6,14.13409662246704,130.16667690999986,65
157195_1.tex,classifciation and regreession model greedy,True,3,6.438835859298706,97.68889709600084,28
157200_1.tex,classifciation and regreession model greedy,True,3,6.572733879089356,31.55660604499179,44
157207_1.tex,classifciation and regreession model greedy,True,8,18.1061749458313,63.5329698815201,71
157240_1.tex,classifciation and regreession model greedy,True,5,11.286084413528442,79.39925914660009,105
157281_1.tex,classifciation and regreession model greedy,True,12,28.88902235031128,145.32655500499988,84
157285_2.tex,classifciation and regreession model greedy,True,9,18.829290628433228,116.21160525391988,69
157293_2.tex,classifciation and regreession model greedy,True,9,20.22055387496948,447.0144439790001,70
157386_2.tex,classifciation and regreession model greedy,True,7,16.300342798233032,106.14962592499992,117
157410_2.tex,classifciation and regreession model greedy,True,10,22.599937438964844,118.68316747476014,69
157443_3.tex,classifciation and regreession model greedy,True,6,13.110341787338257,51.97509725857097,76
157459_2.tex,classifciation and regreession model greedy,True,17,39.24180006980896,138.10751333649995,188
157464_2.tex,classifciation and regreession model greedy,False,3,7.729287385940552,26.37983791999996,21
157475_1.tex,classifciation and regreession model greedy,True,10,22.66113018989563,124.85127235500003,75
157481_1.tex,classifciation and regreession model greedy,True,6,11.866681337356567,47.59031076499996,35
157509_3.tex,classifciation and regreession model greedy,True,12,28.42171335220337,95.86337340564206,140
157622_1.tex,classifciation and regreession model greedy,True,7,14.506372690200806,48.87725837215999,57
157652_2.tex,classifciation and regreession model greedy,True,9,19.055501699447632,78.64671745999999,98
157663_3.tex,classifciation and regreession model greedy,False,17,39.05981969833374,97.80913374744516,87
157695_1.tex,classifciation and regreession model greedy,True,12,28.364356994628903,140.15206804500127,34
157867_1.tex,classifciation and regreession model greedy,True,10,22.72390508651733,123.69356707401973,100
157897_3.tex,classifciation and regreession model greedy,True,7,13.7121319770813,88.67547675499998,42
157942_2.tex,classifciation and regreession model greedy,True,9,19.76621389389038,86.50362370452001,64
157972_1.tex,classifciation and regreession model greedy,True,4,8.465636730194092,32.84950529199998,31
158098_3.tex,classifciation and regreession model greedy,True,24,53.80167198181152,287.9161301835005,262
158142_2.tex,classifciation and regreession model greedy,True,10,20.29788303375244,87.19473072500004,69
158144_2.tex,classifciation and regreession model greedy,True,8,16.352996826171875,67.98303090000007,86
158165_2.tex,classifciation and regreession model greedy,True,17,37.37657570838928,127.1537522779998,191
158192_2.tex,classifciation and regreession model greedy,True,6,11.947351694107056,26.195084651500032,26
158215_1.tex,classifciation and regreession model greedy,True,23,54.170809745788574,293.9850576567897,403
158246_2.tex,classifciation and regreession model greedy,True,4,8.949958086013794,56.91663287500079,62
158277_3.tex,classifciation and regreession model greedy,True,7,16.2910897731781,101.37748241400028,83
158334_1.tex,classifciation and regreession model greedy,True,5,11.042964220046995,72.442635225,33
158334_3.tex,classifciation and regreession model greedy,True,5,10.951645135879517,70.41763522500001,42
158344_2.tex,classifciation and regreession model greedy,True,5,10.845908641815186,66.14197664999992,46
158404_3.tex,classifciation and regreession model greedy,True,6,14.24980926513672,93.75921062199996,138
158504_3.tex,classifciation and regreession model greedy,True,11,24.73388433456421,108.80636176000024,149
158522_3.tex,classifciation and regreession model greedy,False,7,18.684711933135983,21.45407108585701,31
158563_1.tex,classifciation and regreession model greedy,True,6,12.03261661529541,32.27044380000032,27
158576_2.tex,classifciation and regreession model greedy,True,9,18.958746433258057,84.22341967000052,76
158616_2.tex,classifciation and regreession model greedy,True,6,12.107194185256958,29.30757602407805,45
158623_3.tex,classifciation and regreession model greedy,True,49,110.64017152786256,783.4568959032433,262
158625_2.tex,classifciation and regreession model greedy,True,15,32.84138250350952,139.48035640049986,102
158627_2.tex,classifciation and regreession model greedy,True,12,26.112635612487797,83.35334323199996,107
158634_1.tex,classifciation and regreession model greedy,True,4,8.160753726959229,18.32134582499998,36
158638_1.tex,classifciation and regreession model greedy,True,3,6.012463808059692,5.007198329999966,6
158640_2.tex,classifciation and regreession model greedy,False,18,44.65763282775879,225.4836218944999,325
158679_2.tex,classifciation and regreession model greedy,True,3,5.8281569480896,10.78,15
158694_3.tex,classifciation and regreession model greedy,True,6,12.462575435638428,34.95951231000005,47
158706_2.tex,classifciation and regreession model greedy,True,13,26.12519145011902,75.72968504240022,70
158721_3.tex,classifciation and regreession model greedy,False,9,21.930413484573364,57.368199592,97
158748_1.tex,classifciation and regreession model greedy,False,16,38.61105680465698,104.20699585375004,117
158886_1.tex,classifciation and regreession model greedy,True,6,12.77815008163452,75.43962385750011,61
158890_3.tex,classifciation and regreession model greedy,True,7,15.521196603775024,90.68040360999998,35
158927_2.tex,classifciation and regreession model greedy,True,14,34.2112991809845,142.35011090384953,181
158945_2.tex,classifciation and regreession model greedy,True,7,15.71289610862732,58.54273923879992,81
158950_2.tex,classifciation and regreession model greedy,True,7,15.66498613357544,94.16902769599994,57
159016_2.tex,classifciation and regreession model greedy,True,5,10.603902578353882,23.343923554200035,13
159031_2.tex,classifciation and regreession model greedy,True,10,22.054450273513797,101.09159245517796,98
159034_3.tex,classifciation and regreession model greedy,True,10,24.09622025489807,90.25695698050046,81
159060_2.tex,classifciation and regreession model greedy,True,13,30.18811321258545,167.3345073777043,194
159071_3.tex,classifciation and regreession model greedy,True,7,14.97026801109314,42.90814129600005,37
159157_3.tex,classifciation and regreession model greedy,True,4,8.15356969833374,11.37317160005694,8
159186_1.tex,classifciation and regreession model greedy,True,40,91.25305652618408,444.2514365968,450
159206_3.tex,classifciation and regreession model greedy,True,17,35.58686828613281,159.15307604000083,113
159214_2.tex,classifciation and regreession model greedy,True,4,7.956631183624268,38.22343788000016,33
159235_1.tex,classifciation and regreession model greedy,True,24,51.04170870780945,280.95583252117484,172
159236_1.tex,classifciation and regreession model greedy,True,5,10.355594396591188,29.11624376700007,28
159263_1.tex,classifciation and regreession model greedy,True,43,100.9673833847046,542.9487123321688,496
159291_2.tex,classifciation and regreession model greedy,True,14,32.82837104797363,104.16581327500027,196
159387_2.tex,classifciation and regreession model greedy,True,9,21.431100130081177,46.964129823999954,47
159393_2.tex,classifciation and regreession model greedy,True,8,18.34620952606201,46.54295395976065,58
159418_2.tex,classifciation and regreession model greedy,True,4,8.40059781074524,88.09029444000002,44
159449_1.tex,classifciation and regreession model greedy,True,7,15.493463516235352,45.77372337897994,38
159497_3.tex,classifciation and regreession model greedy,True,9,23.06331157684326,77.6236662937612,133
159536_3.tex,classifciation and regreession model greedy,True,16,36.2828586101532,155.92561972500164,63
159573_2.tex,classifciation and regreession model greedy,True,14,30.68035197257996,74.27508143500009,55
159593_2.tex,classifciation and regreession model greedy,True,5,11.463968753814695,31.72514244952097,48
159598_3.tex,classifciation and regreession model greedy,True,14,35.12185478210449,140.14008742612097,176
159605_1.tex,classifciation and regreession model greedy,True,6,13.32496953010559,34.954381985000175,48
159623_1.tex,classifciation and regreession model greedy,True,15,34.27712082862854,113.7883463737499,218
159625_3.tex,classifciation and regreession model greedy,True,6,11.3132643699646,71.65772044999996,38
159653_2.tex,classifciation and regreession model greedy,True,7,14.897210597991943,50.53094014999996,46
159678_3.tex,classifciation and regreession model greedy,True,28,64.90136289596558,305.5849897080003,357
159743_2.tex,classifciation and regreession model greedy,True,10,20.104875326156616,71.99243424999995,48
159756_2.tex,classifciation and regreession model greedy,True,12,24.588324069976807,102.17639517499995,114
159795_1.tex,classifciation and regreession model greedy,True,23,52.39874005317688,190.9947409030001,231
159823_3.tex,classifciation and regreession model greedy,False,27,63.8111686706543,234.37865586060053,327
159826_2.tex,classifciation and regreession model greedy,False,13,30.43756079673767,81.08340197400022,125
159880_2.tex,classifciation and regreession model greedy,True,6,14.3783700466156,453.8362499925756,84
159895_2.tex,classifciation and regreession model greedy,True,5,10.841668128967283,27.15448811099996,33
159906_1.tex,classifciation and regreession model greedy,True,22,50.57128572463989,259.9535400890021,85
159917_1.tex,classifciation and regreession model greedy,False,24,57.93644452095032,177.68631875329388,113
159935_3.tex,classifciation and regreession model greedy,True,12,30.27152848243713,193.0246032841208,169
159951_3.tex,classifciation and regreession model greedy,True,4,8.66320538520813,73.40089152999998,47
159963_1.tex,classifciation and regreession model greedy,True,2,3.872824192047119,7.758735224999981,9
160020_2.tex,classifciation and regreession model greedy,True,9,20.79395532608032,109.19501367578404,150
160178_2.tex,classifciation and regreession model greedy,True,9,19.15991425514221,80.36282790000001,90
160235_3.tex,classifciation and regreession model greedy,True,6,12.495290756225586,25.021311700000112,35
160240_2.tex,classifciation and regreession model greedy,True,23,51.87986278533936,565.0634728187497,317
160266_3.tex,classifciation and regreession model greedy,False,21,49.93699336051941,100.16139677700028,103
160295_3.tex,classifciation and regreession model greedy,True,13,27.419946670532227,84.55395422500052,88
160459_2.tex,classifciation and regreession model greedy,False,26,67.94409227371216,172.11739607603548,116
160613_3.tex,classifciation and regreession model greedy,True,12,26.67529296875,78.63716843500048,82
160653_2.tex,classifciation and regreession model greedy,True,18,44.40715169906616,157.99609809380024,116
160760_3.tex,classifciation and regreession model greedy,True,8,16.855121850967407,53.93294854000011,52
160859_2.tex,classifciation and regreession model greedy,True,10,20.83493661880493,87.00270543979995,54
161056_3.tex,classifciation and regreession model greedy,True,8,19.00786805152893,127.65663984000028,157
161060_2.tex,classifciation and regreession model greedy,True,8,19.72832036018372,104.97856015000008,108
161077_1.tex,classifciation and regreession model greedy,True,7,15.690795421600342,108.43506382700016,100
161121_2.tex,classifciation and regreession model greedy,True,14,35.0501549243927,104.49519328800008,194
161124_2.tex,classifciation and regreession model greedy,False,17,46.13108205795288,195.54922188864796,416
161222_1.tex,classifciation and regreession model greedy,True,14,33.254494190216064,126.81957102312091,167
161263_3.tex,classifciation and regreession model greedy,False,10,24.554760217666622,73.16509177500009,77
161307_3.tex,classifciation and regreession model greedy,True,27,59.70297122001648,334.3864912630005,298
161323_3.tex,classifciation and regreession model greedy,True,13,29.440746784210205,113.08761930599992,142
161342_3.tex,classifciation and regreession model greedy,True,34,78.67193913459778,616.7080115019999,290
161373_1.tex,classifciation and regreession model greedy,True,16,34.08328580856323,151.40231455000006,113
161376_1.tex,classifciation and regreession model greedy,True,8,16.036964178085327,53.377272715000046,58
161390_3.tex,classifciation and regreession model greedy,True,4,7.83348822593689,16.406335225000007,15
161446_3.tex,classifciation and regreession model greedy,True,34,76.70888590812683,529.110406535001,402
161473_1.tex,classifciation and regreession model greedy,True,4,8.420813083648682,8.014200000000486,21
161495_2.tex,classifciation and regreession model greedy,True,15,37.852240562438965,101.54131965000022,144
161567_3.tex,classifciation and regreession model greedy,True,10,23.46926426887512,234.7603402290622,107
161580_3.tex,classifciation and regreession model greedy,True,10,21.59770512580872,99.95891231999995,87
161583_2.tex,classifciation and regreession model greedy,True,9,21.086740255355835,123.09048988000012,111
161608_1.tex,classifciation and regreession model greedy,True,5,11.19521450996399,89.76149707539199,74
161693_3.tex,classifciation and regreession model greedy,True,18,39.85744571685791,216.12146831499985,185
161755_3.tex,classifciation and regreession model greedy,True,4,8.690885305404663,38.88659781131997,57
161759_2.tex,classifciation and regreession model greedy,True,7,15.1244215965271,34.93045087700007,40
161779_1.tex,classifciation and regreession model greedy,True,10,22.11429524421692,46.43222283500005,67
161867_2.tex,classifciation and regreession model greedy,True,20,43.07110023498535,100.45668937760009,115
161877_3.tex,classifciation and regreession model greedy,True,16,35.27262592315674,83.83237232439986,133
161921_1.tex,classifciation and regreession model greedy,False,10,22.93968725204468,46.82623522500008,62
161926_2.tex,classifciation and regreession model greedy,True,18,37.762911319732666,124.8861959750002,119
161955_3.tex,classifciation and regreession model greedy,True,36,85.62630486488342,506.4196690017504,336
162030_3.tex,classifciation and regreession model greedy,True,2,4.360374927520752,491.5294221449996,25
162053_3.tex,classifciation and regreession model greedy,False,12,30.950132846832275,105.82652006349994,49
162058_3.tex,classifciation and regreession model greedy,True,7,17.726556301116943,238.78467452959055,51
162081_1.tex,classifciation and regreession model greedy,True,4,10.303347826004028,134.44932046774193,80
162137_2.tex,classifciation and regreession model greedy,True,5,12.17387628555298,92.36540365000042,107
162154_3.tex,classifciation and regreession model greedy,True,6,15.049639463424684,106.43220360750004,102
162155_1.tex,classifciation and regreession model greedy,True,7,15.683215379714966,68.15342448099202,60
162163_1.tex,classifciation and regreession model greedy,True,5,10.925155878067017,48.843841904000016,29
162176_1.tex,classifciation and regreession model greedy,True,9,21.064785718917847,209.12402801030248,155
162189_3.tex,classifciation and regreession model greedy,True,7,15.934153079986572,100.44910736880004,92
162209_1.tex,classifciation and regreession model greedy,True,6,14.579478979110718,60.92353501000008,120
162209_2.tex,classifciation and regreession model greedy,True,5,11.68903112411499,51.286114970000135,75
162271_1.tex,classifciation and regreession model greedy,True,16,39.88833951950073,157.69600172750756,146
162362_2.tex,classifciation and regreession model greedy,True,8,17.248699426651,64.32622781078989,67
162366_1.tex,classifciation and regreession model greedy,True,4,8.48383355140686,23.631144442400032,29
162459_2.tex,classifciation and regreession model greedy,True,14,31.823017597198486,161.5266201499998,221
162475_1.tex,classifciation and regreession model greedy,True,3,6.3455140590667725,20.35957556000001,20
162493_1.tex,classifciation and regreession model greedy,True,36,81.04695105552673,703.8257114193002,264
162495_3.tex,classifciation and regreession model greedy,False,14,32.88714790344238,131.88920597792,159
162517_3.tex,classifciation and regreession model greedy,True,25,58.49926090240479,261.9923377950501,320
162568_1.tex,classifciation and regreession model greedy,True,3,6.735811233520508,34.01311885000002,48
162613_3.tex,classifciation and regreession model greedy,True,12,28.500335931777958,95.47686612292078,107
162723_2.tex,classifciation and regreession model greedy,False,5,14.078532934188845,42.59508922179201,75
162764_2.tex,classifciation and regreession model greedy,True,8,16.6727557182312,81.22211973999988,50
162782_1.tex,classifciation and regreession model greedy,True,9,20.58660459518433,100.73882550000036,81
162788_1.tex,classifciation and regreession model greedy,True,8,16.813865661621094,47.28218081000074,42
162788_2.tex,classifciation and regreession model greedy,True,9,18.797217845916748,90.43070532000056,73
162788_3.tex,classifciation and regreession model greedy,True,8,17.357421159744263,83.0031200000002,101
162813_1.tex,classifciation and regreession model greedy,True,11,25.375417232513428,123.94112478000042,131
162836_2.tex,classifciation and regreession model greedy,True,12,27.731464624404907,151.38676120000002,92
162848_3.tex,classifciation and regreession model greedy,True,10,22.44423222541809,79.94460549500002,68
162854_2.tex,classifciation and regreession model greedy,True,7,15.798928260803224,41.89957731800013,54
162871_3.tex,classifciation and regreession model greedy,True,8,18.72260999679565,119.6559747299999,139
162879_3.tex,classifciation and regreession model greedy,True,8,16.44614553451538,66.18974385000013,48
162924_1.tex,classifciation and regreession model greedy,True,11,24.050360202789307,112.80674977000048,133
162955_2.tex,classifciation and regreession model greedy,True,6,12.0018949508667,23.23841634599998,22
162971_2.tex,classifciation and regreession model greedy,True,37,93.75526261329652,547.4701219462003,623
163111_3.tex,classifciation and regreession model greedy,True,14,34.810190200805664,96.12302865000068,67
163158_1.tex,classifciation and regreession model greedy,True,4,9.06359362602234,83.50715652060802,47
163158_2.tex,classifciation and regreession model greedy,True,15,35.444584131240845,90.56139016099996,58
163181_2.tex,classifciation and regreession model greedy,True,3,6.614954948425293,15.43766922400002,19
163187_2.tex,classifciation and regreession model greedy,True,5,11.539509296417236,96.10058442399996,65
163206_1.tex,classifciation and regreession model greedy,True,6,12.977647066116331,40.84567224000002,25
163214_1.tex,classifciation and regreession model greedy,True,9,19.321070671081543,65.19035395000084,48
163237_3.tex,classifciation and regreession model greedy,True,5,11.145986557006836,74.16032175882796,107
163301_2.tex,classifciation and regreession model greedy,True,3,6.053780794143677,31.262849279999983,16
163315_3.tex,classifciation and regreession model greedy,True,7,14.93866515159607,51.68428997500014,36
163344_1.tex,classifciation and regreession model greedy,True,17,37.80353093147278,193.200013218,152
163360_3.tex,classifciation and regreession model greedy,True,6,13.080357313156128,73.87264712500051,95
163392_1.tex,classifciation and regreession model greedy,True,21,51.69358277320862,224.9975320946,317
163412_2.tex,classifciation and regreession model greedy,True,9,20.727477073669437,109.54047419999996,84
163418_2.tex,classifciation and regreession model greedy,True,12,25.5460786819458,127.30674833124992,116
163447_3.tex,classifciation and regreession model greedy,True,2,3.801683187484741,8.40637974000002,9
163489_1.tex,classifciation and regreession model greedy,True,12,26.56814026832581,104.46156594599996,149
163498_3.tex,classifciation and regreession model greedy,True,16,36.750555753707886,147.78237560149972,182
163527_3.tex,classifciation and regreession model greedy,True,17,36.85953092575073,154.6981143,155
163602_1.tex,classifciation and regreession model greedy,True,41,93.86066460609436,399.6938300815881,409
163613_3.tex,classifciation and regreession model greedy,False,13,32.09035062789917,72.96490912800004,147
163647_1.tex,classifciation and regreession model greedy,True,1,1.6449127197265625,4.1909579200000735,3
163712_2.tex,classifciation and regreession model greedy,True,23,54.28592371940613,142.57075663299975,81
163761_3.tex,classifciation and regreession model greedy,True,6,12.914860963821411,91.4601051800002,66
163765_1.tex,classifciation and regreession model greedy,True,9,19.197355270385746,129.72011009099992,86
163793_1.tex,classifciation and regreession model greedy,True,11,28.87291932106018,197.40907014499965,285
163850_2.tex,classifciation and regreession model greedy,False,4,10.84979486465454,36.77135905000021,47
163888_3.tex,classifciation and regreession model greedy,True,7,14.680995464324951,35.89627652300013,41
163897_2.tex,classifciation and regreession model greedy,True,18,40.6790030002594,196.4372842513782,203
163904_1.tex,classifciation and regreession model greedy,True,4,8.846098184585571,40.39949804200019,74
163947_3.tex,classifciation and regreession model greedy,True,6,12.18348240852356,86.18840714000002,51
163958_1.tex,classifciation and regreession model greedy,True,10,20.97736668586731,138.43835377999983,102
163997_1.tex,classifciation and regreession model greedy,True,13,27.88802218437195,97.3015837499999,57
164003_2.tex,classifciation and regreession model greedy,True,3,5.828674793243408,11.599557522799984,8
164012_1.tex,classifciation and regreession model greedy,True,11,25.91466808319092,73.14529892850018,244
164048_2.tex,classifciation and regreession model greedy,True,10,21.710068941116333,117.60426083040012,182
164060_2.tex,classifciation and regreession model greedy,True,6,11.052561521530151,66.12367541999994,67
164063_2.tex,classifciation and regreession model greedy,True,10,19.71256756782532,95.7882458900001,77
164089_1.tex,classifciation and regreession model greedy,True,1,1.605990648269653,3.0931646399999977,2
164096_2.tex,classifciation and regreession model greedy,True,3,5.953837871551514,28.58054108000001,36
164187_2.tex,classifciation and regreession model greedy,True,5,10.991640090942385,28.919315074999997,39
164188_2.tex,classifciation and regreession model greedy,True,9,19.751975297927856,244.1208758850002,62
164239_1.tex,classifciation and regreession model greedy,True,8,18.487302780151367,67.5102798720322,94
164264_2.tex,classifciation and regreession model greedy,True,9,22.3141827583313,230.12890972000056,168
164264_3.tex,classifciation and regreession model greedy,True,7,17.198721170425415,205.8056095000009,138
164278_3.tex,classifciation and regreession model greedy,True,5,10.74607515335083,69.77761752500004,54
164279_1.tex,classifciation and regreession model greedy,True,6,13.574135303497314,93.68547331000002,96
164341_2.tex,classifciation and regreession model greedy,False,7,17.88999652862549,36.06084748379205,52
164363_2.tex,classifciation and regreession model greedy,True,8,19.057176113128666,86.3434924850001,113
164435_3.tex,classifciation and regreession model greedy,True,6,12.494859457015991,27.22428660000008,21
164498_2.tex,classifciation and regreession model greedy,True,2,3.709547281265259,3.449128800000011,2
164507_3.tex,classifciation and regreession model greedy,True,6,12.75973892211914,41.01170852499997,51
164518_1.tex,classifciation and regreession model greedy,True,10,21.83641624450684,99.60507624999995,99
164518_2.tex,classifciation and regreession model greedy,True,8,16.840829849243164,52.74984492499991,53
164519_3.tex,classifciation and regreession model greedy,True,6,12.628839492797852,35.5399585250002,63
164533_3.tex,classifciation and regreession model greedy,True,15,33.24093079566956,116.87119368500004,120
164539_3.tex,classifciation and regreession model greedy,False,12,28.615622997283936,84.59332641600002,76
164544_3.tex,classifciation and regreession model greedy,True,30,66.85890626907349,292.6084098710003,73
164569_3.tex,classifciation and regreession model greedy,True,13,28.14889240264893,96.07322994907491,125
164574_3.tex,classifciation and regreession model greedy,True,7,14.841545581817629,23.595199626499976,15
164578_2.tex,classifciation and regreession model greedy,True,12,26.953574895858765,142.7284611275,227
164597_1.tex,classifciation and regreession model greedy,True,13,26.810240745544437,135.25023571000003,134
164635_3.tex,classifciation and regreession model greedy,True,8,15.83230209350586,50.39221109130005,64
164637_3.tex,classifciation and regreession model greedy,True,13,25.71498322486877,51.73470279199998,26
164684_1.tex,classifciation and regreession model greedy,True,36,83.24164533615112,532.4800480898102,427
164738_3.tex,classifciation and regreession model greedy,False,4,12.824073791503906,28.28907819508385,40
164816_3.tex,classifciation and regreession model greedy,True,4,8.585869789123535,89.63877208000002,58
164831_3.tex,classifciation and regreession model greedy,True,7,15.14059591293335,60.26131329000011,55
164841_1.tex,classifciation and regreession model greedy,True,6,12.987590312957764,27.239658425000147,20
164920_3.tex,classifciation and regreession model greedy,True,6,13.14619255065918,67.65242762999996,69
165079_3.tex,classifciation and regreession model greedy,True,4,7.908575057983398,9.60528317299999,6
165101_3.tex,classifciation and regreession model greedy,True,12,25.45709228515625,65.22862414699998,53
165132_2.tex,classifciation and regreession model greedy,True,9,17.13125252723694,103.75497091499996,94
165142_2.tex,classifciation and regreession model greedy,True,9,18.373412609100345,106.03172488000004,88
165156_1.tex,classifciation and regreession model greedy,True,27,57.5945737361908,313.1876062250002,275
165172_1.tex,classifciation and regreession model greedy,True,8,16.662198066711426,37.15510754999999,29
165272_1.tex,classifciation and regreession model greedy,True,6,13.47757601737976,262.05000655000003,63
165291_3.tex,classifciation and regreession model greedy,True,6,13.828714609146118,30.99787837160043,30
165297_3.tex,classifciation and regreession model greedy,True,7,15.947564125061035,44.94376569080001,27
165298_2.tex,classifciation and regreession model greedy,True,11,24.67680597305298,126.35330683300025,55
165331_2.tex,classifciation and regreession model greedy,True,7,16.251692295074463,77.53364165150956,91
165338_3.tex,classifciation and regreession model greedy,True,19,45.71959114074707,87.48546452597972,130
165380_1.tex,classifciation and regreession model greedy,True,5,10.3050057888031,100.46264936500005,62
165433_2.tex,classifciation and regreession model greedy,True,7,15.012584686279297,80.85205815099991,97
165485_1.tex,classifciation and regreession model greedy,False,7,17.78221344947815,42.34996227499998,25
165651_3.tex,classifciation and regreession model greedy,True,6,11.723906755447388,23.11947685910002,15
165712_2.tex,classifciation and regreession model greedy,True,11,23.937660455703732,75.29929909239998,88
165727_3.tex,classifciation and regreession model greedy,False,30,71.53954219818115,322.9240758076665,347
165791_3.tex,classifciation and regreession model greedy,True,12,28.91931986808777,167.13792187500007,69
165804_1.tex,classifciation and regreession model greedy,True,4,9.132405757904053,30.65004094000043,44
165891_2.tex,classifciation and regreession model greedy,True,4,8.332959175109863,75.16295084500003,49
165898_2.tex,classifciation and regreession model greedy,True,6,12.935507774353027,73.53061588999995,37
165934_2.tex,classifciation and regreession model greedy,True,8,18.340966939926147,132.02015983139998,82
165982_3.tex,classifciation and regreession model greedy,False,12,34.22554898262024,112.23968632780036,212
165990_2.tex,classifciation and regreession model greedy,True,31,75.34928178787231,590.8650936909179,208
166001_3.tex,classifciation and regreession model greedy,True,8,17.967259407043457,101.35092434499995,67
166033_1.tex,classifciation and regreession model greedy,True,6,12.14131236076355,21.12251169500003,19
166091_2.tex,classifciation and regreession model greedy,True,13,29.96841645240784,77.65501231749998,95
166142_3.tex,classifciation and regreession model greedy,True,15,33.75093507766724,199.961083793,184
166156_1.tex,classifciation and regreession model greedy,True,7,15.217743158340454,44.185106464,54
166174_2.tex,classifciation and regreession model greedy,True,13,28.277195692062374,114.59310966299988,177
166175_1.tex,classifciation and regreession model greedy,True,22,49.65546202659607,193.7583733550001,273
166175_3.tex,classifciation and regreession model greedy,True,21,48.267502546310425,210.26047994499996,202
166221_1.tex,classifciation and regreession model greedy,True,10,20.663589239120483,66.61511409000012,73
166256_1.tex,classifciation and regreession model greedy,True,5,10.829519748687744,57.05841128000004,62
166335_2.tex,classifciation and regreession model greedy,True,12,26.63369131088257,79.00439350000116,69
166336_3.tex,classifciation and regreession model greedy,True,8,18.49413371086121,114.08065224375002,32
166478_2.tex,classifciation and regreession model greedy,True,5,11.674258708953856,107.64412198551994,113
166526_2.tex,classifciation and regreession model greedy,True,2,4.114836692810059,6.967669224000019,12
166561_1.tex,classifciation and regreession model greedy,True,12,26.988370895385746,119.92353385000004,143
166575_2.tex,classifciation and regreession model greedy,True,17,39.41063332557678,136.34503042999995,129
166582_1.tex,classifciation and regreession model greedy,True,15,35.612138509750366,131.5287512688139,69
166584_3.tex,classifciation and regreession model greedy,True,10,21.56779265403748,55.46634485199996,49
166589_1.tex,classifciation and regreession model greedy,True,8,17.44051432609558,44.22180382700001,49
166604_3.tex,classifciation and regreession model greedy,False,14,35.793339014053345,109.345593944,166
166705_1.tex,classifciation and regreession model greedy,True,5,10.225334644317629,14.62582124999996,16
166722_3.tex,classifciation and regreession model greedy,True,5,11.176887512207031,40.441988619999975,39
166793_1.tex,classifciation and regreession model greedy,True,13,28.376594066619877,75.997678104494,89
166819_1.tex,classifciation and regreession model greedy,False,32,75.9770438671112,285.3573801140006,290
166853_1.tex,classifciation and regreession model greedy,True,29,72.27631759643555,248.02358011132625,353
166891_3.tex,classifciation and regreession model greedy,True,3,6.534656047821045,30.01,37
166951_1.tex,classifciation and regreession model greedy,True,25,60.80570363998413,177.37566223677385,165
166984_2.tex,classifciation and regreession model greedy,True,10,22.126046180725098,134.58337028999978,66
167001_1.tex,classifciation and regreession model greedy,True,7,15.454076051712036,80.82576326499994,87
167068_2.tex,classifciation and regreession model greedy,True,15,38.73123812675476,162.60681845182788,285
167078_1.tex,classifciation and regreession model greedy,True,7,15.848011016845703,117.56646473000002,67
167096_2.tex,classifciation and regreession model greedy,True,7,15.50757908821106,64.44235886999999,51
167102_3.tex,classifciation and regreession model greedy,True,14,33.67043399810791,201.76777520000044,195
167144_2.tex,classifciation and regreession model greedy,True,10,22.06111431121826,100.54164252999992,95
167149_2.tex,classifciation and regreession model greedy,True,21,46.572088956832886,275.25930126000003,159
167180_2.tex,classifciation and regreession model greedy,True,17,39.7754225730896,152.89696242989982,186
167191_1.tex,classifciation and regreession model greedy,True,20,46.469356536865234,202.53914015499976,172
167352_2.tex,classifciation and regreession model greedy,False,14,32.73149824142456,86.17160620300017,94
167384_3.tex,classifciation and regreession model greedy,False,24,55.58450937271118,189.5038855282,271
167420_1.tex,classifciation and regreession model greedy,True,12,28.3919689655304,265.6925727100008,79
167461_2.tex,classifciation and regreession model greedy,True,5,11.892248392105104,54.60858288903988,120
167463_2.tex,classifciation and regreession model greedy,True,7,16.540162324905396,41.64855613282016,73
167507_1.tex,classifciation and regreession model greedy,True,17,41.36291408538818,107.21484146100056,97
167512_1.tex,classifciation and regreession model greedy,True,3,6.893524408340454,64.87653560499993,42
167571_1.tex,classifciation and regreession model greedy,True,5,11.584952354431152,35.40790872900004,44
167621_1.tex,classifciation and regreession model greedy,True,8,16.796523332595825,111.27574359500012,47
167630_3.tex,classifciation and regreession model greedy,True,10,22.5479679107666,124.81232626000003,71
167684_3.tex,classifciation and regreession model greedy,True,7,14.752270460128784,37.751020847700005,50
167703_1.tex,classifciation and regreession model greedy,True,13,29.529813528060917,81.07047926999996,100
167777_1.tex,classifciation and regreession model greedy,True,21,45.68354105949402,112.14777421899996,99
167856_3.tex,classifciation and regreession model greedy,True,10,20.015225648880005,64.46065909999999,27
167860_2.tex,classifciation and regreession model greedy,True,5,10.423153162002563,24.27058030000005,48
167864_2.tex,classifciation and regreession model greedy,True,6,12.56179904937744,33.21567537500002,65
167895_2.tex,classifciation and regreession model greedy,True,35,82.0354733467102,350.88186580800004,363
167896_2.tex,classifciation and regreession model greedy,True,42,94.1430995464325,436.0558509822006,222
167918_2.tex,classifciation and regreession model greedy,True,30,67.43113136291504,249.06188010975004,453
168031_3.tex,classifciation and regreession model greedy,True,11,27.29825472831726,118.78641088674988,113
168033_2.tex,classifciation and regreession model greedy,True,6,13.03066635131836,23.71096601399999,25
168038_3.tex,classifciation and regreession model greedy,True,21,52.648738622665405,109.4337470068281,173
168050_3.tex,classifciation and regreession model greedy,True,8,17.59770894050598,126.46465042499996,52
168144_3.tex,classifciation and regreession model greedy,True,10,22.723009824752808,59.2939154,58
168162_1.tex,classifciation and regreession model greedy,True,14,30.11362242698669,153.71087147499983,76
168208_2.tex,classifciation and regreession model greedy,True,12,26.60722064971924,65.05170687000015,84
168239_3.tex,classifciation and regreession model greedy,False,32,76.48349571228027,398.9849697487497,245
168287_2.tex,classifciation and regreession model greedy,True,6,12.12297010421753,22.539764325000043,18
168349_1.tex,classifciation and regreession model greedy,True,24,52.53366374969482,174.9260998907501,102
168368_1.tex,classifciation and regreession model greedy,True,34,83.12558126449585,517.649022759001,539
168407_3.tex,classifciation and regreession model greedy,True,14,30.69510245323181,113.47190767500004,163
168414_3.tex,classifciation and regreession model greedy,True,17,37.292531967163086,124.47665913699994,83
168419_3.tex,classifciation and regreession model greedy,True,14,29.765488862991333,81.16001459250005,74
168443_1.tex,classifciation and regreession model greedy,False,16,38.24690508842468,103.5573756809999,181
168513_2.tex,classifciation and regreession model greedy,True,3,6.352397918701172,40.86457053999985,33
168565_1.tex,classifciation and regreession model greedy,True,22,53.37401819229126,172.23862057050056,82
168672_1.tex,classifciation and regreession model greedy,True,7,16.01580309867859,77.81257749372989,97
168675_3.tex,classifciation and regreession model greedy,True,4,9.014553785324097,11.916597133950004,9
168680_2.tex,classifciation and regreession model greedy,True,6,14.217862844467165,94.04706181878689,95
168683_3.tex,classifciation and regreession model greedy,True,18,46.88887524604797,226.33225282043617,317
168705_3.tex,classifciation and regreession model greedy,True,2,3.974352359771729,15.954004999999997,12
168714_3.tex,classifciation and regreession model greedy,True,11,24.32462763786316,115.46516595000064,95
14553_3.tex,classifciation and regreession model greedy,True,1,0.9628129005432128,0.0,1
15507_1.tex,classifciation and regreession model greedy,True,13,17.665315866470337,133.82361908399997,143
16152_2.tex,classifciation and regreession model greedy,True,8,21.570825576782227,51.11624380000024,64
10043_3.tex,classifciation and regreession model greedy,True,10,18.433831453323364,108.5146461301198,91
10097_3.tex,classifciation and regreession model greedy,True,8,13.522048234939575,98.17357555690008,63
10128_3.tex,classifciation and regreession model greedy,False,5,8.90225076675415,50.05648823156497,65
10134_3.tex,classifciation and regreession model greedy,True,7,11.049427032470703,110.12271407358816,124
10184_2.tex,classifciation and regreession model greedy,False,1,2.543179512023926,10.01,9
10186_2.tex,classifciation and regreession model greedy,True,9,13.860951900482178,103.15847807999992,65
10213_2.tex,classifciation and regreession model greedy,True,7,9.793078899383543,35.444964687687914,18
10227_2.tex,classifciation and regreession model greedy,False,8,13.28050947189331,78.70256530478757,96
10235_3.tex,classifciation and regreession model greedy,True,8,10.879236698150637,79.52756787377267,125
10249_2.tex,classifciation and regreession model greedy,True,7,8.897669792175293,59.33949308923408,103
10546_1.tex,classifciation and regreession model greedy,True,6,8.88261604309082,74.71962336299995,65
10583_1.tex,classifciation and regreession model greedy,True,9,12.530680179595947,106.62373993999996,121
10603_3.tex,classifciation and regreession model greedy,True,3,3.753690242767334,8.680735224999992,4
10666_2.tex,classifciation and regreession model greedy,True,6,8.818946123123169,80.35554697172387,94
10735_1.tex,classifciation and regreession model greedy,True,9,12.621321201324465,75.21065019129993,95
11008_3.tex,classifciation and regreession model greedy,True,2,2.398285388946533,38.713846080000025,42
11099_2.tex,classifciation and regreession model greedy,True,28,42.31564092636109,420.6283840870201,253
11120_2.tex,classifciation and regreession model greedy,True,14,23.471670866012573,156.87429168075002,180
11135_2.tex,classifciation and regreession model greedy,True,4,5.792011976242065,63.97439999999996,22
11283_2.tex,classifciation and regreession model greedy,True,13,15.925480365753174,114.54908144360024,160
11303_3.tex,classifciation and regreession model greedy,True,23,29.885358810424805,258.6380950589999,234
11625_1.tex,classifciation and regreession model greedy,True,10,14.22649908065796,113.6464863527502,90
11660_2.tex,classifciation and regreession model greedy,True,22,32.09232759475708,345.3443106030213,473
11734_2.tex,classifciation and regreession model greedy,True,4,5.979803323745728,43.706947029589806,57
11765_2.tex,classifciation and regreession model greedy,True,3,7.560147047042847,17.126717414749987,20
11806_2.tex,classifciation and regreession model greedy,True,19,25.73828673362732,237.37992190000008,107
11838_1.tex,classifciation and regreession model greedy,True,19,24.775740146636963,182.55543837964595,160
11856_3.tex,classifciation and regreession model greedy,True,19,24.734265565872192,277.2948129101775,251
11870_2.tex,classifciation and regreession model greedy,False,26,38.3997106552124,296.20850299075977,247
12195_3.tex,classifciation and regreession model greedy,True,25,33.76748442649841,313.73678281920013,240
12259_1.tex,classifciation and regreession model greedy,True,5,5.495407819747925,25.24501181299996,19
12262_1.tex,classifciation and regreession model greedy,True,7,12.417320013046265,61.74903767999997,75
12284_2.tex,classifciation and regreession model greedy,True,12,16.549349308013916,69.93946168146002,59
12301_3.tex,classifciation and regreession model greedy,True,20,25.36313009262085,198.2672802972629,259
12344_1.tex,classifciation and regreession model greedy,True,9,10.80391001701355,85.97109137000004,63
12370_2.tex,classifciation and regreession model greedy,True,11,13.430665969848633,169.8125995800001,127
12397_2.tex,classifciation and regreession model greedy,True,18,23.362387895584103,164.96691731789207,251
12410_1.tex,classifciation and regreession model greedy,True,12,13.804000616073608,63.88400047570704,46
12597_2.tex,classifciation and regreession model greedy,True,16,23.11765480041504,247.84959907920023,192
12728_2.tex,classifciation and regreession model greedy,True,9,12.743027687072754,79.5880747615519,107
12736_3.tex,classifciation and regreession model greedy,True,27,40.4845027923584,566.8544201739842,457
12847_3.tex,classifciation and regreession model greedy,True,16,21.29994893074036,132.8400407310001,178
12937_1.tex,classifciation and regreession model greedy,True,26,33.27468776702881,245.3524973589921,285
13273_3.tex,classifciation and regreession model greedy,True,5,6.3738181591033936,143.1150463299999,183
13431_2.tex,classifciation and regreession model greedy,True,4,4.964648246765137,48.680146218791975,44
13444_2.tex,classifciation and regreession model greedy,True,12,14.998655557632446,173.22067161127984,165
13846_3.tex,classifciation and regreession model greedy,True,12,15.993176698684692,206.90313649375005,93
13884_1.tex,classifciation and regreession model greedy,True,11,12.14952540397644,131.312088572936,87
13911_3.tex,classifciation and regreession model greedy,True,25,32.36972522735596,255.9663927894673,150
13920_2.tex,classifciation and regreession model greedy,True,6,7.346984386444092,55.88609666716003,106
13949_1.tex,classifciation and regreession model greedy,True,18,24.53890824317932,263.8242823312501,213
13955_2.tex,classifciation and regreession model greedy,True,12,14.599109172821043,81.67632209999992,30
13990_3.tex,classifciation and regreession model greedy,True,21,32.3622841835022,159.90494229462533,391
14003_2.tex,classifciation and regreession model greedy,True,11,14.130146980285645,92.62351787000004,91
14007_2.tex,classifciation and regreession model greedy,True,13,19.265424489974976,114.24600477899996,130
14010_1.tex,classifciation and regreession model greedy,True,4,4.623486280441284,23.595889794299996,31
14018_2.tex,classifciation and regreession model greedy,True,10,12.96481728553772,80.691796889,51
14146_1.tex,classifciation and regreession model greedy,True,2,3.344862461090088,17.691894970699998,22
14252_3.tex,classifciation and regreession model greedy,True,10,15.333964824676514,153.02898623930014,236
14310_3.tex,classifciation and regreession model greedy,True,6,8.119060516357422,21.11823596000001,13
14335_3.tex,classifciation and regreession model greedy,True,23,32.68926787376404,339.8327364029687,287
14416_2.tex,classifciation and regreession model greedy,True,13,17.79383635520935,211.29652518159995,172
14423_2.tex,classifciation and regreession model greedy,True,5,8.574024200439453,37.05289471999992,51
14445_2.tex,classifciation and regreession model greedy,True,12,21.569032430648804,139.1436685021574,214
14466_3.tex,classifciation and regreession model greedy,True,20,34.29491400718689,224.3047368034884,240
14506_2.tex,classifciation and regreession model greedy,True,9,12.825870752334597,83.07691849999993,71
14521_3.tex,classifciation and regreession model greedy,True,14,25.62804412841797,140.1676374827999,103
14524_3.tex,classifciation and regreession model greedy,True,17,25.641311407089237,206.82215864009004,111
14963_3.tex,classifciation and regreession model greedy,True,7,9.305933475494385,46.01526615811998,19
15036_1.tex,classifciation and regreession model greedy,True,13,17.890493392944336,180.85105745875,84
15045_1.tex,classifciation and regreession model greedy,True,5,6.488290071487427,57.87623089999997,45
9718_2.tex,classifciation and regreession model greedy,True,4,10.584389448165894,13.580538800000111,14
15059_2.tex,classifciation and regreession model greedy,True,8,12.78362274169922,83.32285103100017,59
15095_2.tex,classifciation and regreession model greedy,True,14,19.78995966911316,92.41161318137492,84
15097_2.tex,classifciation and regreession model greedy,True,12,18.062581300735477,85.04486329699998,84
15439_3.tex,classifciation and regreession model greedy,True,26,40.046897649765015,289.084607030623,172
15633_3.tex,classifciation and regreession model greedy,True,7,10.194641590118408,50.07577304280001,55
15636_2.tex,classifciation and regreession model greedy,True,3,4.696264743804932,29.427720167500013,44
15657_2.tex,classifciation and regreession model greedy,True,28,45.15019416809082,281.64048755550004,374
15837_1.tex,classifciation and regreession model greedy,True,6,10.223957538604736,59.72187137224997,59
15919_1.tex,classifciation and regreession model greedy,True,5,6.999724626541138,73.45952709054191,56
16033_2.tex,classifciation and regreession model greedy,True,12,17.607635498046875,92.44222654199996,46
16040_1.tex,classifciation and regreession model greedy,True,6,11.45811915397644,45.58592082599995,38
16183_1.tex,classifciation and regreession model greedy,True,16,23.221447229385376,88.90451688700009,60
16619_2.tex,classifciation and regreession model greedy,True,16,24.29495072364807,81.81560595502259,88
67467_2.tex,classifciation and regreession model greedy,True,5,6.32499098777771,33.244508603256975,59
67746_2.tex,classifciation and regreession model greedy,True,10,14.705202102661133,157.1449954999999,122
67820_3.tex,classifciation and regreession model greedy,True,18,28.69233345985413,179.20132334500065,174
67929_3.tex,classifciation and regreession model greedy,True,29,44.95041060447693,291.26625925249994,257
68037_3.tex,classifciation and regreession model greedy,False,13,24.24165415763855,66.69677113073405,92
68348_3.tex,classifciation and regreession model greedy,True,22,35.87318396568298,337.9838462112502,150
68381_3.tex,classifciation and regreession model greedy,True,2,3.1191415786743164,22.732924160000053,21
68458_3.tex,classifciation and regreession model greedy,True,21,32.71953845024109,223.7282963475847,277
68463_1.tex,classifciation and regreession model greedy,False,6,9.827350616455078,51.80919289671997,129
68491_2.tex,classifciation and regreession model greedy,True,13,19.44366836547852,168.84775786500006,182
68496_1.tex,classifciation and regreession model greedy,True,12,19.73874282836914,122.44389673999994,132
68523_3.tex,classifciation and regreession model greedy,True,6,9.84578275680542,33.061370423549995,17
68548_3.tex,classifciation and regreession model greedy,True,9,12.154290914535522,67.43510648579999,63
68559_1.tex,classifciation and regreession model greedy,False,22,38.29321360588074,197.4832569309102,104
68743_2.tex,classifciation and regreession model greedy,True,13,21.971949577331543,164.17408340849994,131
68854_1.tex,classifciation and regreession model greedy,True,12,17.51566457748413,160.30143787620008,165
68903_3.tex,classifciation and regreession model greedy,True,8,11.577232122421265,68.2757292921601,64
68910_1.tex,classifciation and regreession model greedy,True,11,23.09211254119873,82.53785079999992,14
68917_2.tex,classifciation and regreession model greedy,True,8,11.03375244140625,118.13522950500015,73
68949_3.tex,classifciation and regreession model greedy,True,15,20.803452730178837,74.0582670551951,36
68976_1.tex,classifciation and regreession model greedy,False,3,11.837894916534424,14.562055733267954,48
68989_1.tex,classifciation and regreession model greedy,False,6,12.031025409698486,44.64989867535993,102
69034_3.tex,classifciation and regreession model greedy,True,12,19.32895064353943,193.63347429000044,133
69061_2.tex,classifciation and regreession model greedy,True,5,6.219394445419312,25.57922669240026,30
69068_3.tex,classifciation and regreession model greedy,True,10,15.720021486282349,51.302937835,45
69113_3.tex,classifciation and regreession model greedy,True,17,23.23125457763672,137.50886128199988,190
69211_1.tex,classifciation and regreession model greedy,True,6,10.75153946876526,67.2388130842721,145
69224_2.tex,classifciation and regreession model greedy,True,1,1.3525469303131104,86.02059742003775,32
69245_3.tex,classifciation and regreession model greedy,True,2,2.576496362686157,12.556043040000016,6
69259_3.tex,classifciation and regreession model greedy,True,8,11.02665638923645,90.28490422500045,62
69287_2.tex,classifciation and regreession model greedy,True,11,19.235386848449707,250.34923420325015,160
69313_3.tex,classifciation and regreession model greedy,True,5,7.487435340881348,87.16478837224004,85
69351_1.tex,classifciation and regreession model greedy,True,11,17.558445930480957,143.97069520000062,121
69426_1.tex,classifciation and regreession model greedy,True,7,12.225586891174316,74.8315345684799,161
69454_1.tex,classifciation and regreession model greedy,True,11,16.344459295272827,161.7021163199998,90
69477_3.tex,classifciation and regreession model greedy,True,19,27.08353400230408,128.10822130625013,66
69488_2.tex,classifciation and regreession model greedy,True,10,13.084551095962524,186.92551771840016,100
69503_2.tex,classifciation and regreession model greedy,True,8,11.38686728477478,41.156028949,28
69513_3.tex,classifciation and regreession model greedy,True,10,17.46665072441101,56.153367040000006,85
69561_2.tex,classifciation and regreession model greedy,True,9,22.400924682617188,82.26439975000002,114
69574_1.tex,classifciation and regreession model greedy,True,20,40.71728491783142,179.26083176499992,170
69634_2.tex,classifciation and regreession model greedy,False,6,16.39354968070984,23.83321389353503,52
69953_1.tex,classifciation and regreession model greedy,False,1,4.929617881774902,2.586219264999997,29
69975_2.tex,classifciation and regreession model greedy,True,24,55.73142099380493,270.07294123251006,96
69976_1.tex,classifciation and regreession model greedy,True,13,33.36087679862976,164.6481009168626,200
70056_2.tex,classifciation and regreession model greedy,False,10,22.047178745269772,93.03097947653316,84
70058_1.tex,classifciation and regreession model greedy,True,9,20.35372018814087,87.1111617914136,98
70143_1.tex,classifciation and regreession model greedy,False,13,30.98123979568481,115.34379294567596,106
70168_3.tex,classifciation and regreession model greedy,True,16,33.558820962905884,119.10050240831812,146
70302_2.tex,classifciation and regreession model greedy,True,17,42.20859360694885,126.72671454921708,60
70329_3.tex,classifciation and regreession model greedy,True,6,13.000398874282835,40.91282007500004,33
70395_1.tex,classifciation and regreession model greedy,True,1,1.8257596492767332,2.5042915296000103,3
70402_2.tex,classifciation and regreession model greedy,True,8,19.642488479614254,95.08702428571426,98
70448_3.tex,classifciation and regreession model greedy,True,8,18.704907655715942,83.14896299500018,74
70519_2.tex,classifciation and regreession model greedy,True,24,61.91083216667175,165.25428321524186,238
70538_3.tex,classifciation and regreession model greedy,True,8,17.57762384414673,94.05287142000034,92
70622_1.tex,classifciation and regreession model greedy,False,18,34.861852407455444,164.11141728299975,281
70622_2.tex,classifciation and regreession model greedy,True,2,2.1888539791107178,3.9768788000000086,4
70657_2.tex,classifciation and regreession model greedy,True,11,15.83059859275818,67.39578259000004,100
70666_3.tex,classifciation and regreession model greedy,True,17,24.63553118705749,197.22740675500012,149
70675_2.tex,classifciation and regreession model greedy,False,5,10.07140588760376,22.589032077797057,34
70681_2.tex,classifciation and regreession model greedy,True,1,0.9391331672668456,0.0,1
70707_3.tex,classifciation and regreession model greedy,True,16,22.523091793060303,83.86435816953492,73
70719_1.tex,classifciation and regreession model greedy,True,27,40.62997651100159,202.9795377297496,201
70918_3.tex,classifciation and regreession model greedy,True,10,17.799400329589844,153.7594845085007,161
70939_1.tex,classifciation and regreession model greedy,True,9,14.327006816864014,144.7336106598002,134
70949_1.tex,classifciation and regreession model greedy,True,5,7.363511800765991,74.02496914999992,102
70951_2.tex,classifciation and regreession model greedy,True,11,18.47021722793579,138.95255617899983,248
70983_2.tex,classifciation and regreession model greedy,True,8,13.340497970581056,74.78944057500009,108
70987_2.tex,classifciation and regreession model greedy,True,7,12.35642409324646,46.90345178999996,61
71026_1.tex,classifciation and regreession model greedy,True,10,23.45499277114868,122.2191862638144,146
71064_3.tex,classifciation and regreession model greedy,True,12,16.59213662147522,119.41683440000004,14
71068_3.tex,classifciation and regreession model greedy,True,9,16.986295223236084,142.96209848,96
71122_2.tex,classifciation and regreession model greedy,False,8,14.192850351333618,36.843947782999926,69
71149_1.tex,classifciation and regreession model greedy,True,19,31.42852067947388,127.92289666518552,153
71172_3.tex,classifciation and regreession model greedy,True,12,15.103835105895996,189.8000507499999,91
71250_1.tex,classifciation and regreession model greedy,True,24,37.8497838973999,250.274513349242,207
71271_2.tex,classifciation and regreession model greedy,True,19,32.052729845047,100.0860486332003,150
71551_3.tex,classifciation and regreession model greedy,True,7,11.328014373779297,84.25016243199997,53
71628_1.tex,classifciation and regreession model greedy,True,5,6.8836822509765625,49.63881656000021,18
71632_1.tex,classifciation and regreession model greedy,True,12,20.409197330474854,162.7389097,106
71648_3.tex,classifciation and regreession model greedy,True,9,14.98326539993286,136.01290622835268,110
71667_2.tex,classifciation and regreession model greedy,True,10,14.062768697738647,67.64319697973468,53
71682_1.tex,classifciation and regreession model greedy,True,13,17.944454193115234,109.60465971324996,107
71733_1.tex,classifciation and regreession model greedy,True,9,14.5278058052063,83.8568298700001,57
71891_3.tex,classifciation and regreession model greedy,True,8,11.925604820251465,81.55334912365036,118
71917_2.tex,classifciation and regreession model greedy,True,9,12.585169315338137,48.18631612739905,63
71927_2.tex,classifciation and regreession model greedy,True,11,15.05929684638977,50.35428221551992,35
72118_3.tex,classifciation and regreession model greedy,True,5,6.92645788192749,70.22148317200002,78
72127_1.tex,classifciation and regreession model greedy,True,11,17.18464493751526,74.99904240404798,120
72128_2.tex,classifciation and regreession model greedy,True,9,16.31460475921631,121.08294280746505,223
72164_1.tex,classifciation and regreession model greedy,True,11,16.343328714370728,166.4050608999999,103
72198_3.tex,classifciation and regreession model greedy,False,4,6.831012964248657,20.68162394640003,26
72202_1.tex,classifciation and regreession model greedy,True,4,6.124130725860596,35.14435103040002,59
72210_3.tex,classifciation and regreession model greedy,False,12,19.24199891090393,133.4951888800971,199
72250_1.tex,classifciation and regreession model greedy,True,27,44.60796761512756,378.7769544450001,397
72325_2.tex,classifciation and regreession model greedy,True,3,5.56012225151062,18.061260175999973,30
72328_2.tex,classifciation and regreession model greedy,True,4,5.387841463088989,36.448868680192135,77
72431_3.tex,classifciation and regreession model greedy,True,3,5.313960313796997,125.03823429500004,40
72554_2.tex,classifciation and regreession model greedy,True,17,27.637813568115234,234.78854755802905,263
9039_2.tex,classifciation and regreession model greedy,False,5,9.62130856513977,43.90253914051795,60
9119_3.tex,classifciation and regreession model greedy,True,11,19.782238245010376,117.30140351987508,116
9150_2.tex,classifciation and regreession model greedy,True,19,28.61076498031616,323.01607767325,190
9443_2.tex,classifciation and regreession model greedy,True,7,10.626580476760864,64.72283534000005,39
9548_3.tex,classifciation and regreession model greedy,True,5,6.315781593322754,50.95927062958981,35
9591_2.tex,classifciation and regreession model greedy,False,28,50.66503620147705,419.798567184125,322
9594_2.tex,classifciation and regreession model greedy,True,22,36.73749876022339,202.91746162000013,216
9608_3.tex,classifciation and regreession model greedy,True,33,56.43282270431519,390.72768767700063,241
9707_1.tex,classifciation and regreession model greedy,True,28,46.344480991363525,354.038137517003,318
9708_3.tex,classifciation and regreession model greedy,True,20,37.66063809394837,234.43344838774985,217
168749_1.tex,classifciation and regreession model greedy,True,16,38.34833550453186,186.82629593999988,167
168764_2.tex,classifciation and regreession model greedy,True,5,11.151395320892334,64.91269330000047,82
168780_1.tex,classifciation and regreession model greedy,True,10,22.537961721420288,145.32965152299994,174
168802_2.tex,classifciation and regreession model greedy,True,2,3.831317901611328,5.009800605250007,2
168813_3.tex,classifciation and regreession model greedy,True,13,29.180798530578613,176.58829759999986,100
168826_3.tex,classifciation and regreession model greedy,True,20,48.7666380405426,211.00422214999992,198
168835_2.tex,classifciation and regreession model greedy,True,19,41.55215525627136,211.40860894000068,117
168839_1.tex,classifciation and regreession model greedy,True,9,18.63330030441284,66.25097398000003,40
168846_1.tex,classifciation and regreession model greedy,True,11,24.948282480239868,166.46730243275985,125
168850_2.tex,classifciation and regreession model greedy,True,25,58.86520981788635,246.38161461879972,210
168906_1.tex,classifciation and regreession model greedy,True,29,66.76590752601624,357.15364570995,458
168934_3.tex,classifciation and regreession model greedy,True,11,23.659213066101078,113.0383790799999,90
168939_2.tex,classifciation and regreession model greedy,True,28,63.38570261001587,332.5107676400001,275
168953_2.tex,classifciation and regreession model greedy,False,9,21.849152326583862,73.76423465999997,89
169004_1.tex,classifciation and regreession model greedy,True,39,87.87662386894226,383.48672538575033,309
169046_2.tex,classifciation and regreession model greedy,True,12,28.19206690788269,139.20852954375084,52
169050_1.tex,classifciation and regreession model greedy,True,7,15.623857498168944,51.37943034999971,51
169063_1.tex,classifciation and regreession model greedy,False,7,21.023112773895264,103.22589156249984,70
169073_1.tex,classifciation and regreession model greedy,True,1,1.6541082859039309,0.0,1
169080_2.tex,classifciation and regreession model greedy,True,9,21.33732390403748,78.61759632199981,126
169168_3.tex,classifciation and regreession model greedy,True,13,31.666414737701416,206.16078542199983,102
169169_3.tex,classifciation and regreession model greedy,True,4,8.864322662353516,54.28228039999989,67
169216_3.tex,classifciation and regreession model greedy,True,8,19.62266850471497,144.87719478552,122
169217_3.tex,classifciation and regreession model greedy,True,12,29.277549505233765,125.83121109799993,127
169228_1.tex,classifciation and regreession model greedy,True,13,32.77861166000366,168.5847122679489,321
169254_2.tex,classifciation and regreession model greedy,True,10,21.74047327041626,140.12996707000045,86
169269_2.tex,classifciation and regreession model greedy,True,7,14.754100561141968,52.08359765000021,46
169274_1.tex,classifciation and regreession model greedy,True,8,17.08503246307373,43.40377626399998,23
169290_1.tex,classifciation and regreession model greedy,True,5,10.928608417510986,24.040340889414,31
169322_1.tex,classifciation and regreession model greedy,True,12,28.347519159317017,98.54984611122832,154
169447_3.tex,classifciation and regreession model greedy,True,48,110.29909777641296,526.7442493277496,320
169460_1.tex,classifciation and regreession model greedy,True,11,21.85904884338379,77.06757159999998,46
169473_1.tex,classifciation and regreession model greedy,True,13,27.275464057922363,68.11314784999999,79
169505_2.tex,classifciation and regreession model greedy,True,11,22.495551824569706,41.30334266300008,39
169611_1.tex,classifciation and regreession model greedy,True,9,20.726237297058105,100.4725537300207,124
169630_3.tex,classifciation and regreession model greedy,True,11,27.487185955047607,180.84304859884455,150
169637_1.tex,classifciation and regreession model greedy,True,15,36.8015239238739,82.2976821310859,170
169733_2.tex,classifciation and regreession model greedy,True,7,16.154420137405396,43.391334740000005,70
169786_2.tex,classifciation and regreession model greedy,True,7,15.20613718032837,56.15979034999988,43
169820_3.tex,classifciation and regreession model greedy,True,11,25.67762351036072,75.6324382769999,81
169867_3.tex,classifciation and regreession model greedy,True,24,55.76542663574219,640.4184344162509,303
169871_2.tex,classifciation and regreession model greedy,True,6,15.43636417388916,32.264001949599994,176
169884_3.tex,classifciation and regreession model greedy,True,13,25.34609007835388,163.73908879999976,105
169949_3.tex,classifciation and regreession model greedy,True,10,21.17872095108032,43.21587331300029,55
169955_1.tex,classifciation and regreession model greedy,True,9,20.197325944900516,45.78382945400032,49
170022_1.tex,classifciation and regreession model greedy,True,9,18.4841091632843,44.568469150000254,61
170060_2.tex,classifciation and regreession model greedy,True,42,99.44863510131836,575.2623332323498,502
170093_3.tex,classifciation and regreession model greedy,False,23,64.99154233932495,281.46531558500044,539
170155_1.tex,classifciation and regreession model greedy,True,10,23.762845993041992,156.85234564100102,111
170289_3.tex,classifciation and regreession model greedy,True,6,13.51231837272644,54.368144307519934,51
170322_3.tex,classifciation and regreession model greedy,True,7,14.107212543487549,84.276722105,34
170332_2.tex,classifciation and regreession model greedy,True,7,14.657623052597046,64.88979971999998,48
170386_2.tex,classifciation and regreession model greedy,True,6,12.551172733306885,31.86458129500028,27
170457_1.tex,classifciation and regreession model greedy,True,10,21.72644567489624,70.04639234000004,99
170548_2.tex,classifciation and regreession model greedy,True,15,31.77193832397461,128.84906550500042,86
170594_3.tex,classifciation and regreession model greedy,True,27,62.75629138946533,314.30087297000006,266
170607_3.tex,classifciation and regreession model greedy,True,3,5.893635988235474,20.98118724950004,38
170610_2.tex,classifciation and regreession model greedy,True,21,45.627416133880615,209.48293810700005,167
170662_2.tex,classifciation and regreession model greedy,True,15,36.05298089981079,191.6667424875003,63
170783_1.tex,classifciation and regreession model greedy,True,1,1.660900354385376,0.0,1
170790_3.tex,classifciation and regreession model greedy,True,9,20.440218925476078,152.33947984247993,148
170807_1.tex,classifciation and regreession model greedy,True,10,24.03170800209045,121.58001784080048,111
170810_2.tex,classifciation and regreession model greedy,True,9,21.5305700302124,148.50794733000043,215
170844_3.tex,classifciation and regreession model greedy,True,11,26.240410327911377,112.25088032910692,188
170862_1.tex,classifciation and regreession model greedy,True,4,8.102351665496826,18.78011520000004,10
170907_2.tex,classifciation and regreession model greedy,True,13,30.06644606590271,114.24851515899984,117
170909_3.tex,classifciation and regreession model greedy,True,12,26.52963948249817,86.42125839500015,86
170911_2.tex,classifciation and regreession model greedy,True,11,25.29086947441101,132.30154809599998,105
170962_1.tex,classifciation and regreession model greedy,True,9,20.0461745262146,73.94724590917488,129
170971_1.tex,classifciation and regreession model greedy,True,9,19.580096006393436,50.128876975000026,48
170989_3.tex,classifciation and regreession model greedy,True,9,18.308124542236328,65.34330494999998,84
170999_1.tex,classifciation and regreession model greedy,True,11,23.177436351776123,55.04667542500012,46
171019_2.tex,classifciation and regreession model greedy,False,12,28.493210077285767,70.18859201299998,42
171027_1.tex,classifciation and regreession model greedy,False,26,63.626736640930176,278.610138364,349
171049_3.tex,classifciation and regreession model greedy,True,3,5.659396409988403,11.546299387000031,12
171052_3.tex,classifciation and regreession model greedy,True,43,103.9864273071289,394.01854905900007,538
171078_1.tex,classifciation and regreession model greedy,False,9,22.79648733139038,72.06403184999994,92
171109_3.tex,classifciation and regreession model greedy,True,9,18.69187331199646,57.52086018275004,44
171122_1.tex,classifciation and regreession model greedy,True,41,93.49305248260498,849.9523296977504,192
171145_1.tex,classifciation and regreession model greedy,True,1,1.6358449459075928,2.5042841920000285,1
171159_2.tex,classifciation and regreession model greedy,False,28,70.37134647369385,272.62984858300035,461
171224_2.tex,classifciation and regreession model greedy,False,14,34.41542887687683,113.85678020674996,101
171227_3.tex,classifciation and regreession model greedy,True,8,18.422242164611816,39.093181516,42
171242_1.tex,classifciation and regreession model greedy,True,13,32.61084508895874,82.08772472400032,140
171276_3.tex,classifciation and regreession model greedy,True,5,12.585649251937866,52.25708616250101,135
171280_1.tex,classifciation and regreession model greedy,True,21,55.722060203552246,110.38461650370694,140
171292_1.tex,classifciation and regreession model greedy,True,5,11.04339599609375,48.11867880000001,17
171293_2.tex,classifciation and regreession model greedy,True,7,15.573370456695557,60.13018820499998,59
171313_3.tex,classifciation and regreession model greedy,True,12,27.238458156585693,91.50994359,97
171393_2.tex,classifciation and regreession model greedy,True,13,31.10823082923889,137.14463495449976,179
171395_3.tex,classifciation and regreession model greedy,True,3,6.67687463760376,49.60359749499998,66
171446_3.tex,classifciation and regreession model greedy,True,11,26.336487770080566,62.271780752000005,82
171456_2.tex,classifciation and regreession model greedy,True,16,36.67664241790772,113.26877711775056,126
171493_2.tex,classifciation and regreession model greedy,True,22,50.64155554771423,166.69802120200012,113
171526_3.tex,classifciation and regreession model greedy,True,14,30.88813543319702,100.30132331875018,70
171534_3.tex,classifciation and regreession model greedy,True,7,14.518146276474,38.867641425000095,50
171570_2.tex,classifciation and regreession model greedy,True,10,21.845149278640747,124.27433563899989,163
171661_1.tex,classifciation and regreession model greedy,True,17,37.12244963645935,127.60749665750004,84
171778_2.tex,classifciation and regreession model greedy,True,8,18.43921971321106,44.896802866000144,31
171783_2.tex,classifciation and regreession model greedy,True,9,23.2090961933136,59.868201322999965,118
171842_1.tex,classifciation and regreession model greedy,True,7,18.66571879386902,79.26122477000015,52
171845_1.tex,classifciation and regreession model greedy,True,8,20.06384563446045,74.02501550500071,59
171875_3.tex,classifciation and regreession model greedy,True,6,14.801352262496948,44.56983860775994,36
171892_1.tex,classifciation and regreession model greedy,True,8,20.660425662994385,74.841354604178,119
171971_3.tex,classifciation and regreession model greedy,True,16,38.182847023010254,115.62760119000068,108
172002_2.tex,classifciation and regreession model greedy,True,8,19.672393560409542,45.87735144350003,57
172021_3.tex,classifciation and regreession model greedy,True,7,17.258007764816284,34.08117771199997,40
172061_3.tex,classifciation and regreession model greedy,True,9,20.512359619140625,91.33237953500011,64
172069_2.tex,classifciation and regreession model greedy,True,21,52.05215382575989,204.08925486499987,187
172115_2.tex,classifciation and regreession model greedy,False,35,97.4534592628479,365.61933411000047,516
172122_1.tex,classifciation and regreession model greedy,True,17,42.37670660018921,134.98366217617777,144
172142_2.tex,classifciation and regreession model greedy,True,30,78.05562591552734,367.9648057650498,615
172173_2.tex,classifciation and regreession model greedy,True,29,67.55820846557617,289.4810609549998,129
172215_3.tex,classifciation and regreession model greedy,False,23,58.2675678730011,155.21589181860026,235
172222_1.tex,classifciation and regreession model greedy,False,28,74.91647529602051,270.26123625460013,251
172229_1.tex,classifciation and regreession model greedy,True,8,17.380778312683105,33.07902173674995,30
172248_1.tex,classifciation and regreession model greedy,False,11,31.96250009536743,98.14227761240022,239
172319_3.tex,classifciation and regreession model greedy,True,10,24.556452751159668,99.89674229976048,63
172328_3.tex,classifciation and regreession model greedy,True,19,48.81675028800965,114.18656202652048,88
172329_1.tex,classifciation and regreession model greedy,True,13,34.11466217041016,108.73086923940002,167
172365_1.tex,classifciation and regreession model greedy,True,4,10.079397916793823,171.78239100931992,91
172409_2.tex,classifciation and regreession model greedy,True,11,26.26875734329224,89.67513865499997,70
172429_3.tex,classifciation and regreession model greedy,False,11,29.987511157989506,139.54364756999985,171
172473_1.tex,classifciation and regreession model greedy,True,12,30.509438276290894,122.76045108789997,160
172507_3.tex,classifciation and regreession model greedy,True,8,19.509235620498657,62.72754610000023,67
172538_2.tex,classifciation and regreession model greedy,True,7,16.910305738449097,38.16483195999998,49
172684_2.tex,classifciation and regreession model greedy,True,42,111.62958550453186,506.48146024663725,482
172686_2.tex,classifciation and regreession model greedy,False,32,90.23764944076538,423.3231152130002,752
172702_3.tex,classifciation and regreession model greedy,True,7,15.315374612808228,48.59080267500001,38
172717_3.tex,classifciation and regreession model greedy,False,16,41.480008125305176,166.03147722500034,176
172728_1.tex,classifciation and regreession model greedy,True,15,34.52874279022217,118.24286764607002,157
172738_1.tex,classifciation and regreession model greedy,True,17,39.06663727760315,111.60643066299995,102
172811_1.tex,classifciation and regreession model greedy,False,8,20.67292261123657,55.90549507499999,17
172882_3.tex,classifciation and regreession model greedy,True,16,40.74447679519653,175.2726842995012,127
172890_1.tex,classifciation and regreession model greedy,True,11,29.66396927833557,186.93654990181489,159
172901_1.tex,classifciation and regreession model greedy,True,7,19.30644202232361,69.20882071000005,114
172903_1.tex,classifciation and regreession model greedy,True,12,30.47301959991455,64.5033915690007,84
172961_3.tex,classifciation and regreession model greedy,True,7,17.077889919281006,72.73387459239996,106
172966_1.tex,classifciation and regreession model greedy,True,19,52.97495651245117,172.38133513839986,205
172982_2.tex,classifciation and regreession model greedy,True,8,19.231937885284424,86.18860922144012,126
172998_3.tex,classifciation and regreession model greedy,True,10,24.51993179321289,69.32466175546698,109
173004_2.tex,classifciation and regreession model greedy,True,12,33.30623936653137,116.28373855000082,270
173006_1.tex,classifciation and regreession model greedy,True,5,12.145063638687134,26.73052469999999,50
173057_1.tex,classifciation and regreession model greedy,True,13,31.53875303268433,106.25923619321394,127
173102_1.tex,classifciation and regreession model greedy,True,9,22.156087636947632,63.04439683333337,96
173112_1.tex,classifciation and regreession model greedy,True,11,28.05781626701355,72.52221414499988,113
173122_2.tex,classifciation and regreession model greedy,False,19,51.81586956977844,190.62193958150004,279
173138_2.tex,classifciation and regreession model greedy,False,7,18.30086660385132,41.982570225000885,39
173142_2.tex,classifciation and regreession model greedy,True,17,39.98476314544678,107.8094992650006,86
173162_3.tex,classifciation and regreession model greedy,True,20,50.68765068054199,181.27070005753484,174
173225_3.tex,classifciation and regreession model greedy,True,50,144.9006507396698,534.4920346193504,527
173226_3.tex,classifciation and regreession model greedy,False,34,92.63302111625671,361.9997277710002,573
173237_3.tex,classifciation and regreession model greedy,True,4,8.465978860855103,23.25357879999997,20
173315_2.tex,classifciation and regreession model greedy,True,23,56.71846914291382,186.46136996025825,216
173322_2.tex,classifciation and regreession model greedy,False,54,152.29409003257751,525.8743336497505,332
173324_3.tex,classifciation and regreession model greedy,True,46,126.81970405578612,690.6512052227501,437
173332_2.tex,classifciation and regreession model greedy,True,25,61.72580695152283,163.17001573300027,166
173366_1.tex,classifciation and regreession model greedy,True,13,34.41481566429138,133.51597450500162,101
173394_3.tex,classifciation and regreession model greedy,True,7,20.41739320755005,171.23068259960013,72
173408_2.tex,classifciation and regreession model greedy,True,7,19.338427543640137,45.27986262499986,44
173415_2.tex,classifciation and regreession model greedy,True,9,26.95773434638977,139.99736605727784,235
173483_2.tex,classifciation and regreession model greedy,True,10,25.84765243530273,89.06454907999994,103
173520_2.tex,classifciation and regreession model greedy,True,9,22.14902901649475,65.41323353592107,85
173568_3.tex,classifciation and regreession model greedy,True,15,34.752339124679565,130.59920562000062,90
173605_1.tex,classifciation and regreession model greedy,True,7,16.33743643760681,37.47223916500003,35
173661_1.tex,classifciation and regreession model greedy,True,7,15.602577924728394,41.0043220997749,52
173667_2.tex,classifciation and regreession model greedy,True,15,36.498464584350586,137.00392613999986,97
173669_2.tex,classifciation and regreession model greedy,True,19,43.41610264778137,189.16494952,132
173677_3.tex,classifciation and regreession model greedy,True,11,25.73655128479004,127.92124126500045,109
173702_3.tex,classifciation and regreession model greedy,True,13,30.050505876541138,151.9258632409998,130
173708_1.tex,classifciation and regreession model greedy,True,22,55.2300910949707,210.2778718395201,227
173754_1.tex,classifciation and regreession model greedy,True,11,26.352914810180664,76.92009167050057,121
173781_1.tex,classifciation and regreession model greedy,True,18,40.70515561103821,160.06763891500006,154
173784_2.tex,classifciation and regreession model greedy,True,10,22.763198375701904,67.09102436500008,68
173787_2.tex,classifciation and regreession model greedy,False,12,31.24556398391724,86.98668271500004,79
173793_1.tex,classifciation and regreession model greedy,True,8,18.11341142654419,33.444202540000106,17
173803_2.tex,classifciation and regreession model greedy,True,28,72.05211758613586,275.4739097499999,337
173858_2.tex,classifciation and regreession model greedy,True,40,105.36339163780212,682.0372716106998,711
173872_1.tex,classifciation and regreession model greedy,True,27,66.70330214500427,169.3787133486002,221
173909_1.tex,classifciation and regreession model greedy,True,7,16.71591877937317,53.40219825000053,51
173946_1.tex,classifciation and regreession model greedy,True,10,26.343898057937626,150.85431694799985,202
173991_3.tex,classifciation and regreession model greedy,True,7,17.12366008758545,116.92756018500002,108
174002_3.tex,classifciation and regreession model greedy,True,5,12.298008680343628,43.015326699999946,35
174010_1.tex,classifciation and regreession model greedy,True,5,12.658400297164915,40.05860432500103,50
174108_1.tex,classifciation and regreession model greedy,True,12,29.20152235031128,148.34600212500033,125
174146_1.tex,classifciation and regreession model greedy,True,16,38.63312077522278,146.33335984880063,109
174182_1.tex,classifciation and regreession model greedy,False,10,28.53474998474121,41.59538450882815,61
174204_1.tex,classifciation and regreession model greedy,True,16,32.45490837097168,179.09062715499982,124
174206_3.tex,classifciation and regreession model greedy,True,19,43.8182692527771,221.18977062500005,121
174239_1.tex,classifciation and regreession model greedy,True,11,26.236244440078732,40.787833025000126,31
174260_2.tex,classifciation and regreession model greedy,True,21,50.02628326416016,161.67914722,177
174284_3.tex,classifciation and regreession model greedy,True,9,20.62409806251526,37.771026787000025,36
174293_2.tex,classifciation and regreession model greedy,False,12,30.60961079597473,69.96376299500001,125
174294_3.tex,classifciation and regreession model greedy,True,14,31.77838897705078,58.96641528946253,63
174381_3.tex,classifciation and regreession model greedy,True,42,112.11427974700928,536.4267577820003,474
174394_3.tex,classifciation and regreession model greedy,True,11,24.72705984115601,49.41724741519998,72
174397_3.tex,classifciation and regreession model greedy,True,34,85.44982957839966,302.9377636410001,281
174447_2.tex,classifciation and regreession model greedy,True,14,35.62205624580383,96.57671693000056,125
16658_3.tex,classifciation and regreession model greedy,True,8,23.28171730041504,132.43380435000026,70
16705_2.tex,classifciation and regreession model greedy,True,5,12.50387477874756,58.04969744050013,66
16726_3.tex,classifciation and regreession model greedy,True,17,48.98552417755127,103.41520188773464,136
17015_1.tex,classifciation and regreession model greedy,True,11,33.453293561935425,110.43233203073622,89
17137_1.tex,classifciation and regreession model greedy,True,8,17.416970014572144,63.70272553726511,51
17153_1.tex,classifciation and regreession model greedy,True,17,49.71068620681763,128.1835153416,198
17179_3.tex,classifciation and regreession model greedy,True,5,15.291379928588867,55.95808612500002,58
17209_3.tex,classifciation and regreession model greedy,True,3,7.657477378845215,26.75582998700001,25
17231_2.tex,classifciation and regreession model greedy,True,8,23.356241464614868,54.96244655582008,66
17261_1.tex,classifciation and regreession model greedy,True,12,35.518507957458496,87.35660646275004,94
17265_2.tex,classifciation and regreession model greedy,True,25,81.4795024394989,229.41663991277127,293
17266_1.tex,classifciation and regreession model greedy,True,40,154.68750882148743,482.0901912544312,334
17549_3.tex,classifciation and regreession model greedy,True,3,8.85101318359375,17.31838773612003,20
17650_3.tex,classifciation and regreession model greedy,True,4,11.259648084640505,16.23216593979504,16
17664_2.tex,classifciation and regreession model greedy,True,24,66.7594404220581,369.1234829364999,166
17677_3.tex,classifciation and regreession model greedy,True,13,30.864760875701904,97.69794875068804,125
17687_1.tex,classifciation and regreession model greedy,True,16,45.37901902198792,125.14542802388502,147
17698_1.tex,classifciation and regreession model greedy,True,15,41.69570446014404,151.59621121349994,118
17711_1.tex,classifciation and regreession model greedy,True,38,106.12317061424255,543.4571021091488,480
17716_2.tex,classifciation and regreession model greedy,False,8,20.66011953353882,68.48430089375017,23
17759_2.tex,classifciation and regreession model greedy,True,11,27.329787492752075,86.42324612123193,121
17809_1.tex,classifciation and regreession model greedy,True,18,50.085184812545776,214.97767519999985,381
17812_1.tex,classifciation and regreession model greedy,True,27,72.63918423652649,181.79985980171216,242
18031_3.tex,classifciation and regreession model greedy,True,13,39.70723032951355,354.0889327928131,313
18035_1.tex,classifciation and regreession model greedy,True,7,21.75670051574707,139.02110964999994,152
73237_3.tex,classifciation and regreession model greedy,True,3,6.473203659057617,18.78926713999997,9
73350_1.tex,classifciation and regreession model greedy,True,4,8.84565281867981,40.63596378000001,46
73374_1.tex,classifciation and regreession model greedy,True,6,15.34659194946289,61.247634831199846,87
73815_1.tex,classifciation and regreession model greedy,True,9,21.969428777694706,60.04805962059024,51
74893_3.tex,classifciation and regreession model greedy,True,4,9.121647119522097,20.54845243880004,21
74939_2.tex,classifciation and regreession model greedy,True,28,75.84180521965027,469.6856184696602,294
75373_1.tex,classifciation and regreession model greedy,True,6,15.877708911895752,39.09748378599997,78
75431_3.tex,classifciation and regreession model greedy,True,12,30.328288793563843,66.83702575580007,30
75513_3.tex,classifciation and regreession model greedy,True,14,37.08247590065002,127.56083200000025,133
77053_1.tex,classifciation and regreession model greedy,True,18,46.898154973983765,181.37115882564785,210
77170_2.tex,classifciation and regreession model greedy,True,20,54.72499418258667,164.3484283000005,121
77209_3.tex,classifciation and regreession model greedy,True,12,31.35293197631836,63.74742855997499,136
18140_2.tex,classifciation and regreession model greedy,True,19,52.53298568725586,144.14065748068634,140
18246_3.tex,classifciation and regreession model greedy,True,12,33.65712571144104,157.41801353350002,143
18323_3.tex,classifciation and regreession model greedy,True,8,19.95801043510437,62.30825160967628,72
18358_2.tex,classifciation and regreession model greedy,True,12,31.100148677825928,65.32134664522115,75
18573_3.tex,classifciation and regreession model greedy,True,10,30.009714603424072,102.08242265106804,154
18669_1.tex,classifciation and regreession model greedy,True,17,54.12856960296631,111.68542048718852,55
18860_2.tex,classifciation and regreession model greedy,True,16,39.90959978103638,112.3085754167502,78
19093_2.tex,classifciation and regreession model greedy,True,5,11.79635524749756,42.05233770706812,61
19103_3.tex,classifciation and regreession model greedy,True,5,13.97915530204773,31.58853747779688,59
19139_1.tex,classifciation and regreession model greedy,True,6,16.749267101287842,72.097656375,77
19274_2.tex,classifciation and regreession model greedy,True,9,23.708402395248413,114.09031121464,121
19295_2.tex,classifciation and regreession model greedy,True,18,44.95467662811279,182.5007176297968,183
19335_1.tex,classifciation and regreession model greedy,False,6,17.48804235458374,52.292808980000046,69
19428_2.tex,classifciation and regreession model greedy,True,14,36.94503426551819,103.02895026434196,173
19691_1.tex,classifciation and regreession model greedy,True,1,2.3726043701171875,10.01,3
19754_1.tex,classifciation and regreession model greedy,True,4,10.289838790893556,81.10938981020003,89
19758_2.tex,classifciation and regreession model greedy,True,12,31.000054836273197,166.7494541988984,145
19828_2.tex,classifciation and regreession model greedy,True,4,10.232967376708984,16.511613624000056,14
19838_1.tex,classifciation and regreession model greedy,True,12,32.50875282287598,250.035299595499,160
19867_3.tex,classifciation and regreession model greedy,True,6,15.72553014755249,31.90663987830699,41
19877_1.tex,classifciation and regreession model greedy,True,11,25.601762294769287,181.881742565,44
19907_1.tex,classifciation and regreession model greedy,True,22,57.94252371788025,283.3111262550002,195
19907_2.tex,classifciation and regreession model greedy,True,4,9.398457527160645,39.61594226875,26
19935_3.tex,classifciation and regreession model greedy,True,14,36.39465284347534,161.11836652957803,160
19945_1.tex,classifciation and regreession model greedy,True,3,5.980971336364746,18.528293685599948,21
19951_1.tex,classifciation and regreession model greedy,True,25,66.6358699798584,410.0450384513625,356
20189_1.tex,classifciation and regreession model greedy,True,2,6.406023740768433,43.6804,58
20245_3.tex,classifciation and regreession model greedy,False,2,8.019387245178223,13.978442930000028,21
20300_2.tex,classifciation and regreession model greedy,True,6,13.638808250427246,36.886084957999984,53
20321_1.tex,classifciation and regreession model greedy,True,1,1.7614614963531494,3.500010115000009,3
20334_1.tex,classifciation and regreession model greedy,True,3,7.032386541366577,47.98469444,39
20375_1.tex,classifciation and regreession model greedy,True,7,21.819934844970703,86.20620111000008,108
20410_2.tex,classifciation and regreession model greedy,True,15,40.70168662071228,212.8256149700004,292
20425_2.tex,classifciation and regreession model greedy,True,10,23.05341601371765,196.7489758,102
20451_3.tex,classifciation and regreession model greedy,True,8,19.50215101242065,82.67128667123991,65
20464_1.tex,classifciation and regreession model greedy,True,9,23.79258632659912,142.68887941360038,109
20723_2.tex,classifciation and regreession model greedy,True,5,15.100594758987429,114.2160118108,130
20727_3.tex,classifciation and regreession model greedy,True,5,14.581252098083496,87.75611240229507,98
20765_2.tex,classifciation and regreession model greedy,True,7,19.31001925468445,87.93475435000032,57
20796_3.tex,classifciation and regreession model greedy,True,3,8.322722673416138,34.9343017075421,47
20829_2.tex,classifciation and regreession model greedy,True,13,40.100708961486816,120.57451925927258,164
20915_2.tex,classifciation and regreession model greedy,True,25,68.66092467308044,358.95742332240025,386
20961_2.tex,classifciation and regreession model greedy,True,25,65.62137031555176,487.4994860000001,158
20986_1.tex,classifciation and regreession model greedy,True,12,32.27666258811951,132.23637670000005,93
21534_2.tex,classifciation and regreession model greedy,True,7,17.079262495040894,89.44875379538489,68
21546_1.tex,classifciation and regreession model greedy,True,11,31.090961933135983,141.9844118622504,92
21566_3.tex,classifciation and regreession model greedy,True,11,28.35203456878662,110.79696346752004,84
21580_2.tex,classifciation and regreession model greedy,True,10,25.56589674949646,97.45081282200007,98
21592_2.tex,classifciation and regreession model greedy,True,4,9.369396686553957,25.570625078090025,45
21848_2.tex,classifciation and regreession model greedy,True,5,13.088767766952516,71.43764243000004,22
21917_2.tex,classifciation and regreession model greedy,True,17,47.193777322769165,224.39340410675,99
21974_1.tex,classifciation and regreession model greedy,True,19,50.483362674713135,219.15683213078992,114
21976_1.tex,classifciation and regreession model greedy,True,8,20.875102758407596,159.94450822567998,142
21988_3.tex,classifciation and regreession model greedy,True,8,21.239959001541138,99.96626341600005,87
22046_2.tex,classifciation and regreession model greedy,True,3,7.269642114639282,27.421030900000005,13
22046_3.tex,classifciation and regreession model greedy,True,2,4.718940496444702,16.592875000000106,16
22075_3.tex,classifciation and regreession model greedy,True,4,9.665002346038818,17.16166908624,18
22118_1.tex,classifciation and regreession model greedy,True,6,14.705065250396729,30.80242004503998,34
22318_1.tex,classifciation and regreession model greedy,True,6,16.764328479766846,49.00789336699992,72
22458_1.tex,classifciation and regreession model greedy,True,26,79.17190551757812,396.8193154615,260
22554_1.tex,classifciation and regreession model greedy,True,15,37.50526237487793,103.70994990955003,68
22567_2.tex,classifciation and regreession model greedy,True,1,2.0971508026123047,6.490207500000054,7
22638_3.tex,classifciation and regreession model greedy,True,19,47.708056926727295,187.8742624950002,192
22640_3.tex,classifciation and regreession model greedy,True,7,17.900564193725586,56.28722561999994,67
22663_1.tex,classifciation and regreession model greedy,True,20,54.48636960983277,158.02672707033364,225
22943_3.tex,classifciation and regreession model greedy,True,7,20.79334020614624,137.27595957,71
23070_1.tex,classifciation and regreession model greedy,True,12,33.13785648345947,184.36624687724003,94
23190_3.tex,classifciation and regreession model greedy,True,6,15.507484436035156,34.78958382778749,42
23217_1.tex,classifciation and regreession model greedy,True,8,22.68126368522644,71.5009749324749,122
23319_3.tex,classifciation and regreession model greedy,True,5,12.760080099105837,38.1521489454001,40
23463_1.tex,classifciation and regreession model greedy,True,4,10.56295680999756,23.952745365000037,20
23643_3.tex,classifciation and regreession model greedy,True,5,12.673863649368286,31.110809220999982,45
23645_3.tex,classifciation and regreession model greedy,True,13,34.43092203140259,70.47868184,58
72618_1.tex,classifciation and regreession model greedy,True,8,23.51728820800781,154.96360133508392,208
72659_3.tex,classifciation and regreession model greedy,True,10,29.143409729003903,108.95445100049596,167
72670_1.tex,classifciation and regreession model greedy,True,8,20.010729789733887,54.61692896068782,80
72673_3.tex,classifciation and regreession model greedy,True,21,60.520381689071655,131.40013447322792,215
72694_2.tex,classifciation and regreession model greedy,True,11,31.92518949508667,152.64198145999995,198
72803_3.tex,classifciation and regreession model greedy,True,1,2.122699022293091,10.522491529999996,7
72835_1.tex,classifciation and regreession model greedy,True,9,23.95392084121704,86.5856013519999,112
73001_1.tex,classifciation and regreession model greedy,True,13,41.48690581321716,104.84925180940412,161
73090_1.tex,classifciation and regreession model greedy,True,11,31.58598303794861,171.8120355882541,95
73184_3.tex,classifciation and regreession model greedy,True,9,26.27465796470642,139.6119801177776,119
73294_2.tex,classifciation and regreession model greedy,True,8,20.396788120269772,58.11008874439999,67
73303_3.tex,classifciation and regreession model greedy,True,14,39.09154152870178,110.7015882224874,161
73379_3.tex,classifciation and regreession model greedy,True,6,14.909887790679932,24.16747331176103,17
73401_2.tex,classifciation and regreession model greedy,True,10,27.157938241958615,111.58405969875004,134
73421_1.tex,classifciation and regreession model greedy,False,19,52.85233879089356,120.64583041400212,103
73432_2.tex,classifciation and regreession model greedy,True,9,22.75236678123474,86.43977740000008,138
73436_2.tex,classifciation and regreession model greedy,True,6,16.194551706314087,39.47409844859995,65
73601_2.tex,classifciation and regreession model greedy,True,4,10.88758945465088,45.241140022324096,47
73612_2.tex,classifciation and regreession model greedy,True,4,12.37231993675232,70.16552147500003,110
73631_2.tex,classifciation and regreession model greedy,True,4,11.244220972061155,23.347769333862505,61
73643_1.tex,classifciation and regreession model greedy,True,9,26.71077990531921,105.52331835048795,143
73655_3.tex,classifciation and regreession model greedy,True,5,13.552200555801392,26.70688053552097,48
73686_2.tex,classifciation and regreession model greedy,True,12,33.88217544555664,177.70144388000065,98
73701_3.tex,classifciation and regreession model greedy,True,8,21.97099757194519,137.39681985688796,103
73799_1.tex,classifciation and regreession model greedy,True,4,9.62976884841919,15.504647199999964,16
73882_1.tex,classifciation and regreession model greedy,True,7,17.00636863708496,104.94683823999996,112
74141_1.tex,classifciation and regreession model greedy,True,4,12.491338968276978,124.20034617999993,69
74167_1.tex,classifciation and regreession model greedy,True,3,7.764842987060547,49.03839785000002,66
74213_1.tex,classifciation and regreession model greedy,True,8,21.16157364845276,86.06484648000006,48
74266_3.tex,classifciation and regreession model greedy,True,12,36.87584900856018,120.61941826739998,221
74276_3.tex,classifciation and regreession model greedy,True,11,30.66180992126465,119.27029218360002,104
74336_2.tex,classifciation and regreession model greedy,True,12,38.063260078430176,129.35970094999993,87
74351_3.tex,classifciation and regreession model greedy,True,19,54.84115791320801,174.66384641400012,78
74371_3.tex,classifciation and regreession model greedy,True,15,41.133726358413696,94.80884756549992,81
74408_3.tex,classifciation and regreession model greedy,True,25,73.46972036361694,249.73853397904756,402
74468_1.tex,classifciation and regreession model greedy,True,29,82.37248158454895,548.6379739058278,329
74691_3.tex,classifciation and regreession model greedy,True,6,20.427222728729248,71.96343605013496,93
74717_2.tex,classifciation and regreession model greedy,True,12,38.66675448417664,157.05202887715,164
74795_3.tex,classifciation and regreession model greedy,True,17,58.090595722198486,123.588398643875,59
74820_2.tex,classifciation and regreession model greedy,True,8,21.47232937812805,86.9438704561493,100
74829_1.tex,classifciation and regreession model greedy,True,24,70.17292881011963,327.62414120600005,176
74840_1.tex,classifciation and regreession model greedy,False,17,50.89407205581665,134.84535912804012,191
74873_3.tex,classifciation and regreession model greedy,True,5,12.415922403335571,35.25234531500002,43
74889_2.tex,classifciation and regreession model greedy,True,11,33.28899073600769,111.81548359850004,139
74901_3.tex,classifciation and regreession model greedy,True,10,26.46077919006348,68.91273836600007,76
74917_1.tex,classifciation and regreession model greedy,True,7,17.409070014953613,33.73191589292016,37
74956_2.tex,classifciation and regreession model greedy,True,8,21.53157091140747,132.59026697499996,74
74979_3.tex,classifciation and regreession model greedy,True,9,25.94515609741211,75.94529169999993,102
75022_2.tex,classifciation and regreession model greedy,False,10,30.7848539352417,72.29377102000004,69
75027_2.tex,classifciation and regreession model greedy,True,9,23.058058738708496,37.44412819875989,29
75030_3.tex,classifciation and regreession model greedy,True,21,58.38977408409119,307.63838486400005,189
75337_2.tex,classifciation and regreession model greedy,True,15,38.34987115859985,94.53664483899996,67
75352_1.tex,classifciation and regreession model greedy,True,8,22.58296823501587,105.53349188960895,105
75415_3.tex,classifciation and regreession model greedy,True,16,49.90623450279236,199.7347160299996,209
75459_1.tex,classifciation and regreession model greedy,True,11,30.218406438827515,81.08148520453594,158
75521_2.tex,classifciation and regreession model greedy,True,1,2.1040971279144287,0.0,1
75550_2.tex,classifciation and regreession model greedy,True,10,26.232745885849,88.9900151500001,99
75581_1.tex,classifciation and regreession model greedy,True,35,106.8111310005188,384.0282444299999,381
75785_3.tex,classifciation and regreession model greedy,True,3,9.71532654762268,75.98976165567998,99
75855_2.tex,classifciation and regreession model greedy,True,6,17.93894362449646,109.51544601999991,97
75954_1.tex,classifciation and regreession model greedy,True,10,30.70478558540344,74.63865796499995,101
75960_2.tex,classifciation and regreession model greedy,True,13,33.134583950042725,130.96708840000002,93
75960_3.tex,classifciation and regreession model greedy,True,12,31.409977674484253,125.06378078999188,134
76061_1.tex,classifciation and regreession model greedy,True,18,53.19009447097778,174.55319461874993,175
76076_1.tex,classifciation and regreession model greedy,True,13,35.124183177948,137.087876878,138
76093_1.tex,classifciation and regreession model greedy,True,27,76.83646368980408,317.6528908599999,367
76109_3.tex,classifciation and regreession model greedy,True,28,76.51156401634216,201.36928673400035,134
76110_3.tex,classifciation and regreession model greedy,True,30,83.26524329185486,260.76748490085697,201
76345_2.tex,classifciation and regreession model greedy,True,6,17.17396903038025,84.23238281888847,110
76431_1.tex,classifciation and regreession model greedy,False,6,21.02127170562744,72.06017507999985,131
76491_1.tex,classifciation and regreession model greedy,True,7,18.954731225967407,64.82304359999995,69
76513_1.tex,classifciation and regreession model greedy,True,8,21.87522768974304,106.24900366771996,98
76587_1.tex,classifciation and regreession model greedy,True,17,47.479562282562256,167.5505031275,78
76602_3.tex,classifciation and regreession model greedy,True,16,52.09186053276062,179.8875190000001,197
76627_1.tex,classifciation and regreession model greedy,True,13,38.84774327278137,112.37152247177806,144
76656_1.tex,classifciation and regreession model greedy,True,12,40.37104272842407,78.66932024368606,124
76850_1.tex,classifciation and regreession model greedy,True,4,12.26797342300415,78.55421946000021,90
76884_1.tex,classifciation and regreession model greedy,True,5,17.786014080047607,102.536880725,194
76891_2.tex,classifciation and regreession model greedy,True,6,19.14357018470764,28.568499905000145,47
76928_3.tex,classifciation and regreession model greedy,True,5,13.844440698623655,39.389030900000165,30
76956_3.tex,classifciation and regreession model greedy,True,17,51.80381441116333,226.26904727300035,184
76982_3.tex,classifciation and regreession model greedy,True,8,25.616249799728397,76.61318738800023,138
76983_1.tex,classifciation and regreession model greedy,True,15,44.06427049636841,88.97984961548804,85
77020_3.tex,classifciation and regreession model greedy,True,2,5.89355993270874,17.575169120000034,13
77032_2.tex,classifciation and regreession model greedy,True,6,19.21423077583313,59.55678139999996,88
77052_2.tex,classifciation and regreession model greedy,True,13,36.78489899635315,91.73733273274992,70
77054_1.tex,classifciation and regreession model greedy,True,9,24.45272254943848,76.0705902840002,96
77085_3.tex,classifciation and regreession model greedy,True,9,28.574838399887085,67.79630228500004,138
23693_1.tex,classifciation and regreession model greedy,True,5,16.110072374343872,51.28919056165016,70
23722_2.tex,classifciation and regreession model greedy,True,13,35.739224910736084,104.1999754290002,86
23933_3.tex,classifciation and regreession model greedy,True,4,11.544838190078735,93.51399999999998,78
23938_1.tex,classifciation and regreession model greedy,True,4,13.046329259872437,59.85718631999991,81
23958_2.tex,classifciation and regreession model greedy,True,5,16.35479974746704,73.37773666999996,79
24043_2.tex,classifciation and regreession model greedy,True,9,24.437318801879883,114.05647641160004,101
24058_3.tex,classifciation and regreession model greedy,True,8,27.87837100028992,140.7211737431275,281
24064_2.tex,classifciation and regreession model greedy,True,17,52.17849636077881,220.86828650786475,228
24123_2.tex,classifciation and regreession model greedy,True,10,29.24079990386963,137.1025630250002,127
24159_3.tex,classifciation and regreession model greedy,True,9,27.78792524337769,88.59211454599989,86
24184_1.tex,classifciation and regreession model greedy,True,15,43.43748307228088,74.35244833770695,61
24206_3.tex,classifciation and regreession model greedy,True,24,82.2447190284729,439.73457960625046,251
24214_1.tex,classifciation and regreession model greedy,True,15,45.92368578910828,147.45035682500026,81
24275_2.tex,classifciation and regreession model greedy,True,13,40.960551261901855,84.62487584610685,116
24276_2.tex,classifciation and regreession model greedy,True,5,15.99691891670227,23.656651733744106,38
24281_2.tex,classifciation and regreession model greedy,True,22,70.37363505363464,175.0240478009999,98
24704_3.tex,classifciation and regreession model greedy,True,9,30.02452778816223,130.79978435137377,164
24739_2.tex,classifciation and regreession model greedy,True,8,25.200188159942627,77.84550091500003,54
24741_3.tex,classifciation and regreession model greedy,True,17,56.71044087409973,185.10196085,116
25127_1.tex,classifciation and regreession model greedy,True,4,12.44612741470337,20.39234741173992,34
25133_3.tex,classifciation and regreession model greedy,True,6,15.838727474212646,30.07526251955992,39
25150_1.tex,classifciation and regreession model greedy,True,13,62.243632555007935,102.6096571048886,128
25150_3.tex,classifciation and regreession model greedy,True,9,32.38520574569702,112.1813973488035,127
25188_1.tex,classifciation and regreession model greedy,True,5,14.283857345581056,55.92904351500009,45
25220_3.tex,classifciation and regreession model greedy,True,12,39.918724060058594,79.05825085180005,67
25224_2.tex,classifciation and regreession model greedy,True,12,35.88903999328613,75.77093485000015,66
25229_1.tex,classifciation and regreession model greedy,True,8,22.966776132583615,24.606857489121168,16
25251_1.tex,classifciation and regreession model greedy,True,25,78.1096842288971,235.08302394144164,162
25270_3.tex,classifciation and regreession model greedy,True,13,40.68078780174256,88.84502922560517,107
25305_2.tex,classifciation and regreession model greedy,True,9,26.011412858963013,59.26148231500008,57
25373_3.tex,classifciation and regreession model greedy,True,21,69.21416068077087,182.8597650895503,238
25547_2.tex,classifciation and regreession model greedy,True,5,18.56543469429016,83.93300805491269,71
25593_1.tex,classifciation and regreession model greedy,True,9,31.28226447105408,383.0794318842004,189
25685_3.tex,classifciation and regreession model greedy,True,8,29.650677919387817,127.01541885084018,134
25686_2.tex,classifciation and regreession model greedy,True,3,11.5232093334198,35.09374191917786,58
25761_2.tex,classifciation and regreession model greedy,True,9,25.279687881469727,54.30991223824999,70
26227_1.tex,classifciation and regreession model greedy,True,12,39.887813329696655,103.07322717907007,82
26303_2.tex,classifciation and regreession model greedy,True,3,8.490082025527954,9.385819816000009,5
26304_2.tex,classifciation and regreession model greedy,True,10,29.03656792640686,183.59878296908371,127
26323_2.tex,classifciation and regreession model greedy,True,16,53.838571310043335,370.1164675162801,266
26392_1.tex,classifciation and regreession model greedy,True,4,11.10725736618042,45.26300400164996,30
26397_3.tex,classifciation and regreession model greedy,True,6,19.02165699005127,65.09515604951,43
26670_2.tex,classifciation and regreession model greedy,True,8,28.9696900844574,162.98986137794793,174
26826_1.tex,classifciation and regreession model greedy,True,5,18.94342875480652,50.865192332275385,31
26846_3.tex,classifciation and regreession model greedy,True,10,37.82362246513367,163.48587224599984,132
26863_3.tex,classifciation and regreession model greedy,True,4,15.170613050460815,28.766041599999923,44
26911_2.tex,classifciation and regreession model greedy,True,13,45.37603139877319,148.88631767999993,87
26923_2.tex,classifciation and regreession model greedy,True,15,52.420262575149536,268.84697399999993,194
26943_1.tex,classifciation and regreession model greedy,True,2,6.261370658874512,15.513667626960023,32
26972_1.tex,classifciation and regreession model greedy,True,16,56.987513065338135,72.73942147719248,61
27247_1.tex,classifciation and regreession model greedy,True,6,19.851135730743408,90.50320715999996,64
27271_3.tex,classifciation and regreession model greedy,True,11,36.0613009929657,129.23428188473747,109
27277_2.tex,classifciation and regreession model greedy,True,4,12.916315078735352,16.186428730000024,19
27280_3.tex,classifciation and regreession model greedy,True,8,26.971795320510864,73.96883288379993,91
27351_1.tex,classifciation and regreession model greedy,True,7,22.09384512901306,63.65771704999998,58
27369_2.tex,classifciation and regreession model greedy,True,11,34.57187819480896,102.99128676899976,99
27427_1.tex,classifciation and regreession model greedy,True,44,164.4512312412262,552.603854856056,628
27435_2.tex,classifciation and regreession model greedy,True,9,28.09737181663513,114.74687325000006,64
27473_2.tex,classifciation and regreession model greedy,True,14,41.5154230594635,157.11319419279008,105
27482_3.tex,classifciation and regreession model greedy,True,7,21.12642550468445,88.80433462399996,106
27498_1.tex,classifciation and regreession model greedy,True,15,48.376487493515015,146.19844626499997,108
27517_2.tex,classifciation and regreession model greedy,True,29,100.42881965637208,411.2926654909999,444
27837_2.tex,classifciation and regreession model greedy,True,5,16.622787952423096,32.93539308612512,37
27863_1.tex,classifciation and regreession model greedy,True,19,65.2614426612854,141.93682208492703,118
27941_2.tex,classifciation and regreession model greedy,True,12,38.44843506813049,65.23975907103794,45
27971_1.tex,classifciation and regreession model greedy,True,36,137.2568211555481,501.88645534300014,321
28025_1.tex,classifciation and regreession model greedy,True,4,13.422115325927734,30.637255835999923,42
28028_2.tex,classifciation and regreession model greedy,True,8,25.25536847114563,44.745424116599935,26
28032_1.tex,classifciation and regreession model greedy,True,11,34.91004467010498,102.09186972045008,89
28076_1.tex,classifciation and regreession model greedy,True,30,107.50278329849245,267.198423296076,303
28079_3.tex,classifciation and regreession model greedy,True,7,22.078595399856567,33.37589539476403,34
28362_3.tex,classifciation and regreession model greedy,True,15,52.2942681312561,200.45798644160004,97
28379_1.tex,classifciation and regreession model greedy,True,8,27.93645000457764,126.24765312659996,103
28380_1.tex,classifciation and regreession model greedy,True,5,15.365294218063354,55.67837437810704,89
28451_1.tex,classifciation and regreession model greedy,True,15,51.91538500785828,177.38252042411995,113
28472_1.tex,classifciation and regreession model greedy,True,6,19.73110008239746,54.41347657234177,59
28532_2.tex,classifciation and regreession model greedy,True,7,25.81467080116272,61.952840640000026,35
28534_3.tex,classifciation and regreession model greedy,True,4,12.040834188461304,60.61189444,52
28546_3.tex,classifciation and regreession model greedy,True,5,16.370458602905273,69.16880448000038,81
28795_3.tex,classifciation and regreession model greedy,True,8,31.020962953567505,166.02453714375002,159
28964_2.tex,classifciation and regreession model greedy,True,5,16.869364976882935,84.25822416000005,52
28971_3.tex,classifciation and regreession model greedy,True,4,12.25904893875122,44.30569468999993,36
29153_2.tex,classifciation and regreession model greedy,True,23,72.91211605072021,168.64925377601242,238
29443_2.tex,classifciation and regreession model greedy,True,13,41.56325149536133,187.57976394699995,141
29538_2.tex,classifciation and regreession model greedy,True,5,16.034618854522705,54.45513968879993,47
29547_1.tex,classifciation and regreession model greedy,True,15,46.12704515457153,196.7926497282399,154
29549_3.tex,classifciation and regreession model greedy,True,15,46.704073667526245,117.31732297098397,98
29564_2.tex,classifciation and regreession model greedy,True,18,89.73081827163696,145.14283648204744,61
29570_1.tex,classifciation and regreession model greedy,True,9,30.140401601791385,117.78864400959998,98
29577_3.tex,classifciation and regreession model greedy,False,24,87.10507822036743,256.0131500468335,78
29616_3.tex,classifciation and regreession model greedy,True,9,22.627162218093872,86.58271298500011,40
29629_3.tex,classifciation and regreession model greedy,True,8,25.853872299194336,78.86225139500002,42
29662_2.tex,classifciation and regreession model greedy,True,13,43.88575553894043,84.56785600178794,78
29667_2.tex,classifciation and regreession model greedy,False,6,23.56676340103149,50.52140366711996,57
29668_2.tex,classifciation and regreession model greedy,True,19,79.48368883132935,176.28883642679992,168
29695_2.tex,classifciation and regreession model greedy,True,16,52.40923166275024,139.4198693682501,166
29699_2.tex,classifciation and regreession model greedy,True,2,6.574192047119141,8.00245963179998,10
77393_1.tex,classifciation and regreession model greedy,True,3,9.357759714126589,60.612963040000025,58
77468_3.tex,classifciation and regreession model greedy,True,9,29.505369901657104,82.04602375000081,47
77495_3.tex,classifciation and regreession model greedy,True,10,31.685667037963867,95.39009706392814,143
77538_1.tex,classifciation and regreession model greedy,True,14,61.36110782623291,93.60420630652096,157
77652_2.tex,classifciation and regreession model greedy,True,10,23.874754667282104,121.31275985999996,116
77675_2.tex,classifciation and regreession model greedy,False,7,27.070668697357178,53.40488850000004,76
77728_3.tex,classifciation and regreession model greedy,False,9,30.49308443069458,28.640062189121167,25
77741_2.tex,classifciation and regreession model greedy,True,23,75.06185173988342,181.16883193247503,191
77961_2.tex,classifciation and regreession model greedy,True,5,20.064245223999023,140.85629339670396,151
78037_1.tex,classifciation and regreession model greedy,True,4,12.51334810256958,25.636891152759997,13
78115_1.tex,classifciation and regreession model greedy,True,6,19.40462350845337,46.29927346499999,36
78139_3.tex,classifciation and regreession model greedy,True,15,51.4293212890625,199.4343406432845,257
78163_1.tex,classifciation and regreession model greedy,True,16,51.613813638687134,288.59470610624,202
78165_2.tex,classifciation and regreession model greedy,True,11,37.950873374938965,67.20667820675993,32
78259_3.tex,classifciation and regreession model greedy,True,16,51.63626956939697,132.71316170575005,117
78271_3.tex,classifciation and regreession model greedy,True,36,122.88295149803162,593.5354480571921,411
78476_3.tex,classifciation and regreession model greedy,True,6,20.974825859069824,108.97832809187506,126
78535_3.tex,classifciation and regreession model greedy,True,13,44.728641748428345,194.2607548024998,85
78549_1.tex,classifciation and regreession model greedy,True,6,19.912325143814087,75.67610572999993,77
78562_1.tex,classifciation and regreession model greedy,True,6,20.768452167510983,89.50256656382787,119
78570_2.tex,classifciation and regreession model greedy,True,5,16.204716682434082,87.50159164637996,67
78581_2.tex,classifciation and regreession model greedy,True,7,22.33674716949463,38.26938822476002,12
78610_3.tex,classifciation and regreession model greedy,True,10,34.64002442359924,130.7844153260007,101
78620_1.tex,classifciation and regreession model greedy,True,14,54.79071950912476,185.10636071494923,329
78637_2.tex,classifciation and regreession model greedy,False,1,5.507493019104004,5.773357080000011,4
78671_1.tex,classifciation and regreession model greedy,True,7,22.461669921875,34.21909140412102,37
78683_2.tex,classifciation and regreession model greedy,True,8,25.966917753219604,89.01743277299992,119
78692_3.tex,classifciation and regreession model greedy,True,6,19.80660629272461,58.13618347871298,83
78709_1.tex,classifciation and regreession model greedy,True,6,33.4712917804718,31.539862705177946,46
78722_3.tex,classifciation and regreession model greedy,True,10,33.6870710849762,102.87881507672002,163
78742_1.tex,classifciation and regreession model greedy,True,2,4.95792818069458,21.045691529999985,19
78789_3.tex,classifciation and regreession model greedy,True,5,14.443092584609984,52.49340256919997,59
78804_1.tex,classifciation and regreession model greedy,True,13,37.90929961204529,205.9548573120001,209
78816_2.tex,classifciation and regreession model greedy,True,23,74.81795978546143,388.57468433,405
78979_1.tex,classifciation and regreession model greedy,True,6,19.45700716972351,90.86954345000026,71
79002_1.tex,classifciation and regreession model greedy,False,1,7.732282400131226,16.837192929999986,63
79015_1.tex,classifciation and regreession model greedy,True,8,26.289392232894897,90.6050189204008,96
79015_2.tex,classifciation and regreession model greedy,True,8,27.67052435874939,84.21103933027982,86
79117_3.tex,classifciation and regreession model greedy,True,13,43.63037323951721,110.31327395604994,49
79155_2.tex,classifciation and regreession model greedy,True,32,114.60417914390564,310.6443737140014,296
79175_3.tex,classifciation and regreession model greedy,True,3,10.210951328277588,27.76635403999998,20
79189_3.tex,classifciation and regreession model greedy,True,16,54.274932622909546,182.1753757,92
79228_3.tex,classifciation and regreession model greedy,True,6,20.12525677680969,57.97825361039986,86
79231_1.tex,classifciation and regreession model greedy,True,34,117.85466313362122,353.7635622840001,212
79287_2.tex,classifciation and regreession model greedy,True,11,39.33492922782898,83.76519722999994,62
79294_2.tex,classifciation and regreession model greedy,True,10,31.033568620681763,99.30839124250012,47
79318_3.tex,classifciation and regreession model greedy,True,13,39.05169105529785,117.62843077200012,61
79357_1.tex,classifciation and regreession model greedy,True,8,26.556202173233032,39.49660422125007,36
79451_2.tex,classifciation and regreession model greedy,True,2,7.619491815567017,188.81989870919995,35
79651_2.tex,classifciation and regreession model greedy,True,9,35.00390028953552,147.63323747913506,133
79750_3.tex,classifciation and regreession model greedy,True,8,30.83374834060669,131.0315233754999,99
79769_2.tex,classifciation and regreession model greedy,True,10,34.787426471710205,76.37978403011392,127
79777_1.tex,classifciation and regreession model greedy,True,16,56.11533308029175,248.61624628299995,111
79805_3.tex,classifciation and regreession model greedy,False,28,148.17708086967468,318.97840579999973,491
79871_3.tex,classifciation and regreession model greedy,True,32,114.02380681037904,376.80117626700047,192
79875_3.tex,classifciation and regreession model greedy,True,17,65.86214327812195,204.88409835699989,223
79906_3.tex,classifciation and regreession model greedy,True,20,68.19770455360413,201.1184576036666,148
80021_2.tex,classifciation and regreession model greedy,True,24,96.2013418674469,148.13538662999508,102
80209_1.tex,classifciation and regreession model greedy,True,6,22.162643432617188,118.32284943749994,131
80234_2.tex,classifciation and regreession model greedy,True,5,17.12230896949768,36.273095842299966,52
80254_3.tex,classifciation and regreession model greedy,True,12,48.30758261680603,159.82901879500008,62
80335_3.tex,classifciation and regreession model greedy,True,32,120.7414186000824,349.2543917833812,311
80345_3.tex,classifciation and regreession model greedy,True,32,128.0056073665619,440.7825114269997,243
80356_3.tex,classifciation and regreession model greedy,True,4,11.97175908088684,45.45839014999999,12
80386_2.tex,classifciation and regreession model greedy,True,16,65.71551609039307,172.30754080000006,149
80432_1.tex,classifciation and regreession model greedy,True,30,149.44531679153442,365.946507160719,300
80433_1.tex,classifciation and regreession model greedy,True,36,124.1597318649292,1273.3789537412497,241
80558_3.tex,classifciation and regreession model greedy,True,5,17.18343949317932,10.61774757489748,49
80562_2.tex,classifciation and regreession model greedy,True,17,62.59115409851074,90.34385011996356,128
80653_2.tex,classifciation and regreession model greedy,True,6,20.834795475006104,67.90518486400003,92
80665_2.tex,classifciation and regreession model greedy,True,1,2.668610095977783,5.244121985519996,8
80759_3.tex,classifciation and regreession model greedy,True,2,6.819496393203735,7.866150656759988,9
80767_2.tex,classifciation and regreession model greedy,True,13,46.438838720321655,90.29851023740054,179
80780_1.tex,classifciation and regreession model greedy,True,27,97.95173454284668,249.78015672068167,207
80844_3.tex,classifciation and regreession model greedy,True,8,27.81080365180969,73.72027521700072,102
80881_3.tex,classifciation and regreession model greedy,False,10,37.1439745426178,49.73156586279983,83
80933_2.tex,classifciation and regreession model greedy,True,26,88.72435069084167,295.2424325399998,214
80960_3.tex,classifciation and regreession model greedy,True,11,51.70132637023926,80.1483087686,74
80993_1.tex,classifciation and regreession model greedy,True,41,184.42899751663208,506.5995297594002,408
81336_2.tex,classifciation and regreession model greedy,True,3,9.448774337768556,37.3584,15
81356_2.tex,classifciation and regreession model greedy,True,10,36.13868451118469,142.87724067499994,108
81383_2.tex,classifciation and regreession model greedy,True,21,75.66480565071106,153.521127218721,152
81403_1.tex,classifciation and regreession model greedy,True,6,20.12699174880981,34.45321968454407,55
81453_1.tex,classifciation and regreession model greedy,True,19,69.51812195777893,270.97981307500066,216
81509_1.tex,classifciation and regreession model greedy,True,8,24.393779277801517,51.497340290884935,81
81531_2.tex,classifciation and regreession model greedy,True,11,33.93629002571106,76.53680727814606,116
81635_2.tex,classifciation and regreession model greedy,True,13,43.39625310897827,54.11445217570516,62
81745_2.tex,classifciation and regreession model greedy,False,8,28.144914627075195,38.82908891372115,55
81753_3.tex,classifciation and regreession model greedy,True,10,34.164939641952515,70.49868933803509,117
81768_2.tex,classifciation and regreession model greedy,True,9,24.04554843902588,122.72475740499988,31
81816_1.tex,classifciation and regreession model greedy,True,9,28.039173126220703,71.89331738820009,59
81817_2.tex,classifciation and regreession model greedy,True,10,29.328112363815308,74.14284246200003,97
81837_3.tex,classifciation and regreession model greedy,True,13,40.08427143096924,131.50132807080004,118
81884_1.tex,classifciation and regreession model greedy,True,7,19.9989230632782,56.17630283999996,38
81887_2.tex,classifciation and regreession model greedy,True,7,21.048879861831665,46.72205560000022,41
81892_1.tex,classifciation and regreession model greedy,True,10,32.919328451156616,118.15486877499984,146
81913_2.tex,classifciation and regreession model greedy,True,20,78.6494779586792,211.4640070298379,180
29971_2.tex,classifciation and regreession model greedy,True,32,79.88772368431091,449.2673844364291,199
29975_3.tex,classifciation and regreession model greedy,True,9,29.073394060134888,106.43798177724022,126
29979_2.tex,classifciation and regreession model greedy,True,8,20.77549719810486,131.41221042625884,160
30003_1.tex,classifciation and regreession model greedy,True,4,8.941844940185547,15.935358565455914,26
30055_2.tex,classifciation and regreession model greedy,True,14,31.98927497863769,173.44160695000005,121
30069_3.tex,classifciation and regreession model greedy,True,11,25.299376249313354,89.11366300800006,57
30077_2.tex,classifciation and regreession model greedy,True,5,10.73901104927063,78.58434752640005,83
30094_1.tex,classifciation and regreession model greedy,True,6,18.65801763534546,71.59977511895991,85
30151_1.tex,classifciation and regreession model greedy,True,12,27.07062292098999,120.9339073300001,133
30153_3.tex,classifciation and regreession model greedy,True,8,18.53131365776062,83.31992218000009,75
30311_2.tex,classifciation and regreession model greedy,True,12,29.54085946083069,79.39076972127135,60
30407_2.tex,classifciation and regreession model greedy,True,4,10.868937253952026,93.04840329479792,83
30419_1.tex,classifciation and regreession model greedy,True,24,59.408177852630615,283.95642888849966,168
30520_2.tex,classifciation and regreession model greedy,True,12,21.370326042175293,149.60723587000132,102
30584_3.tex,classifciation and regreession model greedy,True,9,13.66423726081848,75.55910375500007,101
30715_3.tex,classifciation and regreession model greedy,True,12,19.86828994750977,95.49413028099994,91
30751_2.tex,classifciation and regreession model greedy,True,30,46.186150789260864,374.70629069600005,365
30767_1.tex,classifciation and regreession model greedy,True,31,57.17669105529785,228.22018364925012,146
31055_2.tex,classifciation and regreession model greedy,True,14,21.92340970039368,163.77800874387492,118
31089_2.tex,classifciation and regreession model greedy,True,13,21.513424158096317,118.51436550881328,113
31090_2.tex,classifciation and regreession model greedy,True,8,11.273273944854736,129.23429474136293,116
31135_2.tex,classifciation and regreession model greedy,True,12,17.807146787643433,139.27882672999985,87
31136_1.tex,classifciation and regreession model greedy,True,7,10.972714185714722,84.99837217750077,63
31168_2.tex,classifciation and regreession model greedy,True,15,22.437089920043945,118.7936856304,125
31295_3.tex,classifciation and regreession model greedy,True,8,12.253337621688845,50.72894603179594,76
31310_2.tex,classifciation and regreession model greedy,True,2,2.690510034561157,5.021515919400031,2
31589_3.tex,classifciation and regreession model greedy,False,6,13.069911479949951,52.61929695722799,49
31632_1.tex,classifciation and regreession model greedy,True,5,8.685188055038452,47.14365667923394,84
31673_2.tex,classifciation and regreession model greedy,True,6,11.481913089752195,46.89367186500038,70
31677_3.tex,classifciation and regreession model greedy,True,20,33.94706583023071,156.6517233049997,97
31693_3.tex,classifciation and regreession model greedy,True,5,6.618293762207031,48.74726098600015,29
31704_2.tex,classifciation and regreession model greedy,True,12,21.75405478477478,178.23405385724988,215
31740_3.tex,classifciation and regreession model greedy,True,11,17.29349398612976,58.34397824503564,37
31753_2.tex,classifciation and regreession model greedy,True,3,4.363913536071777,13.361335225000031,14
31824_3.tex,classifciation and regreession model greedy,True,5,6.513409614562988,32.0805197698339,51
32015_1.tex,classifciation and regreession model greedy,True,7,11.92188572883606,81.00815632375,63
32059_2.tex,classifciation and regreession model greedy,True,7,11.74733591079712,86.20585086468837,137
32136_3.tex,classifciation and regreession model greedy,False,5,8.847919702529907,36.74147417499999,77
32170_1.tex,classifciation and regreession model greedy,True,5,9.001240253448486,45.12303166150004,69
32216_3.tex,classifciation and regreession model greedy,True,6,8.450521469116211,48.67138522500001,55
32219_3.tex,classifciation and regreession model greedy,True,15,23.294793128967285,153.2061585250002,146
32239_3.tex,classifciation and regreession model greedy,True,8,10.961731910705566,68.42720695776002,87
32374_1.tex,classifciation and regreession model greedy,True,39,70.959965467453,351.05817294993983,269
32775_1.tex,classifciation and regreession model greedy,True,7,12.926377296447754,82.7330922503999,64
32786_1.tex,classifciation and regreession model greedy,True,11,17.005271673202515,167.67891108248972,121
32869_1.tex,classifciation and regreession model greedy,False,9,15.717638731002808,120.0937815049178,159
32889_3.tex,classifciation and regreession model greedy,True,9,14.472000360488892,95.60558154975,84
32891_3.tex,classifciation and regreession model greedy,True,1,1.43379545211792,2.969654582706198,2
32892_1.tex,classifciation and regreession model greedy,True,20,29.31695055961609,259.9276123417598,203
32921_3.tex,classifciation and regreession model greedy,True,11,17.69621181488037,61.02072333440701,56
32931_1.tex,classifciation and regreession model greedy,True,7,10.769180536270142,51.279415617160026,66
32936_1.tex,classifciation and regreession model greedy,True,14,22.8370840549469,125.88707869140018,175
33240_1.tex,classifciation and regreession model greedy,True,1,2.061964750289917,6.295949280000002,11
33317_2.tex,classifciation and regreession model greedy,False,14,28.24714827537537,145.1319116759499,133
33375_3.tex,classifciation and regreession model greedy,True,1,1.7699346542358398,14.733298359999992,9
33396_1.tex,classifciation and regreession model greedy,True,24,36.415483474731445,396.4044754499999,213
33419_1.tex,classifciation and regreession model greedy,True,4,7.068345785140991,16.598251915200024,30
33577_2.tex,classifciation and regreession model greedy,False,11,15.96188735961914,100.18438942182289,179
33760_2.tex,classifciation and regreession model greedy,True,5,7.65585470199585,52.25972951637992,73
33841_3.tex,classifciation and regreession model greedy,True,11,15.142356634140016,128.20523928849997,103
33849_3.tex,classifciation and regreession model greedy,True,15,30.81654381752014,207.08091992199985,122
33857_2.tex,classifciation and regreession model greedy,False,13,18.46322202682495,99.63774606674995,58
33879_1.tex,classifciation and regreession model greedy,True,14,21.17823338508606,154.6693982012501,125
33907_1.tex,classifciation and regreession model greedy,True,21,35.741923332214355,208.03408066625,176
33918_3.tex,classifciation and regreession model greedy,True,16,25.967665195465088,250.17926009375003,40
33944_1.tex,classifciation and regreession model greedy,True,10,14.481489181518556,91.51152965000004,76
34225_2.tex,classifciation and regreession model greedy,True,6,7.698117733001709,57.803465312249855,84
34405_1.tex,classifciation and regreession model greedy,True,9,15.353175163269045,92.07742111015,75
34511_1.tex,classifciation and regreession model greedy,True,13,19.47023987770081,97.01655488776082,42
34520_1.tex,classifciation and regreession model greedy,True,5,7.170468091964722,29.36542535451989,50
34541_1.tex,classifciation and regreession model greedy,True,6,8.895450592041016,24.97210480955703,27
34736_2.tex,classifciation and regreession model greedy,True,2,4.227742671966553,17.399124580000013,21
34833_1.tex,classifciation and regreession model greedy,True,9,22.197879314422607,81.92685844400006,64
34861_2.tex,classifciation and regreession model greedy,False,15,23.08363890647888,173.36462312226772,126
34895_3.tex,classifciation and regreession model greedy,True,8,12.240410804748535,75.28946438000003,38
34939_3.tex,classifciation and regreession model greedy,True,5,6.473275899887085,48.88823117399997,62
34942_1.tex,classifciation and regreession model greedy,True,5,9.250893354415894,38.61517062000002,38
35021_2.tex,classifciation and regreession model greedy,True,13,23.09126234054565,205.83837495000043,152
35065_1.tex,classifciation and regreession model greedy,True,5,10.714130163192747,79.86430772000004,114
35378_3.tex,classifciation and regreession model greedy,True,17,28.91725468635559,236.47919817754,125
35439_1.tex,classifciation and regreession model greedy,True,8,12.457091331481934,132.86725856499993,92
35456_3.tex,classifciation and regreession model greedy,True,3,4.8433051109313965,30.543199999999988,39
35458_3.tex,classifciation and regreession model greedy,True,5,6.003732681274414,19.80338505000001,20
35471_2.tex,classifciation and regreession model greedy,True,16,27.708300590515137,208.73850742199997,202
35484_1.tex,classifciation and regreession model greedy,True,12,18.190083980560303,158.73714497000003,157
35591_1.tex,classifciation and regreession model greedy,True,5,7.068621873855591,19.875626074999992,21
35815_1.tex,classifciation and regreession model greedy,True,11,17.569966077804565,112.04978168000012,77
35926_1.tex,classifciation and regreession model greedy,True,11,23.4553120136261,201.77742746087205,158
35960_2.tex,classifciation and regreession model greedy,True,5,8.396910190582275,50.50167368383997,84
36039_3.tex,classifciation and regreession model greedy,False,10,17.37659502029419,112.6234731171021,117
36051_3.tex,classifciation and regreession model greedy,True,9,11.820227146148682,51.72339199360001,10
36092_1.tex,classifciation and regreession model greedy,True,4,5.539201974868774,44.31732484000009,15
36094_2.tex,classifciation and regreession model greedy,True,3,5.186459541320801,34.21953089999999,18
36132_3.tex,classifciation and regreession model greedy,True,9,11.306909084320068,82.88298634399997,54
36136_2.tex,classifciation and regreession model greedy,False,6,13.420164823532104,66.38438624499202,90
36137_3.tex,classifciation and regreession model greedy,True,29,46.975260972976685,279.5768064104702,227
81946_1.tex,classifciation and regreession model greedy,True,3,4.4637415409088135,5.026468560000012,3
81955_3.tex,classifciation and regreession model greedy,False,9,15.968114614486694,60.31893202617796,96
82002_1.tex,classifciation and regreession model greedy,True,11,15.232633113861084,91.55688073499996,106
82030_1.tex,classifciation and regreession model greedy,True,12,16.766669273376465,72.90961817400023,75
82052_3.tex,classifciation and regreession model greedy,True,13,19.72103452682495,82.45247113412414,121
82072_1.tex,classifciation and regreession model greedy,True,7,10.163692951202393,32.51181931499995,60
82072_3.tex,classifciation and regreession model greedy,True,18,28.853912353515625,175.17844123425027,259
82211_2.tex,classifciation and regreession model greedy,True,8,11.494425296783447,105.1357809,63
82275_2.tex,classifciation and regreession model greedy,True,10,15.320792436599731,229.86896418899985,203
82290_1.tex,classifciation and regreession model greedy,True,9,14.37937331199646,126.35421948522142,147
82316_2.tex,classifciation and regreession model greedy,True,7,12.783707857131958,93.75205122999996,52
82351_2.tex,classifciation and regreession model greedy,True,9,14.621782541275024,105.35179150499997,144
82374_3.tex,classifciation and regreession model greedy,True,14,22.41067862510681,174.33109857109997,155
82382_2.tex,classifciation and regreession model greedy,True,4,5.8263258934021,48.89938873999997,98
82398_3.tex,classifciation and regreession model greedy,True,12,20.83565926551819,108.15304717647795,217
82413_2.tex,classifciation and regreession model greedy,True,9,14.890813112258911,97.12139014999993,43
82425_1.tex,classifciation and regreession model greedy,True,4,5.94994592666626,39.57137675499999,39
82495_3.tex,classifciation and regreession model greedy,True,14,23.711112022399902,79.51004585399997,36
82514_3.tex,classifciation and regreession model greedy,True,9,13.23135781288147,97.70100826499984,62
82536_1.tex,classifciation and regreession model greedy,True,9,12.264904499053957,55.15384430000008,67
82605_2.tex,classifciation and regreession model greedy,False,11,17.51785111427307,57.49043969099999,118
82722_3.tex,classifciation and regreession model greedy,True,25,42.66123032569885,242.82083649399613,103
82865_2.tex,classifciation and regreession model greedy,True,6,9.102377653121948,51.25810420500001,46
82879_3.tex,classifciation and regreession model greedy,True,8,14.929620027542114,120.2631516011998,50
83012_2.tex,classifciation and regreession model greedy,True,16,30.39109897613525,147.52061461641318,122
83079_3.tex,classifciation and regreession model greedy,True,17,32.721123933792114,201.689435875,139
83095_2.tex,classifciation and regreession model greedy,True,12,19.70362687110901,78.60109633014999,70
83121_2.tex,classifciation and regreession model greedy,True,40,70.90232491493225,444.6849851316252,544
83227_3.tex,classifciation and regreession model greedy,True,16,26.04875373840332,99.05556785420036,82
83326_2.tex,classifciation and regreession model greedy,True,6,12.152453660964966,105.876642881,150
83403_1.tex,classifciation and regreession model greedy,True,10,15.744582176208496,72.21719765000073,48
83434_1.tex,classifciation and regreession model greedy,True,15,22.98211359977722,168.90130537659996,101
83446_3.tex,classifciation and regreession model greedy,True,12,21.97966289520264,174.55485311940006,174
83454_2.tex,classifciation and regreession model greedy,True,5,9.543948411941528,112.24282887300006,126
83469_1.tex,classifciation and regreession model greedy,True,30,49.40656352043152,500.78504781400005,121
83479_3.tex,classifciation and regreession model greedy,True,12,16.985198497772217,99.27936780100018,110
83496_2.tex,classifciation and regreession model greedy,True,8,12.257182836532593,134.6075564100011,115
83497_3.tex,classifciation and regreession model greedy,True,10,12.94664478302002,104.96741271000016,94
83536_2.tex,classifciation and regreession model greedy,True,7,11.153329133987429,59.023260548792095,70
83605_1.tex,classifciation and regreession model greedy,False,8,13.215319633483888,69.41999681500002,86
83623_2.tex,classifciation and regreession model greedy,False,17,28.600271224975582,133.20601696499983,121
83665_2.tex,classifciation and regreession model greedy,False,15,23.72519540786743,101.14247778552,135
83694_2.tex,classifciation and regreession model greedy,True,16,25.793810606002808,128.0407758677942,162
83698_3.tex,classifciation and regreession model greedy,True,18,31.316075325012207,154.49827883224992,257
83753_3.tex,classifciation and regreession model greedy,False,11,21.06470990180969,52.55340262127164,42
83837_1.tex,classifciation and regreession model greedy,True,12,26.02217531204224,128.5334143550001,135
83861_2.tex,classifciation and regreession model greedy,True,9,22.392024993896484,86.78882044875003,128
83895_2.tex,classifciation and regreession model greedy,True,21,57.00498557090759,234.6182752693645,350
83957_2.tex,classifciation and regreession model greedy,True,9,23.483270168304443,165.87375106612015,154
83963_2.tex,classifciation and regreession model greedy,True,9,20.433253049850464,76.42730726988813,67
84119_3.tex,classifciation and regreession model greedy,True,12,31.02132368087769,133.58058771171994,218
84135_1.tex,classifciation and regreession model greedy,True,9,18.612285614013672,41.63161552499996,23
84152_1.tex,classifciation and regreession model greedy,True,13,29.25263381004333,141.42167815000008,108
84203_3.tex,classifciation and regreession model greedy,True,28,73.69962668418884,522.2790692838,400
84233_1.tex,classifciation and regreession model greedy,True,19,47.92710638046265,144.08292913860035,242
84237_2.tex,classifciation and regreession model greedy,True,25,63.49105978012085,206.06834071773395,359
84451_3.tex,classifciation and regreession model greedy,True,18,46.94682335853577,181.86154203577817,282
84547_3.tex,classifciation and regreession model greedy,True,10,23.90859961509705,85.6744209365441,135
84550_1.tex,classifciation and regreession model greedy,True,15,40.06118202209473,170.87476044,152
84575_2.tex,classifciation and regreession model greedy,True,7,15.489497900009155,138.61670715999998,61
84588_1.tex,classifciation and regreession model greedy,True,2,3.738226175308228,16.685997560000025,7
84589_2.tex,classifciation and regreession model greedy,True,4,7.658654451370239,25.76265021999987,16
84592_2.tex,classifciation and regreession model greedy,True,1,1.931737184524536,10.01,11
84597_1.tex,classifciation and regreession model greedy,True,11,28.7456579208374,144.4067555500004,190
84600_1.tex,classifciation and regreession model greedy,True,2,3.779080629348755,31.165867819999903,26
84605_3.tex,classifciation and regreession model greedy,True,5,11.581230401992798,76.89108131099998,69
84632_2.tex,classifciation and regreession model greedy,True,7,17.082239866256714,79.75860314080002,130
84639_2.tex,classifciation and regreession model greedy,True,13,28.467249870300293,94.65483077099994,43
84655_1.tex,classifciation and regreession model greedy,True,27,69.49926161766052,221.0340462029282,170
84691_2.tex,classifciation and regreession model greedy,True,8,18.220144033432007,43.35631478125,31
84705_1.tex,classifciation and regreession model greedy,True,12,26.97482323646545,110.78429147000016,60
84714_3.tex,classifciation and regreession model greedy,True,7,15.408082962036133,76.50821379600004,66
84746_3.tex,classifciation and regreession model greedy,True,11,26.70871663093567,220.45042008000007,204
84748_3.tex,classifciation and regreession model greedy,True,18,42.04852294921875,242.12104361544,236
84753_3.tex,classifciation and regreession model greedy,True,36,93.4801743030548,474.6504795636704,428
84764_3.tex,classifciation and regreession model greedy,True,19,44.65287041664124,215.55425637000005,179
84871_2.tex,classifciation and regreession model greedy,True,2,4.760443210601807,232.58261778250397,37
84875_3.tex,classifciation and regreession model greedy,True,5,13.454285144805908,195.09534018940056,122
85022_1.tex,classifciation and regreession model greedy,True,7,17.29438543319702,105.3219197,81
85068_2.tex,classifciation and regreession model greedy,True,10,21.387203693389893,188.5575842099255,169
85072_3.tex,classifciation and regreession model greedy,True,7,17.098466873168945,65.87563057802014,69
85079_1.tex,classifciation and regreession model greedy,True,9,21.66931772232056,127.73963461399988,116
85103_2.tex,classifciation and regreession model greedy,True,12,26.680672645568848,91.29371138,87
85140_2.tex,classifciation and regreession model greedy,True,8,12.721283435821531,70.6570668137999,57
85161_1.tex,classifciation and regreession model greedy,True,16,26.32719731330872,87.44754864799978,33
85207_3.tex,classifciation and regreession model greedy,False,28,58.38856315612793,444.49688934574993,439
85242_1.tex,classifciation and regreession model greedy,True,5,9.28643250465393,50.98139595999999,61
85298_3.tex,classifciation and regreession model greedy,False,23,42.57307553291321,234.62458626900025,340
85387_3.tex,classifciation and regreession model greedy,True,3,4.685914993286133,226.73173461774203,51
85451_2.tex,classifciation and regreession model greedy,True,4,8.82914662361145,81.73160000000001,23
85486_3.tex,classifciation and regreession model greedy,True,7,12.71608281135559,107.86790617792008,95
85525_1.tex,classifciation and regreession model greedy,True,14,24.375932931900024,175.7603567798332,306
85612_3.tex,classifciation and regreession model greedy,True,12,20.32445764541626,176.328172394124,262
85641_3.tex,classifciation and regreession model greedy,True,7,11.76660680770874,33.44115052349991,44
85656_2.tex,classifciation and regreession model greedy,True,10,14.719820976257324,108.46161970375094,51
85669_2.tex,classifciation and regreession model greedy,False,1,2.908294677734375,2.811947140000001,13
85716_3.tex,classifciation and regreession model greedy,True,7,10.859527826309204,101.35337291999988,128
85748_3.tex,classifciation and regreession model greedy,True,32,57.88559222221375,358.8046646050002,324
85767_2.tex,classifciation and regreession model greedy,False,20,35.43062424659729,226.27192082125,112
36165_2.tex,classifciation and regreession model greedy,True,24,56.0900559425354,253.51891764633365,287
36359_3.tex,classifciation and regreession model greedy,True,10,26.34888362884521,129.32280234962502,143
36385_1.tex,classifciation and regreession model greedy,False,9,24.10558652877808,136.5909665446382,184
36455_1.tex,classifciation and regreession model greedy,False,9,25.5289888381958,56.578944831999934,43
36485_3.tex,classifciation and regreession model greedy,True,8,19.304914712905884,87.86752194415013,147
36522_2.tex,classifciation and regreession model greedy,True,18,39.95944428443909,234.26823239375045,55
36581_1.tex,classifciation and regreession model greedy,True,18,42.04456830024719,148.36882606933804,89
36672_1.tex,classifciation and regreession model greedy,True,25,53.07889485359192,282.68356634599985,157
36680_3.tex,classifciation and regreession model greedy,True,8,16.026262760162354,42.66403887875008,27
36701_1.tex,classifciation and regreession model greedy,True,26,59.962337017059326,259.2786589448333,260
36879_3.tex,classifciation and regreession model greedy,True,6,13.302220582962036,62.232224413935946,64
36925_2.tex,classifciation and regreession model greedy,True,8,19.796882390975952,116.55654295500028,220
37061_3.tex,classifciation and regreession model greedy,True,10,22.6563937664032,84.0741487,80
37067_3.tex,classifciation and regreession model greedy,True,7,14.49117922782898,25.473703900000014,30
37091_3.tex,classifciation and regreession model greedy,True,16,39.64506649971008,233.70827333259,135
37148_2.tex,classifciation and regreession model greedy,True,24,54.82587099075317,190.99293454870693,153
37155_3.tex,classifciation and regreession model greedy,True,13,28.502341747283936,176.8835613750001,173
37164_2.tex,classifciation and regreession model greedy,True,5,9.490906238555908,18.55627384375001,17
37219_3.tex,classifciation and regreession model greedy,True,32,71.79166173934937,341.264848146,236
37439_3.tex,classifciation and regreession model greedy,True,4,9.757789134979248,41.92508121600004,21
37547_3.tex,classifciation and regreession model greedy,True,8,17.888972997665405,79.92338360400005,80
37580_1.tex,classifciation and regreession model greedy,True,29,70.98691368103027,286.095216612954,187
37640_1.tex,classifciation and regreession model greedy,True,7,15.832650423049929,47.593654725000064,35
37662_2.tex,classifciation and regreession model greedy,True,14,30.564049243927,116.36766528877764,82
37721_1.tex,classifciation and regreession model greedy,True,7,15.447265625,71.07689160000008,97
37742_3.tex,classifciation and regreession model greedy,True,9,18.467364072799683,79.54713912025039,52
37748_3.tex,classifciation and regreession model greedy,False,13,31.934619665145878,120.82601829287483,79
37755_2.tex,classifciation and regreession model greedy,True,8,16.80683445930481,64.92521601932013,69
37796_2.tex,classifciation and regreession model greedy,True,29,67.39856815338135,285.2870331420544,408
38103_1.tex,classifciation and regreession model greedy,True,13,29.774567127227783,94.977087037908,95
38111_1.tex,classifciation and regreession model greedy,True,42,102.02494144439696,531.6020048984102,245
38139_1.tex,classifciation and regreession model greedy,True,7,14.934877634048462,91.75904637000022,63
38184_2.tex,classifciation and regreession model greedy,True,20,43.8266487121582,233.84782221775012,137
38194_3.tex,classifciation and regreession model greedy,True,26,55.59662628173828,275.49752962224204,104
38205_1.tex,classifciation and regreession model greedy,True,13,27.07114672660828,81.81699070799993,39
38207_1.tex,classifciation and regreession model greedy,True,16,37.51709055900574,158.60927156191994,155
38222_2.tex,classifciation and regreession model greedy,False,35,86.62866973876953,500.19790470767646,251
38249_3.tex,classifciation and regreession model greedy,True,12,25.277419805526733,98.36770035625004,71
38263_3.tex,classifciation and regreession model greedy,True,19,41.00776553153992,168.69730892499996,195
38281_3.tex,classifciation and regreession model greedy,False,20,44.73426294326782,172.32857233575007,102
38319_1.tex,classifciation and regreession model greedy,False,10,24.581779718399048,34.99334646162099,41
38712_2.tex,classifciation and regreession model greedy,True,11,22.56506896018982,76.87686287900013,46
38719_3.tex,classifciation and regreession model greedy,True,5,11.290953397750854,61.59032484,81
38733_3.tex,classifciation and regreession model greedy,True,17,40.40335607528687,170.32554021999994,212
38771_3.tex,classifciation and regreession model greedy,True,27,65.74758577346802,467.0710576251749,347
38814_2.tex,classifciation and regreession model greedy,True,10,20.00381112098694,75.0008567550001,63
38819_3.tex,classifciation and regreession model greedy,True,17,39.5615599155426,164.04919914974994,131
38839_2.tex,classifciation and regreession model greedy,False,20,46.05395221710205,125.2242809407498,114
39141_3.tex,classifciation and regreession model greedy,True,4,8.623873710632324,38.95185588789893,21
39225_1.tex,classifciation and regreession model greedy,True,12,29.25383973121643,171.77008760000004,97
39246_1.tex,classifciation and regreession model greedy,True,11,24.573220014572144,219.15296259600004,134
39334_1.tex,classifciation and regreession model greedy,True,10,23.72214436531067,166.17261733125002,63
39340_1.tex,classifciation and regreession model greedy,True,5,10.414488315582275,66.32149443999998,44
39354_1.tex,classifciation and regreession model greedy,True,8,17.49510669708252,131.25872002377227,68
39395_2.tex,classifciation and regreession model greedy,True,15,37.64844107627869,150.94526507294887,272
39736_1.tex,classifciation and regreession model greedy,True,51,134.32633185386658,832.2326472947799,539
39824_3.tex,classifciation and regreession model greedy,True,21,50.21840596199036,157.7452248605124,133
39835_2.tex,classifciation and regreession model greedy,True,13,30.22927498817444,107.93967771703996,128
39858_3.tex,classifciation and regreession model greedy,True,7,14.547007083892822,58.84025879999994,19
39879_3.tex,classifciation and regreession model greedy,True,8,17.844711303710938,71.78359712500009,42
39929_2.tex,classifciation and regreession model greedy,True,5,11.293129920959473,30.109491113884964,57
39956_1.tex,classifciation and regreession model greedy,True,6,13.072747945785522,33.18484056249996,33
40066_3.tex,classifciation and regreession model greedy,True,18,47.33949255943298,109.402109487429,102
40155_3.tex,classifciation and regreession model greedy,True,5,12.484609127044678,96.87016016747494,76
40236_2.tex,classifciation and regreession model greedy,True,3,6.33089280128479,20.02,25
40299_3.tex,classifciation and regreession model greedy,True,8,18.586817502975464,139.78545880000013,125
40325_2.tex,classifciation and regreession model greedy,True,5,10.612090349197388,48.106707035000085,57
40356_1.tex,classifciation and regreession model greedy,True,14,29.00703239440918,175.54758602199988,104
40487_2.tex,classifciation and regreession model greedy,True,21,49.590895891189575,291.9952048574999,336
40813_3.tex,classifciation and regreession model greedy,False,20,50.8980667591095,226.57378510599983,203
40867_3.tex,classifciation and regreession model greedy,True,9,20.78066682815552,114.49651766322796,77
40881_2.tex,classifciation and regreession model greedy,True,8,17.418017864227295,45.24742804799994,34
40911_3.tex,classifciation and regreession model greedy,True,32,74.82112550735474,545.8058130180007,382
40920_2.tex,classifciation and regreession model greedy,True,13,28.351850509643555,150.7804872911999,111
40924_1.tex,classifciation and regreession model greedy,True,22,50.22687792778015,240.6342347609229,240
41029_1.tex,classifciation and regreession model greedy,True,19,43.72518396377564,183.22402213221093,216
41145_3.tex,classifciation and regreession model greedy,True,14,36.6400511264801,81.83572375718026,126
41277_3.tex,classifciation and regreession model greedy,True,5,10.307587385177612,25.550085224999968,5
41311_1.tex,classifciation and regreession model greedy,True,12,29.554848194122314,126.92060063359982,170
41323_1.tex,classifciation and regreession model greedy,True,11,26.28743028640747,97.125752045496,226
41324_1.tex,classifciation and regreession model greedy,True,20,49.35193419456482,247.06429434169263,151
41398_3.tex,classifciation and regreession model greedy,True,13,29.087260246276852,182.2774626,72
41435_2.tex,classifciation and regreession model greedy,True,13,29.82604193687439,102.22774381094904,128
41448_2.tex,classifciation and regreession model greedy,True,10,20.86079359054565,51.517705898000045,34
41452_3.tex,classifciation and regreession model greedy,True,12,27.59495425224304,104.22509492530504,103
41453_2.tex,classifciation and regreession model greedy,True,9,20.11403012275696,73.17934554352001,96
41532_1.tex,classifciation and regreession model greedy,True,14,29.029025077819824,135.24234540424203,157
41574_2.tex,classifciation and regreession model greedy,True,12,28.65619826316833,151.37305774500015,180
41938_2.tex,classifciation and regreession model greedy,True,12,27.695794343948364,120.52561359500076,154
41952_1.tex,classifciation and regreession model greedy,True,11,23.030826330184937,97.51771816181407,100
41996_1.tex,classifciation and regreession model greedy,True,13,29.392412662506104,80.11772314779597,131
42000_1.tex,classifciation and regreession model greedy,True,14,31.872467279434204,171.8487241390005,148
42035_1.tex,classifciation and regreession model greedy,True,14,30.62459945678711,167.837571175,90
42050_1.tex,classifciation and regreession model greedy,True,15,33.86700463294983,198.8479954680089,134
42082_3.tex,classifciation and regreession model greedy,True,33,77.8897533416748,516.3247928675019,463
42103_1.tex,classifciation and regreession model greedy,True,21,47.43644046783447,245.60286789049988,357
42112_3.tex,classifciation and regreession model greedy,True,1,1.836045265197754,0.0,1
85812_1.tex,classifciation and regreession model greedy,True,16,35.02545380592346,190.6180958500002,223
85850_2.tex,classifciation and regreession model greedy,True,16,37.83252191543579,211.3178427084999,293
86037_2.tex,classifciation and regreession model greedy,True,3,6.476044654846191,18.787972483600072,25
86051_1.tex,classifciation and regreession model greedy,True,4,9.814550876617432,27.36938283674995,34
86060_1.tex,classifciation and regreession model greedy,True,5,12.781906604766846,95.17990927999998,91
86127_3.tex,classifciation and regreession model greedy,True,11,26.37025046348572,177.47131889400055,106
86137_2.tex,classifciation and regreession model greedy,True,9,18.911095142364506,58.791055869400026,24
86152_2.tex,classifciation and regreession model greedy,True,12,28.3377377986908,169.2760153458999,155
86194_1.tex,classifciation and regreession model greedy,True,5,11.70756459236145,53.10701948000005,73
86202_2.tex,classifciation and regreession model greedy,True,15,35.29838466644287,248.59253277124992,90
86204_1.tex,classifciation and regreession model greedy,True,11,26.05759596824646,179.90379850499988,89
86208_3.tex,classifciation and regreession model greedy,True,4,8.40724802017212,45.38373891999999,36
86282_2.tex,classifciation and regreession model greedy,True,23,59.24698567390442,254.40937685135697,346
86287_1.tex,classifciation and regreession model greedy,False,19,50.3412036895752,220.1380508281748,452
86292_2.tex,classifciation and regreession model greedy,True,1,1.5526764392852783,5.737191080000031,4
86325_1.tex,classifciation and regreession model greedy,True,4,8.373301029205322,41.38014886499995,47
86340_3.tex,classifciation and regreession model greedy,True,7,14.931646585464478,56.906386411999975,83
86352_2.tex,classifciation and regreession model greedy,True,16,36.03726100921631,164.30506209500015,139
86389_1.tex,classifciation and regreession model greedy,True,11,25.82055950164795,88.20725515475006,126
86498_2.tex,classifciation and regreession model greedy,True,14,35.32971787452698,105.02131487759844,90
86571_2.tex,classifciation and regreession model greedy,True,6,14.63377571105957,113.87919253247996,108
86608_3.tex,classifciation and regreession model greedy,True,5,12.181351900100708,90.79615963600004,95
86678_1.tex,classifciation and regreession model greedy,True,11,25.55434918403625,151.996327609,147
86744_2.tex,classifciation and regreession model greedy,True,7,14.987393379211426,82.71873458000006,41
86768_3.tex,classifciation and regreession model greedy,True,4,8.418616533279419,48.67911762499988,36
86814_3.tex,classifciation and regreession model greedy,True,12,27.677070140838623,137.6669688545,122
86816_3.tex,classifciation and regreession model greedy,True,14,34.778353452682495,121.29106386502605,153
86827_1.tex,classifciation and regreession model greedy,False,21,49.35437250137329,167.03186332949988,215
86887_1.tex,classifciation and regreession model greedy,True,2,3.971959829330444,15.535602440949972,26
86890_1.tex,classifciation and regreession model greedy,True,30,68.76652765274048,328.29211464000025,195
86929_1.tex,classifciation and regreession model greedy,True,24,54.61568784713745,186.12390471079988,218
87033_2.tex,classifciation and regreession model greedy,True,2,5.104219913482666,240.812673895203,78
87038_3.tex,classifciation and regreession model greedy,False,14,38.71369290351868,78.38503821070265,109
87125_1.tex,classifciation and regreession model greedy,True,7,18.650270700454712,133.8689953399999,170
87128_3.tex,classifciation and regreession model greedy,True,9,23.98183917999268,107.83198416695993,161
87167_2.tex,classifciation and regreession model greedy,True,12,26.62697982788086,187.0791132549999,74
87196_3.tex,classifciation and regreession model greedy,True,5,11.939774990081789,98.70679561937396,99
87251_1.tex,classifciation and regreession model greedy,True,19,43.64572954177856,138.3018228750001,81
87335_3.tex,classifciation and regreession model greedy,True,8,17.81475520133972,56.93362180779998,90
87348_3.tex,classifciation and regreession model greedy,False,21,53.01678252220154,255.3650736180008,224
87355_2.tex,classifciation and regreession model greedy,True,18,44.42532563209534,154.63782449316014,251
87387_1.tex,classifciation and regreession model greedy,True,17,37.8073935508728,181.82830302500025,167
87397_1.tex,classifciation and regreession model greedy,True,14,30.182819604873657,96.183306765,128
87421_1.tex,classifciation and regreession model greedy,True,13,29.659038305282596,126.11511532199984,166
87465_2.tex,classifciation and regreession model greedy,True,28,65.7733793258667,298.2154668886998,351
87478_2.tex,classifciation and regreession model greedy,True,36,95.86882662773132,413.6875293137501,757
87587_3.tex,classifciation and regreession model greedy,True,11,28.883262872695923,208.35325443050044,199
87726_1.tex,classifciation and regreession model greedy,True,6,15.240282773971558,109.24848504000016,150
87737_3.tex,classifciation and regreession model greedy,True,8,18.69171094894409,115.0025147348999,96
87743_3.tex,classifciation and regreession model greedy,True,10,25.13286566734314,113.1726586206,77
87810_1.tex,classifciation and regreession model greedy,True,5,10.95725393295288,58.58136284999995,16
87871_2.tex,classifciation and regreession model greedy,True,14,31.860668897628784,106.87976198999992,137
87935_3.tex,classifciation and regreession model greedy,True,10,21.91575503349304,135.3586167800002,123
87968_1.tex,classifciation and regreession model greedy,True,23,57.175745487213135,207.81578115575,209
87988_3.tex,classifciation and regreession model greedy,True,7,14.896342754364014,40.19812536075993,40
88115_3.tex,classifciation and regreession model greedy,True,5,13.526247262954712,222.59547801045704,107
88292_1.tex,classifciation and regreession model greedy,True,4,8.9071946144104,68.19712619480008,49
88311_1.tex,classifciation and regreession model greedy,True,7,17.325042963027954,83.39806721469994,128
88327_3.tex,classifciation and regreession model greedy,True,6,13.856246709823608,20.5229013503711,18
88335_3.tex,classifciation and regreession model greedy,True,19,46.43792796134949,193.5431531419492,244
88368_3.tex,classifciation and regreession model greedy,True,13,29.14910387992859,148.94971777999984,164
88445_1.tex,classifciation and regreession model greedy,True,20,46.103363037109375,137.41510218624973,144
88459_1.tex,classifciation and regreession model greedy,True,6,13.418953895568848,51.31459824,46
88465_2.tex,classifciation and regreession model greedy,True,12,25.656655073165894,101.09773118000008,109
88467_3.tex,classifciation and regreession model greedy,True,18,41.84651279449463,225.77115816499983,137
88508_3.tex,classifciation and regreession model greedy,True,32,71.91231608390808,282.31780762950063,113
88510_1.tex,classifciation and regreession model greedy,True,7,15.061566352844238,36.48884995000002,33
88533_1.tex,classifciation and regreession model greedy,True,22,48.844568967819214,164.04359556987288,129
88557_3.tex,classifciation and regreession model greedy,True,34,85.1677258014679,286.835704307,376
88591_1.tex,classifciation and regreession model greedy,True,4,10.307550191879272,373.5294913437502,69
88652_1.tex,classifciation and regreession model greedy,False,4,13.86301589012146,25.91788098928015,70
88659_2.tex,classifciation and regreession model greedy,True,12,29.57030701637268,65.33079091574027,101
88660_3.tex,classifciation and regreession model greedy,True,6,15.74090051651001,118.30948544770727,116
88662_2.tex,classifciation and regreession model greedy,True,21,55.604138135910034,111.84586144768484,84
88728_3.tex,classifciation and regreession model greedy,True,7,16.51284885406494,116.39472256500002,114
88755_2.tex,classifciation and regreession model greedy,True,9,22.19533944129944,100.6515582309998,122
88783_1.tex,classifciation and regreession model greedy,True,7,15.804565906524658,110.92594152999996,109
88810_2.tex,classifciation and regreession model greedy,True,18,47.01224899291992,247.14929142875,217
88828_2.tex,classifciation and regreession model greedy,False,5,14.527554512023926,58.13418618999992,87
88859_2.tex,classifciation and regreession model greedy,True,7,16.349121570587158,39.40621003799997,49
88871_2.tex,classifciation and regreession model greedy,True,17,40.00449275970459,111.64473890440009,117
88905_3.tex,classifciation and regreession model greedy,True,10,23.804644107818604,89.81042918999998,69
88917_2.tex,classifciation and regreession model greedy,True,3,6.330233812332153,12.88978454999998,16
88960_2.tex,classifciation and regreession model greedy,True,5,11.06977152824402,16.86103545780001,25
89003_2.tex,classifciation and regreession model greedy,True,6,12.1438090801239,29.939395074999997,21
89003_3.tex,classifciation and regreession model greedy,True,5,9.984699726104736,21.923209200000016,20
89020_1.tex,classifciation and regreession model greedy,True,10,22.611726760864254,76.90714224000041,77
89039_3.tex,classifciation and regreession model greedy,False,21,50.95866870880127,180.26624753900015,144
89067_2.tex,classifciation and regreession model greedy,True,5,10.63181209564209,26.666076740000022,24
89090_3.tex,classifciation and regreession model greedy,False,24,59.02714133262634,196.8720249085001,184
89202_3.tex,classifciation and regreession model greedy,True,25,63.438061237335205,153.2284944567396,99
89265_1.tex,classifciation and regreession model greedy,True,5,13.158020734786987,122.33407908000004,78
89312_3.tex,classifciation and regreession model greedy,True,5,12.022748231887816,90.19401788921596,96
89376_2.tex,classifciation and regreession model greedy,True,7,15.164592742919922,47.06897278620003,52
89439_2.tex,classifciation and regreession model greedy,True,6,13.74116849899292,37.48860986499997,24
89445_3.tex,classifciation and regreession model greedy,True,9,19.04388999938965,76.43636904000017,46
89466_2.tex,classifciation and regreession model greedy,True,7,16.36862802505493,119.63717041000004,107
89574_2.tex,classifciation and regreession model greedy,True,7,15.72586464881897,33.44813374150388,39
89577_1.tex,classifciation and regreession model greedy,True,15,35.24296879768372,110.86209712755004,103
42299_1.tex,classifciation and regreession model greedy,True,10,18.97437191009521,104.71860315364025,126
42465_3.tex,classifciation and regreession model greedy,True,9,16.761926889419556,88.5446765250001,54
42474_2.tex,classifciation and regreession model greedy,True,6,6.6690778732299805,66.33233743000001,35
42478_3.tex,classifciation and regreession model greedy,True,16,22.70574116706848,313.97125611250004,99
42493_3.tex,classifciation and regreession model greedy,True,11,12.76669192314148,113.71649793599998,103
42521_3.tex,classifciation and regreession model greedy,True,2,2.2119243144989014,5.009797632249985,2
42522_3.tex,classifciation and regreession model greedy,True,3,3.359006643295288,16.616308848741937,11
42525_2.tex,classifciation and regreession model greedy,True,31,41.877947092056274,797.60719190892,268
42534_3.tex,classifciation and regreession model greedy,True,22,32.18739604949951,286.67350148846674,161
42590_3.tex,classifciation and regreession model greedy,True,8,8.979280710220337,85.37749197754174,69
42598_1.tex,classifciation and regreession model greedy,True,10,12.311158180236816,121.69238254459007,116
42632_1.tex,classifciation and regreession model greedy,True,18,25.15748405456543,367.6973031348403,302
42645_2.tex,classifciation and regreession model greedy,True,21,29.841300010681152,223.8957891570001,249
42939_1.tex,classifciation and regreession model greedy,True,10,12.448923110961914,93.84024565343998,134
43036_2.tex,classifciation and regreession model greedy,True,10,12.302354335784912,69.05706254899982,41
43066_1.tex,classifciation and regreession model greedy,True,9,15.223344326019289,94.02525546715,94
43159_1.tex,classifciation and regreession model greedy,True,27,35.03771114349365,213.24629617485687,153
43393_1.tex,classifciation and regreession model greedy,True,6,7.25408935546875,106.54781696380036,122
43487_3.tex,classifciation and regreession model greedy,True,6,10.543672323226929,28.79890059999992,24
43512_2.tex,classifciation and regreession model greedy,True,9,14.761229038238524,118.62951403,113
43546_3.tex,classifciation and regreession model greedy,True,9,10.813539505004885,127.78616795999994,99
43548_2.tex,classifciation and regreession model greedy,True,5,5.455925226211548,34.33709400000011,35
43600_3.tex,classifciation and regreession model greedy,True,8,10.235186100006104,90.36979911999988,116
43687_3.tex,classifciation and regreession model greedy,True,11,13.133893966674805,70.55899711400008,77
43946_2.tex,classifciation and regreession model greedy,True,3,3.663474559783936,29.17867923021482,42
43983_1.tex,classifciation and regreession model greedy,True,1,1.741715431213379,9.239454160000037,4
44025_3.tex,classifciation and regreession model greedy,True,10,13.27315354347229,96.719598078,123
44115_2.tex,classifciation and regreession model greedy,True,5,5.890933513641357,50.40164859600006,43
44132_3.tex,classifciation and regreession model greedy,True,5,6.037108659744263,72.37978200013322,100
44176_3.tex,classifciation and regreession model greedy,True,18,20.974539279937744,253.3538574600001,74
44224_3.tex,classifciation and regreession model greedy,False,9,14.228166580200195,99.03551014175004,87
44261_3.tex,classifciation and regreession model greedy,True,15,22.836099863052368,178.05501207499998,184
44653_1.tex,classifciation and regreession model greedy,True,17,21.38895273208618,142.84277294698998,72
44703_3.tex,classifciation and regreession model greedy,False,24,38.93633484840393,246.2701599257502,280
44747_1.tex,classifciation and regreession model greedy,True,4,5.239749431610107,29.26329598999999,38
44750_1.tex,classifciation and regreession model greedy,True,16,22.679498195648197,333.1002458249999,161
44805_2.tex,classifciation and regreession model greedy,True,29,38.558640003204346,254.79642315933316,150
44817_2.tex,classifciation and regreession model greedy,True,16,21.95274353027344,130.09069154600013,218
44915_2.tex,classifciation and regreession model greedy,True,5,8.375742673873901,43.96634659976047,52
45023_3.tex,classifciation and regreession model greedy,True,16,24.548898458480835,186.68616871499967,258
45026_1.tex,classifciation and regreession model greedy,True,7,11.427279710769652,101.92120828499984,190
45057_2.tex,classifciation and regreession model greedy,True,10,12.853915452957152,176.27482720000074,80
45063_1.tex,classifciation and regreession model greedy,False,11,14.81983995437622,86.68495905000046,112
45210_3.tex,classifciation and regreession model greedy,True,10,14.7354416847229,126.11733850720016,182
45319_2.tex,classifciation and regreession model greedy,True,27,39.54284310340881,284.39718336796,337
45643_3.tex,classifciation and regreession model greedy,True,15,27.654675483703613,213.4635257207496,106
45717_2.tex,classifciation and regreession model greedy,True,16,23.343738555908203,213.23667359999996,95
45768_1.tex,classifciation and regreession model greedy,True,9,10.237875699996948,153.9838470955333,148
45848_1.tex,classifciation and regreession model greedy,True,1,0.9810953140258788,12.627894439999992,12
45877_3.tex,classifciation and regreession model greedy,False,18,26.741238832473755,111.13093611447792,87
46165_3.tex,classifciation and regreession model greedy,True,23,29.458881855010983,523.4304702197501,168
46195_2.tex,classifciation and regreession model greedy,True,8,13.688803434371948,126.49417924371816,147
46241_1.tex,classifciation and regreession model greedy,True,6,7.339154005050659,123.10952926,89
46284_1.tex,classifciation and regreession model greedy,True,7,7.832334518432617,91.05745535125004,59
46289_1.tex,classifciation and regreession model greedy,True,6,6.705641031265259,33.61546096932,27
46294_1.tex,classifciation and regreession model greedy,True,3,3.490138530731201,11.47596192499998,17
46317_1.tex,classifciation and regreession model greedy,True,8,9.680189609527588,73.07835930000002,95
46373_3.tex,classifciation and regreession model greedy,False,5,8.978613138198853,75.78818249200009,97
46381_1.tex,classifciation and regreession model greedy,True,25,35.15433669090271,299.0281096669922,209
46396_3.tex,classifciation and regreession model greedy,True,4,4.4924962520599365,28.342574760000005,37
46409_3.tex,classifciation and regreession model greedy,True,7,8.507526397705078,52.62664900794903,90
46411_1.tex,classifciation and regreession model greedy,True,10,14.833165884017944,93.42842706295993,114
46641_1.tex,classifciation and regreession model greedy,True,6,8.208225727081299,52.33644343999998,87
46650_2.tex,classifciation and regreession model greedy,True,16,24.6438729763031,231.65042730975048,206
46655_2.tex,classifciation and regreession model greedy,True,4,4.833958625793457,25.961229442760043,41
46773_2.tex,classifciation and regreession model greedy,True,9,11.071750402450562,112.06506988000004,55
46822_2.tex,classifciation and regreession model greedy,True,3,3.394832134246826,26.077964630400004,36
46836_3.tex,classifciation and regreession model greedy,True,13,14.277284860610962,124.5378736779999,75
46846_2.tex,classifciation and regreession model greedy,True,7,7.9706103801727295,25.51197312000002,25
46874_1.tex,classifciation and regreession model greedy,True,9,10.194424629211426,115.95425240000004,57
46908_2.tex,classifciation and regreession model greedy,True,5,5.295143365859985,45.62433994000003,41
46918_1.tex,classifciation and regreession model greedy,True,1,0.9249141216278076,0.0,2
46929_3.tex,classifciation and regreession model greedy,True,10,11.803277254104614,81.00729826000008,95
46938_3.tex,classifciation and regreession model greedy,True,27,37.025177001953125,304.47528188200005,213
46976_1.tex,classifciation and regreession model greedy,True,6,7.004503011703491,29.048467180999936,48
47264_1.tex,classifciation and regreession model greedy,True,15,21.81689476966858,232.6202587350002,167
47279_2.tex,classifciation and regreession model greedy,True,9,12.353891372680664,95.77128241252602,137
47286_1.tex,classifciation and regreession model greedy,True,6,11.666712045669556,127.47441467759994,111
47433_3.tex,classifciation and regreession model greedy,True,10,13.058623313903809,136.81307188,83
47448_3.tex,classifciation and regreession model greedy,True,9,9.306208372116089,95.16279248254202,67
47468_1.tex,classifciation and regreession model greedy,True,12,13.851705312728882,97.58824650100011,115
47479_1.tex,classifciation and regreession model greedy,False,18,22.76098036766052,115.51582405200016,104
47499_1.tex,classifciation and regreession model greedy,True,1,0.9505901336669922,2.622060992759998,2
47622_3.tex,classifciation and regreession model greedy,True,4,5.131530284881592,12.032659714925217,55
47685_2.tex,classifciation and regreession model greedy,True,13,21.938560724258423,139.13012864400008,49
47723_3.tex,classifciation and regreession model greedy,True,8,12.454401731491089,127.07543389634382,172
47831_1.tex,classifciation and regreession model greedy,True,10,14.28155755996704,61.1240527162882,132
47893_2.tex,classifciation and regreession model greedy,True,10,16.113672256469727,84.86458290650012,69
48051_3.tex,classifciation and regreession model greedy,True,20,26.042601823806763,185.5575352597998,242
48157_2.tex,classifciation and regreession model greedy,True,14,18.14218473434448,78.02331076719739,59
48256_2.tex,classifciation and regreession model greedy,True,1,2.0490407943725586,50.511578790000016,41
48263_1.tex,classifciation and regreession model greedy,True,11,22.60720372200012,137.79518099170005,171
48291_1.tex,classifciation and regreession model greedy,True,6,8.398938179016113,31.753013525000007,8
48317_2.tex,classifciation and regreession model greedy,True,10,13.613994121551514,162.22175670254177,165
48340_3.tex,classifciation and regreession model greedy,True,11,16.18036985397339,127.14406247723994,151
48354_1.tex,classifciation and regreession model greedy,True,8,14.96373987197876,144.3338498678319,171
48358_1.tex,classifciation and regreession model greedy,True,19,46.53133225440979,172.58607955600644,156
48393_3.tex,classifciation and regreession model greedy,True,10,22.215216636657715,119.88804596500012,106
89604_3.tex,classifciation and regreession model greedy,True,8,10.625754117965698,67.33752256720008,77
89626_1.tex,classifciation and regreession model greedy,True,36,54.1072416305542,340.2563533076725,327
89782_1.tex,classifciation and regreession model greedy,True,5,6.6619861125946045,158.57987544000036,81
89855_1.tex,classifciation and regreession model greedy,True,35,51.92019200325012,423.8105109692801,369
89909_2.tex,classifciation and regreession model greedy,True,14,22.756727695465088,148.34090477580037,197
89976_2.tex,classifciation and regreession model greedy,False,3,4.630839109420776,14.774420389999989,20
89990_1.tex,classifciation and regreession model greedy,True,7,8.720359563827515,82.7844172449998,130
89996_3.tex,classifciation and regreession model greedy,True,13,16.55145573616028,78.33970436499992,50
90061_1.tex,classifciation and regreession model greedy,True,32,53.59247398376465,398.2318220351503,446
90065_3.tex,classifciation and regreession model greedy,False,28,37.40553188323975,240.94964680449985,242
90235_1.tex,classifciation and regreession model greedy,True,13,21.27310872077942,109.44096503450028,109
90342_3.tex,classifciation and regreession model greedy,True,6,11.378183841705322,79.96053039019996,98
90361_3.tex,classifciation and regreession model greedy,True,6,7.575109004974365,105.518333275,138
90491_1.tex,classifciation and regreession model greedy,True,9,15.161927223205566,75.78613016200006,78
90495_1.tex,classifciation and regreession model greedy,True,13,21.8647518157959,130.78621606500002,264
90534_2.tex,classifciation and regreession model greedy,True,7,8.524917125701904,60.50294362499997,83
90612_1.tex,classifciation and regreession model greedy,True,13,13.741020441055298,133.73039501499997,129
90620_2.tex,classifciation and regreession model greedy,True,20,25.0996687412262,178.70687436,95
90681_3.tex,classifciation and regreession model greedy,True,34,43.67382526397705,314.847979239891,334
90683_1.tex,classifciation and regreession model greedy,True,31,44.83033657073975,299.71036971612,303
90684_3.tex,classifciation and regreession model greedy,True,21,44.51943397521973,210.03043721407008,253
90687_2.tex,classifciation and regreession model greedy,True,16,36.542685747146606,158.85744667499998,210
90701_2.tex,classifciation and regreession model greedy,True,40,61.24168038368225,500.82642422760006,520
90711_1.tex,classifciation and regreession model greedy,True,28,38.96176767349243,235.41726712775025,286
90716_1.tex,classifciation and regreession model greedy,True,14,20.374308347702023,70.419283938,79
90847_2.tex,classifciation and regreession model greedy,True,6,7.401042938232422,78.83694974,19
90863_1.tex,classifciation and regreession model greedy,True,15,35.5798397064209,255.88900142750023,133
90881_3.tex,classifciation and regreession model greedy,False,3,5.162899732589722,27.528613833799994,19
90923_3.tex,classifciation and regreession model greedy,True,9,12.405096530914308,71.07489517947488,150
90959_3.tex,classifciation and regreession model greedy,True,21,29.582560062408447,388.66375205125024,138
90989_1.tex,classifciation and regreession model greedy,True,12,20.64586544036865,167.97270384779995,162
91023_2.tex,classifciation and regreession model greedy,True,8,12.52211856842041,137.52169408958997,210
91036_2.tex,classifciation and regreession model greedy,True,5,7.575504779815674,31.042420628799974,50
91157_1.tex,classifciation and regreession model greedy,True,12,13.72053599357605,150.07631680000026,116
91164_2.tex,classifciation and regreession model greedy,True,3,3.1442344188690186,23.403155800000185,20
91167_1.tex,classifciation and regreession model greedy,True,10,14.328790664672852,78.45791645375022,46
91169_1.tex,classifciation and regreession model greedy,True,13,18.47946667671204,132.05218624999998,171
91181_1.tex,classifciation and regreession model greedy,True,11,20.0336709022522,106.99797514000022,115
91215_2.tex,classifciation and regreession model greedy,True,25,45.11896562576294,255.4469637195501,185
91220_2.tex,classifciation and regreession model greedy,True,13,25.22465753555298,90.64413339480028,72
91236_2.tex,classifciation and regreession model greedy,False,10,21.062421321868896,59.28693351853519,100
91432_2.tex,classifciation and regreession model greedy,True,3,6.039638519287109,82.81700382224001,52
91452_3.tex,classifciation and regreession model greedy,True,2,2.4054925441741943,27.829729100679977,46
91487_2.tex,classifciation and regreession model greedy,True,11,25.419984340667725,140.16243240999987,172
91508_3.tex,classifciation and regreession model greedy,True,14,29.645580053329468,197.1997259500002,103
91523_1.tex,classifciation and regreession model greedy,True,7,9.277868747711182,152.1477279317001,86
91531_3.tex,classifciation and regreession model greedy,True,3,3.611850023269653,45.578959880191945,56
91551_1.tex,classifciation and regreession model greedy,True,8,10.251144170761108,55.78200873717008,81
91557_2.tex,classifciation and regreession model greedy,True,12,19.80110883712769,102.6239291049998,85
91557_3.tex,classifciation and regreession model greedy,True,13,20.9684636592865,147.14878484539997,87
91614_3.tex,classifciation and regreession model greedy,False,8,12.39685559272766,84.82392992000027,100
91654_3.tex,classifciation and regreession model greedy,True,7,9.867769002914429,47.04744326,68
91719_2.tex,classifciation and regreession model greedy,True,11,18.303433656692505,80.7896156400001,113
91733_3.tex,classifciation and regreession model greedy,True,9,10.845274448394775,38.95964192499997,33
91740_2.tex,classifciation and regreession model greedy,True,10,11.504069805145264,62.27462233381407,93
91797_2.tex,classifciation and regreession model greedy,True,29,52.959505796432495,286.9607519139999,443
91799_2.tex,classifciation and regreession model greedy,True,23,31.581042766571045,139.53665980799985,178
91835_1.tex,classifciation and regreession model greedy,True,10,14.690914630889893,61.64276590000043,74
91897_3.tex,classifciation and regreession model greedy,True,19,24.779346466064453,123.78438043623606,145
91971_1.tex,classifciation and regreession model greedy,True,10,16.63138771057129,140.7471405069919,165
91978_3.tex,classifciation and regreession model greedy,True,3,4.307097911834717,19.707457600000023,19
92042_2.tex,classifciation and regreession model greedy,True,8,10.564772844314575,69.80119004999989,74
92159_2.tex,classifciation and regreession model greedy,True,12,17.320996284484863,121.55611680000028,172
92171_1.tex,classifciation and regreession model greedy,True,10,14.916906833648682,60.64125003500001,50
92218_1.tex,classifciation and regreession model greedy,True,9,13.196572065353394,79.47727341499998,95
92223_2.tex,classifciation and regreession model greedy,False,13,22.89141869544983,112.61238423,201
92238_1.tex,classifciation and regreession model greedy,True,10,11.871975183486938,82.38444487375023,63
92242_2.tex,classifciation and regreession model greedy,True,8,10.0801739692688,72.91384599999992,70
92436_3.tex,classifciation and regreession model greedy,True,3,3.853055953979492,33.003030400000064,74
92583_3.tex,classifciation and regreession model greedy,False,6,8.71378779411316,51.88652867999993,45
92638_2.tex,classifciation and regreession model greedy,True,8,13.077930927276611,69.66637793439995,88
92772_3.tex,classifciation and regreession model greedy,True,8,8.095928430557251,86.94928670500003,52
92773_2.tex,classifciation and regreession model greedy,True,4,5.510029315948486,51.23338856000001,53
92831_1.tex,classifciation and regreession model greedy,True,14,26.82917547225952,110.56473899832008,141
93054_3.tex,classifciation and regreession model greedy,True,5,7.174094676971436,66.55139100600002,58
93057_3.tex,classifciation and regreession model greedy,True,9,18.914665699005127,45.249862624520425,36
93063_3.tex,classifciation and regreession model greedy,True,8,16.832329988479614,106.55343066626256,116
93095_3.tex,classifciation and regreession model greedy,True,7,14.79714822769165,60.0983618059214,125
93126_2.tex,classifciation and regreession model greedy,True,6,9.961711883544922,41.97927527499991,61
93167_1.tex,classifciation and regreession model greedy,True,7,14.157722473144531,40.75232091200008,37
93177_3.tex,classifciation and regreession model greedy,False,20,39.43420624732971,360.1627977227501,159
93223_1.tex,classifciation and regreession model greedy,True,17,23.97852897644043,129.14122821874992,72
93223_3.tex,classifciation and regreession model greedy,True,12,16.604246377944946,87.37075174999998,51
93285_1.tex,classifciation and regreession model greedy,True,15,20.088504552841187,104.97678309871276,160
93304_2.tex,classifciation and regreession model greedy,True,36,48.76524114608765,369.1559407735001,354
93370_1.tex,classifciation and regreession model greedy,True,5,5.795388698577881,22.898362230000025,27
93388_3.tex,classifciation and regreession model greedy,True,10,12.045681476593018,68.50335996799996,78
93392_2.tex,classifciation and regreession model greedy,True,27,37.64335680007935,312.65060177217816,239
93409_1.tex,classifciation and regreession model greedy,True,22,31.640260457992557,146.61884091400012,136
93502_3.tex,classifciation and regreession model greedy,True,4,5.908885955810547,435.415527625916,141
93557_1.tex,classifciation and regreession model greedy,True,5,6.489272356033325,83.41159999999996,104
93585_2.tex,classifciation and regreession model greedy,True,8,13.446465253829956,68.33551504341604,94
93604_1.tex,classifciation and regreession model greedy,True,3,3.926497220993042,81.64196912000006,72
93646_3.tex,classifciation and regreession model greedy,True,8,18.890026807785038,127.17151244499992,74
93679_2.tex,classifciation and regreession model greedy,True,12,27.229276418685917,153.5028432260001,118
93710_1.tex,classifciation and regreession model greedy,True,11,25.536719799041748,47.99639375817139,31
93862_2.tex,classifciation and regreession model greedy,False,7,17.383861780166626,68.72015999999986,87
93880_1.tex,classifciation and regreession model greedy,True,10,21.71006965637207,85.13148879999983,115
48400_2.tex,classifciation and regreession model greedy,True,17,24.01185441017151,254.40859847500016,86
48414_3.tex,classifciation and regreession model greedy,True,8,8.974913597106934,78.2109527299999,95
48424_1.tex,classifciation and regreession model greedy,False,7,9.87939429283142,79.2920708585179,122
48433_3.tex,classifciation and regreession model greedy,True,7,7.605843305587768,37.81866112999996,45
48452_3.tex,classifciation and regreession model greedy,False,11,17.975263118743896,82.76245196899991,103
48496_1.tex,classifciation and regreession model greedy,False,5,6.744774341583252,32.421437375000096,26
48510_3.tex,classifciation and regreession model greedy,True,6,6.262835502624512,83.51928816000017,46
48511_3.tex,classifciation and regreession model greedy,True,10,11.41364574432373,77.89713900000007,57
48525_2.tex,classifciation and regreession model greedy,True,10,10.886584043502808,61.935965575,78
48550_3.tex,classifciation and regreession model greedy,True,9,12.716018676757812,102.82081163482825,158
48580_2.tex,classifciation and regreession model greedy,True,36,46.10661387443543,445.3603132330702,434
48588_3.tex,classifciation and regreession model greedy,True,8,9.796494245529177,79.70810237200004,160
48596_3.tex,classifciation and regreession model greedy,True,27,35.12774109840393,277.1137367827508,375
48778_1.tex,classifciation and regreession model greedy,True,6,9.118300437927246,45.56359344000028,72
48804_3.tex,classifciation and regreession model greedy,True,2,2.1922757625579834,43.6804,53
48814_3.tex,classifciation and regreession model greedy,True,6,7.791861057281494,85.99756917175732,89
48919_2.tex,classifciation and regreession model greedy,True,25,34.93458080291748,185.84989845805023,138
48964_3.tex,classifciation and regreession model greedy,True,5,6.120527744293213,32.335854391325114,15
49023_2.tex,classifciation and regreession model greedy,True,19,25.1978771686554,147.68125695994212,116
49031_3.tex,classifciation and regreession model greedy,True,30,42.86069345474243,302.202338595,319
49067_2.tex,classifciation and regreession model greedy,False,18,21.65591168403625,184.03413849,163
49095_1.tex,classifciation and regreession model greedy,False,23,29.52349281311035,297.0203186245354,407
49104_3.tex,classifciation and regreession model greedy,True,18,20.04494285583496,216.5587929873944,251
49105_1.tex,classifciation and regreession model greedy,True,8,8.239766836166382,66.570944237,72
49334_1.tex,classifciation and regreession model greedy,True,7,8.09442687034607,87.44814081293612,93
49391_3.tex,classifciation and regreession model greedy,True,9,11.534718036651611,66.73813793500044,50
49481_2.tex,classifciation and regreession model greedy,True,10,11.14278268814087,87.18725929999997,57
49531_3.tex,classifciation and regreession model greedy,True,16,18.619879245758057,124.8923176476686,192
49569_2.tex,classifciation and regreession model greedy,False,14,17.261186599731445,100.14895859267564,162
49624_2.tex,classifciation and regreession model greedy,True,14,15.414213180541992,85.17012794512134,76
49663_2.tex,classifciation and regreession model greedy,True,8,8.816171884536743,37.84788718900014,43
49823_2.tex,classifciation and regreession model greedy,True,11,15.516892194747925,169.39770172125014,98
49843_3.tex,classifciation and regreession model greedy,True,6,7.265839099884033,81.01694983292315,71
49882_1.tex,classifciation and regreession model greedy,True,3,3.764316082000733,103.76659083065,58
49887_2.tex,classifciation and regreession model greedy,True,12,19.61940717697144,179.49577228058996,277
49965_3.tex,classifciation and regreession model greedy,True,12,14.71657395362854,68.33713523599998,101
50056_3.tex,classifciation and regreession model greedy,True,12,14.729882717132568,163.79647181500002,155
50153_2.tex,classifciation and regreession model greedy,True,2,1.9133894443511963,2.755745074999993,3
50154_1.tex,classifciation and regreession model greedy,True,8,9.505914449691772,76.39136083499997,88
50157_1.tex,classifciation and regreession model greedy,True,13,25.06044030189514,100.17491244299995,84
50167_2.tex,classifciation and regreession model greedy,True,22,49.40918588638306,162.59118926012067,184
50219_3.tex,classifciation and regreession model greedy,True,21,43.81592583656311,150.84568776750018,146
50424_2.tex,classifciation and regreession model greedy,True,1,1.5554842948913574,4.884560420000042,5
50504_1.tex,classifciation and regreession model greedy,True,13,30.868793487548828,316.6507136519995,189
50555_2.tex,classifciation and regreession model greedy,True,3,5.809817790985107,16.15907505000007,12
50647_2.tex,classifciation and regreession model greedy,False,21,35.47447061538696,138.0074919274108,166
50663_3.tex,classifciation and regreession model greedy,True,10,12.060635089874268,169.60128951500002,117
50667_2.tex,classifciation and regreession model greedy,True,11,17.288068771362305,190.4615229700001,103
50675_3.tex,classifciation and regreession model greedy,True,11,13.10880732536316,79.2007675500001,51
50692_2.tex,classifciation and regreession model greedy,False,13,19.19723582267761,65.54178373420002,55
50698_1.tex,classifciation and regreession model greedy,True,10,15.650545835494995,173.59845330239986,104
50702_1.tex,classifciation and regreession model greedy,True,6,9.97090458869934,36.242979671999976,38
50702_2.tex,classifciation and regreession model greedy,False,6,9.30887222290039,37.04942252249601,38
50735_2.tex,classifciation and regreession model greedy,True,11,12.980698108673096,52.61811005687103,42
50735_3.tex,classifciation and regreession model greedy,True,6,6.960264682769775,18.117981295107,15
50741_1.tex,classifciation and regreession model greedy,False,24,34.09561634063721,196.9106508699999,142
50753_3.tex,classifciation and regreession model greedy,True,24,32.446242809295654,231.1732292350505,337
50933_3.tex,classifciation and regreession model greedy,True,7,8.834201574325562,81.6887349075,70
50969_2.tex,classifciation and regreession model greedy,True,5,8.46973967552185,59.73553627499988,128
51034_2.tex,classifciation and regreession model greedy,True,14,18.7860426902771,170.3406192279918,272
51063_2.tex,classifciation and regreession model greedy,False,32,48.1164391040802,1087.6465296560011,299
51083_1.tex,classifciation and regreession model greedy,True,20,28.511310338974,129.34366745070682,163
51156_1.tex,classifciation and regreession model greedy,True,3,3.1590046882629395,25.785970017118014,43
51173_3.tex,classifciation and regreession model greedy,True,8,11.761377573013306,39.324032777999925,37
51252_2.tex,classifciation and regreession model greedy,True,45,56.67173910140991,595.7477220163493,428
51287_2.tex,classifciation and regreession model greedy,True,33,42.75522494316101,435.9850320821751,335
51287_3.tex,classifciation and regreession model greedy,False,20,46.102416038513184,160.20496317550015,208
51550_3.tex,classifciation and regreession model greedy,True,8,16.8715603351593,111.87854587999996,82
51647_1.tex,classifciation and regreession model greedy,True,11,22.59313178062439,83.14279834499992,97
51686_3.tex,classifciation and regreession model greedy,True,23,47.759246587753296,306.8440473730001,172
51772_3.tex,classifciation and regreession model greedy,True,2,1.9906518459320068,10.007129600000098,13
51821_3.tex,classifciation and regreession model greedy,True,32,36.71529722213745,338.39260181999987,221
51828_3.tex,classifciation and regreession model greedy,True,9,10.6518452167511,60.71332532500001,83
52051_2.tex,classifciation and regreession model greedy,True,6,7.253237724304199,31.79154088639335,48
52109_1.tex,classifciation and regreession model greedy,True,15,17.73477602005005,143.62662300379992,71
52207_2.tex,classifciation and regreession model greedy,False,6,8.152976751327515,43.66766817249985,34
52213_2.tex,classifciation and regreession model greedy,False,8,10.253781795501707,91.87756549999996,96
52248_1.tex,classifciation and regreession model greedy,True,9,10.36202621459961,103.565767517777,186
52263_3.tex,classifciation and regreession model greedy,True,20,23.546022415161133,146.6417537326719,126
52271_2.tex,classifciation and regreession model greedy,True,7,7.893505096435547,42.69270995550111,59
52278_1.tex,classifciation and regreession model greedy,True,16,17.36131501197815,241.6084306,86
52297_1.tex,classifciation and regreession model greedy,True,8,8.488485097885132,72.9026832500001,68
52298_1.tex,classifciation and regreession model greedy,True,6,6.458393335342407,64.76843090000006,44
52310_2.tex,classifciation and regreession model greedy,True,8,8.869000673294067,98.96252465087994,86
52349_3.tex,classifciation and regreession model greedy,False,3,4.475648641586304,13.780207008048023,47
52363_2.tex,classifciation and regreession model greedy,True,28,35.006508111953735,269.7935628550001,207
52368_1.tex,classifciation and regreession model greedy,True,16,20.40949845314026,178.88934063375393,261
52551_2.tex,classifciation and regreession model greedy,True,6,7.279463768005371,104.41272458467222,79
52664_2.tex,classifciation and regreession model greedy,True,13,17.249979257583618,161.28046545175013,146
52669_3.tex,classifciation and regreession model greedy,False,9,10.487608671188354,41.59356541940605,10
52691_2.tex,classifciation and regreession model greedy,True,20,24.329538822174072,211.02358479678128,162
52746_1.tex,classifciation and regreession model greedy,True,19,24.233490705490112,270.9821580508394,99
52757_1.tex,classifciation and regreession model greedy,True,6,6.778546094894409,48.02387495999997,28
52757_2.tex,classifciation and regreession model greedy,True,14,16.28381061553955,136.5843938750001,57
52830_1.tex,classifciation and regreession model greedy,True,9,9.391841411590576,92.98495928750008,71
52832_1.tex,classifciation and regreession model greedy,True,2,3.5269815921783447,5.065509599999984,6
52860_1.tex,classifciation and regreession model greedy,False,12,16.73577094078064,147.5796329420003,161
52909_1.tex,classifciation and regreession model greedy,True,1,0.8981361389160156,0.0,1
52991_2.tex,classifciation and regreession model greedy,True,14,19.376970767974854,99.75290544999984,87
93901_2.tex,classifciation and regreession model greedy,True,16,19.190704345703125,126.93086120399994,118
93940_2.tex,classifciation and regreession model greedy,True,36,43.77318596839905,826.5826986249999,327
94148_1.tex,classifciation and regreession model greedy,True,5,6.386411905288696,42.58434822164008,51
94256_1.tex,classifciation and regreession model greedy,True,7,8.803417921066284,71.70555499524997,55
94283_1.tex,classifciation and regreession model greedy,True,3,3.4545464515686035,18.381531067160008,25
94308_3.tex,classifciation and regreession model greedy,False,15,18.13181972503662,153.6239332150002,70
94330_1.tex,classifciation and regreession model greedy,True,11,14.561060667037964,121.03453168190742,177
94349_3.tex,classifciation and regreession model greedy,True,6,7.0798749923706055,47.10171793000008,61
94381_1.tex,classifciation and regreession model greedy,True,28,35.41306734085083,257.1378668742499,276
94438_2.tex,classifciation and regreession model greedy,True,22,24.838834285736084,280.45372737275,112
94441_1.tex,classifciation and regreession model greedy,False,11,13.15184235572815,79.49668556640076,89
94469_3.tex,classifciation and regreession model greedy,True,46,60.58786225318909,502.0617308428268,340
94475_3.tex,classifciation and regreession model greedy,True,31,37.03268194198608,265.6899194390052,285
94687_3.tex,classifciation and regreession model greedy,False,4,6.594775438308716,31.47451956094997,56
94688_1.tex,classifciation and regreession model greedy,True,6,7.64875864982605,125.01171864539998,93
94736_2.tex,classifciation and regreession model greedy,True,6,7.395691394805908,80.04529515000007,49
94765_3.tex,classifciation and regreession model greedy,True,15,17.593700170516968,193.90959968548,168
94807_1.tex,classifciation and regreession model greedy,True,5,5.8498148918151855,11.37076027870699,10
94914_2.tex,classifciation and regreession model greedy,True,12,14.730705261230469,117.67067965751995,192
94924_2.tex,classifciation and regreession model greedy,True,46,57.2280490398407,457.538894974,424
94952_3.tex,classifciation and regreession model greedy,True,14,16.512914180755615,161.42438972999992,142
94970_3.tex,classifciation and regreession model greedy,True,20,22.495560884475708,213.54125179489583,103
94983_3.tex,classifciation and regreession model greedy,True,12,14.316078424453735,117.02958893200022,167
95002_3.tex,classifciation and regreession model greedy,True,17,19.267256021499637,134.54383344850007,111
95023_2.tex,classifciation and regreession model greedy,True,36,45.07321739196777,375.3444160279998,523
95025_1.tex,classifciation and regreession model greedy,True,29,32.954538106918335,242.46104628950005,276
95037_3.tex,classifciation and regreession model greedy,True,38,50.143669843673706,427.2298089111621,416
95103_3.tex,classifciation and regreession model greedy,True,20,26.2225444316864,143.94124994800086,152
95195_2.tex,classifciation and regreession model greedy,True,9,12.262757301330566,209.446009504328,115
95209_2.tex,classifciation and regreession model greedy,True,6,7.211420774459839,50.01747494000005,83
95214_3.tex,classifciation and regreession model greedy,True,8,14.192221879959106,51.40020950140004,77
95253_1.tex,classifciation and regreession model greedy,True,14,32.3060667514801,131.75948381884908,213
95290_3.tex,classifciation and regreession model greedy,True,11,24.46987986564636,157.9012031749999,176
95297_2.tex,classifciation and regreession model greedy,True,10,20.701783180236816,95.84000571143991,70
95342_3.tex,classifciation and regreession model greedy,True,10,21.456504106521606,88.48626796004797,128
95369_1.tex,classifciation and regreession model greedy,True,2,3.605727195739746,8.19043474,10
95445_1.tex,classifciation and regreession model greedy,True,15,34.4110119342804,117.502610823107,136
95464_2.tex,classifciation and regreession model greedy,False,23,52.75369024276733,251.81978988115,370
95500_2.tex,classifciation and regreession model greedy,True,13,26.09637713432312,96.58239737499989,99
95511_2.tex,classifciation and regreession model greedy,True,3,5.432378053665161,8.691136400000019,9
95573_3.tex,classifciation and regreession model greedy,True,13,28.411768674850464,84.68653348500001,151
95671_2.tex,classifciation and regreession model greedy,True,15,27.09998607635498,103.21165701714116,181
95721_3.tex,classifciation and regreession model greedy,True,7,14.64108180999756,111.57385042499992,85
95749_3.tex,classifciation and regreession model greedy,True,4,8.244921922683716,85.69959563999998,51
95779_2.tex,classifciation and regreession model greedy,True,7,17.21094059944153,129.86882695748892,142
95842_1.tex,classifciation and regreession model greedy,True,6,13.388312816619871,68.36289489008377,58
95864_3.tex,classifciation and regreession model greedy,True,9,18.936121463775635,110.35078628799997,104
95880_3.tex,classifciation and regreession model greedy,False,5,12.50145697593689,39.786384275525904,79
95980_2.tex,classifciation and regreession model greedy,True,12,25.479313611984253,66.63084751188005,58
95982_3.tex,classifciation and regreession model greedy,True,11,22.31329298019409,129.31866709039994,115
96002_1.tex,classifciation and regreession model greedy,True,35,78.33713960647583,511.8311108260001,302
96030_2.tex,classifciation and regreession model greedy,True,12,23.72129487991333,94.83548534999991,61
96036_1.tex,classifciation and regreession model greedy,True,14,27.307817697525024,151.14779432500012,163
96067_1.tex,classifciation and regreession model greedy,True,24,51.58104515075684,259.19742046500073,194
96070_2.tex,classifciation and regreession model greedy,True,13,29.31900095939636,134.9351701405849,200
96072_3.tex,classifciation and regreession model greedy,True,10,19.71573805809021,81.24037809625018,77
96260_3.tex,classifciation and regreession model greedy,True,5,11.326545000076294,69.74711862000058,66
96320_2.tex,classifciation and regreession model greedy,True,11,27.125545501708984,172.65897814183387,132
96331_2.tex,classifciation and regreession model greedy,True,9,24.151333332061768,121.21974697102824,309
96364_3.tex,classifciation and regreession model greedy,True,6,12.060776710510254,57.38697680000004,43
96418_3.tex,classifciation and regreession model greedy,True,6,12.89698886871338,98.83600104000006,101
96452_3.tex,classifciation and regreession model greedy,False,10,19.465851306915283,135.0724559875,38
96462_2.tex,classifciation and regreession model greedy,True,5,9.553490161895752,32.17173916500029,25
96475_3.tex,classifciation and regreession model greedy,True,15,30.98278880119324,96.52347600000007,106
96491_2.tex,classifciation and regreession model greedy,True,18,22.50039029121399,146.91709566825392,176
96504_3.tex,classifciation and regreession model greedy,True,31,38.58070802688599,387.09550168440046,314
96510_1.tex,classifciation and regreession model greedy,True,22,26.6077618598938,217.55400625200008,211
96547_2.tex,classifciation and regreession model greedy,False,28,39.75171637535095,344.0266385700924,444
96599_1.tex,classifciation and regreession model greedy,True,12,21.20615649223328,105.39476147199991,100
96654_1.tex,classifciation and regreession model greedy,True,30,64.03892350196838,261.4338896774999,365
96693_3.tex,classifciation and regreession model greedy,True,10,23.15774369239807,376.6291639500002,147
96860_1.tex,classifciation and regreession model greedy,True,16,36.23236560821533,173.69669004800005,214
96865_2.tex,classifciation and regreession model greedy,True,3,6.520878791809082,8.170010994400002,8
96900_2.tex,classifciation and regreession model greedy,True,11,23.1068856716156,119.90338232500017,92
96914_3.tex,classifciation and regreession model greedy,True,10,22.14659595489502,92.59590725999992,106
96928_2.tex,classifciation and regreession model greedy,True,11,23.861671924591064,114.683003572176,149
96983_1.tex,classifciation and regreession model greedy,True,10,21.539748907089237,76.6046470739999,117
97045_2.tex,classifciation and regreession model greedy,True,14,30.831939220428467,129.68272255,180
97089_2.tex,classifciation and regreession model greedy,False,42,99.77424001693726,468.5119746150936,434
97109_1.tex,classifciation and regreession model greedy,True,20,42.14000463485718,175.282886925,168
97124_2.tex,classifciation and regreession model greedy,True,8,15.29252791404724,42.34557172500023,47
97155_3.tex,classifciation and regreession model greedy,True,26,56.036115407943726,205.66209016107044,239
97414_2.tex,classifciation and regreession model greedy,True,6,15.263205289840698,188.0672796210277,212
97515_2.tex,classifciation and regreession model greedy,False,8,22.65331339836121,132.95537823882805,240
97559_1.tex,classifciation and regreession model greedy,True,4,7.795854568481445,33.66758476000001,31
97575_1.tex,classifciation and regreession model greedy,True,12,25.544548511505127,103.24428597368538,78
97598_2.tex,classifciation and regreession model greedy,True,27,57.86002230644226,736.0916714550003,225
97608_2.tex,classifciation and regreession model greedy,True,18,39.71940541267395,303.78973563769654,423
97671_3.tex,classifciation and regreession model greedy,True,13,25.847198009490967,107.22290542475992,60
97683_2.tex,classifciation and regreession model greedy,True,18,39.02310132980347,243.81238509,255
97689_2.tex,classifciation and regreession model greedy,True,1,1.6054511070251465,3.279075418189996,4
97694_3.tex,classifciation and regreession model greedy,True,12,25.47127342224121,103.53973685000012,114
97708_2.tex,classifciation and regreession model greedy,True,5,10.222412824630736,63.91229499999999,74
97810_1.tex,classifciation and regreession model greedy,True,5,12.639198780059814,127.07765561500013,124
97831_3.tex,classifciation and regreession model greedy,False,10,27.39552354812622,83.18956427025246,86
97837_2.tex,classifciation and regreession model greedy,True,19,44.50556373596192,134.67806593547425,160
97880_1.tex,classifciation and regreession model greedy,True,5,11.652103185653688,106.38779999999994,82
100080_3.tex,classifciation and regreession model greedy,True,1,1.5612657070159912,10.19135004450004,17
100123_3.tex,classifciation and regreession model greedy,True,7,13.776781797409058,145.11118324000034,72
100144_2.tex,classifciation and regreession model greedy,True,9,18.650530338287357,93.88449742000104,98
100195_1.tex,classifciation and regreession model greedy,True,4,8.023432731628418,22.39601001999993,35
100215_3.tex,classifciation and regreession model greedy,True,12,26.568888902664185,132.19581093371997,141
100216_3.tex,classifciation and regreession model greedy,True,6,13.016071557998655,63.347700204121104,124
100290_3.tex,classifciation and regreession model greedy,True,20,42.3928587436676,189.29902813999996,180
100354_3.tex,classifciation and regreession model greedy,True,12,22.96071481704712,94.9563202000007,76
100403_3.tex,classifciation and regreession model greedy,False,26,59.1564257144928,285.71331808480056,503
100422_1.tex,classifciation and regreession model greedy,False,3,7.71061110496521,13.027500354500036,32
100433_1.tex,classifciation and regreession model greedy,True,18,40.21762895584106,152.38748097800016,327
100434_1.tex,classifciation and regreession model greedy,True,21,45.25312614440918,185.42160339600008,278
100612_1.tex,classifciation and regreession model greedy,True,5,11.704863786697388,97.96846052555998,143
100727_2.tex,classifciation and regreession model greedy,True,6,11.683840274810793,45.14478706700046,50
100847_3.tex,classifciation and regreession model greedy,True,16,35.18170523643494,131.90366320961192,210
100942_3.tex,classifciation and regreession model greedy,False,20,43.35712623596192,182.52201109060013,235
100949_2.tex,classifciation and regreession model greedy,True,27,57.98199343681336,365.1771503519429,277
100957_2.tex,classifciation and regreession model greedy,True,16,30.76306223869324,138.4602799422501,137
101141_2.tex,classifciation and regreession model greedy,True,5,11.188100814819336,125.83672329024004,91
101157_3.tex,classifciation and regreession model greedy,True,6,13.765326023101808,93.46865923382796,98
101271_3.tex,classifciation and regreession model greedy,True,12,26.112549543380737,186.29124018747984,204
101316_1.tex,classifciation and regreession model greedy,True,12,22.739254474639893,160.39812400500088,89
101386_2.tex,classifciation and regreession model greedy,True,6,13.3032865524292,95.43646849,86
101472_3.tex,classifciation and regreession model greedy,True,26,50.50986456871033,244.3434985957749,142
101504_2.tex,classifciation and regreession model greedy,True,31,63.97561955451965,398.5184748767,406
101565_1.tex,classifciation and regreession model greedy,True,4,8.460912942886353,41.34336822649997,61
101648_3.tex,classifciation and regreession model greedy,True,5,10.565427541732788,83.03096002000001,56
101649_1.tex,classifciation and regreession model greedy,True,3,5.547422409057617,21.069432205000027,14
101654_1.tex,classifciation and regreession model greedy,True,9,18.735208988189697,107.13415910499992,64
101662_1.tex,classifciation and regreession model greedy,True,6,12.187198162078856,74.92051979500022,73
101710_1.tex,classifciation and regreession model greedy,True,10,23.013140439987183,149.47936296499984,135
101710_2.tex,classifciation and regreession model greedy,True,9,21.214255809783936,171.8736805850499,189
53167_3.tex,classifciation and regreession model greedy,True,4,7.468212604522705,17.843257600000022,13
53177_3.tex,classifciation and regreession model greedy,True,7,14.415011882781982,77.92276085262577,86
53214_3.tex,classifciation and regreession model greedy,True,13,27.70423197746277,145.55198289260295,149
53306_2.tex,classifciation and regreession model greedy,False,6,14.08524203300476,48.21885333251995,95
53321_1.tex,classifciation and regreession model greedy,True,13,26.12178611755371,125.1841886479998,145
53329_2.tex,classifciation and regreession model greedy,True,23,45.90144896507263,323.1375470177498,240
53336_1.tex,classifciation and regreession model greedy,True,13,27.53810834884644,110.90167861268596,108
53353_3.tex,classifciation and regreession model greedy,True,14,23.663979291915894,192.48942343999988,95
53407_2.tex,classifciation and regreession model greedy,True,20,41.4509162902832,233.85657322900016,237
53434_1.tex,classifciation and regreession model greedy,True,29,57.62860035896301,342.7044834230535,179
53446_1.tex,classifciation and regreession model greedy,True,26,55.305625677108765,281.02381793999973,208
53451_1.tex,classifciation and regreession model greedy,True,16,33.81043100357056,179.98642281399995,238
53665_2.tex,classifciation and regreession model greedy,False,7,17.32158350944519,76.88998646240013,147
53669_1.tex,classifciation and regreession model greedy,True,10,22.982606887817383,136.55473903696202,181
53780_2.tex,classifciation and regreession model greedy,True,6,13.947264671325684,98.24485345680002,132
53833_2.tex,classifciation and regreession model greedy,False,8,16.90898561477661,55.303956230602026,50
53882_2.tex,classifciation and regreession model greedy,True,16,34.29502058029175,190.41852190399987,244
53886_2.tex,classifciation and regreession model greedy,True,7,14.025609731674194,35.49075942938496,46
53934_3.tex,classifciation and regreession model greedy,True,3,5.937960386276245,48.40369835999997,49
53971_2.tex,classifciation and regreession model greedy,True,14,27.88418292999268,131.8986901895039,180
54203_1.tex,classifciation and regreession model greedy,True,12,27.69247531890869,136.5862087984302,153
54214_2.tex,classifciation and regreession model greedy,True,3,6.867173433303833,79.11962284499998,86
54284_1.tex,classifciation and regreession model greedy,True,6,13.587950944900513,105.48116381959018,109
54341_1.tex,classifciation and regreession model greedy,True,6,10.84098482131958,51.00369588,21
54343_1.tex,classifciation and regreession model greedy,True,8,15.295023679733276,156.26865465999998,120
54355_1.tex,classifciation and regreession model greedy,True,2,3.4428749084472656,12.169645874999988,10
54378_2.tex,classifciation and regreession model greedy,True,13,27.29035377502441,214.46750315999975,104
54390_2.tex,classifciation and regreession model greedy,True,14,27.633269548416138,147.8700386755001,130
54395_1.tex,classifciation and regreession model greedy,True,10,19.86377239227295,76.68001419625045,82
54444_1.tex,classifciation and regreession model greedy,True,11,19.671678066253666,150.3398267500002,98
54454_2.tex,classifciation and regreession model greedy,True,6,11.238027572631836,58.40082517999999,57
54464_3.tex,classifciation and regreession model greedy,True,7,12.42570185661316,45.06665312500049,27
54512_3.tex,classifciation and regreession model greedy,False,23,46.81757092475891,206.54604887378665,199
54735_1.tex,classifciation and regreession model greedy,True,8,17.51724934577942,83.034114016736,109
54785_3.tex,classifciation and regreession model greedy,True,6,13.2783842086792,108.0836,129
54838_3.tex,classifciation and regreession model greedy,True,9,20.32924175262451,63.84362418959998,117
54862_3.tex,classifciation and regreession model greedy,True,6,11.734580755233765,29.46123107000014,35
54894_3.tex,classifciation and regreession model greedy,True,10,20.12216567993164,118.3053597,146
54921_2.tex,classifciation and regreession model greedy,True,10,21.281103372573853,62.64029517439997,89
54941_2.tex,classifciation and regreession model greedy,True,21,43.1683132648468,128.81402500448831,94
54944_3.tex,classifciation and regreession model greedy,True,14,27.45164465904236,77.61206244800003,54
54949_3.tex,classifciation and regreession model greedy,True,18,34.60626983642578,106.55627557099994,41
54953_1.tex,classifciation and regreession model greedy,True,19,38.32067847251892,134.69563375000007,78
54977_2.tex,classifciation and regreession model greedy,True,9,16.48891043663025,44.99461564999993,34
54986_2.tex,classifciation and regreession model greedy,True,6,11.305362462997437,56.09279999999995,40
55017_2.tex,classifciation and regreession model greedy,True,12,24.34126853942871,65.97782983865005,64
55023_3.tex,classifciation and regreession model greedy,False,23,51.39922285079956,245.28317406975023,189
55294_2.tex,classifciation and regreession model greedy,True,7,17.29608178138733,79.41448772469997,183
55363_1.tex,classifciation and regreession model greedy,True,13,29.170033931732178,122.63420260446516,102
55403_1.tex,classifciation and regreession model greedy,True,10,21.763994455337524,79.00699999449995,122
55438_2.tex,classifciation and regreession model greedy,True,4,7.757101535797119,45.2744,30
55439_2.tex,classifciation and regreession model greedy,True,4,8.095371007919312,32.5836881200001,38
55455_3.tex,classifciation and regreession model greedy,True,10,20.05211091041565,117.62268495811996,84
55470_1.tex,classifciation and regreession model greedy,True,13,25.638598203659058,231.7466546650002,202
55828_2.tex,classifciation and regreession model greedy,True,7,14.384035110473633,30.46042756800003,27
55988_3.tex,classifciation and regreession model greedy,True,7,14.796517848968506,97.58110493018006,105
56033_3.tex,classifciation and regreession model greedy,True,17,34.06783604621887,108.21638671700003,113
56083_2.tex,classifciation and regreession model greedy,True,12,23.20198345184326,99.48085325000008,101
56261_3.tex,classifciation and regreession model greedy,True,7,15.944686651229858,332.9593616767122,212
56349_3.tex,classifciation and regreession model greedy,True,6,13.254574537277222,93.63097912308385,66
56355_1.tex,classifciation and regreession model greedy,True,7,15.753466606140137,119.5936759386,134
56448_3.tex,classifciation and regreession model greedy,True,7,12.611473083496094,37.9492941007709,31
56565_1.tex,classifciation and regreession model greedy,True,30,61.25980138778687,319.21989937200004,236
56569_1.tex,classifciation and regreession model greedy,True,13,25.784029960632324,72.19922775400099,88
56573_2.tex,classifciation and regreession model greedy,True,20,43.067455768585205,133.9789170942072,117
56618_2.tex,classifciation and regreession model greedy,True,29,60.47691464424133,342.17522860000065,179
56628_1.tex,classifciation and regreession model greedy,True,12,22.420956134796143,186.35087814999997,166
56645_1.tex,classifciation and regreession model greedy,True,35,71.27153587341309,333.2380261162499,205
56648_3.tex,classifciation and regreession model greedy,True,8,16.65071678161621,52.51276646800027,58
56663_2.tex,classifciation and regreession model greedy,True,41,91.1078622341156,703.94920295375,488
56873_2.tex,classifciation and regreession model greedy,False,2,6.646400451660156,32.404555062542045,54
56907_2.tex,classifciation and regreession model greedy,True,9,20.352901697158813,108.7940369337136,119
57083_2.tex,classifciation and regreession model greedy,False,5,11.878487586975098,29.648124080000017,40
57089_2.tex,classifciation and regreession model greedy,True,11,23.112653493881226,92.25914856699995,123
57094_2.tex,classifciation and regreession model greedy,True,9,18.122201204299927,84.79728390258597,101
57140_2.tex,classifciation and regreession model greedy,True,5,9.40479850769043,88.63872181999989,16
57145_2.tex,classifciation and regreession model greedy,False,18,35.16546821594238,197.1211998087504,71
57174_2.tex,classifciation and regreession model greedy,True,14,28.33984589576721,98.23969810199996,108
57182_3.tex,classifciation and regreession model greedy,True,14,26.32121419906616,120.59949456700004,96
57218_3.tex,classifciation and regreession model greedy,True,7,13.301751852035522,51.900156992599975,42
57335_2.tex,classifciation and regreession model greedy,True,9,20.41109561920166,127.43577223459994,85
57433_3.tex,classifciation and regreession model greedy,True,7,13.804090738296509,92.0929203005284,101
57442_2.tex,classifciation and regreession model greedy,True,7,15.41017723083496,73.44724183312974,86
57503_3.tex,classifciation and regreession model greedy,True,7,14.875545263290403,67.22062267999996,57
57570_1.tex,classifciation and regreession model greedy,True,12,23.078733921051025,192.12484152,30
57589_1.tex,classifciation and regreession model greedy,True,19,37.16425347328186,219.9589411050003,112
57601_2.tex,classifciation and regreession model greedy,True,3,5.010831117630005,6.214684008000001,7
57611_3.tex,classifciation and regreession model greedy,True,17,33.95326209068298,194.306165114216,192
57641_3.tex,classifciation and regreession model greedy,True,24,53.05601692199707,353.94695451155974,210
57646_2.tex,classifciation and regreession model greedy,True,9,20.4152774810791,155.29464581899998,116
57687_1.tex,classifciation and regreession model greedy,True,12,22.444191932678223,85.50987075,47
57715_2.tex,classifciation and regreession model greedy,True,12,22.221269845962524,100.79948982000002,50
58057_3.tex,classifciation and regreession model greedy,False,34,72.82514977455139,390.62278603400046,371
58059_2.tex,classifciation and regreession model greedy,True,10,21.423657417297363,78.81273931900003,138
58061_3.tex,classifciation and regreession model greedy,True,35,74.9004578590393,938.2178864837808,292
58062_1.tex,classifciation and regreession model greedy,True,10,21.52591848373413,115.27579493400088,183
58098_2.tex,classifciation and regreession model greedy,False,8,20.45191502571106,63.80683567099976,132
58114_1.tex,classifciation and regreession model greedy,True,7,14.759871244430542,44.44518124999995,55
58117_2.tex,classifciation and regreession model greedy,False,7,15.893925428390505,48.64417140499999,68
97895_3.tex,classifciation and regreession model greedy,True,8,18.592502117156982,143.12940978099994,73
97951_1.tex,classifciation and regreession model greedy,True,5,11.42034125328064,63.13012953500015,96
97998_1.tex,classifciation and regreession model greedy,True,9,18.95903277397156,152.54942455851483,72
98012_1.tex,classifciation and regreession model greedy,True,8,16.560441970825195,127.67788143150716,96
98033_2.tex,classifciation and regreession model greedy,True,6,13.088886976242064,135.11676097248002,159
98047_2.tex,classifciation and regreession model greedy,True,11,24.184603691101078,169.5234407900004,163
98137_1.tex,classifciation and regreession model greedy,False,9,20.308753728866577,67.95740328878401,92
98216_2.tex,classifciation and regreession model greedy,True,7,14.835670232772827,74.63325924799992,100
98242_1.tex,classifciation and regreession model greedy,True,26,56.09962868690491,276.72904672375006,402
98257_1.tex,classifciation and regreession model greedy,False,2,5.667205333709717,5.010038064275022,8
98345_3.tex,classifciation and regreession model greedy,True,3,6.204805850982666,30.01,52
98419_3.tex,classifciation and regreession model greedy,True,11,23.99397993087769,106.7038980500004,91
98445_1.tex,classifciation and regreession model greedy,True,7,15.007088422775269,108.63115940320012,111
98481_2.tex,classifciation and regreession model greedy,True,6,12.875123739242554,70.36134118551995,78
98554_2.tex,classifciation and regreession model greedy,True,13,27.90360689163208,164.35359925739235,147
98557_2.tex,classifciation and regreession model greedy,True,11,22.083664178848267,69.16601673796399,70
98562_2.tex,classifciation and regreession model greedy,True,6,12.60302734375,80.50172198552002,101
98586_3.tex,classifciation and regreession model greedy,True,13,28.580284357070923,163.96880177574988,152
98618_2.tex,classifciation and regreession model greedy,True,3,5.471908807754517,30.838104999999985,20
98627_1.tex,classifciation and regreession model greedy,True,6,11.54548716545105,43.82835880000006,37
98636_1.tex,classifciation and regreession model greedy,True,9,18.075629472732544,86.69059655999996,97
98638_1.tex,classifciation and regreession model greedy,True,3,5.390199422836304,14.772949999999994,11
98683_1.tex,classifciation and regreession model greedy,True,6,12.72156810760498,45.8958943194,65
98707_1.tex,classifciation and regreession model greedy,True,44,96.08132815361024,445.7203548597425,438
98711_3.tex,classifciation and regreession model greedy,True,24,56.30583381652832,537.2849234239998,488
98726_1.tex,classifciation and regreession model greedy,True,20,38.22115635871887,205.03917680000004,89
98762_2.tex,classifciation and regreession model greedy,True,4,8.000332832336426,43.71182471000003,64
98773_1.tex,classifciation and regreession model greedy,True,21,42.18451523780823,211.28847743200004,167
98776_3.tex,classifciation and regreession model greedy,True,16,31.51031470298767,132.08560068050014,131
98785_3.tex,classifciation and regreession model greedy,True,8,16.23912525177002,94.47910470099995,142
98999_1.tex,classifciation and regreession model greedy,True,8,16.45591902732849,52.778934641750006,55
99045_3.tex,classifciation and regreession model greedy,True,5,10.53891897201538,98.23612511750004,46
99080_2.tex,classifciation and regreession model greedy,False,6,15.424915313720703,57.79717774629202,56
99095_3.tex,classifciation and regreession model greedy,True,1,1.6082541942596436,5.244121985519996,5
99098_2.tex,classifciation and regreession model greedy,True,5,10.247920989990234,97.11542744500002,77
99106_2.tex,classifciation and regreession model greedy,True,7,15.314018726348875,58.16780234132312,91
99130_3.tex,classifciation and regreession model greedy,True,4,8.224745273590088,26.065964628096083,58
99143_1.tex,classifciation and regreession model greedy,True,17,37.66121459007263,189.71568289627996,175
99165_3.tex,classifciation and regreession model greedy,True,10,19.88801503181457,128.4269383750001,73
99192_1.tex,classifciation and regreession model greedy,True,2,3.587923526763916,15.131492025600023,14
99206_2.tex,classifciation and regreession model greedy,True,5,10.015465259552002,38.20288030880001,46
99209_1.tex,classifciation and regreession model greedy,True,11,24.375427961349487,154.13705595399998,213
99272_1.tex,classifciation and regreession model greedy,True,9,18.959552764892575,163.95915574000023,172
99276_3.tex,classifciation and regreession model greedy,True,6,11.108912229537964,46.70833246999999,44
99291_2.tex,classifciation and regreession model greedy,True,13,27.02083683013916,177.50372343263984,152
99350_2.tex,classifciation and regreession model greedy,True,10,21.172942638397217,71.53105122500003,70
99450_2.tex,classifciation and regreession model greedy,True,12,26.745216131210327,74.9794185753489,55
99524_1.tex,classifciation and regreession model greedy,True,4,8.934798002243042,117.69117834087874,79
99527_1.tex,classifciation and regreession model greedy,True,7,14.667526483535768,423.9608678074801,82
99530_2.tex,classifciation and regreession model greedy,True,8,17.720683813095093,123.90811785459022,148
99531_1.tex,classifciation and regreession model greedy,True,5,10.540263652801514,53.21211078799994,78
99552_2.tex,classifciation and regreession model greedy,True,3,6.128791093826294,100.16332304000002,80
99652_1.tex,classifciation and regreession model greedy,True,7,15.45704960823059,151.50787855980002,127
99698_2.tex,classifciation and regreession model greedy,True,5,9.579505443572998,84.75872438999998,57
99720_3.tex,classifciation and regreession model greedy,True,6,11.581519365310667,98.07064968000005,97
99726_1.tex,classifciation and regreession model greedy,True,7,14.089654684066772,102.58441254599995,108
99750_2.tex,classifciation and regreession model greedy,True,17,36.372775077819824,227.67369293200008,224
99755_3.tex,classifciation and regreession model greedy,True,5,10.210780143737791,66.93753146617497,94
99769_3.tex,classifciation and regreession model greedy,False,28,62.17564272880554,358.3285214086352,348
99779_2.tex,classifciation and regreession model greedy,True,28,62.31548571586609,427.8635253187501,215
99788_1.tex,classifciation and regreession model greedy,True,15,32.15724587440491,133.36326899999992,196
99792_2.tex,classifciation and regreession model greedy,True,2,3.160994052886963,15.440830224999983,12
99855_2.tex,classifciation and regreession model greedy,True,32,68.31063890457153,382.95322137510055,399
99857_3.tex,classifciation and regreession model greedy,True,32,68.3117151260376,449.4708560218323,360
99899_3.tex,classifciation and regreession model greedy,True,40,88.88689160346985,419.6026020997504,508
99929_2.tex,classifciation and regreession model greedy,True,3,6.127839088439941,73.93992194375004,26
99990_2.tex,classifciation and regreession model greedy,True,7,16.510345220565796,218.88218859199972,119
