Name,Algorithm,Reduced,Iterations,Time,Cost,Total_operators
1050_3.tex,non stop regreession model greedy,True,18,22.21841263771057,165.9117015464361,18
1424_2.tex,non stop regreession model greedy,True,8,9.77512550354004,59.443517600000014,8
1430_2.tex,non stop regreession model greedy,True,1,1.1359272003173828,0.0,1
1568_1.tex,non stop regreession model greedy,True,2,2.0742533206939697,0.0,2
1589_3.tex,non stop regreession model greedy,True,25,28.777278661727905,222.7881486317506,25
1613_2.tex,non stop regreession model greedy,True,17,21.667150259017944,85.23495991650012,17
2021_2.tex,non stop regreession model greedy,True,6,7.972996473312378,31.404604703736,6
2495_3.tex,non stop regreession model greedy,True,9,10.587712287902832,78.9563034249998,9
2580_1.tex,non stop regreession model greedy,True,12,15.194682598114014,67.16649020322085,12
2584_1.tex,non stop regreession model greedy,True,22,28.96426129341125,161.0291397306513,22
2637_1.tex,non stop regreession model greedy,True,19,23.83789038658142,159.07376924391986,19
2642_2.tex,non stop regreession model greedy,True,9,12.026870727539062,45.26742452161708,12
2659_2.tex,non stop regreession model greedy,True,34,44.04018235206604,271.4740145998141,34
2906_3.tex,non stop regreession model greedy,True,16,21.09373378753662,160.385197615579,16
2973_2.tex,non stop regreession model greedy,True,16,21.553667306900024,108.13113933727556,16
3004_1.tex,non stop regreession model greedy,True,11,14.577796459197998,52.73658528393904,11
3051_3.tex,non stop regreession model greedy,True,12,13.369911432266235,80.6332334050004,12
3118_2.tex,non stop regreession model greedy,True,21,30.37720274925232,149.67599213878586,21
3118_3.tex,non stop regreession model greedy,True,11,14.025311470031738,48.9549527188752,11
313_3.tex,non stop regreession model greedy,True,26,30.789907455444336,268.24964504423065,26
316_3.tex,non stop regreession model greedy,True,13,17.66950035095215,128.05149602031804,13
3193_2.tex,non stop regreession model greedy,True,21,27.34871196746826,139.48898009875003,21
3213_2.tex,non stop regreession model greedy,True,18,22.574338674545288,71.3270229463856,18
3224_1.tex,non stop regreession model greedy,True,18,21.59623384475708,102.0616017473941,18
3229_2.tex,non stop regreession model greedy,True,22,27.786969423294067,133.22993598248337,22
3238_3.tex,non stop regreession model greedy,True,7,10.259769439697266,34.717795075000005,7
3771_2.tex,non stop regreession model greedy,True,32,43.25759553909302,211.0461940025002,32
3771_3.tex,non stop regreession model greedy,True,30,38.28190851211548,283.6307677625003,30
3774_1.tex,non stop regreession model greedy,True,40,53.89273428916931,370.9865896335002,155
412_2.tex,non stop regreession model greedy,True,27,32.66048240661621,368.4819483590998,27
4157_3.tex,non stop regreession model greedy,True,18,23.381884574890137,129.63888241433648,18
4161_2.tex,non stop regreession model greedy,True,3,3.3323214054107666,5.399132730874953,3
4163_3.tex,non stop regreession model greedy,True,15,19.99223828315735,86.65371305507847,15
4168_3.tex,non stop regreession model greedy,True,20,26.98072123527527,121.8429793792021,21
4192_1.tex,non stop regreession model greedy,True,11,15.932455778121948,50.855355184805,11
4202_2.tex,non stop regreession model greedy,True,9,11.820962190628052,36.800347860799896,9
4279_3.tex,non stop regreession model greedy,True,22,27.965920448303223,183.96303781700016,22
4571_3.tex,non stop regreession model greedy,True,19,24.67245054244995,122.86457946000056,19
464_3.tex,non stop regreession model greedy,True,5,5.082767486572266,37.29085269374998,5
4677_2.tex,non stop regreession model greedy,True,7,7.71504020690918,28.67622059999991,7
4681_2.tex,non stop regreession model greedy,False,15,17.653200149536133,106.68683835898564,16
4728_3.tex,non stop regreession model greedy,True,16,20.619167804718018,84.51417678610012,16
4738_1.tex,non stop regreession model greedy,True,22,30.442607402801517,158.2291427801593,22
4808_3.tex,non stop regreession model greedy,True,21,23.06525468826294,118.79919707429612,21
484_2.tex,non stop regreession model greedy,True,16,21.534663200378414,199.00538362374377,55
487_1.tex,non stop regreession model greedy,True,1,1.0080678462982178,6.67230278750003,1
508_3.tex,non stop regreession model greedy,True,28,35.16966533660889,327.4944995179011,55
5147_3.tex,non stop regreession model greedy,True,15,22.614142894744877,117.08269425860036,15
5248_1.tex,non stop regreession model greedy,False,9,15.435375213623049,61.347788719418176,10
5269_2.tex,non stop regreession model greedy,False,9,14.31463861465454,48.55136677342411,10
5338_3.tex,non stop regreession model greedy,True,12,17.66952657699585,85.25877490867587,12
537_2.tex,non stop regreession model greedy,True,46,71.10657715797424,467.6000934177503,51
5385_2.tex,non stop regreession model greedy,True,12,15.30147409439087,58.73183342374996,12
5754_1.tex,non stop regreession model greedy,True,4,5.902128219604492,12.322279790000067,4
5860_1.tex,non stop regreession model greedy,True,4,4.397705078125,23.92872037500002,4
5887_2.tex,non stop regreession model greedy,True,28,36.65068078041077,253.44543549850025,28
5925_1.tex,non stop regreession model greedy,True,5,6.146353244781494,27.05015219105016,5
6111_3.tex,non stop regreession model greedy,True,4,5.7509753704071045,8.09746670175005,4
6127_1.tex,non stop regreession model greedy,False,12,18.500881910324097,65.39662210732095,13
6217_2.tex,non stop regreession model greedy,True,16,17.958585262298584,94.71515886300016,16
6252_1.tex,non stop regreession model greedy,True,20,22.432674169540405,106.53457870607116,20
62909_3.tex,non stop regreession model greedy,True,15,17.570759057998657,73.25869872224793,15
62915_1.tex,non stop regreession model greedy,True,3,3.624680519104004,6.2925787499999615,3
62940_3.tex,non stop regreession model greedy,True,5,6.030498027801514,11.677183569200022,5
62992_1.tex,non stop regreession model greedy,True,15,29.99576473236084,68.9316766000002,15
63052_3.tex,non stop regreession model greedy,True,14,18.227211475372314,58.88872701099999,14
63063_1.tex,non stop regreession model greedy,True,12,15.677721500396729,46.50682762750003,12
63072_1.tex,non stop regreession model greedy,True,12,11.55954623222351,93.00563122500006,12
63117_3.tex,non stop regreession model greedy,True,16,19.993309020996094,75.9913269507502,16
63118_2.tex,non stop regreession model greedy,True,33,43.280757188797,350.7412301064136,33
63148_2.tex,non stop regreession model greedy,True,20,23.402052402496334,113.124298905,20
6330_3.tex,non stop regreession model greedy,True,12,14.73564076423645,82.5618348636,12
6342_1.tex,non stop regreession model greedy,True,24,30.930499792099,156.84086126156112,24
63451_2.tex,non stop regreession model greedy,True,48,67.30209517478943,328.2311718168266,48
63455_3.tex,non stop regreession model greedy,True,26,38.99336791038513,224.5142434780012,26
63488_3.tex,non stop regreession model greedy,True,11,15.150504112243652,57.78892543400001,11
63502_2.tex,non stop regreession model greedy,True,18,22.841031551361084,98.59081004299614,18
63532_1.tex,non stop regreession model greedy,True,16,21.111433744430546,118.1230198350004,16
6354_3.tex,non stop regreession model greedy,True,17,21.701837301254272,105.0391289610001,17
63576_2.tex,non stop regreession model greedy,False,7,8.375368118286133,39.39770101650507,8
63608_3.tex,non stop regreession model greedy,True,22,26.693256855010983,153.5035397301708,22
63609_2.tex,non stop regreession model greedy,True,43,57.46870970726013,403.9220867379997,43
63668_2.tex,non stop regreession model greedy,True,4,4.526546001434326,20.495771222999945,4
63783_3.tex,non stop regreession model greedy,True,9,11.118741035461426,42.35054571749996,9
63824_1.tex,non stop regreession model greedy,True,18,24.3718056678772,100.49424915101588,18
6387_3.tex,non stop regreession model greedy,True,19,23.8360435962677,148.66667065000013,37
6401_1.tex,non stop regreession model greedy,True,6,7.381079435348511,18.765559725000017,6
64069_2.tex,non stop regreession model greedy,True,16,19.34310293197632,101.49643830499998,16
64129_3.tex,non stop regreession model greedy,True,5,5.800495624542236,15.232492814999986,5
64150_1.tex,non stop regreession model greedy,False,15,21.87516927719116,85.14358794672009,16
64239_1.tex,non stop regreession model greedy,True,29,39.26073384284973,178.9312065977499,29
64252_2.tex,non stop regreession model greedy,True,7,8.46076774597168,29.01028061680005,7
64254_1.tex,non stop regreession model greedy,True,4,4.522151947021484,10.906815871799978,4
64443_2.tex,non stop regreession model greedy,False,13,20.331863403320312,64.47540078542362,14
64443_3.tex,non stop regreession model greedy,False,11,16.072561025619507,58.79756135479694,12
64453_3.tex,non stop regreession model greedy,True,22,29.907248735427856,122.95559097403758,22
64458_3.tex,non stop regreession model greedy,True,14,19.8876268863678,61.8841842958,14
64468_1.tex,non stop regreession model greedy,True,8,9.71051287651062,24.878190687600323,8
64485_2.tex,non stop regreession model greedy,True,8,11.19422459602356,43.650802824999886,8
64493_1.tex,non stop regreession model greedy,True,20,26.63114857673645,155.63369361875027,20
64493_2.tex,non stop regreession model greedy,False,12,15.317154169082642,73.37789885500013,13
64580_1.tex,non stop regreession model greedy,True,25,32.22551417350769,144.1208378464019,25
64602_2.tex,non stop regreession model greedy,True,20,27.29117703437805,178.1658980250005,20
64638_1.tex,non stop regreession model greedy,True,5,5.545660495758057,14.217820075000006,5
64671_1.tex,non stop regreession model greedy,True,14,17.579865217208862,69.44113463999999,14
64679_2.tex,non stop regreession model greedy,True,30,36.5128161907196,214.1181258920004,30
64744_1.tex,non stop regreession model greedy,False,21,26.829779386520386,127.24879224700004,22
64745_1.tex,non stop regreession model greedy,False,25,33.96162796020508,179.829150940296,26
65039_1.tex,non stop regreession model greedy,True,19,28.886613130569454,121.37204323500042,19
65081_2.tex,non stop regreession model greedy,False,14,22.48176002502441,79.16935187535631,15
65110_2.tex,non stop regreession model greedy,True,19,27.9509916305542,101.25015767032518,19
65271_2.tex,non stop regreession model greedy,True,9,10.16701364517212,65.68556406800002,9
65516_1.tex,non stop regreession model greedy,True,12,15.598933935165403,63.02197894438851,12
65549_1.tex,non stop regreession model greedy,True,15,18.14949679374695,70.31781518409623,15
65584_2.tex,non stop regreession model greedy,True,8,10.05275058746338,42.6307396700001,8
65623_3.tex,non stop regreession model greedy,True,11,16.547497987747192,53.84969351333349,11
65645_2.tex,non stop regreession model greedy,True,18,25.67362689971924,104.61847286237504,18
65670_3.tex,non stop regreession model greedy,True,7,9.317152976989746,42.32648713999989,7
65724_2.tex,non stop regreession model greedy,True,13,17.34164071083069,73.82364237449607,14
65752_3.tex,non stop regreession model greedy,True,9,10.99596881866455,42.578702342296125,9
65761_2.tex,non stop regreession model greedy,False,30,40.271462202072144,198.6242355120004,34
65777_2.tex,non stop regreession model greedy,True,10,11.020509719848633,76.0764752,10
65794_3.tex,non stop regreession model greedy,True,4,4.625390768051148,17.965611450000026,4
65816_2.tex,non stop regreession model greedy,True,3,3.25799560546875,9.107351971875024,3
65818_3.tex,non stop regreession model greedy,True,6,7.563973426818848,24.85864388439507,6
65826_2.tex,non stop regreession model greedy,False,14,20.07846975326538,60.45775116312089,15
65826_3.tex,non stop regreession model greedy,True,12,17.25620460510254,55.00897599399994,12
65866_1.tex,non stop regreession model greedy,True,19,24.67793154716492,115.10561454624998,19
65963_1.tex,non stop regreession model greedy,True,10,15.654656410217283,38.86273446139906,10
66087_1.tex,non stop regreession model greedy,True,14,21.03052067756653,94.91897420500004,14
66222_2.tex,non stop regreession model greedy,True,14,20.953303337097168,140.04558298000023,14
66264_2.tex,non stop regreession model greedy,False,20,32.98977780342102,167.14511357325028,21
66278_2.tex,non stop regreession model greedy,True,20,30.151101112365723,94.94736277344111,20
66316_1.tex,non stop regreession model greedy,True,21,34.39989876747131,163.3351090499998,21
66326_3.tex,non stop regreession model greedy,True,10,13.300482511520386,60.09524640000016,10
66333_1.tex,non stop regreession model greedy,True,11,13.51902723312378,49.52370475000032,11
66394_3.tex,non stop regreession model greedy,True,27,34.16011691093445,138.24136638645024,27
66619_2.tex,non stop regreession model greedy,True,21,29.09351372718811,144.00341757719715,21
66624_3.tex,non stop regreession model greedy,True,18,21.71696710586548,155.7581474702171,18
66625_2.tex,non stop regreession model greedy,False,10,13.748146772384644,58.47508027727359,11
66691_2.tex,non stop regreession model greedy,True,18,23.68934965133667,117.5661760960004,18
66697_3.tex,non stop regreession model greedy,False,19,27.07947301864624,155.1696064467501,20
66720_2.tex,non stop regreession model greedy,False,16,20.5568163394928,136.4207797739027,17
66741_2.tex,non stop regreession model greedy,False,18,24.836909294128414,118.36598415616666,19
66773_1.tex,non stop regreession model greedy,True,10,12.012697219848633,70.27634785500028,10
66791_3.tex,non stop regreession model greedy,False,26,38.22015070915222,190.71109498400736,27
66820_3.tex,non stop regreession model greedy,False,14,19.86450791358948,79.74045103803506,15
66842_3.tex,non stop regreession model greedy,True,31,39.306416034698486,223.70293000799995,31
66895_1.tex,non stop regreession model greedy,True,6,7.235540151596069,34.148786636000025,6
66922_3.tex,non stop regreession model greedy,True,36,45.82989740371704,324.5752630797504,36
67063_2.tex,non stop regreession model greedy,True,15,19.580058574676517,77.28030945550032,15
67134_1.tex,non stop regreession model greedy,False,16,23.146398305892944,138.2442825323662,17
67159_3.tex,non stop regreession model greedy,True,23,32.56433820724487,124.185072509525,23
67166_3.tex,non stop regreession model greedy,True,12,18.225476264953613,66.70898490544644,12
67197_1.tex,non stop regreession model greedy,True,16,24.39697313308716,131.9438481400001,16
67235_3.tex,non stop regreession model greedy,True,2,2.124397993087769,5.373264840000047,2
67247_1.tex,non stop regreession model greedy,True,26,44.001224756240845,183.9056498520009,26
67272_3.tex,non stop regreession model greedy,True,32,43.53415322303772,303.89018308884994,32
67276_2.tex,non stop regreession model greedy,True,17,21.447087049484253,75.48981797399999,17
67281_2.tex,non stop regreession model greedy,True,16,20.17813444137573,78.36474343840005,16
6731_3.tex,non stop regreession model greedy,False,19,25.815409421920776,200.0708045000001,20
67367_1.tex,non stop regreession model greedy,True,8,9.534370183944702,23.848473827,8
67405_3.tex,non stop regreession model greedy,True,22,24.655017137527462,272.1336719749997,22
67420_2.tex,non stop regreession model greedy,True,11,15.586633205413818,86.50688900000019,11
67423_3.tex,non stop regreession model greedy,True,14,17.73863196372986,83.95609631000022,14
6755_3.tex,non stop regreession model greedy,True,11,14.498903274536133,106.1080322090041,11
6791_2.tex,non stop regreession model greedy,True,9,11.217228412628174,55.62781201095202,9
6881_3.tex,non stop regreession model greedy,True,12,14.615145206451416,68.01401166706813,12
6897_1.tex,non stop regreession model greedy,True,26,32.829768657684326,239.2745976951624,26
6942_1.tex,non stop regreession model greedy,True,16,17.9515278339386,125.91650558875,16
6975_1.tex,non stop regreession model greedy,True,12,15.305563688278198,70.11184834629414,12
7342_2.tex,non stop regreession model greedy,True,28,41.30133008956909,170.72389436949769,28
7413_1.tex,non stop regreession model greedy,True,43,59.923030376434326,604.5956404145836,43
7539_3.tex,non stop regreession model greedy,True,34,45.58081269264221,255.6907500200205,34
7556_2.tex,non stop regreession model greedy,True,29,39.17496585845947,170.29203532930836,29
7774_1.tex,non stop regreession model greedy,True,12,16.718777418136597,57.36856603397507,12
7877_3.tex,non stop regreession model greedy,True,31,40.8655481338501,219.04361421787496,31
7880_2.tex,non stop regreession model greedy,True,22,32.53385877609253,225.93908894068664,22
7909_3.tex,non stop regreession model greedy,True,8,9.136445760726929,37.83556274999996,8
7919_3.tex,non stop regreession model greedy,True,18,21.00296425819397,122.03860430000024,18
7925_1.tex,non stop regreession model greedy,True,19,23.570250749588013,174.37517519640164,19
7977_1.tex,non stop regreession model greedy,True,36,58.68004655838013,328.3402467284972,36
7995_2.tex,non stop regreession model greedy,True,16,20.718451738357544,156.51936279999964,16
8019_2.tex,non stop regreession model greedy,True,4,4.875131368637085,16.863570343750013,4
8085_1.tex,non stop regreession model greedy,True,28,35.23642873764038,224.3956028997502,28
8373_1.tex,non stop regreession model greedy,True,17,23.85307645797729,143.93291166235002,17
8413_3.tex,non stop regreession model greedy,True,27,37.55927419662476,251.4422740714776,27
8481_1.tex,non stop regreession model greedy,True,22,29.923363208770752,198.74093033071176,22
8492_1.tex,non stop regreession model greedy,True,9,12.37778925895691,63.54302926825022,9
8531_2.tex,non stop regreession model greedy,True,9,12.928569793701172,44.626819102000056,9
858_2.tex,non stop regreession model greedy,True,14,19.764692068099976,88.04039332863822,15
8614_1.tex,non stop regreession model greedy,True,18,26.287317991256717,113.71640467306706,18
8621_2.tex,non stop regreession model greedy,True,31,41.63670492172241,241.97945527991143,31
8953_3.tex,non stop regreession model greedy,False,20,28.90445232391357,165.62988562597369,21
8954_1.tex,non stop regreession model greedy,True,3,4.0657126903533936,13.82222484500005,3
8959_1.tex,non stop regreession model greedy,True,12,17.388028144836426,63.317890465272654,12
9032_1.tex,non stop regreession model greedy,True,15,19.37431001663208,99.48094145476732,15
101767_1.tex,non stop regreession model greedy,True,23,27.09189319610596,192.27090657500108,23
101798_3.tex,non stop regreession model greedy,True,16,18.601007223129272,63.59413285810743,16
101813_1.tex,non stop regreession model greedy,True,17,19.483948945999146,80.39481863599993,17
101830_3.tex,non stop regreession model greedy,True,17,20.64658808708191,71.49523372306388,17
101836_2.tex,non stop regreession model greedy,True,23,27.73955273628235,130.33518767981417,23
101840_3.tex,non stop regreession model greedy,True,17,19.27497363090515,79.61444552500049,17
101918_1.tex,non stop regreession model greedy,True,18,20.46858286857605,88.65499759379995,18
101980_1.tex,non stop regreession model greedy,True,22,23.331374168396,164.02695269374996,22
102128_3.tex,non stop regreession model greedy,True,18,22.85806345939636,115.08169697040046,19
102227_1.tex,non stop regreession model greedy,True,14,16.587890625,105.38531001800064,14
102289_2.tex,non stop regreession model greedy,False,9,11.208265781402588,55.62865473000053,10
102320_3.tex,non stop regreession model greedy,False,9,12.390125274658203,52.531948213271015,10
102343_2.tex,non stop regreession model greedy,True,21,25.01877737045288,109.77129058699994,21
102358_1.tex,non stop regreession model greedy,True,13,16.635761499404907,58.44331653279988,13
102404_1.tex,non stop regreession model greedy,True,9,9.961863994598389,69.02737600500026,9
102419_3.tex,non stop regreession model greedy,True,15,16.52329397201538,93.59748615500054,15
102428_3.tex,non stop regreession model greedy,True,7,7.726378917694092,52.41264538124,7
102467_3.tex,non stop regreession model greedy,True,8,9.492080688476562,38.49507855400014,8
102489_2.tex,non stop regreession model greedy,True,53,62.9364128112793,458.7979347425602,53
102564_3.tex,non stop regreession model greedy,False,24,27.153798818588257,155.63186733224595,25
102740_2.tex,non stop regreession model greedy,True,9,10.24407720565796,59.01304842500002,12
102797_2.tex,non stop regreession model greedy,False,41,51.54939866065979,2346.2074037245443,41
102798_3.tex,non stop regreession model greedy,True,16,19.98554992675781,73.24904405860005,16
102819_1.tex,non stop regreession model greedy,True,14,15.975091934204102,104.678976065,17
102919_2.tex,non stop regreession model greedy,True,26,31.590845108032227,226.87798941200032,27
102931_1.tex,non stop regreession model greedy,True,5,5.095132350921631,14.996017864999985,5
103028_3.tex,non stop regreession model greedy,True,33,38.01621985435486,237.4053042356001,33
103042_1.tex,non stop regreession model greedy,True,13,14.041257858276367,94.54063279999998,13
103050_3.tex,non stop regreession model greedy,False,7,9.07098126411438,22.251256115000032,8
103074_3.tex,non stop regreession model greedy,False,15,17.21226668357849,72.54687013300007,16
103090_3.tex,non stop regreession model greedy,True,34,38.68721342086792,339.92631293675,34
103099_2.tex,non stop regreession model greedy,True,37,40.6731641292572,271.0675009766905,37
103230_2.tex,non stop regreession model greedy,True,11,14.011444091796877,35.63887625917002,11
103240_3.tex,non stop regreession model greedy,True,22,26.90177822113037,137.8114530254287,22
103257_2.tex,non stop regreession model greedy,True,15,18.559288024902344,110.57727101499997,15
103265_1.tex,non stop regreession model greedy,True,16,18.29861640930176,104.60599784125004,16
103316_2.tex,non stop regreession model greedy,True,18,21.066421270370483,135.17274033300134,18
103318_1.tex,non stop regreession model greedy,True,14,16.571528673171997,76.13738105000002,14
103322_3.tex,non stop regreession model greedy,True,21,25.44534111022949,190.8175286704913,21
103421_3.tex,non stop regreession model greedy,True,27,31.904269695281982,169.72964551868628,27
103466_1.tex,non stop regreession model greedy,True,13,13.829097986221312,90.83209843999992,13
103486_1.tex,non stop regreession model greedy,True,20,24.219655513763428,125.06972274000026,20
103495_2.tex,non stop regreession model greedy,True,11,12.031745433807371,51.97253711500011,11
103524_3.tex,non stop regreession model greedy,True,12,13.159360885620115,55.341674650000144,12
103600_3.tex,non stop regreession model greedy,True,15,15.811854362487791,88.3333413187504,15
103623_2.tex,non stop regreession model greedy,True,14,16.659789323806763,59.18889323679996,14
103935_1.tex,non stop regreession model greedy,True,22,26.070504426956177,320.7266948407774,22
103943_1.tex,non stop regreession model greedy,True,38,49.64463233947754,232.62678633427092,38
103952_2.tex,non stop regreession model greedy,True,17,22.99964714050293,212.23034497899997,17
103984_3.tex,non stop regreession model greedy,True,28,36.89881944656372,251.76465486637545,28
104017_1.tex,non stop regreession model greedy,True,9,9.221530437469482,50.99897841000053,9
104024_2.tex,non stop regreession model greedy,True,18,19.70831537246704,180.18567611999973,18
104028_3.tex,non stop regreession model greedy,False,11,13.010682821273804,70.16448343000016,12
104093_2.tex,non stop regreession model greedy,True,16,18.132182836532596,76.17279416120905,16
104095_2.tex,non stop regreession model greedy,True,19,21.806681156158447,109.16063542555028,19
104098_1.tex,non stop regreession model greedy,True,37,46.37520337104797,344.0824913062464,37
104128_1.tex,non stop regreession model greedy,True,9,9.31811547279358,61.45475302999972,9
104154_3.tex,non stop regreession model greedy,True,7,7.297476053237915,30.11493986119508,7
104167_2.tex,non stop regreession model greedy,True,5,5.112987279891968,26.036758457275063,5
104200_2.tex,non stop regreession model greedy,True,28,31.061203718185425,269.27828756475,28
104289_1.tex,non stop regreession model greedy,True,26,31.72474575042725,184.91148729300104,32
104314_2.tex,non stop regreession model greedy,True,16,21.262498378753666,113.84041649527715,20
104420_1.tex,non stop regreession model greedy,True,16,19.73824143409729,92.7371592488983,16
104428_3.tex,non stop regreession model greedy,True,9,10.220699787139893,37.03679325600013,9
104434_1.tex,non stop regreession model greedy,True,18,21.96831488609314,82.119956934757,18
104470_1.tex,non stop regreession model greedy,True,13,14.339269399642944,98.03148506000048,13
104481_3.tex,non stop regreession model greedy,True,23,26.18082880973816,202.2577393040903,23
104540_2.tex,non stop regreession model greedy,True,17,18.93083333969116,75.82305187641443,17
104557_3.tex,non stop regreession model greedy,True,13,13.59760856628418,101.19474565000068,13
104566_3.tex,non stop regreession model greedy,True,26,29.814053773880005,335.77184675625,26
104585_3.tex,non stop regreession model greedy,True,1,0.8664438724517822,3.7007706800000335,1
104598_1.tex,non stop regreession model greedy,True,19,21.45729398727417,148.08307932476026,19
104601_1.tex,non stop regreession model greedy,True,17,18.59098744392395,109.26133432668612,17
104608_3.tex,non stop regreession model greedy,True,19,21.970805168151852,101.19800191625072,19
104651_1.tex,non stop regreession model greedy,False,19,22.35018825531006,92.90132603605416,20
104678_3.tex,non stop regreession model greedy,False,10,11.726652145385742,44.35963513000013,11
104686_2.tex,non stop regreession model greedy,True,19,21.912865161895752,129.9382259312501,19
104715_2.tex,non stop regreession model greedy,False,25,27.893503665924072,145.20643953850026,26
104841_1.tex,non stop regreession model greedy,True,15,19.375876903533936,82.32405980125004,15
104916_1.tex,non stop regreession model greedy,True,14,15.863417387008669,120.6730138800001,14
104973_2.tex,non stop regreession model greedy,True,20,23.534674167633057,113.44930010355044,20
104988_1.tex,non stop regreession model greedy,True,17,18.648198127746586,207.9680916437497,17
105006_2.tex,non stop regreession model greedy,True,14,16.015717267990112,117.6540417800002,14
105030_2.tex,non stop regreession model greedy,True,9,9.871407985687256,28.41819210000048,9
105062_3.tex,non stop regreession model greedy,True,13,14.8713538646698,67.3124469244961,13
105080_2.tex,non stop regreession model greedy,True,14,15.938737630844116,72.74883465700012,14
105135_1.tex,non stop regreession model greedy,True,24,28.59511637687683,177.2876709441213,24
105162_3.tex,non stop regreession model greedy,True,18,20.566014766693115,126.47923633600004,18
105175_1.tex,non stop regreession model greedy,True,28,32.92785882949829,200.96982490225247,28
105216_3.tex,non stop regreession model greedy,True,19,20.45605731010437,132.9064167437504,19
105234_2.tex,non stop regreession model greedy,True,21,24.11204195022583,144.287661152414,21
105269_1.tex,non stop regreession model greedy,True,19,19.76856017112732,91.67006817850007,19
105284_2.tex,non stop regreession model greedy,True,48,53.95030474662781,344.4212773812254,48
105470_1.tex,non stop regreession model greedy,True,21,25.576430320739743,201.4377899805112,62
105500_3.tex,non stop regreession model greedy,True,19,25.62572240829468,111.82103833125042,19
105544_1.tex,non stop regreession model greedy,True,12,13.598275184631348,128.56679841999988,12
105551_3.tex,non stop regreession model greedy,False,12,16.00357985496521,81.74964921000016,13
105553_1.tex,non stop regreession model greedy,True,16,16.67217516899109,146.2421470040701,16
58175_3.tex,non stop regreession model greedy,True,11,11.621980905532835,46.20433270262494,11
58206_2.tex,non stop regreession model greedy,True,39,44.1867561340332,341.50696961500034,39
58211_3.tex,non stop regreession model greedy,True,43,49.33167266845703,311.0380103976752,43
58234_1.tex,non stop regreession model greedy,False,11,14.191153287887571,73.38480381249994,12
58246_3.tex,non stop regreession model greedy,True,21,21.99701499938965,151.31545751250016,21
58253_1.tex,non stop regreession model greedy,True,19,20.742865085601807,87.42029973399991,19
58276_2.tex,non stop regreession model greedy,True,13,13.568454027175903,65.9565774675002,13
58281_3.tex,non stop regreession model greedy,True,44,49.21653389930725,371.4003621182501,45
58302_1.tex,non stop regreession model greedy,True,37,42.09604215621948,324.99548572900034,37
58583_2.tex,non stop regreession model greedy,True,19,22.860936403274536,219.0924225900249,19
58598_1.tex,non stop regreession model greedy,True,11,12.590389490127563,74.49845238233661,11
58626_3.tex,non stop regreession model greedy,True,19,22.312483310699463,121.74470646177168,19
58630_2.tex,non stop regreession model greedy,True,7,8.237798690795898,33.06158071239995,7
58671_2.tex,non stop regreession model greedy,True,4,3.996853828430176,22.388187470000148,4
58724_3.tex,non stop regreession model greedy,True,20,23.08237671852112,206.447233080194,20
58725_3.tex,non stop regreession model greedy,True,22,27.069099187850952,220.369713456432,22
58744_2.tex,non stop regreession model greedy,True,2,1.968445301055908,9.701541152759964,2
58765_1.tex,non stop regreession model greedy,False,3,3.9857118129730233,21.334810593749975,4
58775_3.tex,non stop regreession model greedy,True,14,14.538997888565063,142.9719767037501,14
58807_2.tex,non stop regreession model greedy,True,32,37.57750415802002,313.34859583983666,32
58816_1.tex,non stop regreession model greedy,True,17,18.08109211921692,139.47958124900032,17
58844_2.tex,non stop regreession model greedy,True,27,29.27567458152771,229.56203466475017,27
59024_1.tex,non stop regreession model greedy,True,6,6.951553583145142,31.08922195425769,6
59055_2.tex,non stop regreession model greedy,True,15,17.837129831314087,84.36367857175773,15
59234_3.tex,non stop regreession model greedy,False,4,5.625617265701294,13.649206560500003,5
59236_3.tex,non stop regreession model greedy,True,12,13.744719982147217,64.161383471,12
59290_3.tex,non stop regreession model greedy,True,27,30.59080219268799,204.79893168567503,27
59321_3.tex,non stop regreession model greedy,True,27,29.235289812088013,305.8927477625013,27
59342_2.tex,non stop regreession model greedy,False,2,3.302931308746338,3.703607080000012,3
59345_3.tex,non stop regreession model greedy,True,9,9.78312611579895,41.53756337800026,9
59356_1.tex,non stop regreession model greedy,True,21,22.536114931106567,142.95262854800066,21
59399_2.tex,non stop regreession model greedy,True,18,19.72577118873596,82.26643104250024,18
59609_3.tex,non stop regreession model greedy,True,8,9.119574546813965,27.04266291499995,8
59685_1.tex,non stop regreession model greedy,True,18,21.324013471603397,101.25728180440012,18
59721_2.tex,non stop regreession model greedy,True,28,34.02509140968323,183.55722007000008,28
59739_2.tex,non stop regreession model greedy,True,13,15.41953420639038,96.68241760000004,13
59765_1.tex,non stop regreession model greedy,True,19,20.822357654571533,136.1383648379997,19
59768_3.tex,non stop regreession model greedy,True,26,31.15776538848877,286.435971318,26
59795_1.tex,non stop regreession model greedy,True,7,7.202786684036255,23.63264268980001,7
59872_1.tex,non stop regreession model greedy,True,5,5.044275999069214,28.800914713496024,5
59885_3.tex,non stop regreession model greedy,True,4,4.054353713989258,11.9011196,4
59886_1.tex,non stop regreession model greedy,True,21,23.94661355018616,152.71315323500005,21
59889_1.tex,non stop regreession model greedy,True,14,14.66984796524048,65.60063212900016,14
59910_3.tex,non stop regreession model greedy,True,14,15.252532482147217,59.70501628270704,14
60111_2.tex,non stop regreession model greedy,True,7,7.909834861755371,37.132223341270965,7
60135_3.tex,non stop regreession model greedy,False,14,17.863959312438965,120.58669169893896,15
60187_3.tex,non stop regreession model greedy,True,20,24.391627311706543,249.18835993124995,21
60226_3.tex,non stop regreession model greedy,True,9,9.582687139511108,58.68809505175051,9
60273_3.tex,non stop regreession model greedy,True,13,14.629209995269775,100.94141627000003,13
60322_1.tex,non stop regreession model greedy,True,7,7.488589525222778,39.071988411240056,7
60377_3.tex,non stop regreession model greedy,False,14,16.78530478477478,154.22049065500025,15
60404_2.tex,non stop regreession model greedy,True,21,23.531996488571167,147.89244586999996,21
60425_2.tex,non stop regreession model greedy,False,6,7.728483200073242,29.160474421000007,7
60657_2.tex,non stop regreession model greedy,True,10,11.275293827056885,62.414805656000006,10
60659_3.tex,non stop regreession model greedy,True,5,5.489555597305298,16.316151,5
60689_2.tex,non stop regreession model greedy,True,19,22.311945915222168,115.665365002641,19
60774_2.tex,non stop regreession model greedy,False,9,12.182222127914429,52.07315080302581,10
60785_1.tex,non stop regreession model greedy,True,22,25.40680742263794,150.56075019659988,22
60836_3.tex,non stop regreession model greedy,True,12,12.836947441101074,67.85720899999993,12
60865_1.tex,non stop regreession model greedy,True,31,33.956130027771,289.11460231165034,65
60914_2.tex,non stop regreession model greedy,True,15,15.926414251327516,236.55348615000003,15
60950_2.tex,non stop regreession model greedy,True,9,9.009019613265991,53.12579049999998,9
60966_1.tex,non stop regreession model greedy,True,3,3.162559747695923,6.981839564999973,3
60967_3.tex,non stop regreession model greedy,True,25,27.738317012786865,252.01569514874987,25
60972_2.tex,non stop regreession model greedy,True,28,30.230249881744385,231.04915419825016,28
60987_3.tex,non stop regreession model greedy,False,11,13.109201908111572,45.67390961900001,12
61011_3.tex,non stop regreession model greedy,True,9,9.731033563613892,41.26721662374997,9
61122_2.tex,non stop regreession model greedy,True,8,9.646393060684204,30.45778148150501,8
61191_3.tex,non stop regreession model greedy,False,19,25.613046884536743,131.7714900401933,20
61231_3.tex,non stop regreession model greedy,True,6,6.590242147445679,19.133123161000157,6
61257_1.tex,non stop regreession model greedy,True,9,9.90123438835144,66.35239704999994,9
61290_3.tex,non stop regreession model greedy,True,26,31.756498098373413,166.31480702300107,26
61291_2.tex,non stop regreession model greedy,True,1,0.8693335056304932,0.0,1
61327_2.tex,non stop regreession model greedy,True,12,13.606140613555908,46.00554616299989,12
61456_1.tex,non stop regreession model greedy,True,12,13.24779224395752,141.81955763125,12
61470_3.tex,non stop regreession model greedy,True,5,5.33503532409668,15.830258099999996,5
61520_2.tex,non stop regreession model greedy,True,19,20.40674901008606,122.14698364324995,19
61529_1.tex,non stop regreession model greedy,True,17,19.625354528427124,84.97934834435905,17
61811_3.tex,non stop regreession model greedy,True,7,7.558588743209839,46.24180088000004,7
61837_3.tex,non stop regreession model greedy,True,21,23.25656533241272,160.7358327643505,21
61847_2.tex,non stop regreession model greedy,True,8,8.678081274032593,53.28355465100015,8
61861_2.tex,non stop regreession model greedy,False,8,9.71330189704895,44.35864981975274,9
61869_1.tex,non stop regreession model greedy,True,16,18.95889449119568,121.19637111812544,16
61873_3.tex,non stop regreession model greedy,True,17,18.838510751724243,100.5026555525999,17
61947_1.tex,non stop regreession model greedy,False,21,24.57902479171753,157.65990290575024,22
62000_3.tex,non stop regreession model greedy,True,29,32.950400590896606,431.0769631274997,29
62039_2.tex,non stop regreession model greedy,True,3,2.905384063720703,17.524174404000053,3
62051_1.tex,non stop regreession model greedy,True,20,23.308873176574707,148.1811550341003,20
62093_3.tex,non stop regreession model greedy,True,4,4.15442681312561,16.980644410000018,4
62269_3.tex,non stop regreession model greedy,False,12,14.86466097831726,85.71195260566793,13
62278_3.tex,non stop regreession model greedy,False,14,19.443582773208615,100.12258182078804,15
62355_1.tex,non stop regreession model greedy,True,12,15.51873254776001,76.68567813400006,12
62384_1.tex,non stop regreession model greedy,True,18,20.49099040031433,107.99558446817632,18
62459_1.tex,non stop regreession model greedy,True,27,29.22709918022156,138.81695785000096,27
62486_2.tex,non stop regreession model greedy,False,24,28.43756127357483,251.2066213305341,25
62495_1.tex,non stop regreession model greedy,True,7,7.507432460784912,35.12619907500004,7
62569_3.tex,non stop regreession model greedy,True,14,14.244704008102415,82.94132818149605,14
62574_3.tex,non stop regreession model greedy,True,8,8.3150053024292,34.4713453310925,8
62742_2.tex,non stop regreession model greedy,True,20,26.36284756660461,92.34518352777464,20
62804_1.tex,non stop regreession model greedy,True,10,12.204584121704102,33.569396457500176,10
105570_3.tex,non stop regreession model greedy,True,11,13.860272884368896,58.93742369499998,11
105582_1.tex,non stop regreession model greedy,True,12,15.16973876953125,71.71250808530012,12
105592_3.tex,non stop regreession model greedy,False,8,11.922986030578612,45.46207247103044,9
105603_1.tex,non stop regreession model greedy,True,11,14.272279739379885,51.936188403200255,11
105631_2.tex,non stop regreession model greedy,True,15,19.256285190582275,153.3498784800001,15
105637_2.tex,non stop regreession model greedy,True,10,13.466052532196043,77.37120676000092,10
105646_2.tex,non stop regreession model greedy,True,8,11.107081174850464,58.28856613000044,8
105646_3.tex,non stop regreession model greedy,True,13,16.26528787612915,82.33703124750028,13
105650_1.tex,non stop regreession model greedy,True,14,16.74747109413147,107.31016892999996,14
105703_2.tex,non stop regreession model greedy,True,7,8.190371036529541,36.38724564400006,7
105744_3.tex,non stop regreession model greedy,True,12,15.022647380828856,91.25392950499985,12
105760_2.tex,non stop regreession model greedy,True,21,27.23873353004456,167.2775191600005,21
105760_3.tex,non stop regreession model greedy,True,16,19.234495878219604,94.22951733000048,16
105787_1.tex,non stop regreession model greedy,True,16,21.007565021514893,99.00042509700005,16
105831_2.tex,non stop regreession model greedy,True,21,26.340261936187744,104.63767724075014,21
105835_3.tex,non stop regreession model greedy,False,34,47.35162901878357,249.765641328639,35
105930_3.tex,non stop regreession model greedy,True,20,30.45591926574707,165.60590099502588,34
105989_3.tex,non stop regreession model greedy,True,16,21.82708501815796,104.79607189112492,16
106011_3.tex,non stop regreession model greedy,True,32,44.02322363853455,550.6784028095485,32
106013_1.tex,non stop regreession model greedy,True,12,15.468952178955078,73.27762376851008,12
106017_3.tex,non stop regreession model greedy,True,15,19.805848836898804,75.82744392700113,18
106072_2.tex,non stop regreession model greedy,True,12,16.242675065994263,130.72365395000006,12
106108_1.tex,non stop regreession model greedy,True,19,24.933107137680054,132.16397850674986,19
106122_3.tex,non stop regreession model greedy,True,16,21.00119972229004,107.09182007941422,16
106160_1.tex,non stop regreession model greedy,True,15,18.410419702529907,71.92900153465072,15
106199_3.tex,non stop regreession model greedy,True,24,28.91239142417908,158.85327474000056,24
106210_3.tex,non stop regreession model greedy,True,10,12.100295305252075,44.59902000400005,10
106270_3.tex,non stop regreession model greedy,True,33,42.04576468467712,264.63822689798786,33
106328_3.tex,non stop regreession model greedy,True,10,13.325345516204834,58.935132122000105,10
106334_2.tex,non stop regreession model greedy,True,37,49.766902446746826,289.54233148580005,37
106346_2.tex,non stop regreession model greedy,True,16,20.099786043167114,73.61405159412078,16
106359_3.tex,non stop regreession model greedy,False,22,34.420711278915405,123.55708034250002,23
106364_1.tex,non stop regreession model greedy,True,15,19.588122844696045,73.40637350525009,15
106364_3.tex,non stop regreession model greedy,True,18,23.048722982406616,78.57078550626804,18
106436_3.tex,non stop regreession model greedy,True,17,24.665762662887573,85.01207699011478,17
106442_2.tex,non stop regreession model greedy,True,13,19.59998250007629,72.82074388084929,20
106487_2.tex,non stop regreession model greedy,True,13,17.925316333770752,51.90654328150041,13
106527_1.tex,non stop regreession model greedy,True,19,29.281941652297974,152.67987607040408,19
106571_3.tex,non stop regreession model greedy,True,20,27.766123056411743,81.00525483394412,20
106581_2.tex,non stop regreession model greedy,True,17,23.67865252494812,69.10547312107113,17
106583_1.tex,non stop regreession model greedy,True,29,43.27504920959473,169.07356401295092,29
106599_2.tex,non stop regreession model greedy,True,14,20.454994916915894,114.21289507499986,14
106645_3.tex,non stop regreession model greedy,True,14,17.199748754501343,70.6652122080004,14
106685_2.tex,non stop regreession model greedy,True,6,7.802835702896118,12.631450969400165,6
106711_3.tex,non stop regreession model greedy,True,8,10.368916034698486,30.58717282499989,8
106715_1.tex,non stop regreession model greedy,True,27,36.8212947845459,214.94887972999976,27
106754_3.tex,non stop regreession model greedy,True,17,24.09259986877441,98.46443888900012,17
106785_1.tex,non stop regreession model greedy,False,21,31.72570037841797,95.90689057402518,22
106794_3.tex,non stop regreession model greedy,True,12,15.034775495529177,50.12135280800028,12
106865_3.tex,non stop regreession model greedy,True,26,33.46797490119934,150.52898136400012,26
106878_2.tex,non stop regreession model greedy,True,43,58.08102464675903,352.6792965139997,43
106890_2.tex,non stop regreession model greedy,False,33,47.105363607406616,301.1061779860005,34
106900_3.tex,non stop regreession model greedy,False,28,40.75261640548706,170.52188354899977,29
107151_1.tex,non stop regreession model greedy,True,16,25.54646062850952,140.50036693000055,16
107151_3.tex,non stop regreession model greedy,True,21,31.79147458076477,153.373629755,21
107182_1.tex,non stop regreession model greedy,True,5,7.999570608139038,31.19671167612002,5
107209_2.tex,non stop regreession model greedy,True,16,20.339295148849487,107.19823979724984,16
107217_3.tex,non stop regreession model greedy,True,5,6.056312322616577,24.269938944528075,5
107283_2.tex,non stop regreession model greedy,True,16,21.19300413131714,115.8422150829998,16
107300_1.tex,non stop regreession model greedy,True,1,0.9631729125976562,7.301946920000006,1
107337_1.tex,non stop regreession model greedy,True,15,20.2622344493866,89.69699805668597,15
107372_1.tex,non stop regreession model greedy,False,20,31.560192108154297,172.87000646249987,21
107400_2.tex,non stop regreession model greedy,True,15,24.949339866638184,99.96751236175,15
107448_3.tex,non stop regreession model greedy,True,19,24.802120447158813,104.72214901800028,19
107487_3.tex,non stop regreession model greedy,True,7,9.086570978164673,34.709071780000095,7
107555_1.tex,non stop regreession model greedy,True,30,45.37827920913696,267.4177656808997,30
107593_2.tex,non stop regreession model greedy,True,24,33.707337379455566,184.1406209050001,26
107631_1.tex,non stop regreession model greedy,True,10,14.337895154953005,45.46423429200049,10
107651_2.tex,non stop regreession model greedy,True,20,27.11965489387512,116.44377426318992,20
107672_3.tex,non stop regreession model greedy,True,19,25.04519915580749,95.21260471000164,19
107697_1.tex,non stop regreession model greedy,False,12,18.933899402618408,67.57775089750041,13
107711_3.tex,non stop regreession model greedy,True,11,13.64698576927185,57.44083220500049,11
107714_2.tex,non stop regreession model greedy,True,11,15.802154779434204,90.17293921590704,11
107717_3.tex,non stop regreession model greedy,True,25,32.85844373703003,216.42630868299983,25
107741_3.tex,non stop regreession model greedy,True,14,20.19227695465088,80.63362724971401,14
107749_1.tex,non stop regreession model greedy,True,16,22.70403242111206,84.03896093639754,16
107769_3.tex,non stop regreession model greedy,True,17,24.503838062286377,70.49143934035735,17
107785_1.tex,non stop regreession model greedy,True,11,11.572774171829224,87.87574769000007,11
107861_2.tex,non stop regreession model greedy,True,2,2.431941270828247,5.021515364149991,2
107899_2.tex,non stop regreession model greedy,True,26,35.53058075904846,179.65159058999984,26
107917_3.tex,non stop regreession model greedy,True,2,3.0798397064208984,2.799304580000026,2
107934_3.tex,non stop regreession model greedy,False,14,21.378888607025143,63.702198824759925,15
107966_1.tex,non stop regreession model greedy,False,12,17.240400314331055,54.24078471447105,13
108064_2.tex,non stop regreession model greedy,True,11,16.556310415267944,57.333209674875874,11
108092_3.tex,non stop regreession model greedy,False,23,38.76992559432984,116.00622234879816,24
108130_3.tex,non stop regreession model greedy,True,11,14.349305629730225,82.39048229999989,11
108170_2.tex,non stop regreession model greedy,True,11,15.07387351989746,48.578408281000414,11
108175_1.tex,non stop regreession model greedy,True,22,34.9408860206604,119.94945415370005,22
108183_3.tex,non stop regreession model greedy,True,19,29.02709722518921,106.7567979882499,19
108207_2.tex,non stop regreession model greedy,True,20,28.94522428512573,95.77876580634997,20
108229_3.tex,non stop regreession model greedy,True,17,21.537816047668457,127.40856120000018,17
108232_2.tex,non stop regreession model greedy,True,12,17.73430371284485,61.21608922499998,12
108245_1.tex,non stop regreession model greedy,True,13,16.971439123153687,75.22333801250025,13
108266_2.tex,non stop regreession model greedy,True,19,26.902312994003296,107.10666972400008,19
108314_2.tex,non stop regreession model greedy,True,6,7.758166790008545,19.001855620000008,6
108326_2.tex,non stop regreession model greedy,False,6,9.904218673706056,17.54829402499999,7
108339_3.tex,non stop regreession model greedy,True,18,29.92171287536621,114.49412185000077,18
108344_2.tex,non stop regreession model greedy,True,21,29.530003547668457,138.1634214250004,21
108384_1.tex,non stop regreession model greedy,False,30,42.45159578323364,212.77786276500015,31
108386_2.tex,non stop regreession model greedy,True,16,21.570603132247925,81.31386236700033,16
108417_1.tex,non stop regreession model greedy,True,11,14.694900274276732,40.03430911452509,11
108425_3.tex,non stop regreession model greedy,False,27,39.45807337760925,177.73796168847002,28
108428_1.tex,non stop regreession model greedy,True,45,69.25839138031006,360.37630096130016,45
108499_3.tex,non stop regreession model greedy,True,43,68.31968212127686,372.1457594477112,43
108508_3.tex,non stop regreession model greedy,True,5,6.485907554626465,19.733042314999977,5
108610_3.tex,non stop regreession model greedy,True,11,16.119218587875366,65.561715115,11
108675_2.tex,non stop regreession model greedy,True,16,28.99061417579651,167.83950198500077,16
108679_2.tex,non stop regreession model greedy,True,7,10.362180709838867,39.2595741500002,7
108716_3.tex,non stop regreession model greedy,True,15,22.9846248626709,99.32476928100108,15
108735_3.tex,non stop regreession model greedy,True,20,32.222158670425415,114.3638578362003,20
108789_1.tex,non stop regreession model greedy,True,17,24.103337049484253,102.8055634250006,17
108812_2.tex,non stop regreession model greedy,True,20,28.864795684814453,176.85919987300025,20
108832_2.tex,non stop regreession model greedy,True,9,12.280924081802368,46.15633069899998,9
108850_2.tex,non stop regreession model greedy,True,11,16.310372829437256,93.91557150951998,11
108914_3.tex,non stop regreession model greedy,True,14,19.06319093704224,87.61765305200026,14
108929_2.tex,non stop regreession model greedy,True,30,39.77563428878784,221.9693128166677,30
108936_3.tex,non stop regreession model greedy,True,7,8.044787645339966,35.61543536680007,7
109008_3.tex,non stop regreession model greedy,False,19,23.946613788604736,177.28226054474996,20
109031_2.tex,non stop regreession model greedy,True,19,28.291848182678223,122.27963782825007,19
109036_2.tex,non stop regreession model greedy,False,28,45.1036524772644,229.3263991545003,29
109145_1.tex,non stop regreession model greedy,True,26,40.059043645858765,281.8974396792514,26
109168_1.tex,non stop regreession model greedy,True,26,39.83344912528992,277.98500774715563,26
109219_3.tex,non stop regreession model greedy,True,1,0.9593899250030518,5.504261079999992,1
109244_1.tex,non stop regreession model greedy,True,22,36.38068628311157,157.62707109439953,29
109323_3.tex,non stop regreession model greedy,True,14,19.498894214630127,65.20095071500069,14
109329_3.tex,non stop regreession model greedy,True,19,28.004672050476078,121.38459675875087,19
109339_3.tex,non stop regreession model greedy,True,23,34.12255573272705,149.60070968799977,23
109350_3.tex,non stop regreession model greedy,True,17,23.45282554626465,88.81681764909258,17
109413_1.tex,non stop regreession model greedy,True,10,12.809305906295776,51.85224246499991,10
109416_2.tex,non stop regreession model greedy,True,6,8.779253482818604,21.792947640000023,6
109542_3.tex,non stop regreession model greedy,True,10,14.869067668914797,48.11947360000006,10
109579_1.tex,non stop regreession model greedy,False,27,37.27678966522217,174.96091208300015,28
109759_2.tex,non stop regreession model greedy,True,14,20.392951488494877,94.9617338500016,14
109761_2.tex,non stop regreession model greedy,True,21,29.876131057739254,128.80148882500038,21
109773_1.tex,non stop regreession model greedy,True,18,25.25852060317993,124.79809915299997,18
109829_1.tex,non stop regreession model greedy,True,24,34.872742891311646,120.71282838340082,24
109834_1.tex,non stop regreession model greedy,True,19,26.33992862701416,94.68233708634996,19
109852_3.tex,non stop regreession model greedy,True,11,15.081214904785156,55.09366791499996,11
109874_2.tex,non stop regreession model greedy,True,18,27.171491861343384,184.29421454275,18
109880_2.tex,non stop regreession model greedy,True,10,14.544190645217896,41.347474714999926,10
109880_3.tex,non stop regreession model greedy,True,16,22.907490491867065,76.09587330299993,16
109890_2.tex,non stop regreession model greedy,True,13,17.333694458007812,53.705360766999874,13
109904_2.tex,non stop regreession model greedy,True,26,38.39593768119812,140.5203451817074,26
109910_3.tex,non stop regreession model greedy,True,12,17.32120656967163,39.8921856204,12
109911_2.tex,non stop regreession model greedy,True,15,20.49239468574524,75.47583925000023,15
109974_1.tex,non stop regreession model greedy,True,12,18.27916431427002,60.64607290000002,12
110069_1.tex,non stop regreession model greedy,True,13,17.39063334465027,60.07294479000019,13
110087_1.tex,non stop regreession model greedy,True,16,20.465522050857544,74.62963606600005,16
110099_3.tex,non stop regreession model greedy,True,15,18.80222487449646,62.51412365050006,15
110258_1.tex,non stop regreession model greedy,True,8,12.268999814987184,52.50308285924862,8
110259_3.tex,non stop regreession model greedy,True,15,22.65526795387268,108.46641055900068,15
110264_1.tex,non stop regreession model greedy,True,9,13.09416913986206,50.65250395765216,9
110264_3.tex,non stop regreession model greedy,True,13,19.918426513671875,61.37377299941396,13
110329_3.tex,non stop regreession model greedy,True,13,18.65241026878357,98.9281542730006,16
110337_1.tex,non stop regreession model greedy,True,9,12.120571851730348,50.343706133000005,9
110402_1.tex,non stop regreession model greedy,True,14,20.23521590232849,118.30524369000076,14
110445_3.tex,non stop regreession model greedy,True,22,32.152167320251465,146.7023902893213,22
110461_3.tex,non stop regreession model greedy,True,15,19.25494074821472,77.17710418280048,15
110501_2.tex,non stop regreession model greedy,True,12,15.394696235656738,99.4134920300008,12
110554_1.tex,non stop regreession model greedy,True,23,32.105449199676514,209.99047584175017,23
110658_3.tex,non stop regreession model greedy,True,37,51.028648853302,405.3275946119998,37
110669_1.tex,non stop regreession model greedy,True,9,14.753808498382568,41.75903348905905,9
110682_3.tex,non stop regreession model greedy,True,32,49.20901918411255,274.9752627715001,56
110694_3.tex,non stop regreession model greedy,True,11,14.429122924804688,64.35670350199995,11
110735_1.tex,non stop regreession model greedy,True,19,28.608486890792847,160.8878260162505,19
110789_1.tex,non stop regreession model greedy,True,25,39.13806819915772,151.63706062969456,25
111019_1.tex,non stop regreession model greedy,True,30,44.10758328437805,238.64066492992865,30
111128_2.tex,non stop regreession model greedy,True,51,75.41065382957458,610.509489971914,51
111158_2.tex,non stop regreession model greedy,True,19,25.987637519836422,168.63413084375026,19
111199_1.tex,non stop regreession model greedy,False,25,32.380706787109375,130.77141782800015,26
111212_1.tex,non stop regreession model greedy,True,13,14.636006355285645,55.613623684171095,13
111263_2.tex,non stop regreession model greedy,True,21,33.417444944381714,258.436677195,21
111273_1.tex,non stop regreession model greedy,True,14,19.163211345672607,72.75205970000077,14
111306_2.tex,non stop regreession model greedy,True,15,21.849546909332275,93.72800902599975,15
111342_2.tex,non stop regreession model greedy,True,11,14.511398077011108,37.60203643499192,11
111416_1.tex,non stop regreession model greedy,True,16,22.988296031951904,73.93944989300012,16
111546_1.tex,non stop regreession model greedy,True,24,34.118123292922974,126.93838619100048,24
111584_3.tex,non stop regreession model greedy,True,19,27.787028789520264,184.42795239999975,19
111625_3.tex,non stop regreession model greedy,True,19,27.107723474502563,101.57745698200011,19
111639_2.tex,non stop regreession model greedy,True,12,17.30651068687439,51.67021965940009,12
111687_2.tex,non stop regreession model greedy,False,25,35.4398045539856,181.54689491125055,26
111693_2.tex,non stop regreession model greedy,False,10,13.244967460632324,47.91460805000014,11
111695_3.tex,non stop regreession model greedy,False,7,10.944979667663574,26.339437600000025,8
111702_2.tex,non stop regreession model greedy,True,20,25.83969449996948,95.47411389375029,20
111708_2.tex,non stop regreession model greedy,True,19,23.635935306549072,132.90424446800006,19
111709_3.tex,non stop regreession model greedy,True,13,15.814251899719238,53.139648938021146,13
111723_3.tex,non stop regreession model greedy,True,21,27.197344303131104,122.5506427152502,21
111730_1.tex,non stop regreession model greedy,True,28,36.33351802825928,194.810748259,28
111757_3.tex,non stop regreession model greedy,True,21,27.38430094718933,122.63698572855031,21
111763_1.tex,non stop regreession model greedy,True,53,81.49294066429138,486.8139555990502,53
111775_2.tex,non stop regreession model greedy,True,13,17.308427810668945,53.80717525000011,13
112011_1.tex,non stop regreession model greedy,False,14,22.41317629814148,118.82507463000005,15
112015_2.tex,non stop regreession model greedy,True,16,24.80208659172058,186.3696155000005,16
112054_2.tex,non stop regreession model greedy,True,16,22.79729461669922,110.51327397300064,16
112067_3.tex,non stop regreession model greedy,True,7,9.142571449279783,40.60024987750037,7
112101_2.tex,non stop regreession model greedy,True,16,21.00381135940552,87.35959819868621,16
112120_2.tex,non stop regreession model greedy,True,16,21.54912281036377,104.6617193200001,16
112137_1.tex,non stop regreession model greedy,False,14,19.395719289779663,80.11589908000028,15
112142_3.tex,non stop regreession model greedy,True,19,27.623825311660767,124.73734226800012,19
116192_1.tex,non stop regreession model greedy,True,22,51.34748339653015,111.068055613375,22
116193_2.tex,non stop regreession model greedy,True,15,33.000084400177,77.67667917833353,15
116248_3.tex,non stop regreession model greedy,True,14,30.486284017562863,89.86960242074849,14
116275_3.tex,non stop regreession model greedy,True,4,7.67056679725647,9.57901907499999,4
116339_1.tex,non stop regreession model greedy,True,11,24.289441108703613,73.42858909000078,11
116377_3.tex,non stop regreession model greedy,True,16,32.00125026702881,82.41177186700025,16
116392_3.tex,non stop regreession model greedy,True,19,39.573277711868286,84.9715444184998,19
116393_3.tex,non stop regreession model greedy,True,12,24.697166442871094,45.01719592700003,12
116402_3.tex,non stop regreession model greedy,True,15,31.424600839614868,61.33418866800021,15
116416_3.tex,non stop regreession model greedy,True,3,6.397777557373047,11.169499000000002,3
116474_3.tex,non stop regreession model greedy,True,18,37.7258141040802,93.83295842500006,18
116494_3.tex,non stop regreession model greedy,True,4,7.664920091629028,8.57406727999998,4
116508_2.tex,non stop regreession model greedy,True,33,69.1946177482605,284.6110566751641,33
116570_2.tex,non stop regreession model greedy,True,14,29.2710394859314,51.883563594,14
116570_3.tex,non stop regreession model greedy,True,18,37.47565937042236,81.01966255970717,18
116608_3.tex,non stop regreession model greedy,True,45,94.53053331375122,659.9660824997501,45
116610_1.tex,non stop regreession model greedy,True,5,9.505008697509766,8.450070789500046,5
116627_2.tex,non stop regreession model greedy,True,54,119.80639982223512,509.0074984680003,54
116711_2.tex,non stop regreession model greedy,True,1,1.814549446105957,7.42855416000009,1
116804_2.tex,non stop regreession model greedy,True,4,8.072298765182495,24.261439666000037,4
116816_3.tex,non stop regreession model greedy,True,12,25.54947280883789,87.1878741366504,12
116863_1.tex,non stop regreession model greedy,True,15,31.760023593902588,150.22251531000012,15
116888_3.tex,non stop regreession model greedy,True,9,17.9273624420166,54.68687247000047,9
116911_1.tex,non stop regreession model greedy,True,6,12.181379556655884,32.18446457115346,6
116930_2.tex,non stop regreession model greedy,True,11,23.914626598358154,61.18307329594997,11
116952_2.tex,non stop regreession model greedy,True,26,54.19308304786682,188.95388000612056,26
116986_3.tex,non stop regreession model greedy,True,16,34.654346227645874,151.38383129374972,16
117024_3.tex,non stop regreession model greedy,True,8,16.01566505432129,38.73242993205904,8
117025_2.tex,non stop regreession model greedy,False,8,18.46634840965271,36.27135327770732,9
117034_1.tex,non stop regreession model greedy,True,3,5.67055606842041,19.84404135999997,3
117102_1.tex,non stop regreession model greedy,True,9,17.932324409484863,56.653086381250304,9
117104_1.tex,non stop regreession model greedy,True,2,3.711161136627197,13.91932916000004,2
117123_2.tex,non stop regreession model greedy,False,2,6.108493089675903,7.849681672352034,3
117159_2.tex,non stop regreession model greedy,False,14,30.80397939682007,69.12815101999998,15
117168_2.tex,non stop regreession model greedy,True,9,18.06792950630188,53.57060742400011,9
117310_1.tex,non stop regreession model greedy,True,11,25.89389944076538,183.1852841600002,11
117317_1.tex,non stop regreession model greedy,True,7,14.826078414916992,36.77898827999997,7
117367_3.tex,non stop regreession model greedy,True,17,38.42389464378357,108.1009605138,17
117377_1.tex,non stop regreession model greedy,True,12,26.028491258621216,61.28100700511376,12
117377_2.tex,non stop regreession model greedy,True,23,53.13174486160278,148.1268662900067,23
117476_3.tex,non stop regreession model greedy,True,18,39.30746364593506,145.90240822975005,18
117491_3.tex,non stop regreession model greedy,True,14,30.19967007637024,69.72622633368607,14
117540_2.tex,non stop regreession model greedy,False,9,20.443484783172607,42.60137881799994,10
117564_3.tex,non stop regreession model greedy,False,27,60.35814571380615,220.53140759552184,75
117573_1.tex,non stop regreession model greedy,True,1,1.888737440109253,2.506202031800001,1
117620_1.tex,non stop regreession model greedy,True,15,29.02632451057434,129.79436439999972,15
117673_3.tex,non stop regreession model greedy,False,14,29.503947496414185,73.75170569375014,15
117718_3.tex,non stop regreession model greedy,True,15,30.991743087768555,74.75714584960019,15
117755_1.tex,non stop regreession model greedy,True,16,35.776352643966675,118.20070685000144,16
117884_3.tex,non stop regreession model greedy,True,17,37.90882754325867,106.0252818030001,17
117917_3.tex,non stop regreession model greedy,False,11,27.292577743530277,49.66415668616677,12
117949_1.tex,non stop regreession model greedy,True,15,30.69720935821533,115.43846450000072,15
117983_3.tex,non stop regreession model greedy,True,14,30.745662689208984,88.75649501299996,14
118068_2.tex,non stop regreession model greedy,True,20,39.728339195251465,143.7674372000007,24
118085_1.tex,non stop regreession model greedy,True,13,28.33190369606018,58.13479256499987,13
118094_3.tex,non stop regreession model greedy,True,27,59.751813888549805,186.98015774873343,39
118190_1.tex,non stop regreession model greedy,True,4,7.910454511642456,6.549299959707028,4
118201_2.tex,non stop regreession model greedy,True,1,1.5574827194213867,2.506202031800001,1
118213_3.tex,non stop regreession model greedy,True,20,41.99570965766907,105.71089505000032,20
118229_2.tex,non stop regreession model greedy,True,39,80.88818144798279,382.825769106675,39
118293_3.tex,non stop regreession model greedy,True,17,38.987767696380615,111.46627394500264,17
118388_2.tex,non stop regreession model greedy,True,1,1.8016059398651123,2.92680304000001,1
118424_3.tex,non stop regreession model greedy,False,11,28.447280645370483,63.16681829860034,12
118441_2.tex,non stop regreession model greedy,True,17,34.739644289016724,166.75380776355456,17
118471_3.tex,non stop regreession model greedy,True,10,22.601214170455933,51.66913877700035,10
118498_2.tex,non stop regreession model greedy,True,11,23.826645612716675,117.21810988999992,11
118531_3.tex,non stop regreession model greedy,True,13,27.705114126205444,82.65995444,13
118560_2.tex,non stop regreession model greedy,True,15,31.58992075920105,97.40288374700012,15
118571_1.tex,non stop regreession model greedy,True,5,10.68185257911682,20.632941810000005,5
118581_2.tex,non stop regreession model greedy,True,17,37.29569363594055,102.23795165363394,17
118713_3.tex,non stop regreession model greedy,True,13,26.260125398635864,96.92619190999991,13
118762_3.tex,non stop regreession model greedy,True,36,73.94446325302124,321.6620398227504,36
118781_3.tex,non stop regreession model greedy,True,34,72.7624614238739,286.706576898,34
118864_3.tex,non stop regreession model greedy,False,4,12.061444759368896,8.875379212320041,5
118960_3.tex,non stop regreession model greedy,True,19,45.08587241172791,163.76421488205983,19
118989_1.tex,non stop regreession model greedy,True,24,56.97378253936768,166.89278515200004,24
119035_3.tex,non stop regreession model greedy,True,5,9.94192671775818,16.491358880000035,5
119058_3.tex,non stop regreession model greedy,True,15,33.66787505149841,79.95599354854639,15
119102_1.tex,non stop regreession model greedy,True,21,46.50597882270813,181.2281685297503,21
119134_2.tex,non stop regreession model greedy,True,8,15.470675706863403,52.48785775000022,8
119153_3.tex,non stop regreession model greedy,True,13,26.509464979171756,74.75268477500016,13
119175_2.tex,non stop regreession model greedy,True,13,26.43584656715393,66.00592299000004,13
119200_2.tex,non stop regreession model greedy,False,6,14.843101739883425,28.132137628045967,7
119208_3.tex,non stop regreession model greedy,True,35,74.60066151618958,312.7757825824568,71
119228_1.tex,non stop regreession model greedy,False,26,57.000096559524536,179.62749592933,27
119259_1.tex,non stop regreession model greedy,True,6,11.61784052848816,32.6598201,6
119265_1.tex,non stop regreession model greedy,True,38,78.57469463348389,372.579782666,38
119284_3.tex,non stop regreession model greedy,False,27,57.87230682373047,183.8555999680004,28
119292_2.tex,non stop regreession model greedy,False,24,50.49024081230164,153.97858709800002,25
119399_2.tex,non stop regreession model greedy,True,16,36.020772218704224,129.02620677809634,16
119425_1.tex,non stop regreession model greedy,True,23,53.32152438163757,144.83471171500045,23
119498_1.tex,non stop regreession model greedy,True,18,39.3219780921936,107.41236614299976,18
119513_1.tex,non stop regreession model greedy,True,24,54.533149003982544,140.47942631000106,34
119515_1.tex,non stop regreession model greedy,False,24,58.19138813018799,153.29905143441476,25
119547_3.tex,non stop regreession model greedy,True,16,33.808165550231934,58.655096490221446,16
119608_2.tex,non stop regreession model greedy,True,14,29.19398498535156,58.085066469000495,14
119630_3.tex,non stop regreession model greedy,True,17,36.043861865997314,91.69779031679992,17
119638_3.tex,non stop regreession model greedy,True,3,5.869019508361816,6.06792028000001,3
119645_3.tex,non stop regreession model greedy,True,23,51.10238742828369,117.28916006812256,28
119734_2.tex,non stop regreession model greedy,True,29,59.52414059638977,190.2468688895601,29
119740_1.tex,non stop regreession model greedy,True,15,31.435508966445923,135.46177831299997,15
119774_3.tex,non stop regreession model greedy,True,15,30.172996520996094,118.02350774999996,15
119875_2.tex,non stop regreession model greedy,False,44,97.63856029510498,338.8077075802417,45
119948_2.tex,non stop regreession model greedy,True,11,25.73710823059082,73.32567194835366,12
120007_1.tex,non stop regreession model greedy,True,19,43.85694694519043,164.26830476000106,19
120020_3.tex,non stop regreession model greedy,True,14,31.233460903167725,129.1093425900009,24
120056_3.tex,non stop regreession model greedy,True,9,19.036840200424194,59.79147550229624,9
120076_3.tex,non stop regreession model greedy,False,10,25.43118548393249,45.57365487509256,11
120087_3.tex,non stop regreession model greedy,False,7,17.36298108100891,37.19898909499996,8
120141_1.tex,non stop regreession model greedy,True,9,18.8623731136322,64.88328420300004,9
120215_2.tex,non stop regreession model greedy,True,7,14.36123514175415,34.018133574999936,7
120254_2.tex,non stop regreession model greedy,True,4,7.530786514282227,20.403025186999947,4
120275_2.tex,non stop regreession model greedy,True,44,93.2521436214447,334.87634201747204,44
120323_3.tex,non stop regreession model greedy,True,15,31.380890607833862,105.10405466,15
120329_3.tex,non stop regreession model greedy,False,12,26.060672521591187,86.35566596000001,13
120371_1.tex,non stop regreession model greedy,True,13,25.97732353210449,71.36344356100003,13
120402_1.tex,non stop regreession model greedy,False,24,52.69856762886048,151.1055151983152,25
120483_3.tex,non stop regreession model greedy,True,20,46.06880259513855,142.22224803100082,20
120490_3.tex,non stop regreession model greedy,True,15,32.972325563430786,80.6184374555002,15
120657_3.tex,non stop regreession model greedy,True,11,24.912416696548465,86.09251318999999,11
120690_2.tex,non stop regreession model greedy,True,18,38.21122336387634,100.50075764004164,18
120744_2.tex,non stop regreession model greedy,True,13,23.415431261062626,128.99040918999998,13
120767_1.tex,non stop regreession model greedy,True,8,15.426580667495728,37.855398815000086,8
120802_2.tex,non stop regreession model greedy,True,15,31.37990641593933,90.34512686051414,15
120848_1.tex,non stop regreession model greedy,False,46,104.33556246757507,454.60985824956015,47
120866_1.tex,non stop regreession model greedy,True,8,15.09887194633484,31.965710854999895,8
120872_3.tex,non stop regreession model greedy,True,13,25.829237461090088,71.8133480800002,13
120919_3.tex,non stop regreession model greedy,False,28,59.38414359092712,170.73329774700014,29
120950_3.tex,non stop regreession model greedy,False,32,68.26099705696106,210.54541714800035,71
120951_3.tex,non stop regreession model greedy,True,6,11.268821716308594,12.89698230435006,6
120954_3.tex,non stop regreession model greedy,False,5,12.077332973480225,11.968325610600004,6
121060_1.tex,non stop regreession model greedy,True,11,24.86946749687195,48.18994228950035,11
121145_2.tex,non stop regreession model greedy,True,4,8.150707006454468,13.484764116799994,4
121207_2.tex,non stop regreession model greedy,True,13,26.0686469078064,68.4214939500007,13
121213_3.tex,non stop regreession model greedy,False,10,22.19595503807068,44.26506801099998,11
121225_2.tex,non stop regreession model greedy,True,10,20.056861877441406,43.662310081064206,10
121238_3.tex,non stop regreession model greedy,True,5,9.72713589668274,12.998629064999989,5
121282_2.tex,non stop regreession model greedy,True,36,79.86743497848511,296.2289958445002,36
121305_2.tex,non stop regreession model greedy,False,9,19.88414168357849,43.04321480500021,10
121306_3.tex,non stop regreession model greedy,True,9,17.729652404785156,66.46044712500033,9
121307_1.tex,non stop regreession model greedy,True,13,26.73396348953247,69.09216328000008,13
121346_3.tex,non stop regreession model greedy,False,12,27.417185068130493,52.65086755300027,13
121407_1.tex,non stop regreession model greedy,True,15,31.40372586250305,103.49222535000013,15
121423_3.tex,non stop regreession model greedy,True,2,3.5673980712890625,3.7659154499999934,2
121424_1.tex,non stop regreession model greedy,False,13,28.437318801879883,68.13305438000049,14
121456_3.tex,non stop regreession model greedy,False,23,50.00004720687866,183.94704779755023,24
121478_1.tex,non stop regreession model greedy,True,33,69.37801933288574,304.6829156757751,33
121488_3.tex,non stop regreession model greedy,False,23,51.8054735660553,114.31545937740007,24
121642_2.tex,non stop regreession model greedy,True,16,35.21710467338562,140.9476290300004,18
121643_1.tex,non stop regreession model greedy,True,1,1.691087007522583,7.229306080000015,1
121651_3.tex,non stop regreession model greedy,True,17,42.29830050468445,113.64850825335104,17
121653_2.tex,non stop regreession model greedy,True,14,33.54757761955261,73.13838094300002,14
121687_3.tex,non stop regreession model greedy,True,1,1.6811864376068115,6.077646080000022,1
121713_1.tex,non stop regreession model greedy,False,38,92.4960720539093,338.9438170344008,38
121726_3.tex,non stop regreession model greedy,True,8,18.346943140029907,118.38250930500004,8
121751_1.tex,non stop regreession model greedy,True,12,26.71634864807129,92.77630293000075,12
121790_3.tex,non stop regreession model greedy,True,24,53.65069079399109,181.1814608753428,24
121793_1.tex,non stop regreession model greedy,True,32,71.5722885131836,270.65983249234114,32
121819_3.tex,non stop regreession model greedy,True,19,40.97146129608154,122.67164861368602,19
121892_2.tex,non stop regreession model greedy,True,28,59.136659145355225,258.25393022200024,28
121937_2.tex,non stop regreession model greedy,False,9,20.839163064956665,44.61021905499992,10
121946_2.tex,non stop regreession model greedy,False,6,13.996686458587646,30.96465418000004,7
121995_3.tex,non stop regreession model greedy,True,7,13.51607632637024,37.56132748000039,7
122034_3.tex,non stop regreession model greedy,True,24,49.7927713394165,138.874493391,24
122039_1.tex,non stop regreession model greedy,True,17,36.22895908355713,82.50098281925025,17
122074_1.tex,non stop regreession model greedy,True,15,36.101237297058105,74.39889393000081,15
122120_3.tex,non stop regreession model greedy,False,7,18.91578364372253,29.41996073726807,8
122163_3.tex,non stop regreession model greedy,True,12,25.98921155929565,102.18717044999995,12
122179_2.tex,non stop regreession model greedy,True,14,32.10709810256958,87.04575069625044,14
122201_3.tex,non stop regreession model greedy,True,19,41.30019903182984,91.84706240580104,19
122203_2.tex,non stop regreession model greedy,True,20,44.67144799232483,138.72455918400044,20
122412_1.tex,non stop regreession model greedy,False,16,34.566426277160645,88.00822783299998,17
122425_3.tex,non stop regreession model greedy,True,7,13.783895015716553,28.956939870000006,7
122453_1.tex,non stop regreession model greedy,True,15,31.07456970214844,66.77468766500026,15
122496_2.tex,non stop regreession model greedy,True,15,28.919353723526,73.15182149000016,15
122563_3.tex,non stop regreession model greedy,True,51,111.08793830871582,459.1559927416904,51
122601_2.tex,non stop regreession model greedy,True,17,39.08255219459534,166.61577717500091,17
122629_2.tex,non stop regreession model greedy,True,20,44.47520995140076,108.88700313000108,20
122701_1.tex,non stop regreession model greedy,True,18,38.68758249282837,131.2696145750007,18
122753_1.tex,non stop regreession model greedy,True,19,41.03140830993652,93.44879364440084,19
122803_1.tex,non stop regreession model greedy,True,8,16.521672248840332,34.434584640000004,8
122920_1.tex,non stop regreession model greedy,False,24,55.789243936538696,173.9869471800002,31
122941_1.tex,non stop regreession model greedy,True,15,29.4987907409668,69.54073130200005,15
122952_3.tex,non stop regreession model greedy,True,21,41.98825931549072,116.66879321300014,21
122969_2.tex,non stop regreession model greedy,True,44,93.03635239601137,372.4894815540439,46
122977_3.tex,non stop regreession model greedy,True,11,21.883098363876343,46.13977512537496,11
122995_3.tex,non stop regreession model greedy,True,15,31.264659643173218,56.35771627800016,15
123107_2.tex,non stop regreession model greedy,False,47,106.8763530254364,399.4068205062004,48
123107_3.tex,non stop regreession model greedy,False,18,39.93819427490234,78.189000331,19
123153_2.tex,non stop regreession model greedy,True,8,19.523550271987915,44.91756441500049,8
123285_3.tex,non stop regreession model greedy,True,16,36.18814849853516,104.88903699850044,16
123306_1.tex,non stop regreession model greedy,False,13,32.226343631744385,108.48068511637295,14
123352_3.tex,non stop regreession model greedy,True,9,20.232807397842407,130.88952518000045,9
123362_3.tex,non stop regreession model greedy,True,5,9.81770157814026,30.064781730000405,5
123370_1.tex,non stop regreession model greedy,True,12,26.603205919265747,107.72092826000058,12
123379_2.tex,non stop regreession model greedy,True,10,20.66529965400696,59.63291608599995,10
123424_1.tex,non stop regreession model greedy,True,26,57.1674165725708,205.71477049177625,26
123438_1.tex,non stop regreession model greedy,True,48,114.66131448745728,436.04383332316365,48
123465_1.tex,non stop regreession model greedy,True,10,21.245455980300903,59.12613055999992,10
112152_3.tex,non stop regreession model greedy,True,15,29.09674882888794,73.93770926769369,15
112164_1.tex,non stop regreession model greedy,True,18,34.59737229347229,97.60668879305892,18
112215_1.tex,non stop regreession model greedy,True,7,12.511785745620728,41.60987707999987,7
112218_2.tex,non stop regreession model greedy,True,5,9.574630737304688,27.443417480000008,5
112312_1.tex,non stop regreession model greedy,False,30,65.02502870559692,198.48148141825027,31
112487_3.tex,non stop regreession model greedy,True,9,18.85844349861145,60.089779432999954,9
112643_1.tex,non stop regreession model greedy,True,23,49.29445505142212,125.63959969053624,23
112645_1.tex,non stop regreession model greedy,True,20,36.51527523994446,177.6908052249999,20
112658_2.tex,non stop regreession model greedy,True,8,15.269324779510498,35.73590325500005,8
112705_1.tex,non stop regreession model greedy,True,11,21.320669412612915,48.69932265250005,11
112723_2.tex,non stop regreession model greedy,True,19,41.02184534072876,83.03182317477113,19
112768_2.tex,non stop regreession model greedy,False,17,37.44559121131897,96.2346457400003,18
112834_3.tex,non stop regreession model greedy,True,43,87.36937189102173,518.9926683199998,43
112855_3.tex,non stop regreession model greedy,True,39,80.58781743049622,235.7970434866573,39
112883_3.tex,non stop regreession model greedy,True,11,26.09308505058289,162.66630775000016,11
112927_1.tex,non stop regreession model greedy,True,51,114.27750420570374,377.0491179219973,53
113048_3.tex,non stop regreession model greedy,True,20,45.95212125778198,102.923828153224,20
113091_3.tex,non stop regreession model greedy,True,16,33.65931010246277,115.91985394,16
113144_3.tex,non stop regreession model greedy,True,7,13.706896305084229,20.101244230000248,7
113194_3.tex,non stop regreession model greedy,False,8,17.536680698394775,34.51641831499997,9
113251_2.tex,non stop regreession model greedy,True,11,22.09128761291504,52.098792745580106,11
113284_2.tex,non stop regreession model greedy,True,39,80.7054238319397,285.625998917,39
113295_3.tex,non stop regreession model greedy,True,11,21.99273991584778,56.7245415650001,11
113297_1.tex,non stop regreession model greedy,True,11,20.170092821121216,45.41821987500001,11
113323_3.tex,non stop regreession model greedy,True,12,23.018868446350098,65.2190835750002,12
113339_3.tex,non stop regreession model greedy,False,11,23.12635087966919,57.3346832225001,12
113392_2.tex,non stop regreession model greedy,True,15,29.505373001098636,60.91181803860018,15
113398_1.tex,non stop regreession model greedy,False,29,62.347768783569336,145.08584928200008,30
113435_3.tex,non stop regreession model greedy,True,20,46.06169152259827,113.9571723300013,20
113481_1.tex,non stop regreession model greedy,True,14,32.082998514175415,92.396257872739,14
113531_3.tex,non stop regreession model greedy,True,20,46.97557282447815,235.81495683,20
113592_3.tex,non stop regreession model greedy,True,18,38.12016201019287,182.22215722687903,18
113600_2.tex,non stop regreession model greedy,True,10,22.115349531173703,56.12802787087494,10
113634_1.tex,non stop regreession model greedy,True,15,32.64787292480469,151.419607905,15
113667_2.tex,non stop regreession model greedy,True,32,67.36054921150208,346.78660797325017,32
113683_3.tex,non stop regreession model greedy,True,3,5.634766340255737,17.19508040500004,3
113747_1.tex,non stop regreession model greedy,True,14,29.83048439025879,99.01750363000004,14
113748_2.tex,non stop regreession model greedy,True,13,24.254845142364506,68.57836577999987,13
113787_2.tex,non stop regreession model greedy,False,10,23.115742444992065,72.90012587800011,11
113806_2.tex,non stop regreession model greedy,True,27,55.14822268486023,267.97399578999955,27
113808_2.tex,non stop regreession model greedy,True,17,33.482394218444824,87.14485754800013,17
113843_3.tex,non stop regreession model greedy,True,12,24.522550344467163,73.0142439550002,12
113896_2.tex,non stop regreession model greedy,True,19,36.58675026893616,115.41849387425044,19
114067_3.tex,non stop regreession model greedy,True,25,55.52627730369568,173.32816185875038,25
114073_3.tex,non stop regreession model greedy,True,22,46.28518056869507,229.9796939150001,22
114132_1.tex,non stop regreession model greedy,True,14,29.327797651290894,69.36465146112496,14
114258_1.tex,non stop regreession model greedy,True,20,41.2152419090271,99.2332585573506,20
114293_3.tex,non stop regreession model greedy,True,19,37.0421941280365,126.1976429412502,19
114311_2.tex,non stop regreession model greedy,True,26,54.23452115058899,221.720874584,26
114322_3.tex,non stop regreession model greedy,True,16,30.83446431159973,88.33365359000034,16
114325_1.tex,non stop regreession model greedy,True,15,29.22625970840454,79.4592069650001,15
114327_2.tex,non stop regreession model greedy,True,8,15.457835674285889,37.403159089800255,8
114350_3.tex,non stop regreession model greedy,True,19,39.47233581542969,86.16674262424996,19
114389_1.tex,non stop regreession model greedy,True,17,35.252734899520874,100.6515278900002,17
114406_2.tex,non stop regreession model greedy,True,7,12.814712285995483,33.24565434,7
114531_3.tex,non stop regreession model greedy,True,16,37.032912254333496,94.306427085852,16
114541_3.tex,non stop regreession model greedy,True,21,46.143686056137085,106.16205975800122,21
114606_3.tex,non stop regreession model greedy,True,20,45.75619983673096,183.4356351125,31
114633_3.tex,non stop regreession model greedy,True,16,34.21087622642517,113.06545793352294,16
114643_3.tex,non stop regreession model greedy,True,19,39.42064142227173,91.7086086130008,19
114660_2.tex,non stop regreession model greedy,False,13,29.263230800628666,59.943818915255605,14
114731_3.tex,non stop regreession model greedy,True,9,17.209049940109253,33.92340765000038,9
114755_1.tex,non stop regreession model greedy,True,22,45.66638922691345,105.04498698874994,22
114779_1.tex,non stop regreession model greedy,True,26,58.63626480102539,134.89665373574644,26
114828_1.tex,non stop regreession model greedy,False,16,34.197439432144165,77.56011215000005,17
114962_3.tex,non stop regreession model greedy,True,13,25.87826776504517,55.16038250000008,13
115113_1.tex,non stop regreession model greedy,True,5,11.486306190490724,22.64922490500004,5
115127_1.tex,non stop regreession model greedy,True,23,49.73623609542847,120.54349597975074,23
115158_1.tex,non stop regreession model greedy,True,16,35.747217893600464,87.65308938000007,16
115181_3.tex,non stop regreession model greedy,True,14,31.760427236557007,100.41110346200036,14
115185_3.tex,non stop regreession model greedy,True,19,42.460391998291016,115.43023386277694,20
115197_2.tex,non stop regreession model greedy,True,15,32.5868022441864,80.48954597100052,15
115294_1.tex,non stop regreession model greedy,True,13,26.31413984298706,65.50745024850036,13
115369_1.tex,non stop regreession model greedy,True,12,22.936185359954838,79.50029368000038,12
115400_2.tex,non stop regreession model greedy,True,22,45.97300362586975,161.406236088,22
115553_2.tex,non stop regreession model greedy,True,11,21.869383335113525,49.06987947400005,11
115655_3.tex,non stop regreession model greedy,True,11,23.561713457107544,53.61343234619997,11
115661_2.tex,non stop regreession model greedy,True,1,1.6144988536834717,4.140635439999997,1
115737_3.tex,non stop regreession model greedy,True,23,50.737629413604736,111.14495267256144,23
115798_1.tex,non stop regreession model greedy,True,8,15.461493015289308,50.39449247500077,8
115810_2.tex,non stop regreession model greedy,True,21,44.80801439285278,111.78315460500116,21
115818_2.tex,non stop regreession model greedy,True,19,42.06958150863648,162.2195370490001,19
115835_3.tex,non stop regreession model greedy,True,22,50.31512498855591,161.9306259975899,22
116002_3.tex,non stop regreession model greedy,True,15,30.80689001083374,72.02604109000005,15
116013_2.tex,non stop regreession model greedy,True,11,21.75289750099182,60.95320905000006,11
116038_1.tex,non stop regreession model greedy,True,2,3.5430588722229004,3.4960341239999995,2
116057_3.tex,non stop regreession model greedy,False,32,67.40094685554504,213.6475485128001,52
123559_2.tex,non stop regreession model greedy,True,19,36.50626659393311,207.164439,19
123580_1.tex,non stop regreession model greedy,True,14,27.38718175888061,89.37064816000034,14
123758_1.tex,non stop regreession model greedy,True,21,49.20803999900818,132.493720463684,21
123766_2.tex,non stop regreession model greedy,True,9,19.667524814605716,37.732163725744336,9
123788_1.tex,non stop regreession model greedy,True,14,31.966830253601078,133.62224116000067,14
123791_2.tex,non stop regreession model greedy,True,10,21.065046072006226,68.02109389000046,10
123792_2.tex,non stop regreession model greedy,True,11,23.153614282608032,86.96076730000054,11
123810_1.tex,non stop regreession model greedy,True,10,22.25526571273804,55.88979320175759,10
123812_2.tex,non stop regreession model greedy,True,12,27.665717840194706,118.75950281962488,12
123838_2.tex,non stop regreession model greedy,True,16,35.08180809020996,86.93400232476061,16
123917_1.tex,non stop regreession model greedy,True,22,47.24854850769043,213.7464032859999,22
123958_3.tex,non stop regreession model greedy,True,20,42.12284564971924,96.24856248290368,20
124016_1.tex,non stop regreession model greedy,True,13,26.463223457336422,64.97651216500013,13
124017_3.tex,non stop regreession model greedy,True,12,24.622323751449585,74.21887598000035,12
124121_3.tex,non stop regreession model greedy,True,11,21.7497034072876,62.047480406250486,11
124149_2.tex,non stop regreession model greedy,True,41,84.15459728240967,379.1456862700001,41
124153_3.tex,non stop regreession model greedy,False,34,72.12757277488708,304.0591726657504,35
124178_2.tex,non stop regreession model greedy,False,21,45.86632704734802,114.45523459374998,22
124190_1.tex,non stop regreession model greedy,False,6,14.332021951675417,29.492312437500075,7
124190_3.tex,non stop regreession model greedy,True,15,29.803955078125,71.76362057775007,15
124264_2.tex,non stop regreession model greedy,True,16,35.81590414047241,107.47096454799988,16
124297_3.tex,non stop regreession model greedy,False,27,61.83731174468994,823.3382216535003,27
124379_1.tex,non stop regreession model greedy,True,21,45.31656503677368,154.90902684700092,21
124413_1.tex,non stop regreession model greedy,True,12,25.83348298072815,47.1869246385002,12
124469_1.tex,non stop regreession model greedy,True,14,30.16193699836731,64.52942844600086,14
124481_3.tex,non stop regreession model greedy,True,13,26.732810497283936,55.822231807000456,13
124491_3.tex,non stop regreession model greedy,True,9,18.92370676994324,49.160183152000016,9
124496_2.tex,non stop regreession model greedy,True,23,49.25466656684876,126.12981775197107,30
124539_1.tex,non stop regreession model greedy,True,24,51.65626978874207,193.29020805000096,24
124558_2.tex,non stop regreession model greedy,False,21,46.13050770759583,176.99459397750005,22
124704_2.tex,non stop regreession model greedy,True,18,35.19904160499573,85.60845561464994,18
124704_3.tex,non stop regreession model greedy,False,5,11.575268507003784,13.531304473949971,6
124716_2.tex,non stop regreession model greedy,True,40,81.24628925323486,339.38523168199964,40
124730_2.tex,non stop regreession model greedy,True,30,61.59389138221741,166.52252925856283,30
124807_3.tex,non stop regreession model greedy,True,25,55.75404620170593,173.72649320210564,25
124872_2.tex,non stop regreession model greedy,True,3,5.6021647453308105,27.298569160000014,3
124929_3.tex,non stop regreession model greedy,True,25,60.350584745407104,230.59901663699972,25
124998_3.tex,non stop regreession model greedy,True,18,40.10543966293335,104.15615277149996,18
125019_2.tex,non stop regreession model greedy,True,14,29.636375665664676,82.77440605935216,14
125077_1.tex,non stop regreession model greedy,False,6,14.578159093856812,36.01549461000057,7
125092_1.tex,non stop regreession model greedy,True,10,21.555173635482788,71.34504828000041,10
125113_1.tex,non stop regreession model greedy,False,8,17.569093227386475,44.43406637241404,9
125210_1.tex,non stop regreession model greedy,False,27,55.889812707901,315.8962719385,28
125241_2.tex,non stop regreession model greedy,True,33,67.60193014144897,221.89247330600008,34
125381_3.tex,non stop regreession model greedy,True,15,32.71840000152588,74.84154171700071,15
125430_3.tex,non stop regreession model greedy,True,11,24.316921710968018,57.3370003721237,13
125474_3.tex,non stop regreession model greedy,True,7,14.706493139266968,22.96858907000062,7
125494_3.tex,non stop regreession model greedy,True,11,22.35385370254517,44.17708999500061,11
125499_1.tex,non stop regreession model greedy,True,9,19.28588581085205,65.35295459000001,9
125515_1.tex,non stop regreession model greedy,True,9,18.527610063552856,64.96293604000007,9
125576_2.tex,non stop regreession model greedy,True,18,37.92567825317383,72.31276200880008,18
125577_2.tex,non stop regreession model greedy,True,2,3.828904867172241,5.294075268150001,2
125604_2.tex,non stop regreession model greedy,True,15,27.35074615478516,138.14159313999988,15
125608_2.tex,non stop regreession model greedy,True,18,35.73190999031067,164.17861361499996,18
125636_3.tex,non stop regreession model greedy,True,10,19.742664337158203,61.45105974000016,10
125670_2.tex,non stop regreession model greedy,True,12,24.757688760757446,64.07433948000006,12
125680_1.tex,non stop regreession model greedy,True,15,31.36735701560974,76.11404173350007,15
125707_2.tex,non stop regreession model greedy,True,28,57.51381468772888,133.20968832515035,28
125720_1.tex,non stop regreession model greedy,True,18,36.74069809913635,151.41452469374997,18
125819_1.tex,non stop regreession model greedy,True,32,67.38545393943787,215.04531021874996,32
125880_3.tex,non stop regreession model greedy,True,12,27.15327334403992,71.73498064700007,12
125891_1.tex,non stop regreession model greedy,True,17,38.576284885406494,84.83830427681575,17
125914_1.tex,non stop regreession model greedy,True,14,31.132375955581665,80.43582735600003,14
125918_2.tex,non stop regreession model greedy,True,13,28.94753861427307,69.74142759530017,13
125963_1.tex,non stop regreession model greedy,True,22,51.12986612319946,139.09610097500052,22
125995_3.tex,non stop regreession model greedy,True,17,39.0345573425293,87.39684554040079,17
126107_2.tex,non stop regreession model greedy,True,17,37.2618522644043,102.75962147200036,17
126119_3.tex,non stop regreession model greedy,True,22,49.86918449401856,105.64387893604984,22
126181_1.tex,non stop regreession model greedy,True,10,19.19463396072388,33.46288608070697,10
126197_1.tex,non stop regreession model greedy,True,18,37.494277000427246,105.4205176085003,18
126231_2.tex,non stop regreession model greedy,False,19,44.09809994697571,112.09752749863377,20
126242_2.tex,non stop regreession model greedy,True,46,97.82683753967284,397.3963203464938,46
126286_2.tex,non stop regreession model greedy,False,20,41.64602780342102,150.11119327500023,21
126314_3.tex,non stop regreession model greedy,False,26,54.6134991645813,201.12958361575005,27
126324_3.tex,non stop regreession model greedy,True,20,39.29022741317749,151.97152573500017,20
126452_3.tex,non stop regreession model greedy,True,23,56.13065266609192,198.0536261046904,23
126558_3.tex,non stop regreession model greedy,True,17,38.87421202659607,101.19393961287518,17
126564_2.tex,non stop regreession model greedy,True,5,10.031458377838137,19.52451824680045,5
126574_1.tex,non stop regreession model greedy,True,16,35.39202928543091,91.03872110315407,16
126614_1.tex,non stop regreession model greedy,False,9,21.941242218017575,79.58525598384841,10
126671_3.tex,non stop regreession model greedy,True,21,48.854971170425415,132.62535601150023,21
126685_3.tex,non stop regreession model greedy,False,6,12.80949640274048,28.765946355000068,7
126778_3.tex,non stop regreession model greedy,True,31,67.23103308677673,247.14266319375037,31
126784_2.tex,non stop regreession model greedy,True,45,100.66623187065125,529.6090842997999,45
126815_2.tex,non stop regreession model greedy,True,9,17.584945678710938,52.886394210000056,9
126822_3.tex,non stop regreession model greedy,False,13,28.497568368911743,99.86836485000036,14
126837_2.tex,non stop regreession model greedy,True,7,13.423418998718262,36.2196221300001,7
126886_2.tex,non stop regreession model greedy,False,23,50.511157274246216,131.7416467900362,24
126891_3.tex,non stop regreession model greedy,False,29,63.45636057853699,176.05273796375027,30
126989_2.tex,non stop regreession model greedy,True,19,43.21696662902832,105.1665773534008,19
126996_1.tex,non stop regreession model greedy,True,14,30.862791538238525,66.2703422366004,14
126997_2.tex,non stop regreession model greedy,True,12,25.611666917800903,63.96023844129635,12
127002_3.tex,non stop regreession model greedy,True,7,15.040673732757568,34.59900428530028,7
127004_2.tex,non stop regreession model greedy,True,21,47.54518365859985,667.5162629247595,21
127021_3.tex,non stop regreession model greedy,True,15,31.68067765235901,112.0903240900001,15
127066_3.tex,non stop regreession model greedy,True,17,38.67983317375183,157.0675041850003,17
127072_3.tex,non stop regreession model greedy,True,13,28.202141761779785,89.99420145800087,13
127076_2.tex,non stop regreession model greedy,True,14,30.420268774032596,67.88528056068603,14
127092_3.tex,non stop regreession model greedy,True,11,24.244296312332157,40.261467544800375,11
127130_1.tex,non stop regreession model greedy,False,15,33.87729239463806,80.5987322400002,16
127132_3.tex,non stop regreession model greedy,True,20,43.458898305892944,211.32913036250088,20
127150_3.tex,non stop regreession model greedy,True,20,44.16542387008667,108.83533041500029,20
127214_3.tex,non stop regreession model greedy,True,20,43.50693345069885,110.12945472700044,20
127274_2.tex,non stop regreession model greedy,True,12,25.98991322517395,60.47617345220003,12
127275_3.tex,non stop regreession model greedy,False,20,46.34965801239014,113.7531219414002,21
127309_1.tex,non stop regreession model greedy,False,37,86.20533084869385,358.4792420080001,150
127330_3.tex,non stop regreession model greedy,True,22,46.43469953536987,112.57516306915002,22
127370_1.tex,non stop regreession model greedy,True,21,41.836018085479736,177.18162959976024,21
127391_2.tex,non stop regreession model greedy,True,16,31.21001625061035,74.4896880179999,16
127562_1.tex,non stop regreession model greedy,True,17,37.86811971664429,165.76165885500023,17
127612_3.tex,non stop regreession model greedy,False,13,30.511348724365234,49.302316457000416,14
127613_2.tex,non stop regreession model greedy,True,18,39.31208515167236,101.75069923541449,18
127630_1.tex,non stop regreession model greedy,True,23,49.88741827011109,113.5952858880001,23
127675_3.tex,non stop regreession model greedy,True,14,29.394448280334476,84.12067855500064,14
127744_3.tex,non stop regreession model greedy,True,21,45.66430020332336,87.49204721150024,21
127748_1.tex,non stop regreession model greedy,True,25,56.75891661643982,146.2471827885501,25
127778_3.tex,non stop regreession model greedy,True,15,30.77071785926819,85.04802315500027,15
127846_2.tex,non stop regreession model greedy,True,12,23.388017892837524,56.80304868075331,12
127849_1.tex,non stop regreession model greedy,True,16,32.83874034881592,84.94929673600035,16
127866_1.tex,non stop regreession model greedy,False,30,62.920454263687134,169.65982285000024,31
127871_2.tex,non stop regreession model greedy,False,35,75.02009057998657,177.19646804939995,36
127896_2.tex,non stop regreession model greedy,False,19,39.11746096611023,121.67762442375012,20
127923_3.tex,non stop regreession model greedy,True,5,9.327964544296265,9.972729544999936,5
127939_1.tex,non stop regreession model greedy,True,39,79.3942642211914,313.64012036740024,39
128070_1.tex,non stop regreession model greedy,True,28,66.70712113380432,180.38863913858285,28
128221_3.tex,non stop regreession model greedy,True,9,17.98988676071167,69.45639556000012,9
128242_3.tex,non stop regreession model greedy,True,13,28.80728030204773,103.64581247300006,13
128326_1.tex,non stop regreession model greedy,True,27,56.76284742355347,257.529711205,27
128328_3.tex,non stop regreession model greedy,False,10,22.59353899955749,78.35423990499996,11
128349_3.tex,non stop regreession model greedy,True,23,49.147709131240845,205.69864539141375,23
128368_1.tex,non stop regreession model greedy,True,34,68.16003131866455,322.14603804874986,34
128416_2.tex,non stop regreession model greedy,True,8,14.656959772109984,55.45794763000008,8
128421_2.tex,non stop regreession model greedy,True,7,12.396902084350586,38.07832524000006,7
128424_3.tex,non stop regreession model greedy,True,21,39.59562826156616,183.98032577874983,21
128441_2.tex,non stop regreession model greedy,True,9,16.841499090194702,53.841107257,9
128458_2.tex,non stop regreession model greedy,True,14,29.53759980201721,65.94282563835218,14
128482_2.tex,non stop regreession model greedy,True,17,33.42544770240784,81.16627034275012,17
128511_2.tex,non stop regreession model greedy,True,23,46.33896541595459,119.39538760783324,23
128518_3.tex,non stop regreession model greedy,True,19,38.3440465927124,91.9208037281772,19
128576_2.tex,non stop regreession model greedy,True,14,32.34606099128723,68.92101104464018,14
128590_2.tex,non stop regreession model greedy,True,7,14.40475058555603,24.99762062780007,7
128711_2.tex,non stop regreession model greedy,True,13,28.36986470222473,52.86812379499997,13
128720_2.tex,non stop regreession model greedy,True,20,43.69910001754761,104.4939117655439,20
128722_2.tex,non stop regreession model greedy,True,15,31.59012246131897,86.28876550525216,15
128726_1.tex,non stop regreession model greedy,True,21,47.4370219707489,157.14514441500128,21
128758_1.tex,non stop regreession model greedy,True,18,36.59147667884827,96.91210188625,18
128777_3.tex,non stop regreession model greedy,True,11,22.251362323760983,48.693071754092536,11
128796_2.tex,non stop regreession model greedy,True,8,15.78836154937744,27.79077358870717,8
128816_2.tex,non stop regreession model greedy,True,14,28.87983226776123,65.68944841884613,14
128826_3.tex,non stop regreession model greedy,True,21,44.68040227890015,130.95164195099994,21
128835_3.tex,non stop regreession model greedy,True,9,17.802591562271118,29.545714712175,9
128892_3.tex,non stop regreession model greedy,True,20,39.38910675048828,122.7861880280002,20
128946_2.tex,non stop regreession model greedy,True,39,82.88860940933228,279.39539460620017,39
128987_3.tex,non stop regreession model greedy,False,16,33.06152153015137,81.92461741500011,17
129006_1.tex,non stop regreession model greedy,True,3,5.350165843963623,8.747826320000001,3
129020_1.tex,non stop regreession model greedy,True,43,88.10527920722961,336.12071751560006,43
129273_1.tex,non stop regreession model greedy,True,24,54.15224623680115,126.55939910150028,24
129289_1.tex,non stop regreession model greedy,True,9,17.072232484817505,44.25206204000048,9
129300_1.tex,non stop regreession model greedy,True,16,33.18768501281738,92.69672692500072,16
129313_2.tex,non stop regreession model greedy,True,6,11.30476188659668,21.985592732000004,6
129325_2.tex,non stop regreession model greedy,True,12,23.722736835479736,47.84222322441434,12
129347_1.tex,non stop regreession model greedy,True,21,42.668304443359375,90.50003107150006,21
129388_2.tex,non stop regreession model greedy,True,7,13.482946872711182,29.91137564000006,7
129443_2.tex,non stop regreession model greedy,True,21,43.48450756072998,159.67272789027493,21
129450_2.tex,non stop regreession model greedy,True,27,54.573622703552246,134.74069025950007,27
129473_2.tex,non stop regreession model greedy,True,13,25.7074031829834,58.95470737115008,13
129481_3.tex,non stop regreession model greedy,False,28,60.302191495895386,156.47833759900016,29
129489_3.tex,non stop regreession model greedy,True,48,103.38263726234436,403.5192479357504,48
129580_1.tex,non stop regreession model greedy,False,33,70.30711245536804,223.8867354586004,34
129664_3.tex,non stop regreession model greedy,True,16,35.5214409828186,100.76739863440488,16
129692_2.tex,non stop regreession model greedy,True,15,35.207547426223755,89.3265455350008,15
129693_1.tex,non stop regreession model greedy,True,15,35.181320667266846,88.00504436029506,15
129737_1.tex,non stop regreession model greedy,False,2,6.0977559089660645,5.944045240000023,3
129739_3.tex,non stop regreession model greedy,True,10,20.009376049041748,56.651630280000376,10
129755_1.tex,non stop regreession model greedy,True,17,39.12405347824097,132.03976749012787,17
130022_1.tex,non stop regreession model greedy,True,12,24.41167163848877,62.22844553375012,12
130030_1.tex,non stop regreession model greedy,False,23,50.79743981361389,146.08811300850004,24
130037_3.tex,non stop regreession model greedy,False,5,12.623059272766112,22.09418147999999,6
130043_1.tex,non stop regreession model greedy,True,30,62.51600027084351,273.71995366,30
130051_2.tex,non stop regreession model greedy,True,9,17.072037935256958,52.894553304999874,9
130079_3.tex,non stop regreession model greedy,True,16,30.18333339691162,84.72366151200006,16
130094_2.tex,non stop regreession model greedy,True,14,27.095205783843998,76.28295302300006,14
130109_3.tex,non stop regreession model greedy,True,13,25.810516834259037,75.54818617099997,13
130244_2.tex,non stop regreession model greedy,True,16,35.39603567123413,71.19544722099238,16
130270_1.tex,non stop regreession model greedy,True,12,27.203871250152588,100.93494672000034,12
130331_2.tex,non stop regreession model greedy,True,13,28.27100110054016,52.63072192593897,13
130334_3.tex,non stop regreession model greedy,True,15,34.71364712715149,93.40595246873194,15
130357_2.tex,non stop regreession model greedy,True,17,31.964200973510746,149.64079113999995,17
130439_3.tex,non stop regreession model greedy,True,11,24.289422750473022,36.78159509995,11
130488_3.tex,non stop regreession model greedy,True,10,18.84271597862244,63.00875384000075,10
130511_3.tex,non stop regreession model greedy,True,18,34.58723521232605,128.9595391637501,18
130594_3.tex,non stop regreession model greedy,True,15,29.349360466003414,79.35578358000046,15
130596_3.tex,non stop regreession model greedy,True,33,66.6543402671814,336.6129478737504,33
130635_1.tex,non stop regreession model greedy,True,37,76.28071880340576,322.1285197520001,42
130712_1.tex,non stop regreession model greedy,True,16,36.04638266563416,146.9148630800007,16
130758_1.tex,non stop regreession model greedy,True,17,39.23605394363403,118.26906934145744,17
130760_3.tex,non stop regreession model greedy,True,17,39.22774815559387,89.32074014663034,17
130848_2.tex,non stop regreession model greedy,True,23,47.85228824615479,116.35001824400057,23
130849_2.tex,non stop regreession model greedy,True,12,22.864275693893436,50.11821116140061,12
130858_2.tex,non stop regreession model greedy,True,20,45.14014005661011,128.64021446970787,20
130886_3.tex,non stop regreession model greedy,True,18,40.26735067367554,91.13763567165051,18
131027_3.tex,non stop regreession model greedy,True,18,36.56951069831848,97.72152520000044,18
131030_2.tex,non stop regreession model greedy,True,25,50.99486565589905,196.09257424000032,25
131099_1.tex,non stop regreession model greedy,True,22,44.8089759349823,108.90241715917496,22
131112_2.tex,non stop regreession model greedy,True,18,31.778775453567505,133.8931215999997,18
131172_1.tex,non stop regreession model greedy,False,31,64.46599054336548,269.42795353799966,32
131174_1.tex,non stop regreession model greedy,True,20,39.80860018730164,117.02527728110014,20
131182_3.tex,non stop regreession model greedy,True,38,76.94618940353394,245.2080119366668,38
131187_2.tex,non stop regreession model greedy,True,25,49.1275577545166,125.7512819376584,25
131324_2.tex,non stop regreession model greedy,True,15,32.664172410964966,79.35735954299994,15
131407_2.tex,non stop regreession model greedy,True,16,35.80734729766846,90.0237359314828,16
131462_3.tex,non stop regreession model greedy,True,13,26.10420775413513,88.36360653,13
131537_3.tex,non stop regreession model greedy,True,15,31.43060874938965,84.07143800063355,15
131621_2.tex,non stop regreession model greedy,True,10,21.20048189163208,51.50982682841402,10
131648_2.tex,non stop regreession model greedy,True,17,34.83403134346008,93.4367735892502,17
131720_3.tex,non stop regreession model greedy,True,26,51.50856161117554,190.6456141055001,26
131730_3.tex,non stop regreession model greedy,True,18,38.24498677253723,93.84116629941404,18
131732_1.tex,non stop regreession model greedy,True,47,99.13532400131226,567.3628954577505,47
131816_3.tex,non stop regreession model greedy,True,18,41.93713665008545,98.01873678675778,18
131835_3.tex,non stop regreession model greedy,True,19,42.34548878669739,123.3804395775098,19
131860_3.tex,non stop regreession model greedy,True,18,40.49511504173279,113.72389877725072,18
131939_1.tex,non stop regreession model greedy,True,24,52.1173198223114,245.95253291325,24
131993_2.tex,non stop regreession model greedy,True,19,39.52221965789795,141.24191396500078,19
131994_1.tex,non stop regreession model greedy,True,11,22.05087685585022,58.55907843000039,11
132048_2.tex,non stop regreession model greedy,True,18,36.829126834869385,82.824080366,18
132066_3.tex,non stop regreession model greedy,True,20,42.58179354667664,113.4703265218334,20
132119_2.tex,non stop regreession model greedy,True,9,17.4953556060791,39.39769769000002,9
132150_3.tex,non stop regreession model greedy,True,15,30.72966504096985,81.67615629800031,15
132180_2.tex,non stop regreession model greedy,True,17,34.30035710334778,93.07098534405011,17
132213_2.tex,non stop regreession model greedy,False,7,16.11414670944214,36.12862455000021,8
132220_1.tex,non stop regreession model greedy,True,18,36.251869678497314,87.88433259500023,18
132378_1.tex,non stop regreession model greedy,True,18,41.82863569259644,77.00569966900247,18
132378_3.tex,non stop regreession model greedy,False,12,30.39240455627441,51.283603806429866,13
132442_3.tex,non stop regreession model greedy,True,21,48.57889795303345,133.28849460500055,21
132505_3.tex,non stop regreession model greedy,True,1,1.6067757606506348,0.0,1
132527_2.tex,non stop regreession model greedy,True,11,23.83252453804016,58.25290280000004,11
132543_1.tex,non stop regreession model greedy,True,18,36.53734993934631,104.61656960000067,18
132550_1.tex,non stop regreession model greedy,True,12,24.1704683303833,67.05067444000079,12
132566_2.tex,non stop regreession model greedy,False,30,69.23803377151489,339.141809093,31
132571_3.tex,non stop regreession model greedy,True,30,68.58112454414368,196.181515285,30
132587_3.tex,non stop regreession model greedy,True,12,24.810309648513797,54.393117924000016,12
132610_1.tex,non stop regreession model greedy,True,19,39.57941102981568,80.98430573750052,19
132714_2.tex,non stop regreession model greedy,True,17,34.66004514694214,78.71676492666676,17
132751_1.tex,non stop regreession model greedy,True,4,7.382910013198851,24.26873206800007,4
132775_2.tex,non stop regreession model greedy,True,17,33.48184609413147,79.70253849250015,17
132780_1.tex,non stop regreession model greedy,True,16,31.43613314628601,78.98751357900001,16
132825_2.tex,non stop regreession model greedy,True,47,100.5192346572876,387.6697045540005,47
132873_3.tex,non stop regreession model greedy,True,10,21.45421147346497,75.78107145500017,10
132903_3.tex,non stop regreession model greedy,True,16,35.160526514053345,84.3754208950004,24
133041_2.tex,non stop regreession model greedy,True,5,10.292545557022097,25.781427546000003,5
133065_3.tex,non stop regreession model greedy,False,13,31.779362440109253,87.54484050000003,14
133073_1.tex,non stop regreession model greedy,True,10,20.099512100219727,58.317398755000106,10
133078_1.tex,non stop regreession model greedy,True,7,13.742544412612917,49.72198614999999,7
133106_2.tex,non stop regreession model greedy,True,15,32.14754056930542,115.75721432799986,15
133108_2.tex,non stop regreession model greedy,True,15,32.116300106048584,118.48548179939988,15
133200_2.tex,non stop regreession model greedy,True,27,51.99902272224426,235.4524012379997,27
133229_2.tex,non stop regreession model greedy,True,18,37.82612490653992,103.57629520300058,18
133259_2.tex,non stop regreession model greedy,True,36,76.86018013954163,302.46883356655024,36
133275_1.tex,non stop regreession model greedy,False,7,15.6738920211792,37.62533882999985,8
133368_1.tex,non stop regreession model greedy,True,13,24.625608444213867,66.08070082675006,13
133377_3.tex,non stop regreession model greedy,True,7,14.288627862930298,32.700445237999915,7
133431_3.tex,non stop regreession model greedy,True,16,36.90629386901856,104.70224776549998,16
133462_3.tex,non stop regreession model greedy,True,8,18.709490537643436,23.48000781153395,8
133472_3.tex,non stop regreession model greedy,True,18,43.09121656417847,93.79685728166308,18
133509_3.tex,non stop regreession model greedy,True,11,22.81018805503845,56.76512066500016,15
133527_2.tex,non stop regreession model greedy,True,17,39.20449733734131,156.6989135106499,17
133534_3.tex,non stop regreession model greedy,True,21,50.49891948699951,179.71737772299986,24
133537_3.tex,non stop regreession model greedy,False,17,39.14214277267456,83.98240250850048,18
133544_2.tex,non stop regreession model greedy,True,16,33.88448166847229,81.02328641999993,16
133588_1.tex,non stop regreession model greedy,True,20,45.17566251754761,100.209330354122,20
133590_1.tex,non stop regreession model greedy,False,14,33.99332046508789,59.956513002000335,15
133667_3.tex,non stop regreession model greedy,True,12,25.28302955627441,55.35459655500024,12
133708_1.tex,non stop regreession model greedy,True,12,23.507662534713745,99.82742161499996,12
133739_1.tex,non stop regreession model greedy,True,12,23.18600034713745,54.62378776500047,12
133769_3.tex,non stop regreession model greedy,True,18,37.469069480896,91.34967861517502,18
133787_1.tex,non stop regreession model greedy,True,36,74.24713611602783,336.76014269800004,36
133806_3.tex,non stop regreession model greedy,True,37,81.58916306495667,332.9694848340003,37
133912_3.tex,non stop regreession model greedy,True,43,90.15447878837584,329.739111117,43
134012_1.tex,non stop regreession model greedy,True,16,36.90952277183533,77.62430764320048,16
134037_1.tex,non stop regreession model greedy,True,22,46.73045492172241,210.0720380649999,22
134064_3.tex,non stop regreession model greedy,True,8,16.144002676010132,44.10345134527096,8
134066_1.tex,non stop regreession model greedy,True,16,35.72076082229614,132.17007975500002,16
134156_3.tex,non stop regreession model greedy,True,16,33.46811246871948,102.34889226000055,16
134159_1.tex,non stop regreession model greedy,True,12,25.635210514068604,71.31664281500007,12
134193_1.tex,non stop regreession model greedy,True,16,32.22147297859192,70.78104180120017,16
134208_3.tex,non stop regreession model greedy,True,18,36.25999927520752,74.20943922543904,18
134222_1.tex,non stop regreession model greedy,True,19,41.84103870391846,85.05249471435712,19
134235_1.tex,non stop regreession model greedy,True,20,42.598654985427856,94.3087894440002,20
134258_2.tex,non stop regreession model greedy,True,25,53.82090902328491,176.8887131300004,25
134262_1.tex,non stop regreession model greedy,True,16,34.60913395881653,124.27386156500113,16
134288_3.tex,non stop regreession model greedy,True,19,41.45179605484009,113.09076916000004,19
134379_2.tex,non stop regreession model greedy,True,25,49.23632884025574,136.7131719250001,25
134434_3.tex,non stop regreession model greedy,True,9,17.61181354522705,38.81347821975011,9
134552_1.tex,non stop regreession model greedy,True,4,8.9144766330719,15.758190389999996,4
134622_1.tex,non stop regreession model greedy,False,13,31.43194580078125,86.98548860721203,14
134650_3.tex,non stop regreession model greedy,True,18,42.69377517700195,159.46454857513345,18
134661_2.tex,non stop regreession model greedy,False,21,48.43989038467407,135.73436635849998,22
134712_1.tex,non stop regreession model greedy,False,10,21.91187119483948,49.61880870646807,11
134760_2.tex,non stop regreession model greedy,True,8,16.497708082199097,36.86289339379999,8
134791_3.tex,non stop regreession model greedy,True,5,9.520695209503174,23.528738005000065,5
134867_2.tex,non stop regreession model greedy,True,17,33.890124559402466,99.87615350200016,17
134912_2.tex,non stop regreession model greedy,True,11,21.827800035476685,73.73653978000014,11
134922_1.tex,non stop regreession model greedy,False,7,15.722413301467896,40.45520499000004,8
134965_3.tex,non stop regreession model greedy,True,4,7.578049182891846,21.66978636700007,4
134971_1.tex,non stop regreession model greedy,True,39,78.63058567047119,294.85221019436426,39
134972_2.tex,non stop regreession model greedy,True,18,35.162113904953,105.27993111000002,18
135132_2.tex,non stop regreession model greedy,True,19,40.49385142326355,113.36487024000192,19
135195_1.tex,non stop regreession model greedy,True,4,8.290489196777344,10.387570990000183,4
135199_1.tex,non stop regreession model greedy,True,18,40.23807859420776,80.96542228600012,18
135213_2.tex,non stop regreession model greedy,True,18,32.77169728279114,96.91103864400054,18
135301_1.tex,non stop regreession model greedy,True,17,30.927069187164307,79.01509802011414,17
135320_2.tex,non stop regreession model greedy,True,23,39.41193222999573,123.60055341568622,23
135343_2.tex,non stop regreession model greedy,True,12,22.25972032546997,51.99281661500011,12
135361_2.tex,non stop regreession model greedy,True,24,42.4741325378418,156.94903355299965,24
135366_3.tex,non stop regreession model greedy,True,21,37.010860443115234,149.38716164875984,21
135408_3.tex,non stop regreession model greedy,False,26,51.17674565315247,151.04444649375006,27
135409_1.tex,non stop regreession model greedy,False,27,52.231250286102295,173.81144121800023,28
135429_2.tex,non stop regreession model greedy,False,50,96.3743634223938,336.8839417596903,51
135454_3.tex,non stop regreession model greedy,True,14,27.014904975891117,89.58701479500029,14
135529_3.tex,non stop regreession model greedy,True,17,28.69994425773621,79.18263470955007,17
135599_2.tex,non stop regreession model greedy,True,3,5.899401664733887,7.9397751919999795,3
135726_3.tex,non stop regreession model greedy,False,20,41.46941566467285,104.00069007599996,21
135738_3.tex,non stop regreession model greedy,True,20,41.66226577758789,115.81423956800072,20
135811_2.tex,non stop regreession model greedy,True,23,45.84443092346192,177.46366166849987,23
135852_3.tex,non stop regreession model greedy,True,31,60.07643413543701,205.8448509450005,31
135867_2.tex,non stop regreession model greedy,True,20,41.32651877403259,145.76033657499977,20
135868_1.tex,non stop regreession model greedy,False,9,16.46260666847229,30.623562564999983,10
135933_3.tex,non stop regreession model greedy,True,60,121.59382128715517,571.5738993370007,60
135937_3.tex,non stop regreession model greedy,True,15,26.03496289253235,57.35156909700001,15
135947_2.tex,non stop regreession model greedy,True,20,39.02808475494385,88.87750340400002,20
135969_2.tex,non stop regreession model greedy,False,62,116.12120366096497,1305.5748711825008,62
136013_1.tex,non stop regreession model greedy,False,24,43.12675929069519,151.13112534750007,25
136062_3.tex,non stop regreession model greedy,True,35,63.80438303947449,276.04886516034986,35
136138_2.tex,non stop regreession model greedy,True,10,17.72114324569702,52.17969851955008,10
136223_3.tex,non stop regreession model greedy,True,11,22.94656801223755,88.70208068000093,11
136248_1.tex,non stop regreession model greedy,True,15,30.60440969467163,161.50055466700007,15
136253_1.tex,non stop regreession model greedy,True,8,16.086209774017334,52.27424455826023,8
136278_3.tex,non stop regreession model greedy,True,17,35.14011120796204,103.87161217850024,17
136315_2.tex,non stop regreession model greedy,True,6,7.478294849395752,38.13891452000016,6
136337_2.tex,non stop regreession model greedy,True,24,47.59361910820007,199.0191452074999,24
136393_1.tex,non stop regreession model greedy,False,12,21.951067686080933,59.38421368200027,13
136413_1.tex,non stop regreession model greedy,True,12,19.40190052986145,100.89728722,12
136448_3.tex,non stop regreession model greedy,True,6,11.006895780563354,30.858738087999964,6
136454_3.tex,non stop regreession model greedy,True,1,0.9439079761505128,7.395574160000081,1
136463_3.tex,non stop regreession model greedy,True,18,35.36623930931091,132.70115939232005,18
136501_2.tex,non stop regreession model greedy,False,23,45.06993079185486,152.23932302780014,24
136543_3.tex,non stop regreession model greedy,True,19,30.854504108428955,154.69348381800012,19
136580_1.tex,non stop regreession model greedy,True,46,76.77523851394653,364.4606001637504,46
136608_3.tex,non stop regreession model greedy,True,3,5.392107725143433,14.763032931800254,3
136685_1.tex,non stop regreession model greedy,True,17,31.767911434173584,107.52624068775096,17
136713_1.tex,non stop regreession model greedy,True,2,3.7674460411071777,2.518057260000006,2
136801_3.tex,non stop regreession model greedy,True,13,25.508885145187374,76.51487335039995,13
136940_2.tex,non stop regreession model greedy,True,19,32.21128344535828,91.79429996493486,19
136999_1.tex,non stop regreession model greedy,True,13,26.47492480278015,77.2834488060001,13
137002_1.tex,non stop regreession model greedy,True,21,35.340951442718506,178.25326019800045,21
137014_2.tex,non stop regreession model greedy,True,3,4.987681865692139,6.547389164999999,3
137231_3.tex,non stop regreession model greedy,True,24,47.990012407302856,164.0482896294024,24
137254_1.tex,non stop regreession model greedy,True,13,22.1084725856781,60.14063873970031,13
137301_3.tex,non stop regreession model greedy,True,16,33.09029984474182,104.23913559999994,16
137322_2.tex,non stop regreession model greedy,True,8,16.100492238998413,36.55372225974385,8
137337_1.tex,non stop regreession model greedy,True,3,3.99936318397522,12.261130099999995,3
137371_3.tex,non stop regreession model greedy,True,16,32.29855132102966,86.82996369668615,16
137382_3.tex,non stop regreession model greedy,True,15,28.09452247619629,185.6383434250003,15
137386_2.tex,non stop regreession model greedy,True,10,14.756292581558228,61.86239950000011,10
137408_3.tex,non stop regreession model greedy,True,14,26.66092109680176,104.4968561650001,14
137423_2.tex,non stop regreession model greedy,True,24,50.50373339653015,212.80556058499968,24
137454_1.tex,non stop regreession model greedy,True,10,20.08126187324524,50.26272628800001,10
137487_3.tex,non stop regreession model greedy,True,1,1.7564644813537598,0.0,1
137493_2.tex,non stop regreession model greedy,False,23,47.21681880950928,156.87852697999983,24
137515_1.tex,non stop regreession model greedy,True,10,19.447517156600952,49.43303505000009,10
137540_2.tex,non stop regreession model greedy,False,4,9.591164112091064,9.53893256000003,5
137557_3.tex,non stop regreession model greedy,True,14,25.1905677318573,69.28461507470011,14
137617_2.tex,non stop regreession model greedy,True,1,1.510812759399414,0.0,1
137734_3.tex,non stop regreession model greedy,True,15,35.1769003868103,101.80525366999991,15
137782_2.tex,non stop regreession model greedy,True,15,32.13638377189636,120.94363484474876,15
138038_3.tex,non stop regreession model greedy,True,12,19.3896484375,79.53105098000042,12
138092_2.tex,non stop regreession model greedy,True,2,3.624972343444824,13.357844160000065,2
138165_2.tex,non stop regreession model greedy,True,1,0.964374303817749,3.0122203409999884,1
138208_1.tex,non stop regreession model greedy,True,12,23.35254907608032,59.49237842600007,12
138294_2.tex,non stop regreession model greedy,True,18,38.10240793228149,164.37359990880717,18
138324_3.tex,non stop regreession model greedy,True,18,37.18447113037109,128.466787688224,19
138334_1.tex,non stop regreession model greedy,True,18,35.428587675094604,157.43637085900068,18
138376_1.tex,non stop regreession model greedy,True,9,15.429169416427612,60.94631140500032,9
138393_2.tex,non stop regreession model greedy,True,22,38.41348648071289,180.45917233799983,22
138418_1.tex,non stop regreession model greedy,True,16,31.6831169128418,97.36050452141392,16
138437_2.tex,non stop regreession model greedy,True,15,28.91797161102295,86.99079701726411,15
138503_2.tex,non stop regreession model greedy,True,12,23.926231384277344,61.27117941900004,12
138522_2.tex,non stop regreession model greedy,True,21,42.62857747077942,102.8053903361214,21
138531_2.tex,non stop regreession model greedy,True,18,36.08648490905762,110.67059850499987,18
138618_3.tex,non stop regreession model greedy,True,10,16.624987840652466,53.563331087999984,10
138654_3.tex,non stop regreession model greedy,True,32,61.80685782432556,302.92149948675296,32
138758_1.tex,non stop regreession model greedy,True,35,64.46417236328125,353.95817916599987,35
138819_1.tex,non stop regreession model greedy,False,5,12.333827495574951,12.375023597252522,6
138854_3.tex,non stop regreession model greedy,True,16,32.58511757850647,122.35302378606642,16
138866_3.tex,non stop regreession model greedy,True,19,41.99779963493347,110.6316508722504,19
138874_2.tex,non stop regreession model greedy,True,9,17.528563261032104,34.01765318700057,9
138875_1.tex,non stop regreession model greedy,True,18,34.218178272247314,92.6181102528004,20
139015_2.tex,non stop regreession model greedy,True,12,14.25156569480896,76.60482347000084,12
139024_1.tex,non stop regreession model greedy,True,7,8.334463119506836,30.249122605000693,7
139061_1.tex,non stop regreession model greedy,True,4,5.282501935958862,9.973386155000007,4
139063_3.tex,non stop regreession model greedy,True,2,2.1494669914245605,2.506202031800001,2
139073_3.tex,non stop regreession model greedy,True,8,10.183361530303957,25.85295678476393,8
139080_2.tex,non stop regreession model greedy,False,15,23.35923433303833,51.27196066476006,16
139101_2.tex,non stop regreession model greedy,True,11,17.998483180999756,51.187090972800505,11
139160_3.tex,non stop regreession model greedy,True,11,18.103414058685303,53.78071325500011,11
139308_1.tex,non stop regreession model greedy,True,39,69.71950483322144,217.3089200670002,39
139365_3.tex,non stop regreession model greedy,True,16,31.980030059814453,123.1249420689005,16
139458_3.tex,non stop regreession model greedy,True,2,3.623766899108887,14.16066017999998,2
139555_3.tex,non stop regreession model greedy,True,6,12.299343824386597,42.63291976000003,6
139737_1.tex,non stop regreession model greedy,True,21,39.817259788513184,107.8127457898755,21
139750_2.tex,non stop regreession model greedy,True,15,25.509716749191284,81.02946587150002,15
139769_3.tex,non stop regreession model greedy,True,15,26.558165311813354,88.56550857500007,15
139821_2.tex,non stop regreession model greedy,False,27,47.73278188705444,146.07425149699998,28
139914_1.tex,non stop regreession model greedy,False,8,21.181857585906982,38.82186614945896,9
139961_3.tex,non stop regreession model greedy,True,10,19.852614164352417,39.45261438370702,10
139983_3.tex,non stop regreession model greedy,True,18,34.45783448219299,141.25086294000045,18
139989_2.tex,non stop regreession model greedy,True,5,9.403545618057253,20.230492980000164,5
140003_2.tex,non stop regreession model greedy,True,10,18.712730169296265,78.74942951874988,10
140044_3.tex,non stop regreession model greedy,True,25,50.78661227226257,215.76429531474992,25
140059_2.tex,non stop regreession model greedy,True,18,33.18465447425842,102.31974152199996,18
140093_2.tex,non stop regreession model greedy,True,18,28.544951677322388,131.61749051124968,18
140112_2.tex,non stop regreession model greedy,True,12,20.779770612716675,97.95820631860012,12
140181_3.tex,non stop regreession model greedy,True,18,35.864901065826416,80.81852370050001,18
140273_2.tex,non stop regreession model greedy,True,35,67.53611898422241,297.07347530841264,35
140317_2.tex,non stop regreession model greedy,True,4,7.6871397495269775,16.929480300000037,4
140391_3.tex,non stop regreession model greedy,False,14,27.20227289199829,59.970207798799976,15
140450_1.tex,non stop regreession model greedy,True,16,31.20441484451294,133.15480277219996,16
140453_3.tex,non stop regreession model greedy,True,16,34.43679451942444,80.50693917774439,16
140576_3.tex,non stop regreession model greedy,True,30,65.6366868019104,177.9029297544006,30
140586_1.tex,non stop regreession model greedy,True,14,28.158716917037964,73.12265883129994,14
140601_3.tex,non stop regreession model greedy,True,26,56.1427059173584,142.34450253276458,26
140611_1.tex,non stop regreession model greedy,True,17,34.7197163105011,83.79684714550035,17
140628_3.tex,non stop regreession model greedy,True,16,29.91418170928955,102.5653124050002,16
140633_2.tex,non stop regreession model greedy,True,18,37.87173771858215,136.39575330000085,18
140703_2.tex,non stop regreession model greedy,True,18,35.56534695625305,100.61143370499998,18
140703_3.tex,non stop regreession model greedy,True,28,52.692455768585205,193.19193544550055,28
140711_1.tex,non stop regreession model greedy,True,8,15.991812467575071,40.13023626050004,8
140729_1.tex,non stop regreession model greedy,True,10,20.763742208480835,52.51491735499989,10
140756_3.tex,non stop regreession model greedy,False,14,30.3915433883667,92.11591680000004,15
140814_1.tex,non stop regreession model greedy,True,21,41.64070749282837,109.17192747900027,21
140857_1.tex,non stop regreession model greedy,False,3,8.130243062973022,6.373910524999999,4
140862_2.tex,non stop regreession model greedy,True,7,10.810954332351685,32.29160704999995,7
140892_1.tex,non stop regreession model greedy,True,39,72.40016627311707,316.666756006,39
140911_3.tex,non stop regreession model greedy,True,28,47.38936400413513,147.79989059079992,28
141090_3.tex,non stop regreession model greedy,True,11,22.72553014755249,54.88554971925748,11
141092_1.tex,non stop regreession model greedy,True,11,21.34806489944458,53.83950090793096,11
141139_3.tex,non stop regreession model greedy,True,10,19.38978362083435,55.28749828550045,10
141152_3.tex,non stop regreession model greedy,True,42,87.85633087158203,602.4711135364009,42
141189_3.tex,non stop regreession model greedy,True,12,24.06209945678711,64.28055769625027,12
141277_1.tex,non stop regreession model greedy,True,10,14.444434642791748,54.77095483500051,10
141341_1.tex,non stop regreession model greedy,True,14,27.67488408088684,70.36523697899997,14
141355_2.tex,non stop regreession model greedy,True,15,29.75129246711731,83.08290612800012,15
141368_1.tex,non stop regreession model greedy,True,41,76.7187294960022,373.7972692540002,41
141373_2.tex,non stop regreession model greedy,False,12,17.472152948379517,78.29992025499988,13
141376_1.tex,non stop regreession model greedy,True,10,16.167165994644165,80.84040875500001,10
141405_2.tex,non stop regreession model greedy,True,9,12.818111896514893,51.830476380000064,9
141412_2.tex,non stop regreession model greedy,True,21,39.547367811203,142.1653636585208,21
141429_3.tex,non stop regreession model greedy,False,21,44.00253343582153,115.66112887300018,22
141449_3.tex,non stop regreession model greedy,True,12,18.9151463508606,64.54309956600014,12
141470_2.tex,non stop regreession model greedy,True,37,74.17215275764465,282.75569437932296,37
141475_3.tex,non stop regreession model greedy,True,26,46.54974102973938,134.01148585575024,26
141551_3.tex,non stop regreession model greedy,True,20,44.22937607765198,139.409617700715,20
141559_2.tex,non stop regreession model greedy,True,19,40.79408621788025,124.33600538837496,19
141626_1.tex,non stop regreession model greedy,True,14,28.626060962677,112.93057875149988,14
141632_3.tex,non stop regreession model greedy,True,21,44.33685660362244,142.3627845405536,40
141659_1.tex,non stop regreession model greedy,True,11,22.09904432296753,55.99577704600031,11
141731_2.tex,non stop regreession model greedy,True,12,22.45004153251648,60.00998089000012,12
141781_2.tex,non stop regreession model greedy,True,10,20.40275239944458,39.53869450422799,10
141821_2.tex,non stop regreession model greedy,True,18,34.824026584625244,106.71939843000057,18
141836_2.tex,non stop regreession model greedy,True,14,24.07466673851013,64.68826050500047,14
141861_3.tex,non stop regreession model greedy,True,16,30.093494415283203,71.12293911000005,16
141919_3.tex,non stop regreession model greedy,True,11,18.776589393615723,58.88770383000002,11
141961_2.tex,non stop regreession model greedy,True,7,10.628952264785768,31.57678253272501,7
142003_3.tex,non stop regreession model greedy,True,45,86.2746012210846,379.3355362681998,45
142010_3.tex,non stop regreession model greedy,True,42,77.53055238723755,321.85565243165416,42
142018_1.tex,non stop regreession model greedy,True,39,75.7618989944458,256.0102897954655,39
142085_2.tex,non stop regreession model greedy,True,15,31.861173629760746,89.68986432275067,15
142098_2.tex,non stop regreession model greedy,True,18,37.31152772903442,86.20126923001253,18
142125_1.tex,non stop regreession model greedy,True,16,31.7094886302948,78.43728463566791,16
142179_2.tex,non stop regreession model greedy,True,14,25.908275365829468,79.02360618300044,14
142221_2.tex,non stop regreession model greedy,True,21,42.19999670982361,108.3170822118505,21
142222_1.tex,non stop regreession model greedy,True,21,39.61774778366089,97.78502400245095,21
142232_3.tex,non stop regreession model greedy,True,11,18.75031614303589,50.41795457216,11
142272_1.tex,non stop regreession model greedy,True,18,34.1736273765564,134.7538954189998,18
142275_3.tex,non stop regreession model greedy,True,12,23.94853687286377,48.18962629712102,12
142291_2.tex,non stop regreession model greedy,True,14,25.52593159675598,64.22534019500034,14
142406_1.tex,non stop regreession model greedy,True,26,48.22515416145325,198.26710829514985,26
142443_3.tex,non stop regreession model greedy,False,43,86.32218718528748,347.83396994125,55
142453_1.tex,non stop regreession model greedy,False,16,21.120359420776367,92.23677481500016,17
142515_2.tex,non stop regreession model greedy,True,54,102.05792665481567,479.0257532360904,54
142626_3.tex,non stop regreession model greedy,True,16,38.126868724823,120.65371386005906,16
142661_3.tex,non stop regreession model greedy,True,11,23.986116647720337,50.63932836752116,11
142695_2.tex,non stop regreession model greedy,True,4,8.16344165802002,33.71514896000001,4
142878_3.tex,non stop regreession model greedy,False,39,88.54561066627502,398.58883402956815,40
142906_3.tex,non stop regreession model greedy,True,19,42.18195915222168,154.64739280999993,19
142953_1.tex,non stop regreession model greedy,True,10,20.68292737007141,53.03210707100007,10
143134_1.tex,non stop regreession model greedy,False,7,18.021263599395752,61.76773028000007,8
143176_1.tex,non stop regreession model greedy,True,15,34.414793729782104,132.59548045246976,15
143181_1.tex,non stop regreession model greedy,True,21,50.614102602005005,119.51713775064296,21
143253_2.tex,non stop regreession model greedy,True,15,32.838274002075195,103.86075468080011,15
143264_1.tex,non stop regreession model greedy,True,13,27.536784648895264,60.31930513320805,13
143297_3.tex,non stop regreession model greedy,True,15,32.8232102394104,63.38197679400034,15
143310_2.tex,non stop regreession model greedy,True,25,58.88600158691406,155.28121058938564,25
143313_1.tex,non stop regreession model greedy,False,16,38.82693266868591,88.47504713350055,17
143313_2.tex,non stop regreession model greedy,False,17,40.11998176574707,92.97986972116703,18
143350_2.tex,non stop regreession model greedy,True,11,22.3354754447937,72.95912576500018,11
143378_2.tex,non stop regreession model greedy,True,23,50.31461119651794,123.25618148700023,23
143399_2.tex,non stop regreession model greedy,True,11,25.784300565719604,49.64492556599993,11
143403_1.tex,non stop regreession model greedy,True,20,43.27733492851257,129.17105197405914,20
143426_1.tex,non stop regreession model greedy,True,15,28.84968328475952,133.64446073999994,15
143454_1.tex,non stop regreession model greedy,True,21,41.808308362960815,213.01052738375043,21
143456_3.tex,non stop regreession model greedy,True,8,15.454147577285768,48.793461700000265,8
143466_2.tex,non stop regreession model greedy,True,10,20.20771551132202,43.49106884470704,10
143469_2.tex,non stop regreession model greedy,True,35,75.5966854095459,240.98274312010017,35
143513_1.tex,non stop regreession model greedy,True,18,36.019851207733154,86.53891749718392,18
143531_1.tex,non stop regreession model greedy,True,38,77.57249593734741,221.2672886943507,38
143542_1.tex,non stop regreession model greedy,True,1,1.6644771099090576,0.0,1
143559_3.tex,non stop regreession model greedy,True,25,48.15583300590515,184.2662819000001,25
143578_2.tex,non stop regreession model greedy,True,14,26.716718196868896,74.78715837000007,14
143737_3.tex,non stop regreession model greedy,True,14,29.105169773101807,67.70029618200097,14
143746_2.tex,non stop regreession model greedy,True,23,53.82845497131348,106.51886456240037,23
143764_2.tex,non stop regreession model greedy,True,12,25.688386917114254,111.77721985000024,12
143789_3.tex,non stop regreession model greedy,True,11,22.835866689682007,48.19627313200033,11
143790_2.tex,non stop regreession model greedy,True,16,35.70172929763794,152.1968482351926,16
143836_3.tex,non stop regreession model greedy,True,15,31.83130383491516,77.0481813990005,15
143844_1.tex,non stop regreession model greedy,True,14,28.985470056533813,59.55751004640062,14
143905_2.tex,non stop regreession model greedy,True,10,20.73749709129333,57.179692106999966,10
143951_2.tex,non stop regreession model greedy,True,20,43.32972955703735,99.70203635600004,20
143995_1.tex,non stop regreession model greedy,True,2,3.337836265563965,7.085139208999948,2
143996_2.tex,non stop regreession model greedy,True,23,47.55031847953797,157.0533362000002,27
144045_2.tex,non stop regreession model greedy,True,17,34.062336683273315,107.26272891999992,17
144074_1.tex,non stop regreession model greedy,True,26,53.06768298149109,295.35379379999983,26
144094_1.tex,non stop regreession model greedy,True,17,33.718435525894165,91.04832785000004,17
144303_3.tex,non stop regreession model greedy,True,18,39.48728775978088,175.40760489000007,18
144389_2.tex,non stop regreession model greedy,True,16,35.00462198257446,78.65863643126634,16
144407_3.tex,non stop regreession model greedy,True,11,22.02064871788025,67.57553009000017,11
144422_1.tex,non stop regreession model greedy,True,15,30.76358151435852,113.5737484300004,15
144487_3.tex,non stop regreession model greedy,True,25,56.05932760238648,125.9326263820002,25
144510_2.tex,non stop regreession model greedy,True,9,17.11387014389038,71.86479127999988,9
144696_3.tex,non stop regreession model greedy,True,31,62.284340143203735,254.50894378350017,31
144776_3.tex,non stop regreession model greedy,True,20,47.08173418045044,136.3282446083405,21
144833_2.tex,non stop regreession model greedy,True,11,23.970711708068848,81.18998496500001,11
144846_3.tex,non stop regreession model greedy,True,19,40.3667197227478,166.96293160250053,19
144856_3.tex,non stop regreession model greedy,True,6,12.388845443725586,39.53439440000007,6
144896_3.tex,non stop regreession model greedy,True,21,47.95288133621216,143.59715250141426,21
144919_2.tex,non stop regreession model greedy,True,13,28.426337718963623,49.86516979535014,13
144924_3.tex,non stop regreession model greedy,True,19,39.39636659622192,115.1374093577,19
144930_2.tex,non stop regreession model greedy,True,25,56.6873836517334,131.78424252900132,25
144944_2.tex,non stop regreession model greedy,True,13,25.463901042938232,142.72474019000006,13
144959_2.tex,non stop regreession model greedy,True,28,62.132591247558594,259.21531548375,28
144975_3.tex,non stop regreession model greedy,True,4,7.718681335449219,12.059521615000024,4
144990_3.tex,non stop regreession model greedy,True,16,32.589173793792725,101.48388416800012,16
145113_2.tex,non stop regreession model greedy,True,16,31.99589371681213,73.32255153720007,16
145115_2.tex,non stop regreession model greedy,True,45,91.54027032852171,304.81361089700056,45
145145_2.tex,non stop regreession model greedy,False,32,69.29780888557434,181.4112970762004,33
145200_3.tex,non stop regreession model greedy,False,20,41.786017179489136,126.76407202500005,21
145239_1.tex,non stop regreession model greedy,False,58,126.57481813430786,2419.1894445141,58
145257_3.tex,non stop regreession model greedy,False,27,60.5505633354187,148.20428441780012,28
145329_3.tex,non stop regreession model greedy,True,24,57.30011677742005,158.92067360500002,24
145333_3.tex,non stop regreession model greedy,True,13,28.433977603912357,71.620017966,13
145352_2.tex,non stop regreession model greedy,True,11,23.18894743919373,34.0010820457977,11
145356_3.tex,non stop regreession model greedy,True,12,25.677972316741943,46.64642524499999,12
145393_1.tex,non stop regreession model greedy,True,7,13.976638317108154,41.81511402499999,7
145410_1.tex,non stop regreession model greedy,True,13,27.746432542800903,95.06554702,13
145419_3.tex,non stop regreession model greedy,True,9,19.931471824646,52.71752183299996,9
145452_2.tex,non stop regreession model greedy,True,18,38.94062781333923,78.36186000874494,18
145455_1.tex,non stop regreession model greedy,True,14,30.77625131607056,61.02904946835073,14
145474_1.tex,non stop regreession model greedy,True,13,27.20090389251709,57.51133338000066,13
145501_2.tex,non stop regreession model greedy,True,19,38.22254276275635,124.08434692500126,19
145512_1.tex,non stop regreession model greedy,False,12,26.90305233001709,66.65547479299993,13
145522_3.tex,non stop regreession model greedy,True,9,18.66308569908142,34.16700776299986,9
145548_2.tex,non stop regreession model greedy,True,19,38.494372606277466,117.2720534897759,19
145573_1.tex,non stop regreession model greedy,True,15,30.963059186935425,63.85573460947542,15
145597_3.tex,non stop regreession model greedy,False,14,29.5276153087616,95.17091440000029,15
145619_2.tex,non stop regreession model greedy,True,22,43.323880672454834,110.94018380900056,22
145665_1.tex,non stop regreession model greedy,True,23,46.60276508331299,118.69522988550013,23
145668_2.tex,non stop regreession model greedy,True,8,16.54371213912964,23.915604764999987,8
145698_1.tex,non stop regreession model greedy,True,20,42.73233246803284,117.92386632500008,20
145700_3.tex,non stop regreession model greedy,False,8,16.92643713951111,33.731403600000064,9
145724_2.tex,non stop regreession model greedy,True,8,14.882636070251465,26.964393790999974,8
145731_2.tex,non stop regreession model greedy,True,8,15.30756902694702,40.09232227500003,8
145733_2.tex,non stop regreession model greedy,True,12,23.010077953338623,54.79721833799995,12
145744_1.tex,non stop regreession model greedy,False,18,38.75893497467041,76.14609017980011,19
145750_3.tex,non stop regreession model greedy,True,11,21.065879344940186,44.66866560120005,11
145784_3.tex,non stop regreession model greedy,False,10,21.937992095947266,42.94344196799996,11
145879_3.tex,non stop regreession model greedy,True,21,49.399272441864014,146.67929709765014,21
145891_1.tex,non stop regreession model greedy,True,24,55.96062326431274,172.80531919800023,24
145892_1.tex,non stop regreession model greedy,True,16,38.09149098396301,79.75386629899972,16
145929_1.tex,non stop regreession model greedy,True,11,24.268646717071533,97.20741970500036,11
145952_3.tex,non stop regreession model greedy,True,9,20.29982829093933,44.64783186499994,9
145958_3.tex,non stop regreession model greedy,True,11,23.948721647262573,70.22205002844154,11
145964_1.tex,non stop regreession model greedy,True,15,32.20647048950195,108.78197953600008,15
145993_3.tex,non stop regreession model greedy,True,19,39.96537375450134,126.87203393500064,19
146032_3.tex,non stop regreession model greedy,True,3,5.798022508621216,20.775383679999983,3
146082_2.tex,non stop regreession model greedy,True,16,31.692596197128296,82.88972318737129,16
146104_1.tex,non stop regreession model greedy,True,20,42.1655957698822,125.08424561500048,20
146114_1.tex,non stop regreession model greedy,True,26,54.51137471199036,151.5849013483509,26
146114_2.tex,non stop regreession model greedy,True,4,7.9551637172698975,15.99001216635,4
146128_1.tex,non stop regreession model greedy,True,14,27.191575288772583,121.59199607999996,14
146138_1.tex,non stop regreession model greedy,True,15,30.718365907669067,125.03393473,15
146166_3.tex,non stop regreession model greedy,True,10,19.965494871139526,54.405774167999965,10
146246_2.tex,non stop regreession model greedy,True,6,11.05331325531006,34.526099980000254,6
146404_1.tex,non stop regreession model greedy,True,10,20.809610605239868,45.426578217000326,10
146405_2.tex,non stop regreession model greedy,True,14,29.96936869621277,72.40496928800056,14
146422_2.tex,non stop regreession model greedy,True,15,36.47332572937012,84.07599652499995,15
146424_1.tex,non stop regreession model greedy,True,16,34.15812969207764,81.23870346533018,16
146441_2.tex,non stop regreession model greedy,False,23,51.24417996406555,141.07975166566723,23
146486_1.tex,non stop regreession model greedy,True,19,41.26768493652344,207.24149178199968,19
146493_1.tex,non stop regreession model greedy,True,17,36.06989812850952,114.36491956284294,17
146493_2.tex,non stop regreession model greedy,True,13,27.40701150894165,70.77188104079994,13
146502_2.tex,non stop regreession model greedy,True,13,27.05033707618713,71.30371384524801,13
146553_2.tex,non stop regreession model greedy,True,15,31.734893798828125,80.85813884600061,15
146623_1.tex,non stop regreession model greedy,True,15,31.59242939949036,78.89811814800004,15
146624_1.tex,non stop regreession model greedy,True,21,43.65762710571289,165.75789212750024,21
146632_3.tex,non stop regreession model greedy,True,11,22.743797540664676,47.01722617629604,11
146644_1.tex,non stop regreession model greedy,True,33,73.61746668815613,202.8744653109889,33
146652_3.tex,non stop regreession model greedy,True,5,10.036200523376465,14.629071830000072,5
146656_1.tex,non stop regreession model greedy,True,24,52.63067126274109,223.1066526877501,24
146738_2.tex,non stop regreession model greedy,False,16,35.9150128364563,82.79505409599989,17
146739_1.tex,non stop regreession model greedy,True,1,1.8816382884979248,2.879615540000003,1
146744_3.tex,non stop regreession model greedy,True,5,9.790334939956663,14.44316361000005,5
146855_1.tex,non stop regreession model greedy,True,4,7.236594200134277,11.043972885600027,4
146861_1.tex,non stop regreession model greedy,True,50,107.21745657920836,573.8999531077502,50
146875_2.tex,non stop regreession model greedy,False,48,105.46481347084044,299.42382423280003,49
146893_2.tex,non stop regreession model greedy,True,12,26.18963861465454,145.01479089375,12
146921_2.tex,non stop regreession model greedy,False,16,38.19895315170288,101.098504149875,16
146968_3.tex,non stop regreession model greedy,True,18,40.893582344055176,87.23006123899997,18
147070_3.tex,non stop regreession model greedy,True,3,5.99131178855896,5.549689131999964,3
147111_1.tex,non stop regreession model greedy,False,7,16.81771445274353,21.050776530000533,8
147147_3.tex,non stop regreession model greedy,True,13,26.810312509536743,60.200108264999976,13
147153_2.tex,non stop regreession model greedy,True,19,39.807645320892334,111.70969312950048,19
147159_3.tex,non stop regreession model greedy,True,11,22.86833906173706,51.62041718000011,11
147160_1.tex,non stop regreession model greedy,True,38,81.28201341629028,1067.2267240980011,38
147168_3.tex,non stop regreession model greedy,True,6,11.550031900405884,24.955783471999965,6
147178_3.tex,non stop regreession model greedy,True,40,91.96305894851685,251.45530159041763,40
147192_2.tex,non stop regreession model greedy,True,18,37.83248805999756,77.67288609600018,18
147211_3.tex,non stop regreession model greedy,True,16,33.463621377944946,96.18416954000006,16
147225_1.tex,non stop regreession model greedy,True,19,38.57400417327881,96.54707722500036,19
147273_2.tex,non stop regreession model greedy,False,17,36.77104473114014,81.4741130486001,18
147284_1.tex,non stop regreession model greedy,False,2,6.103543758392334,6.766305459999995,3
147299_2.tex,non stop regreession model greedy,True,54,117.18157386779784,589.5331425326845,54
147301_1.tex,non stop regreession model greedy,False,12,26.637040376663208,59.375201904000185,13
147310_2.tex,non stop regreession model greedy,True,52,114.29403495788574,409.2873658180001,52
147358_1.tex,non stop regreession model greedy,True,10,19.071147203445435,35.30715998947498,10
147363_2.tex,non stop regreession model greedy,True,18,36.69784331321716,85.45684758550026,18
147454_1.tex,non stop regreession model greedy,True,7,14.749260425567629,46.07310233,7
147502_1.tex,non stop regreession model greedy,True,26,63.65682315826416,175.75955126262912,26
147570_1.tex,non stop regreession model greedy,True,10,22.51016664505005,78.2920128935,10
147571_3.tex,non stop regreession model greedy,True,17,36.39475989341736,125.61160418099988,17
147572_3.tex,non stop regreession model greedy,True,24,56.945481300354,160.64350662149982,24
147639_1.tex,non stop regreession model greedy,True,21,42.51154017448425,215.8705892049999,21
147689_1.tex,non stop regreession model greedy,True,10,20.77800035476685,46.375555209000055,10
147690_1.tex,non stop regreession model greedy,True,16,33.41039776802063,110.01885211800048,16
147732_1.tex,non stop regreession model greedy,False,28,61.65232825279236,151.50084090100023,29
147742_1.tex,non stop regreession model greedy,True,17,35.48817229270935,102.15865840949996,17
147753_3.tex,non stop regreession model greedy,False,10,22.970139741897583,71.5334627800001,11
147778_2.tex,non stop regreession model greedy,False,12,25.63215947151184,67.29421648000037,13
147786_1.tex,non stop regreession model greedy,True,1,1.58363938331604,6.546921080000004,1
147826_3.tex,non stop regreession model greedy,True,15,33.62677311897278,73.41214678741387,15
147897_3.tex,non stop regreession model greedy,True,6,11.9324152469635,33.180070505,6
147913_3.tex,non stop regreession model greedy,False,30,62.12255215644837,181.30203806300028,31
147918_3.tex,non stop regreession model greedy,False,23,48.16396307945252,133.75880795956311,24
147934_1.tex,non stop regreession model greedy,True,12,23.83490920066833,61.22238876700003,12
147941_1.tex,non stop regreession model greedy,False,39,83.67672872543335,281.9140878314004,40
147985_2.tex,non stop regreession model greedy,False,19,41.84759306907654,156.61969912000143,20
148042_1.tex,non stop regreession model greedy,True,12,29.50354146957397,48.40825804039994,12
148132_3.tex,non stop regreession model greedy,True,14,30.21916365623474,62.91731606040027,14
148148_2.tex,non stop regreession model greedy,True,6,12.20595359802246,18.431344780048025,6
148170_1.tex,non stop regreession model greedy,True,13,26.97046709060669,55.42018036100082,13
148173_2.tex,non stop regreession model greedy,True,18,38.17891192436218,82.39013192116677,18
148204_3.tex,non stop regreession model greedy,True,21,44.23445439338684,127.544911330001,21
148215_1.tex,non stop regreession model greedy,True,14,28.847183227539062,72.18474805299994,14
148247_2.tex,non stop regreession model greedy,True,17,34.36697196960449,87.21202614499995,17
148278_1.tex,non stop regreession model greedy,True,24,51.88630104064941,189.38628427500015,24
148292_3.tex,non stop regreession model greedy,True,21,42.609373569488525,149.43028270999991,21
148353_3.tex,non stop regreession model greedy,True,16,32.312888622283936,75.73858154860017,16
148355_3.tex,non stop regreession model greedy,True,23,47.64988946914673,116.86595905420012,23
148360_2.tex,non stop regreession model greedy,True,20,43.395596742630005,85.2438825623999,20
148366_1.tex,non stop regreession model greedy,True,4,7.564077615737915,13.045755199000013,4
148374_2.tex,non stop regreession model greedy,True,13,27.242950201034542,56.20204919400016,13
148378_1.tex,non stop regreession model greedy,True,5,9.620355606079102,11.098326289499994,5
148379_1.tex,non stop regreession model greedy,True,19,38.709904193878174,101.54068838550025,19
148396_3.tex,non stop regreession model greedy,True,26,54.822500467300415,209.47177383999968,26
148432_3.tex,non stop regreession model greedy,True,20,38.39033842086792,181.3496595400001,20
148434_3.tex,non stop regreession model greedy,True,15,28.580732822418213,74.98229394300006,15
148540_3.tex,non stop regreession model greedy,False,12,30.08719277381897,59.058348807268,13
148551_1.tex,non stop regreession model greedy,True,20,44.34116053581238,119.5268740427444,20
148564_2.tex,non stop regreession model greedy,True,16,34.89541435241699,77.7597400580011,16
148577_2.tex,non stop regreession model greedy,True,22,48.905850648880005,127.73562538226462,22
148605_3.tex,non stop regreession model greedy,True,16,34.700364112854004,66.35074290600078,16
148662_1.tex,non stop regreession model greedy,True,24,52.05425667762756,144.04155682900014,24
148683_2.tex,non stop regreession model greedy,True,25,55.50087785720825,176.57495338800055,25
148684_3.tex,non stop regreession model greedy,True,16,34.36419177055359,75.92437949600036,16
148719_3.tex,non stop regreession model greedy,True,16,32.40140724182129,100.86190489000002,16
148727_1.tex,non stop regreession model greedy,True,24,53.87456750869751,137.6331641050002,36
148736_3.tex,non stop regreession model greedy,True,17,37.55408000946045,120.11214290000002,17
148759_3.tex,non stop regreession model greedy,False,19,44.79415822029114,87.32922673141402,20
148763_2.tex,non stop regreession model greedy,True,2,3.535727977752685,3.496034124000005,2
148830_2.tex,non stop regreession model greedy,True,18,35.99008321762085,106.12453548999969,18
148847_1.tex,non stop regreession model greedy,True,8,15.289701223373411,25.929055565000084,8
148867_2.tex,non stop regreession model greedy,True,22,43.32792901992798,131.6912951417201,22
148868_1.tex,non stop regreession model greedy,True,23,49.70095229148865,125.21788245000012,23
148891_1.tex,non stop regreession model greedy,True,7,13.701003551483154,20.266333446000008,7
148900_2.tex,non stop regreession model greedy,True,26,56.58381533622742,142.3445357513501,26
148934_3.tex,non stop regreession model greedy,True,18,37.16373920440674,131.13177749000008,18
148966_3.tex,non stop regreession model greedy,False,18,38.06475830078125,108.88452785000052,19
148975_3.tex,non stop regreession model greedy,True,18,32.98623752593994,71.55462572650003,18
148976_2.tex,non stop regreession model greedy,True,5,9.18518042564392,11.878264870912489,5
149097_1.tex,non stop regreession model greedy,True,9,19.09988236427307,62.14053113800006,9
149143_3.tex,non stop regreession model greedy,False,6,15.62726616859436,36.87332648000043,7
149159_2.tex,non stop regreession model greedy,True,15,34.147138595581055,164.40947997499993,15
149214_2.tex,non stop regreession model greedy,False,7,17.524709701538086,44.931900354520295,8
149242_1.tex,non stop regreession model greedy,True,14,29.371195793151852,84.9509793830462,14
149274_2.tex,non stop regreession model greedy,False,1,4.050908327102661,7.482922200000019,2
149280_1.tex,non stop regreession model greedy,False,10,22.303734302520752,93.6656423037504,11
149297_3.tex,non stop regreession model greedy,True,13,26.099501132965088,101.23352438399984,13
149302_3.tex,non stop regreession model greedy,True,15,30.09800887107849,144.92614030100006,15
149330_3.tex,non stop regreession model greedy,True,20,44.27879595756531,132.47709667900023,20
149347_3.tex,non stop regreession model greedy,True,17,34.42403984069824,90.79620579775197,17
149356_2.tex,non stop regreession model greedy,True,17,35.03865432739258,97.45412649535224,17
149376_1.tex,non stop regreession model greedy,True,14,27.7903904914856,118.02039788000012,14
149395_1.tex,non stop regreession model greedy,True,17,34.6441171169281,95.24938365000004,17
149447_3.tex,non stop regreession model greedy,True,20,39.99467372894287,123.41199265075016,20
149460_1.tex,non stop regreession model greedy,False,10,22.108142614364624,54.1845588123001,11
149472_2.tex,non stop regreession model greedy,True,3,4.787928104400635,17.648158079999916,3
149473_1.tex,non stop regreession model greedy,False,8,15.45207691192627,52.27386067999996,9
149500_1.tex,non stop regreession model greedy,True,15,27.75514411926269,112.6200268537502,15
149540_2.tex,non stop regreession model greedy,True,37,73.43618321418762,299.2636542477509,118
149633_2.tex,non stop regreession model greedy,True,18,40.41452431678772,119.22054071300144,18
149708_2.tex,non stop regreession model greedy,True,13,27.144670486450195,123.99104742,13
149726_2.tex,non stop regreession model greedy,True,14,30.40665102005005,111.70407751749995,14
149771_3.tex,non stop regreession model greedy,True,3,5.807604551315308,8.257721146999979,3
149780_3.tex,non stop regreession model greedy,True,14,30.335376024246216,58.67004248068648,14
149801_3.tex,non stop regreession model greedy,True,11,22.8074951171875,87.7128829625001,11
149842_1.tex,non stop regreession model greedy,True,10,20.46704053878784,59.55662825247998,10
149862_1.tex,non stop regreession model greedy,True,12,24.165631771087646,50.93493709216025,12
149885_3.tex,non stop regreession model greedy,True,9,18.63163042068481,37.41813652250004,9
149886_3.tex,non stop regreession model greedy,True,22,49.83632469177246,116.05783980805728,22
149929_1.tex,non stop regreession model greedy,False,13,28.411311864852905,82.23569614000002,14
149952_3.tex,non stop regreession model greedy,True,22,44.24138450622559,142.54471485200077,22
150006_1.tex,non stop regreession model greedy,False,30,63.808517932891846,160.32628102335036,56
150030_3.tex,non stop regreession model greedy,True,9,17.117045640945435,42.922433315000106,9
150066_1.tex,non stop regreession model greedy,True,18,36.337703466415405,99.29154856800012,18
150072_2.tex,non stop regreession model greedy,True,4,7.67887806892395,18.498088500000264,4
150112_3.tex,non stop regreession model greedy,True,25,51.01679873466492,125.77283663940028,25
150255_1.tex,non stop regreession model greedy,True,20,43.52407193183899,118.40310960000082,20
150263_3.tex,non stop regreession model greedy,True,10,20.339011192321777,47.48422354000048,10
150268_3.tex,non stop regreession model greedy,True,21,49.14035820960999,205.0442888686248,21
150277_1.tex,non stop regreession model greedy,True,11,23.060884475708008,46.262271878999975,14
150330_1.tex,non stop regreession model greedy,True,20,45.10199213027954,89.6329092358501,20
150338_2.tex,non stop regreession model greedy,True,12,24.804513692855835,133.12434400000006,12
150353_2.tex,non stop regreession model greedy,True,12,25.151024103164676,64.93869648000029,12
150364_3.tex,non stop regreession model greedy,True,12,24.31984257698059,52.95929859000055,12
150369_2.tex,non stop regreession model greedy,True,19,39.63076186180115,115.18692593000068,19
150375_2.tex,non stop regreession model greedy,True,6,12.028658151626589,19.734354863999997,6
150397_2.tex,non stop regreession model greedy,True,20,41.27233386039734,101.37586365700078,20
150406_2.tex,non stop regreession model greedy,True,3,6.32554030418396,11.27523960000002,3
150485_1.tex,non stop regreession model greedy,True,10,19.446361780166622,55.45115376700003,10
150538_3.tex,non stop regreession model greedy,True,17,34.5621919631958,71.03649749487101,17
150545_3.tex,non stop regreession model greedy,True,50,111.98936772346497,534.6061860633504,223
150563_3.tex,non stop regreession model greedy,True,10,18.61462092399597,54.1470102499999,10
150627_1.tex,non stop regreession model greedy,True,20,39.419837474823,90.45946690527502,20
150636_3.tex,non stop regreession model greedy,False,24,51.56164908409119,120.0794660410002,36
150648_3.tex,non stop regreession model greedy,False,27,57.88417291641235,153.74833528535004,28
150694_3.tex,non stop regreession model greedy,True,20,43.332884788513184,151.72078528000137,20
150727_3.tex,non stop regreession model greedy,True,7,14.806971549987791,34.31114218849997,7
150733_2.tex,non stop regreession model greedy,True,17,35.03326344490051,157.46978463946806,17
150744_2.tex,non stop regreession model greedy,True,14,30.007120609283447,95.05065250677126,14
150752_1.tex,non stop regreession model greedy,True,17,40.53036618232727,80.9354907573588,17
150837_1.tex,non stop regreession model greedy,True,23,52.41018605232239,133.55295518932198,23
150864_3.tex,non stop regreession model greedy,True,7,14.481696128845217,40.76640660540004,7
150868_3.tex,non stop regreession model greedy,True,18,40.03369212150574,117.0078012510009,18
150953_2.tex,non stop regreession model greedy,True,15,32.39732027053833,89.28864716799998,15
151008_1.tex,non stop regreession model greedy,True,19,37.31972694396973,153.15582821000024,19
151018_2.tex,non stop regreession model greedy,True,3,6.410116195678711,18.24238443000001,3
151067_1.tex,non stop regreession model greedy,True,13,26.01835298538208,62.38325995949995,13
151133_3.tex,non stop regreession model greedy,True,10,19.96136283874512,58.97630953000002,10
151189_1.tex,non stop regreession model greedy,True,29,61.04876637458801,187.72906362525015,29
151233_1.tex,non stop regreession model greedy,True,13,28.19238328933716,72.8033242900008,13
151276_2.tex,non stop regreession model greedy,True,18,42.317984104156494,115.19792331619698,18
151307_3.tex,non stop regreession model greedy,True,30,73.67961072921753,173.9232680240007,30
151339_1.tex,non stop regreession model greedy,True,22,49.94524383544922,145.18995359000036,22
151351_3.tex,non stop regreession model greedy,True,27,58.94371199607849,241.10747646099992,27
151383_2.tex,non stop regreession model greedy,True,13,28.105883836746216,74.21896080819998,13
151428_2.tex,non stop regreession model greedy,True,9,17.72964310646057,54.58019945500013,9
151454_3.tex,non stop regreession model greedy,True,15,31.57916235923767,96.90572729299996,15
151459_1.tex,non stop regreession model greedy,True,19,40.73223090171814,118.41627380799989,19
151518_3.tex,non stop regreession model greedy,True,1,1.6767654418945312,5.226616080000014,1
151520_2.tex,non stop regreession model greedy,True,38,85.51245522499084,313.006479762,38
151622_1.tex,non stop regreession model greedy,True,41,86.3104157447815,375.07914867917486,41
151648_2.tex,non stop regreession model greedy,True,27,55.283305168151855,234.04280964375025,27
151812_3.tex,non stop regreession model greedy,True,4,8.383437633514404,9.604432044627517,4
151835_1.tex,non stop regreession model greedy,True,28,66.69777917861938,142.94478039340038,28
151835_2.tex,non stop regreession model greedy,True,30,72.4205412864685,166.9396979611502,30
151861_2.tex,non stop regreession model greedy,True,12,24.63331890106201,69.9336523900006,12
151900_2.tex,non stop regreession model greedy,True,15,31.73118305206299,66.35767496864295,15
151901_3.tex,non stop regreession model greedy,True,19,43.63169312477112,107.39908873300044,19
151943_3.tex,non stop regreession model greedy,True,8,16.59451174736023,29.591723085000428,8
152060_3.tex,non stop regreession model greedy,True,6,11.990329027175903,15.242214297175003,6
152095_2.tex,non stop regreession model greedy,True,12,24.39073181152344,48.631867100000136,12
152179_2.tex,non stop regreession model greedy,True,9,16.879342555999756,37.75920625000007,9
152244_2.tex,non stop regreession model greedy,True,29,58.02376341819763,264.2195666271601,29
152247_2.tex,non stop regreession model greedy,True,7,13.553564548492432,21.822575862199965,7
152278_2.tex,non stop regreession model greedy,True,37,78.93093538284302,226.22789729054887,37
152337_1.tex,non stop regreession model greedy,False,27,66.76420998573303,214.5218620755007,27
152361_2.tex,non stop regreession model greedy,True,23,55.359206438064575,154.20505097849994,23
152413_3.tex,non stop regreession model greedy,True,6,11.796147108078005,32.45330490500002,6
152419_1.tex,non stop regreession model greedy,True,10,22.483686923980716,76.92109985500005,10
152458_3.tex,non stop regreession model greedy,True,31,73.86840653419495,249.2318188818519,31
152476_3.tex,non stop regreession model greedy,True,11,24.264198303222656,67.63478196120005,11
152490_1.tex,non stop regreession model greedy,True,25,58.71513891220093,161.66849524776387,27
152529_1.tex,non stop regreession model greedy,False,12,27.309940099716187,80.62574333000093,13
152530_1.tex,non stop regreession model greedy,True,22,51.55716609954834,205.62579019875068,22
152534_3.tex,non stop regreession model greedy,True,21,45.86041855812073,146.8415716329999,21
152538_2.tex,non stop regreession model greedy,False,16,36.09679841995239,92.77153737424976,17
152545_1.tex,non stop regreession model greedy,True,13,25.94760775566101,76.58571886799993,13
152583_2.tex,non stop regreession model greedy,True,8,17.37757444381714,40.51190741300003,8
152606_1.tex,non stop regreession model greedy,False,5,11.828713417053224,28.64259688,6
152632_2.tex,non stop regreession model greedy,True,10,19.50614047050476,55.1617958050004,10
152655_3.tex,non stop regreession model greedy,True,9,17.7444851398468,51.18313411500011,9
152721_3.tex,non stop regreession model greedy,False,11,22.74812793731689,67.71724150500013,12
152793_3.tex,non stop regreession model greedy,True,9,17.387998580932617,40.04115433949993,9
152865_2.tex,non stop regreession model greedy,True,17,37.32506942749024,127.04456571799992,17
152905_3.tex,non stop regreession model greedy,True,22,49.78731846809387,140.3733873910001,22
152937_3.tex,non stop regreession model greedy,True,14,29.065938472747803,172.87376868000018,14
152972_2.tex,non stop regreession model greedy,True,16,33.716957807540894,93.92864398799986,16
153008_3.tex,non stop regreession model greedy,False,12,28.534061193466187,60.628043935999976,13
153052_3.tex,non stop regreession model greedy,True,14,28.84001445770264,68.46895911500054,14
153067_2.tex,non stop regreession model greedy,True,5,9.748379707336426,17.56651141500012,5
153074_2.tex,non stop regreession model greedy,True,17,35.4041211605072,114.98676323919992,17
153122_3.tex,non stop regreession model greedy,True,27,59.144495725631714,157.50711365300032,27
153145_2.tex,non stop regreession model greedy,False,8,16.656466007232666,29.063929989999963,9
153155_3.tex,non stop regreession model greedy,True,22,47.99819087982178,152.63759799000002,22
153173_2.tex,non stop regreession model greedy,True,5,9.423636198043823,20.87530679000005,5
153237_2.tex,non stop regreession model greedy,True,21,42.55384540557861,97.93868039117515,21
153246_3.tex,non stop regreession model greedy,True,30,63.00496864318848,173.96570412900087,30
153283_1.tex,non stop regreession model greedy,True,9,17.199242115020752,39.70156639000007,9
153288_3.tex,non stop regreession model greedy,False,22,45.70509433746338,125.94526692516378,23
153351_2.tex,non stop regreession model greedy,False,22,48.21425628662109,102.66964596100009,23
153371_2.tex,non stop regreession model greedy,True,18,39.76719260215759,264.2772801775001,18
153375_3.tex,non stop regreession model greedy,True,15,32.60634183883667,93.63115824000036,15
153456_2.tex,non stop regreession model greedy,True,17,37.57303094863892,71.61095773126013,17
153493_3.tex,non stop regreession model greedy,True,14,28.91096329689026,69.97146870000054,14
153496_1.tex,non stop regreession model greedy,True,17,36.57945513725281,97.3348567850006,17
153552_1.tex,non stop regreession model greedy,True,18,39.32318162918091,126.49679443900006,18
153614_2.tex,non stop regreession model greedy,True,9,18.307693004608154,27.42027573100001,9
153650_1.tex,non stop regreession model greedy,True,20,44.12870717048645,134.1425346370007,20
153772_1.tex,non stop regreession model greedy,True,11,22.3569757938385,33.27035412250008,11
153803_1.tex,non stop regreession model greedy,True,5,9.508967638015749,17.019626550000055,5
153807_3.tex,non stop regreession model greedy,True,20,40.66223049163818,135.52325385000026,20
153837_3.tex,non stop regreession model greedy,True,15,28.668052911758423,64.5722312670001,15
153966_2.tex,non stop regreession model greedy,True,21,47.18826532363892,243.186318518,21
153985_1.tex,non stop regreession model greedy,True,3,6.0346152782440186,12.615699510000011,3
154023_1.tex,non stop regreession model greedy,True,14,30.58098316192627,152.16373173000036,14
154039_2.tex,non stop regreession model greedy,True,13,28.72753953933716,76.29197954875059,13
154065_2.tex,non stop regreession model greedy,True,13,28.07337474822998,68.69068009300022,13
154132_2.tex,non stop regreession model greedy,True,21,46.17110705375672,238.38366430500025,23
154191_2.tex,non stop regreession model greedy,True,11,23.715612173080444,50.96823901699996,11
154210_1.tex,non stop regreession model greedy,True,18,41.163904428482056,94.52390331876406,18
154224_2.tex,non stop regreession model greedy,False,9,18.494718074798584,48.48073328999985,10
154239_1.tex,non stop regreession model greedy,True,13,26.46800804138184,66.43641042999988,13
154239_3.tex,non stop regreession model greedy,True,10,20.04789614677429,60.240496280000194,10
154263_3.tex,non stop regreession model greedy,True,13,27.05330848693848,65.07348938412113,13
154289_2.tex,non stop regreession model greedy,True,15,30.514986991882324,85.00409752300006,15
154293_1.tex,non stop regreession model greedy,False,6,13.767857313156128,33.990770225000176,7
154302_2.tex,non stop regreession model greedy,True,18,39.24102759361267,95.42165856317114,18
154339_2.tex,non stop regreession model greedy,True,12,22.75422239303589,64.24218315499994,12
154343_2.tex,non stop regreession model greedy,True,6,10.760525465011597,34.95568572500007,6
154354_3.tex,non stop regreession model greedy,False,9,19.84341168403625,62.58577538,10
154356_1.tex,non stop regreession model greedy,True,17,33.93432974815369,98.59524335500046,17
154362_2.tex,non stop regreession model greedy,True,2,3.497742176055908,11.330209467999993,2
154377_2.tex,non stop regreession model greedy,True,39,80.30886769294739,420.8084409764999,39
154407_2.tex,non stop regreession model greedy,True,12,23.244720935821533,57.38234174404998,12
154431_1.tex,non stop regreession model greedy,False,27,59.78578209877014,137.95353770300017,28
154457_1.tex,non stop regreession model greedy,False,19,46.43152284622192,120.70095772999998,19
154536_1.tex,non stop regreession model greedy,True,20,43.07280683517456,94.07607904480108,20
154547_2.tex,non stop regreession model greedy,True,1,2.1046268939971924,2.8686280400000044,1
154576_1.tex,non stop regreession model greedy,True,15,33.16050100326538,101.51934325375028,15
154643_3.tex,non stop regreession model greedy,True,19,41.75021362304688,95.61773719181453,19
154670_1.tex,non stop regreession model greedy,True,13,26.921356201171875,57.42069921500023,13
154690_3.tex,non stop regreession model greedy,True,6,12.300307273864746,17.459709540000773,6
154732_1.tex,non stop regreession model greedy,True,20,42.80979824066162,118.04175981999995,20
154742_2.tex,non stop regreession model greedy,True,28,62.47387766838074,152.96989189320016,28
154758_2.tex,non stop regreession model greedy,True,21,45.86007571220398,106.34936422100016,21
154765_1.tex,non stop regreession model greedy,True,19,34.52938175201416,131.39777826499972,19
154765_3.tex,non stop regreession model greedy,True,17,30.84624934196472,123.10117083999994,17
154768_1.tex,non stop regreession model greedy,True,15,30.239705085754395,115.50317233999998,15
154853_1.tex,non stop regreession model greedy,True,17,34.72440958023071,76.58691195580002,17
154883_3.tex,non stop regreession model greedy,True,9,17.95795488357544,57.16095539999999,9
154961_2.tex,non stop regreession model greedy,False,38,82.82162094116211,252.23545090300053,39
155013_1.tex,non stop regreession model greedy,True,26,61.724202156066895,172.96696836500084,37
155032_1.tex,non stop regreession model greedy,True,12,26.836531400680546,60.77745646300045,12
155064_3.tex,non stop regreession model greedy,True,14,31.25040316581726,81.84699461980016,14
155068_1.tex,non stop regreession model greedy,True,24,54.79058456420898,119.6315681815925,24
155086_2.tex,non stop regreession model greedy,True,26,63.56807923316956,140.4134094620644,26
155113_1.tex,non stop regreession model greedy,True,13,27.115224599838257,67.05204512500097,13
155121_2.tex,non stop regreession model greedy,True,7,14.099663734436035,23.78418561500081,7
155151_2.tex,non stop regreession model greedy,True,6,12.652645349502563,20.90143445000018,6
155160_3.tex,non stop regreession model greedy,True,20,42.742615938186646,92.55093727149996,20
155191_3.tex,non stop regreession model greedy,False,41,94.67431592941284,650.2184027274855,41
155245_3.tex,non stop regreession model greedy,True,20,42.352431535720825,106.4420262820003,20
155256_2.tex,non stop regreession model greedy,True,16,34.35190272331238,79.21967114700008,16
155266_2.tex,non stop regreession model greedy,True,17,36.29258942604065,84.58297430800042,17
155296_1.tex,non stop regreession model greedy,True,7,14.02246880531311,18.319551525175022,7
155328_2.tex,non stop regreession model greedy,True,16,31.757673025131226,82.75073186500052,16
155351_3.tex,non stop regreession model greedy,True,13,26.489508867263797,55.56675159500004,13
155361_1.tex,non stop regreession model greedy,True,7,13.133623600006104,21.01153844650001,7
155361_2.tex,non stop regreession model greedy,True,32,64.887624502182,293.19386126025046,32
155452_2.tex,non stop regreession model greedy,True,5,9.135841131210327,11.525477520150009,5
155455_1.tex,non stop regreession model greedy,False,8,17.38457703590393,33.54491452760004,9
155493_3.tex,non stop regreession model greedy,True,11,21.49444031715393,35.202387030000054,11
155577_2.tex,non stop regreession model greedy,True,13,28.093348503112797,93.8270556571781,13
155588_1.tex,non stop regreession model greedy,True,8,16.487045764923096,47.18303610700065,8
155590_2.tex,non stop regreession model greedy,True,11,24.311366081237797,57.34462949839982,11
155657_3.tex,non stop regreession model greedy,True,9,18.289960384368896,53.098193770000414,9
155665_3.tex,non stop regreession model greedy,True,18,36.71066427230835,187.0771092224596,18
155692_1.tex,non stop regreession model greedy,True,19,41.395673751831055,136.9464034800005,19
155695_3.tex,non stop regreession model greedy,True,15,33.14770865440369,91.83122754100036,15
155723_1.tex,non stop regreession model greedy,True,26,62.60245871543884,201.35057702064,26
155749_2.tex,non stop regreession model greedy,True,13,26.404364109039307,169.98290416000034,13
155817_2.tex,non stop regreession model greedy,True,9,18.485026836395264,54.08267914766662,9
155830_3.tex,non stop regreession model greedy,True,29,66.12654781341553,178.3740919967828,29
155941_3.tex,non stop regreession model greedy,False,24,51.99019980430603,158.53862600805013,25
155968_2.tex,non stop regreession model greedy,False,3,8.066392421722412,20.906168780000044,4
156048_3.tex,non stop regreession model greedy,True,9,17.55751132965088,40.751626569600106,9
156082_2.tex,non stop regreession model greedy,True,15,35.17253065109253,152.19581804250117,15
156119_2.tex,non stop regreession model greedy,True,8,17.10891890525818,39.86170023800062,8
156127_1.tex,non stop regreession model greedy,True,11,23.881113290786743,57.217588469333336,11
156166_1.tex,non stop regreession model greedy,True,23,52.220813274383545,141.05817498100674,23
156230_3.tex,non stop regreession model greedy,True,14,30.145639419555664,109.65674303300013,14
156256_3.tex,non stop regreession model greedy,True,12,25.28659987449646,63.87956670202405,12
156274_1.tex,non stop regreession model greedy,True,6,12.163596391677856,19.457553080000054,6
156278_3.tex,non stop regreession model greedy,True,9,18.325284481048584,78.19238208000006,9
156360_2.tex,non stop regreession model greedy,True,20,42.73043942451477,163.7068319729999,20
156480_2.tex,non stop regreession model greedy,False,10,22.059754371643063,40.73116266467514,11
156545_3.tex,non stop regreession model greedy,True,26,52.813538551330566,260.5241109617501,26
156552_3.tex,non stop regreession model greedy,False,28,57.59653830528259,164.48215564320003,29
156587_3.tex,non stop regreession model greedy,True,45,95.33253479003906,378.2766404518504,45
156622_2.tex,non stop regreession model greedy,True,11,23.59430313110352,139.70800425000064,11
156635_2.tex,non stop regreession model greedy,True,16,37.5705201625824,97.7766791500008,16
156646_3.tex,non stop regreession model greedy,True,14,33.14313077926636,164.38841151567146,15
156729_1.tex,non stop regreession model greedy,True,16,36.910505533218384,122.4063551999998,16
156769_3.tex,non stop regreession model greedy,True,16,34.247541427612305,113.94701746750002,16
156830_2.tex,non stop regreession model greedy,True,19,40.07693266868591,196.1641596000001,25
156846_2.tex,non stop regreession model greedy,True,11,21.5605788230896,59.615469680000686,11
156974_2.tex,non stop regreession model greedy,True,14,28.778910875320435,99.91701510399994,14
156992_2.tex,non stop regreession model greedy,True,20,40.69895219802856,98.06160985587064,20
156998_2.tex,non stop regreession model greedy,True,7,13.828112125396729,31.287042320000136,7
157054_3.tex,non stop regreession model greedy,True,6,11.061464071273804,17.105806330000036,6
157087_3.tex,non stop regreession model greedy,True,7,13.33906388282776,27.937513150000026,7
157112_2.tex,non stop regreession model greedy,True,28,54.23900127410889,208.0197992277,28
157123_2.tex,non stop regreession model greedy,True,45,94.33904576301576,359.6983870580001,45
157166_2.tex,non stop regreession model greedy,True,2,3.733362436294556,15.053446080000024,2
157183_1.tex,non stop regreession model greedy,True,11,25.577098846435547,86.63119125627097,11
157195_1.tex,non stop regreession model greedy,True,12,27.052627325057983,104.11562402800044,12
157200_1.tex,non stop regreession model greedy,False,4,11.232626676559448,18.04581328177616,5
157207_1.tex,non stop regreession model greedy,True,12,26.30295991897583,63.199114668000576,13
157240_1.tex,non stop regreession model greedy,True,11,23.8995361328125,59.405503804695066,11
157281_1.tex,non stop regreession model greedy,True,17,39.3156955242157,128.13358312999986,17
157285_2.tex,non stop regreession model greedy,False,2,6.209383249282837,8.899491412319975,3
157293_2.tex,non stop regreession model greedy,False,14,32.81158924102783,104.68770100599995,15
157386_2.tex,non stop regreession model greedy,True,13,28.560370445251465,88.25488671000025,15
157410_2.tex,non stop regreession model greedy,True,19,41.20296096801758,245.32238165900029,19
157443_3.tex,non stop regreession model greedy,True,12,25.382166147232056,65.08825113848923,12
157459_2.tex,non stop regreession model greedy,True,18,40.05025696754456,93.15717753688013,18
157464_2.tex,non stop regreession model greedy,True,9,16.785303592681885,78.36363207999985,9
157475_1.tex,non stop regreession model greedy,True,23,50.30808448791504,190.9531328800001,23
157481_1.tex,non stop regreession model greedy,True,12,24.133007526397705,90.4841066800003,12
157509_3.tex,non stop regreession model greedy,True,15,32.72512006759644,79.39183167512107,15
157622_1.tex,non stop regreession model greedy,True,11,22.06234622001648,60.42994773700009,11
157652_2.tex,non stop regreession model greedy,True,13,25.72810959815979,72.7122025736335,13
157663_3.tex,non stop regreession model greedy,False,20,44.56513905525208,109.0729197418544,21
157695_1.tex,non stop regreession model greedy,False,13,31.39739203453064,99.31958593000056,13
157867_1.tex,non stop regreession model greedy,False,10,24.49941658973694,46.79861868116662,11
157897_3.tex,non stop regreession model greedy,True,9,16.984123468399048,83.41860303999997,9
157942_2.tex,non stop regreession model greedy,True,15,30.918587684631348,108.91182515799994,15
157972_1.tex,non stop regreession model greedy,True,3,5.887542486190796,10.4978088,3
158098_3.tex,non stop regreession model greedy,True,33,69.5843152999878,230.8155245158002,33
158142_2.tex,non stop regreession model greedy,True,18,36.11046290397644,116.58396092500028,18
158144_2.tex,non stop regreession model greedy,True,9,17.910378217697144,45.057158980000125,9
158165_2.tex,non stop regreession model greedy,True,20,41.243515968322754,102.27275358580016,20
158192_2.tex,non stop regreession model greedy,True,5,9.569375991821287,18.846691410300075,5
158215_1.tex,non stop regreession model greedy,False,11,25.209338188171387,54.318068157000106,12
158246_2.tex,non stop regreession model greedy,True,9,19.31652545928955,35.60202597500107,9
158277_3.tex,non stop regreession model greedy,True,12,26.3566575050354,64.20747048300252,12
158334_1.tex,non stop regreession model greedy,True,10,21.08142828941345,81.15320315,10
158334_3.tex,non stop regreession model greedy,True,14,29.440377473831177,138.41180137499992,14
158344_2.tex,non stop regreession model greedy,True,11,23.613546133041385,74.38661532499998,11
158404_3.tex,non stop regreession model greedy,True,13,28.86672568321228,60.54411179194154,13
158504_3.tex,non stop regreession model greedy,True,20,42.70833897590637,119.19691379000008,20
158522_3.tex,non stop regreession model greedy,False,16,37.97465705871582,74.58960020585701,17
158563_1.tex,non stop regreession model greedy,True,8,15.857483148574827,32.331714275000124,8
158576_2.tex,non stop regreession model greedy,True,12,25.34082078933716,82.64328965000016,12
158616_2.tex,non stop regreession model greedy,True,5,9.676534414291382,7.885260747249987,5
158623_3.tex,non stop regreession model greedy,False,52,113.99661684036256,518.5494625850498,52
158625_2.tex,non stop regreession model greedy,True,19,39.90013551712036,80.72290406450003,19
158627_2.tex,non stop regreession model greedy,True,20,41.0916965007782,97.89736833147612,20
158634_1.tex,non stop regreession model greedy,True,5,9.82301664352417,14.474793862175012,5
158638_1.tex,non stop regreession model greedy,True,3,5.767824411392212,10.444384017500084,3
158640_2.tex,non stop regreession model greedy,True,44,95.77160167694092,383.0102213717678,44
158679_2.tex,non stop regreession model greedy,True,5,9.45212721824646,17.043734550000046,5
158694_3.tex,non stop regreession model greedy,True,10,20.472801208496094,39.80189735499995,10
158706_2.tex,non stop regreession model greedy,False,17,36.97262120246887,84.13125408500008,18
158721_3.tex,non stop regreession model greedy,False,13,28.140551328659058,61.28565303600003,14
158748_1.tex,non stop regreession model greedy,True,27,56.149800062179565,153.9797431747503,27
158886_1.tex,non stop regreession model greedy,True,10,21.432965755462646,79.11428177250014,12
158890_3.tex,non stop regreession model greedy,True,10,20.945055723190308,87.91734145999999,10
158927_2.tex,non stop regreession model greedy,True,23,54.74149012565613,145.40001026100072,23
158945_2.tex,non stop regreession model greedy,True,12,25.663559675216675,55.58117420779996,12
158950_2.tex,non stop regreession model greedy,True,18,40.95269441604614,146.4471889159999,18
159016_2.tex,non stop regreession model greedy,True,5,9.985552787780762,22.88770240719998,5
159031_2.tex,non stop regreession model greedy,True,14,28.656505823135376,94.33516903441412,14
159034_3.tex,non stop regreession model greedy,True,15,34.28396034240723,91.07493964941447,15
159060_2.tex,non stop regreession model greedy,True,23,49.49168634414673,165.08461249649588,23
159071_3.tex,non stop regreession model greedy,True,8,16.89041781425476,42.16109894000014,8
159157_3.tex,non stop regreession model greedy,True,2,3.691340923309326,10.882109897351995,2
159186_1.tex,non stop regreession model greedy,False,39,87.39359426498413,351.04416347125,40
159206_3.tex,non stop regreession model greedy,True,19,37.68198895454407,137.82287265500077,19
159214_2.tex,non stop regreession model greedy,True,5,9.545526504516602,40.71457010000018,7
159235_1.tex,non stop regreession model greedy,False,29,59.663002252578735,219.08000576117493,30
159236_1.tex,non stop regreession model greedy,True,4,7.580392599105835,17.96376448000005,4
159263_1.tex,non stop regreession model greedy,True,37,74.60701823234558,254.79268516734984,37
159291_2.tex,non stop regreession model greedy,False,13,30.116536617279053,63.92181261800024,14
159387_2.tex,non stop regreession model greedy,True,11,24.5961332321167,45.43715703249994,11
159393_2.tex,non stop regreession model greedy,True,9,19.61591506004333,38.67730747249994,9
159418_2.tex,non stop regreession model greedy,True,8,16.595127820968628,90.58142069000006,8
159449_1.tex,non stop regreession model greedy,True,8,16.903029441833496,43.80127285849599,8
159497_3.tex,non stop regreession model greedy,True,12,27.13750696182251,58.83447293647821,12
159536_3.tex,non stop regreession model greedy,True,23,52.371830701828,222.6262564250009,23
159573_2.tex,non stop regreession model greedy,True,18,37.609203815460205,89.24317033700018,18
159593_2.tex,non stop regreession model greedy,True,11,24.02472329139709,52.16019161681397,11
159598_3.tex,non stop regreession model greedy,True,28,66.28127408027649,185.41579127517787,28
159605_1.tex,non stop regreession model greedy,True,9,19.305591106414795,45.9775568500004,9
159623_1.tex,non stop regreession model greedy,True,21,44.125025272369385,103.22018266800016,21
159625_3.tex,non stop regreession model greedy,True,13,23.89081621170044,103.07351706499992,13
159653_2.tex,non stop regreession model greedy,True,16,32.80522966384888,96.01784295000036,16
159678_3.tex,non stop regreession model greedy,True,25,53.24856090545654,193.31850779800064,25
159743_2.tex,non stop regreession model greedy,True,13,25.390716791152958,75.06967940000006,13
159756_2.tex,non stop regreession model greedy,True,14,27.653528213500977,88.64315947500002,14
159795_1.tex,non stop regreession model greedy,True,31,64.1176929473877,186.54402370600025,31
159823_3.tex,non stop regreession model greedy,False,43,93.03125882148744,295.33130018900056,44
159826_2.tex,non stop regreession model greedy,False,26,56.45424127578735,144.72326018180013,27
159880_2.tex,non stop regreession model greedy,True,16,38.1880567073822,114.73594342689096,16
159895_2.tex,non stop regreession model greedy,True,6,12.718648433685305,23.44409575000023,6
159906_1.tex,non stop regreession model greedy,True,21,48.44147038459778,241.7414266550022,22
159917_1.tex,non stop regreession model greedy,False,28,64.33476448059082,213.98648329629995,30
159935_3.tex,non stop regreession model greedy,True,19,45.47150468826294,86.04190445547084,19
159951_3.tex,non stop regreession model greedy,True,10,21.264408826828003,84.22168030000003,10
159963_1.tex,non stop regreession model greedy,True,3,6.078029155731201,3.9862041500001615,3
160020_2.tex,non stop regreession model greedy,False,12,28.57065224647522,54.19579138754397,13
160178_2.tex,non stop regreession model greedy,True,13,26.494888305664062,72.5883355400002,13
160235_3.tex,non stop regreession model greedy,True,9,17.681116342544556,26.62771945300007,9
160240_2.tex,non stop regreession model greedy,False,31,68.57539701461792,338.2919125650001,32
160266_3.tex,non stop regreession model greedy,False,30,67.03938817977905,145.8626579766006,31
160295_3.tex,non stop regreession model greedy,True,30,61.93304967880249,237.90429260975057,30
160459_2.tex,non stop regreession model greedy,False,25,64.36932015419006,164.6574722952524,25
160613_3.tex,non stop regreession model greedy,True,15,32.24822473526001,82.78646748000045,19
160653_2.tex,non stop regreession model greedy,False,22,54.09635639190674,144.50974925000028,23
160760_3.tex,non stop regreession model greedy,True,6,12.244564533233644,37.785834430000094,6
160859_2.tex,non stop regreession model greedy,True,13,25.609464168548584,84.24581289275002,13
161056_3.tex,non stop regreession model greedy,True,24,52.99364757537842,151.55182469000098,24
161060_2.tex,non stop regreession model greedy,True,14,32.015807151794434,86.95748511500062,14
161077_1.tex,non stop regreession model greedy,True,14,30.299061059951782,81.41800620900017,14
161121_2.tex,non stop regreession model greedy,True,21,49.42350554466248,96.20242794940064,21
161124_2.tex,non stop regreession model greedy,True,31,70.72939658164978,265.338403481401,31
161222_1.tex,non stop regreession model greedy,True,17,37.84525752067566,84.1768391948142,17
161263_3.tex,non stop regreession model greedy,False,17,38.10449457168579,98.09260080624996,18
161307_3.tex,non stop regreession model greedy,True,30,63.06828951835632,228.6216458466004,30
161323_3.tex,non stop regreession model greedy,True,12,25.36828303337097,58.86765675999997,12
161342_3.tex,non stop regreession model greedy,True,40,85.95431089401245,357.4294814207497,40
161373_1.tex,non stop regreession model greedy,True,26,52.65292716026306,175.0935325900002,26
161376_1.tex,non stop regreession model greedy,True,10,19.219917058944706,50.57685848000008,10
161390_3.tex,non stop regreession model greedy,True,4,7.449805498123169,15.398182850000008,4
161446_3.tex,non stop regreession model greedy,True,53,116.51041769981384,570.9062712548005,53
161473_1.tex,non stop regreession model greedy,True,3,5.812621355056763,7.390830900000992,3
161495_2.tex,non stop regreession model greedy,True,23,54.39324307441712,128.40011416500033,23
161567_3.tex,non stop regreession model greedy,True,23,51.22489786148071,126.00565367030111,23
161580_3.tex,non stop regreession model greedy,True,8,16.70226263999939,34.14312470000016,8
161583_2.tex,non stop regreession model greedy,True,23,52.66408085823059,193.01823015000028,26
161608_1.tex,non stop regreession model greedy,True,11,23.82044577598572,53.304851340496015,11
161693_3.tex,non stop regreession model greedy,False,2,6.4539313316345215,7.0398971150000165,3
161755_3.tex,non stop regreession model greedy,True,4,8.35368275642395,10.378565744000031,4
161759_2.tex,non stop regreession model greedy,True,11,22.95614266395569,49.92391998500001,11
161779_1.tex,non stop regreession model greedy,True,12,24.92962765693665,43.78400872600019,12
161867_2.tex,non stop regreession model greedy,True,26,52.967830419540405,112.48158098950005,26
161877_3.tex,non stop regreession model greedy,True,9,18.69702100753784,41.18132420400004,9
161921_1.tex,non stop regreession model greedy,True,25,50.23348617553711,169.4177500900001,25
161926_2.tex,non stop regreession model greedy,True,17,33.438685178756714,80.96385874000032,17
161955_3.tex,non stop regreession model greedy,True,33,70.04228138923645,224.93737233735047,33
162030_3.tex,non stop regreession model greedy,False,15,36.98489952087402,96.82356532000074,20
162053_3.tex,non stop regreession model greedy,False,12,30.155378341674805,87.28216253200003,12
162058_3.tex,non stop regreession model greedy,False,20,50.50898504257202,125.70934457180988,20
162081_1.tex,non stop regreession model greedy,True,23,57.12390756607056,158.65102228734935,23
162137_2.tex,non stop regreession model greedy,True,14,31.309260606765747,100.48618538000152,14
162154_3.tex,non stop regreession model greedy,False,10,27.469845056533813,60.4541258667501,11
162155_1.tex,non stop regreession model greedy,True,9,19.50786280632019,58.2548136825281,9
162163_1.tex,non stop regreession model greedy,True,8,17.1997287273407,49.14652893300004,8
162176_1.tex,non stop regreession model greedy,True,14,30.88058590888977,132.35410286024012,14
162189_3.tex,non stop regreession model greedy,True,19,42.65996313095093,128.68078779379994,19
162209_1.tex,non stop regreession model greedy,True,17,37.54950761795044,90.23525932132038,17
162209_2.tex,non stop regreession model greedy,True,8,17.48577857017517,48.62598422299993,8
162271_1.tex,non stop regreession model greedy,True,19,43.72534155845642,120.5986083073521,19
162362_2.tex,non stop regreession model greedy,True,9,18.13423442840576,60.45879901452805,9
162366_1.tex,non stop regreession model greedy,True,7,14.318792819976808,38.106077395352045,7
162459_2.tex,non stop regreession model greedy,True,20,39.49745178222656,144.07369125000025,20
162475_1.tex,non stop regreession model greedy,True,2,3.507243394851685,13.592068248000032,2
162493_1.tex,non stop regreession model greedy,True,31,63.26353144645691,278.6777245272502,31
162495_3.tex,non stop regreession model greedy,False,16,34.960227966308594,89.02305092800005,17
162517_3.tex,non stop regreession model greedy,False,19,40.41042733192444,95.96350242550012,20
162568_1.tex,non stop regreession model greedy,True,6,12.341442584991457,43.13453901375064,6
162613_3.tex,non stop regreession model greedy,True,17,37.23976492881775,128.14294581579992,17
162723_2.tex,non stop regreession model greedy,True,15,32.11167669296265,75.32637004129992,15
162764_2.tex,non stop regreession model greedy,True,10,20.102213144302368,63.34717839999991,10
162782_1.tex,non stop regreession model greedy,True,12,24.177671909332275,79.17213449000126,12
162788_1.tex,non stop regreession model greedy,True,9,17.711302995681763,43.88869205000066,9
162788_2.tex,non stop regreession model greedy,True,8,15.975344896316528,54.75053369375047,8
162788_3.tex,non stop regreession model greedy,True,8,15.854638576507568,42.91549428000039,8
162813_1.tex,non stop regreession model greedy,True,17,35.96478605270386,105.86861126750028,17
162836_2.tex,non stop regreession model greedy,True,18,39.14101767539978,106.27947619050988,18
162848_3.tex,non stop regreession model greedy,True,12,25.57935905456543,54.06719084533333,12
162854_2.tex,non stop regreession model greedy,True,7,14.707819938659668,29.11195143000012,7
162871_3.tex,non stop regreession model greedy,True,23,50.35217952728272,186.27142333999996,23
162879_3.tex,non stop regreession model greedy,True,12,24.43320918083191,74.69055283000053,12
162924_1.tex,non stop regreession model greedy,True,25,52.13092231750488,188.7810710400001,25
162955_2.tex,non stop regreession model greedy,True,8,16.01672124862671,23.715407928100063,8
162971_2.tex,non stop regreession model greedy,False,27,59.374356746673584,146.2807212862005,28
163111_3.tex,non stop regreession model greedy,True,14,31.650071144104004,92.54245382000089,16
163158_1.tex,non stop regreession model greedy,True,14,31.534087419509888,124.35055786246994,25
163158_2.tex,non stop regreession model greedy,True,16,36.0582640171051,106.93288878192703,20
163181_2.tex,non stop regreession model greedy,True,4,8.301337718963623,9.950074492,4
163187_2.tex,non stop regreession model greedy,True,10,21.75854468345642,38.43999830350001,10
163206_1.tex,non stop regreession model greedy,True,5,10.659482955932615,23.912991250000463,5
163214_1.tex,non stop regreession model greedy,True,10,21.482882261276245,50.96200970000071,10
163237_3.tex,non stop regreession model greedy,True,14,29.717716932296756,71.39011963900036,14
163301_2.tex,non stop regreession model greedy,True,6,12.426148176193236,32.028857599999945,6
163315_3.tex,non stop regreession model greedy,True,6,12.04368782043457,33.26098601500032,6
163344_1.tex,non stop regreession model greedy,True,22,46.50377321243286,179.633992038,22
163360_3.tex,non stop regreession model greedy,True,13,26.935534715652462,74.90401967900085,13
163392_1.tex,non stop regreession model greedy,True,29,62.48925065994263,242.4324156328501,29
163412_2.tex,non stop regreession model greedy,True,16,34.351014614105225,109.61248785000002,16
163418_2.tex,non stop regreession model greedy,True,17,34.292800188064575,115.00410360000043,17
163447_3.tex,non stop regreession model greedy,True,3,5.403794527053833,5.779008400000009,3
163489_1.tex,non stop regreession model greedy,True,13,26.48706841468811,56.61570016117512,13
163498_3.tex,non stop regreession model greedy,True,25,51.797117710113525,132.1120963105251,25
163527_3.tex,non stop regreession model greedy,True,22,44.86751580238342,148.3190517,22
163602_1.tex,non stop regreession model greedy,True,35,72.6067578792572,239.45895599419163,35
163613_3.tex,non stop regreession model greedy,False,25,55.339513301849365,125.33310584300028,26
163647_1.tex,non stop regreession model greedy,True,2,3.837986469268799,11.63846702000012,2
163712_2.tex,non stop regreession model greedy,True,21,47.203322410583496,122.30705114874982,21
163761_3.tex,non stop regreession model greedy,True,11,22.176230430603027,80.73881698000072,11
163765_1.tex,non stop regreession model greedy,True,17,35.12318015098572,145.07502277800003,17
163793_1.tex,non stop regreession model greedy,True,24,53.973689794540405,152.88147205200048,24
163850_2.tex,non stop regreession model greedy,True,10,20.73309326171875,68.89415363500015,10
163888_3.tex,non stop regreession model greedy,True,11,22.377621173858643,53.62609969299999,11
163897_2.tex,non stop regreession model greedy,True,19,39.10873007774353,120.18286746205942,19
163904_1.tex,non stop regreession model greedy,True,4,7.918051719665527,22.69591018000017,4
163947_3.tex,non stop regreession model greedy,True,12,23.8979549407959,117.82801028,12
163958_1.tex,non stop regreession model greedy,True,15,30.894307613372803,132.80935673000076,15
163997_1.tex,non stop regreession model greedy,True,12,24.970334768295288,77.88162788000008,12
164003_2.tex,non stop regreession model greedy,True,3,5.688504934310913,15.257715680000013,3
164012_1.tex,non stop regreession model greedy,True,11,23.326587677001957,55.11471920000013,11
164048_2.tex,non stop regreession model greedy,False,32,69.26379227638245,207.17903039927523,33
164060_2.tex,non stop regreession model greedy,True,8,14.813252687454224,58.7472694800001,8
164063_2.tex,non stop regreession model greedy,True,14,26.2908456325531,94.68008454000004,14
164089_1.tex,non stop regreession model greedy,True,1,1.5806691646575928,5.605881080000017,1
164096_2.tex,non stop regreession model greedy,True,6,11.377692699432371,30.696174559999992,6
164187_2.tex,non stop regreession model greedy,True,8,16.827747344970703,33.49485277000112,8
164188_2.tex,non stop regreession model greedy,True,12,25.992721557617188,93.08026119250056,16
164239_1.tex,non stop regreession model greedy,True,12,26.888750791549683,55.85425909754804,12
164264_2.tex,non stop regreession model greedy,True,22,51.29674935340881,165.1440756710012,22
164264_3.tex,non stop regreession model greedy,True,23,53.08660554885864,130.87655095000017,23
164278_3.tex,non stop regreession model greedy,True,9,18.946377754211422,58.900724439999934,9
164279_1.tex,non stop regreession model greedy,True,20,43.61683964729309,131.50800677500064,20
164341_2.tex,non stop regreession model greedy,True,15,32.008039236068726,83.56915454340006,15
164363_2.tex,non stop regreession model greedy,True,14,30.846091270446777,82.56589175200025,14
164435_3.tex,non stop regreession model greedy,True,6,13.521032333374023,31.178473980000007,6
164498_2.tex,non stop regreession model greedy,True,3,5.899370908737183,7.530111680000033,3
164507_3.tex,non stop regreession model greedy,True,8,15.656562089920044,38.426642250000015,8
164518_1.tex,non stop regreession model greedy,True,14,28.44085907936096,81.43488084999996,14
164518_2.tex,non stop regreession model greedy,True,15,31.59851813316345,77.00483532000014,15
164519_3.tex,non stop regreession model greedy,True,13,26.779081106185917,66.68193340000022,13
164533_3.tex,non stop regreession model greedy,False,16,36.48720145225525,90.07705131,17
164539_3.tex,non stop regreession model greedy,True,19,40.31101870536804,116.71220240819996,19
164544_3.tex,non stop regreession model greedy,False,5,12.315187454223633,18.98417158000015,6
164569_3.tex,non stop regreession model greedy,True,18,37.98869776725769,86.24369277630016,18
164574_3.tex,non stop regreession model greedy,True,6,11.750699996948242,16.21686968269998,6
164578_2.tex,non stop regreession model greedy,True,33,71.97612380981445,244.90932559002505,33
164597_1.tex,non stop regreession model greedy,False,6,13.943363666534424,27.33138944000008,7
164635_3.tex,non stop regreession model greedy,True,10,19.64271450042725,50.4303133155,10
164637_3.tex,non stop regreession model greedy,True,11,21.265641689300537,46.69179872199996,11
164684_1.tex,non stop regreession model greedy,True,55,121.896005153656,524.2992874679159,55
164738_3.tex,non stop regreession model greedy,False,8,21.447752475738525,43.385027271270985,9
164816_3.tex,non stop regreession model greedy,True,8,16.564480781555176,66.20104774999997,8
164831_3.tex,non stop regreession model greedy,True,11,22.54633069038391,48.84502292500028,11
164841_1.tex,non stop regreession model greedy,True,9,18.64728546142578,39.33856627500021,9
164920_3.tex,non stop regreession model greedy,True,10,20.883620977401733,48.35366625000015,10
165079_3.tex,non stop regreession model greedy,True,3,5.422347068786621,6.328830831800005,3
165101_3.tex,non stop regreession model greedy,True,16,32.304542779922485,63.42508903499998,16
165132_2.tex,non stop regreession model greedy,True,12,21.443312168121334,73.22218787500027,12
165142_2.tex,non stop regreession model greedy,True,16,30.491364002227783,108.67978571500024,16
165156_1.tex,non stop regreession model greedy,False,19,40.29417037963867,114.7506281550002,20
165172_1.tex,non stop regreession model greedy,True,8,15.83203649520874,27.520257370000035,8
165272_1.tex,non stop regreession model greedy,True,21,47.22376084327698,204.01838951500017,21
165291_3.tex,non stop regreession model greedy,True,6,13.357199668884276,28.81537118620045,6
165297_3.tex,non stop regreession model greedy,True,6,13.098150730133057,42.40076744400001,6
165298_2.tex,non stop regreession model greedy,True,12,26.48078489303589,81.84544543600032,12
165331_2.tex,non stop regreession model greedy,True,5,11.005715608596802,28.19206171299998,5
165338_3.tex,non stop regreession model greedy,False,16,39.21176600456238,72.42803127184054,18
165380_1.tex,non stop regreession model greedy,True,21,46.89547634124756,149.4399511650018,28
165433_2.tex,non stop regreession model greedy,True,13,28.32783079147339,78.5065305655003,13
165485_1.tex,non stop regreession model greedy,True,12,25.753588914871216,86.90360033000005,12
165651_3.tex,non stop regreession model greedy,True,6,12.411770105361938,32.493468008500166,6
165712_2.tex,non stop regreession model greedy,True,15,32.795183420181274,81.8160435900001,15
165727_3.tex,non stop regreession model greedy,True,41,85.37113285064697,334.1781989445159,41
165791_3.tex,non stop regreession model greedy,True,13,30.811564207077023,236.94221999000052,13
165804_1.tex,non stop regreession model greedy,True,8,16.98813009262085,31.423250105001078,8
165891_2.tex,non stop regreession model greedy,True,9,19.59512543678284,61.831400914999946,9
165898_2.tex,non stop regreession model greedy,True,13,27.786368131637573,118.0724639000001,13
165934_2.tex,non stop regreession model greedy,True,14,29.720773458480835,124.2009471938334,14
165982_3.tex,non stop regreession model greedy,True,29,68.97175168991089,172.1735857766431,29
165990_2.tex,non stop regreession model greedy,True,33,75.38181900978088,593.5329988609178,33
166001_3.tex,non stop regreession model greedy,True,11,23.672595977783203,78.265842485,11
166033_1.tex,non stop regreession model greedy,True,6,11.50547695159912,25.667093601,6
166091_2.tex,non stop regreession model greedy,True,17,37.32112169265747,80.14074486782502,17
166142_3.tex,non stop regreession model greedy,True,21,45.09841585159302,183.75952744675,21
166156_1.tex,non stop regreession model greedy,True,10,20.60775375366211,38.597377437000056,10
166174_2.tex,non stop regreession model greedy,True,24,49.31402921676636,123.7285215280006,24
166175_1.tex,non stop regreession model greedy,False,13,28.933318376541138,59.00425951500007,14
166175_3.tex,non stop regreession model greedy,True,38,83.94844961166382,334.58043200200007,38
166221_1.tex,non stop regreession model greedy,True,11,21.283120155334476,55.16189362000011,11
166256_1.tex,non stop regreession model greedy,True,15,30.536030769348145,83.24566864400006,15
166335_2.tex,non stop regreession model greedy,True,11,24.1191201210022,71.14397517500034,11
166336_3.tex,non stop regreession model greedy,True,10,22.84589171409607,242.1636861712501,10
166478_2.tex,non stop regreession model greedy,False,4,11.488868474960327,13.316115050000008,5
166526_2.tex,non stop regreession model greedy,True,7,14.994533777236938,17.233804147000082,7
166561_1.tex,non stop regreession model greedy,True,23,47.686020374298096,145.25854653000073,23
166575_2.tex,non stop regreession model greedy,True,22,48.750728130340576,116.6266903163999,22
166582_1.tex,non stop regreession model greedy,True,17,40.17883205413818,125.737018341414,17
166584_3.tex,non stop regreession model greedy,True,11,22.333327054977417,36.87307415370712,11
166589_1.tex,non stop regreession model greedy,True,14,29.55841302871704,63.106743242000825,14
166604_3.tex,non stop regreession model greedy,False,24,56.5765745639801,171.92365454400087,25
166705_1.tex,non stop regreession model greedy,True,8,16.45899987220764,35.864815750000005,8
166722_3.tex,non stop regreession model greedy,True,8,16.472196340560913,31.934673222160008,8
166793_1.tex,non stop regreession model greedy,True,12,24.260300159454346,56.18595338550003,12
166819_1.tex,non stop regreession model greedy,True,56,117.88273453712463,552.34461649175,56
166853_1.tex,non stop regreession model greedy,True,44,96.46663856506348,281.53033776725044,44
166891_3.tex,non stop regreession model greedy,True,4,8.041975021362305,21.11891039000025,4
166951_1.tex,non stop regreession model greedy,True,23,53.33578705787659,149.9527411794968,23
166984_2.tex,non stop regreession model greedy,True,13,28.70639944076538,127.37952265500016,13
167001_1.tex,non stop regreession model greedy,True,19,39.95065379142761,114.3062155550006,19
167068_2.tex,non stop regreession model greedy,False,13,33.79668211936951,61.56133873000029,14
167078_1.tex,non stop regreession model greedy,True,14,30.546454668045044,176.58482154000012,14
167096_2.tex,non stop regreession model greedy,True,8,16.49266529083252,44.00958292500008,8
167102_3.tex,non stop regreession model greedy,True,23,50.16109657287598,187.44117170500027,23
167144_2.tex,non stop regreession model greedy,True,22,46.97784686088562,196.8913942980008,22
167149_2.tex,non stop regreession model greedy,True,25,51.96122479438782,216.7754723980001,25
167180_2.tex,non stop regreession model greedy,True,23,50.74360752105713,123.19875986575018,23
167191_1.tex,non stop regreession model greedy,False,20,46.55731129646301,137.7670449549998,21
167352_2.tex,non stop regreession model greedy,False,24,51.13181519508362,155.43586464300006,25
167384_3.tex,non stop regreession model greedy,False,29,63.254271030426025,172.77201179800008,30
167420_1.tex,non stop regreession model greedy,True,12,27.33791661262512,189.32218827500031,12
167461_2.tex,non stop regreession model greedy,True,17,37.00176334381104,87.08510948800117,17
167463_2.tex,non stop regreession model greedy,True,8,17.6884868144989,46.92281898000091,8
167507_1.tex,non stop regreession model greedy,False,15,38.0254020690918,82.90697113000027,23
167512_1.tex,non stop regreession model greedy,True,15,35.499675273895264,103.34426553499992,15
167571_1.tex,non stop regreession model greedy,True,4,7.991163015365601,13.006112850000036,4
167621_1.tex,non stop regreession model greedy,True,9,18.222652673721317,67.29826521500001,9
167630_3.tex,non stop regreession model greedy,True,13,27.480689525604248,100.76414633999995,13
167684_3.tex,non stop regreession model greedy,True,6,11.915342092514038,21.33738569250004,6
167703_1.tex,non stop regreession model greedy,True,13,27.995458126068115,61.69844738400013,13
167777_1.tex,non stop regreession model greedy,True,21,44.44645309448242,100.98006894300018,21
167856_3.tex,non stop regreession model greedy,True,8,15.603288888931274,43.94431443375008,8
167860_2.tex,non stop regreession model greedy,True,8,15.715975284576416,33.409061285250104,8
167864_2.tex,non stop regreession model greedy,True,9,16.84535312652588,45.70421493525011,9
167895_2.tex,non stop regreession model greedy,True,46,99.5074462890625,430.2166420432001,46
167896_2.tex,non stop regreession model greedy,False,27,58.00747227668762,141.9187658302004,28
167918_2.tex,non stop regreession model greedy,True,46,99.71049404144289,324.0671153612003,46
168031_3.tex,non stop regreession model greedy,True,24,58.8678629398346,120.54649049990044,24
168033_2.tex,non stop regreession model greedy,True,9,19.793777465820312,34.10159142939994,9
168038_3.tex,non stop regreession model greedy,True,25,59.45243573188782,114.4422024230006,25
168050_3.tex,non stop regreession model greedy,True,10,21.60335922241211,104.38314775000003,10
168144_3.tex,non stop regreession model greedy,True,13,28.16651201248169,65.94689058700052,13
168162_1.tex,non stop regreession model greedy,True,18,38.107759952545166,140.25018053500003,18
168208_2.tex,non stop regreession model greedy,True,14,29.796273469924927,57.39638531500064,14
168239_3.tex,non stop regreession model greedy,False,34,76.48978805541992,356.5915047899999,35
168287_2.tex,non stop regreession model greedy,True,8,15.756853818893433,28.41433059000007,8
168349_1.tex,non stop regreession model greedy,True,26,55.74055743217468,175.84833820175,26
168368_1.tex,non stop regreession model greedy,True,53,118.2684338092804,534.3588441230011,53
168407_3.tex,non stop regreession model greedy,True,25,49.6763608455658,123.89880964000002,25
168414_3.tex,non stop regreession model greedy,False,18,39.920649766922,95.33858282500005,19
168419_3.tex,non stop regreession model greedy,True,22,45.18151116371155,118.11536975150015,22
168443_1.tex,non stop regreession model greedy,True,55,117.12254214286804,463.2227589880002,55
168513_2.tex,non stop regreession model greedy,True,5,10.849764823913574,35.78564698000018,5
168565_1.tex,non stop regreession model greedy,True,23,53.89581847190857,176.92561719750051,23
168672_1.tex,non stop regreession model greedy,True,13,27.939990758895878,74.8835387540001,13
168675_3.tex,non stop regreession model greedy,True,4,8.562355518341064,25.52025400735202,4
168680_2.tex,non stop regreession model greedy,True,9,19.5249547958374,53.99737018652021,9
168683_3.tex,non stop regreession model greedy,True,26,63.07728838920593,157.50889691538922,26
168705_3.tex,non stop regreession model greedy,True,2,3.746377229690552,8.820633880000003,2
168714_3.tex,non stop regreession model greedy,True,12,25.88853096961975,76.21776467000046,12
14553_3.tex,non stop regreession model greedy,True,3,3.1309776306152344,8.961007072700042,3
15507_1.tex,non stop regreession model greedy,True,22,29.72990560531616,134.11693141120034,22
16152_2.tex,non stop regreession model greedy,True,17,19.169606685638428,96.59071275600016,17
10043_3.tex,non stop regreession model greedy,True,20,27.368433952331543,146.18346991800053,20
10097_3.tex,non stop regreession model greedy,True,19,22.27809810638428,146.69488323215015,19
10128_3.tex,non stop regreession model greedy,False,8,9.594505310058594,46.12708983939899,9
10134_3.tex,non stop regreession model greedy,True,13,17.10269808769226,96.77052864235957,13
10184_2.tex,non stop regreession model greedy,True,9,9.933683395385742,86.2988088937502,9
10186_2.tex,non stop regreession model greedy,True,14,19.43122911453247,132.53391085499993,14
10213_2.tex,non stop regreession model greedy,True,5,5.503942251205444,31.32968097700022,5
10227_2.tex,non stop regreession model greedy,False,5,8.145146369934082,23.53528051413852,6
10235_3.tex,non stop regreession model greedy,True,16,21.447035551071167,83.96008900190984,16
10249_2.tex,non stop regreession model greedy,False,10,12.523155212402344,49.88994426811401,11
10546_1.tex,non stop regreession model greedy,True,11,15.936356544494627,67.52722366375059,11
10583_1.tex,non stop regreession model greedy,True,20,28.19935941696167,139.48843424979992,20
10603_3.tex,non stop regreession model greedy,True,2,3.4662320613861084,6.481490149999985,2
10666_2.tex,non stop regreession model greedy,False,16,23.760137796401978,112.74055487466028,17
10735_1.tex,non stop regreession model greedy,True,16,21.217829942703247,82.78273431351411,16
11008_3.tex,non stop regreession model greedy,True,11,15.785545587539673,53.837673963100215,11
11099_2.tex,non stop regreession model greedy,True,40,56.36997747421265,451.1261275655008,40
11120_2.tex,non stop regreession model greedy,True,21,30.14038634300232,126.51643361768627,21
11135_2.tex,non stop regreession model greedy,True,9,10.765711545944214,71.39131760000014,9
11283_2.tex,non stop regreession model greedy,True,18,20.544783353805546,107.03246826880016,18
11303_3.tex,non stop regreession model greedy,True,33,41.530730962753296,300.667876827475,33
11625_1.tex,non stop regreession model greedy,True,21,29.131978273391724,207.5676864422504,21
11660_2.tex,non stop regreession model greedy,True,31,38.92301726341248,300.0458671841732,31
11734_2.tex,non stop regreession model greedy,True,8,9.312208652496338,40.76315234094261,8
11765_2.tex,non stop regreession model greedy,True,4,4.38778829574585,17.635189976000007,4
11806_2.tex,non stop regreession model greedy,True,23,29.910404682159424,265.52639952375,23
11838_1.tex,non stop regreession model greedy,True,21,33.650877714157104,146.25675087726944,21
11856_3.tex,non stop regreession model greedy,False,14,19.730359315872192,70.78439506026437,15
11870_2.tex,non stop regreession model greedy,False,27,36.5981833934784,234.77500057112505,28
12195_3.tex,non stop regreession model greedy,True,28,35.34897232055664,274.67784309035017,28
12259_1.tex,non stop regreession model greedy,True,7,9.738725900650024,27.69730693001757,7
12262_1.tex,non stop regreession model greedy,True,13,19.65859842300415,62.089352149158906,13
12284_2.tex,non stop regreession model greedy,False,17,24.61136770248413,106.11222757930976,18
12301_3.tex,non stop regreession model greedy,True,31,41.10220050811768,258.1440849752,31
12344_1.tex,non stop regreession model greedy,True,5,5.09027361869812,25.50045909,5
12370_2.tex,non stop regreession model greedy,True,19,23.652029752731323,179.47870257919988,19
12397_2.tex,non stop regreession model greedy,True,23,25.99827766418457,117.81049098215,23
12410_1.tex,non stop regreession model greedy,True,13,15.506126642227173,60.64648052,13
12597_2.tex,non stop regreession model greedy,True,16,25.006049633026123,90.1332994358501,16
12728_2.tex,non stop regreession model greedy,True,11,15.005538702011108,43.34058205292247,11
12736_3.tex,non stop regreession model greedy,True,24,38.06648874282837,144.58058399522395,24
12847_3.tex,non stop regreession model greedy,True,22,31.48216342926025,130.36364328500014,22
12937_1.tex,non stop regreession model greedy,True,33,50.344918966293335,217.65790763555736,33
13273_3.tex,non stop regreession model greedy,True,15,19.27349257469177,102.75489264488225,15
13431_2.tex,non stop regreession model greedy,True,7,9.648909330368042,38.13262991752114,7
13444_2.tex,non stop regreession model greedy,True,19,30.75962543487549,165.75000927719523,32
13846_3.tex,non stop regreession model greedy,True,19,24.843241453170776,240.58184112374963,19
13884_1.tex,non stop regreession model greedy,True,21,25.101942539215088,245.93279006632292,21
13911_3.tex,non stop regreession model greedy,True,28,32.821410179138184,230.0441696313588,28
13920_2.tex,non stop regreession model greedy,True,23,26.45803213119507,146.14024026631805,43
13949_1.tex,non stop regreession model greedy,True,22,27.402204751968384,213.2216122625001,22
13955_2.tex,non stop regreession model greedy,True,13,16.463656425476074,87.48055070000015,13
13990_3.tex,non stop regreession model greedy,True,24,32.79325747489929,166.3699741314428,24
14003_2.tex,non stop regreession model greedy,True,15,18.82089376449585,97.476571855,15
14007_2.tex,non stop regreession model greedy,True,14,18.571102142333984,77.72530952778666,14
14010_1.tex,non stop regreession model greedy,True,7,9.73215651512146,28.392288082500087,7
14018_2.tex,non stop regreession model greedy,True,14,17.37315845489502,93.40776644900002,16
14146_1.tex,non stop regreession model greedy,True,6,8.609065294265747,27.407070601900323,6
14252_3.tex,non stop regreession model greedy,True,23,31.280009746551517,123.4820813559656,23
14310_3.tex,non stop regreession model greedy,True,11,13.685046434402466,53.070943270468085,11
14335_3.tex,non stop regreession model greedy,True,18,22.730997800827023,118.93002680512711,18
14416_2.tex,non stop regreession model greedy,False,23,32.121599197387695,239.0442568737236,24
14423_2.tex,non stop regreession model greedy,True,11,12.31566858291626,49.95040277040033,11
14445_2.tex,non stop regreession model greedy,True,24,33.461228370666504,182.41128396106893,24
14466_3.tex,non stop regreession model greedy,True,29,36.10235643386841,201.48414056974477,29
14506_2.tex,non stop regreession model greedy,True,20,26.456382989883423,151.49476425000034,20
14521_3.tex,non stop regreession model greedy,True,19,24.79354763031006,126.29117277279995,19
14524_3.tex,non stop regreession model greedy,True,24,36.478556871414185,174.79581538269264,24
14963_3.tex,non stop regreession model greedy,True,8,11.013683080673218,52.45837790699986,8
15036_1.tex,non stop regreession model greedy,True,21,23.69353675842285,290.7169156675,21
15045_1.tex,non stop regreession model greedy,True,5,6.590468883514404,29.18241886000007,5
9718_2.tex,non stop regreession model greedy,True,4,5.53947639465332,9.34019573,4
15059_2.tex,non stop regreession model greedy,True,12,14.872985601425173,79.18851877900006,12
15095_2.tex,non stop regreession model greedy,True,17,23.04113459587097,110.48158348640268,17
15097_2.tex,non stop regreession model greedy,True,15,15.640187740325928,88.14718558199996,15
15439_3.tex,non stop regreession model greedy,False,22,29.70148015022278,175.51943348102253,23
15633_3.tex,non stop regreession model greedy,True,11,12.900958061218262,47.6679589995,11
15636_2.tex,non stop regreession model greedy,True,8,8.750751256942749,34.632242970500016,8
15657_2.tex,non stop regreession model greedy,True,40,54.21944975852966,293.3661014637749,40
15837_1.tex,non stop regreession model greedy,True,7,8.751967430114746,28.803471415382496,7
15919_1.tex,non stop regreession model greedy,False,12,17.119723081588745,101.63570467945904,13
16033_2.tex,non stop regreession model greedy,True,18,21.36809182167053,143.18342611799994,18
16040_1.tex,non stop regreession model greedy,True,12,15.279395580291748,69.46756698399997,12
16183_1.tex,non stop regreession model greedy,True,15,17.645506381988525,89.38580644000008,15
16619_2.tex,non stop regreession model greedy,False,14,20.09295654296875,76.99039441449985,15
67467_2.tex,non stop regreession model greedy,True,7,10.249887704849243,28.882733289550035,7
67746_2.tex,non stop regreession model greedy,True,16,24.92128801345825,149.12448639999997,30
67820_3.tex,non stop regreession model greedy,True,26,36.71009826660156,203.3476048370005,26
67929_3.tex,non stop regreession model greedy,True,39,56.40095496177673,316.5020031892359,39
68037_3.tex,non stop regreession model greedy,False,21,28.92302894592285,94.85386160415244,22
68348_3.tex,non stop regreession model greedy,True,14,19.56863236427307,99.53196505925014,14
68381_3.tex,non stop regreession model greedy,True,5,5.7727110385894775,28.03057222999992,5
68458_3.tex,non stop regreession model greedy,True,35,45.20369911193848,266.9029678185002,35
68463_1.tex,non stop regreession model greedy,False,24,32.92342281341553,160.89875242800002,25
68491_2.tex,non stop regreession model greedy,True,17,20.50126838684082,117.1803771950002,17
68496_1.tex,non stop regreession model greedy,True,14,16.062943935394287,92.5749228300002,14
68523_3.tex,non stop regreession model greedy,True,6,7.329643726348877,31.928890586640478,6
68548_3.tex,non stop regreession model greedy,False,11,13.446616649627686,57.21577403150004,12
68559_1.tex,non stop regreession model greedy,False,11,16.26939296722412,53.7886454486336,12
68743_2.tex,non stop regreession model greedy,True,24,48.2892472743988,249.9211015865498,24
68854_1.tex,non stop regreession model greedy,True,22,31.18225169181824,125.45947599300096,22
68903_3.tex,non stop regreession model greedy,True,7,11.616598844528198,38.40921128999996,7
68910_1.tex,non stop regreession model greedy,True,12,14.3744056224823,105.50282717500002,12
68917_2.tex,non stop regreession model greedy,True,13,16.48871874809265,119.0710632,13
68949_3.tex,non stop regreession model greedy,True,3,4.1735756397247314,5.365779543799988,3
68976_1.tex,non stop regreession model greedy,False,9,11.3196280002594,41.406838948434064,10
68989_1.tex,non stop regreession model greedy,True,8,10.1724853515625,37.00977276350048,8
69034_3.tex,non stop regreession model greedy,True,18,26.314290523529053,163.85035274000035,18
69061_2.tex,non stop regreession model greedy,True,5,5.5087502002716064,17.443550344400705,5
69068_3.tex,non stop regreession model greedy,True,14,18.90702748298645,64.81475466640002,14
69113_3.tex,non stop regreession model greedy,True,14,22.11693024635315,73.43955627095008,14
69211_1.tex,non stop regreession model greedy,True,12,21.166492223739624,45.18210061019997,12
69224_2.tex,non stop regreession model greedy,True,13,20.354857444763184,57.39313652023573,13
69245_3.tex,non stop regreession model greedy,True,5,5.84784722328186,28.386695075,5
69259_3.tex,non stop regreession model greedy,True,10,15.383380651474,58.96591670000009,10
69287_2.tex,non stop regreession model greedy,False,13,19.33760142326355,60.0645091033749,14
69313_3.tex,non stop regreession model greedy,False,9,12.953283071517944,40.02869259399995,10
69351_1.tex,non stop regreession model greedy,True,16,25.291719675064087,155.76822554875022,16
69426_1.tex,non stop regreession model greedy,True,15,18.944069147109985,64.99392941599999,15
69454_1.tex,non stop regreession model greedy,True,23,32.33461141586304,183.43850622499968,23
69477_3.tex,non stop regreession model greedy,True,19,23.01940679550171,118.41067516875005,19
69488_2.tex,non stop regreession model greedy,True,16,20.96763324737549,164.8299038379999,16
69503_2.tex,non stop regreession model greedy,True,15,19.753602027893063,85.39983249900011,15
69513_3.tex,non stop regreession model greedy,True,10,11.859148979187012,38.18724236500008,10
69561_2.tex,non stop regreession model greedy,True,18,22.62370038032532,98.90399836874975,18
69574_1.tex,non stop regreession model greedy,True,29,38.37730145454407,182.23197830000012,29
69634_2.tex,non stop regreession model greedy,False,19,27.217907667160038,90.20769183640012,20
69953_1.tex,non stop regreession model greedy,False,12,17.87721586227417,99.14659964985267,13
69975_2.tex,non stop regreession model greedy,False,22,39.93789315223694,166.2354247617499,23
69976_1.tex,non stop regreession model greedy,True,21,28.555320739746094,132.23266839017003,21
70056_2.tex,non stop regreession model greedy,False,11,14.14550757408142,55.983631884330585,12
70058_1.tex,non stop regreession model greedy,False,18,24.689950704574585,121.06420091319433,19
70143_1.tex,non stop regreession model greedy,True,18,21.891005277633667,147.623039419,18
70168_3.tex,non stop regreession model greedy,True,22,37.359355449676514,144.1376305528912,22
70302_2.tex,non stop regreession model greedy,True,16,23.401059865951535,124.00182622161712,16
70329_3.tex,non stop regreession model greedy,True,11,13.135418891906738,50.65967251499996,11
70395_1.tex,non stop regreession model greedy,True,2,2.728280544281006,5.00607193999997,2
70402_2.tex,non stop regreession model greedy,False,10,15.876703262329102,45.68054697893852,11
70448_3.tex,non stop regreession model greedy,True,16,21.94029426574707,95.32196740500088,16
70519_2.tex,non stop regreession model greedy,True,28,38.47727274894714,146.5122682264005,28
70538_3.tex,non stop regreession model greedy,True,17,21.07656145095825,134.60269189000118,19
70622_1.tex,non stop regreession model greedy,False,31,42.41132473945618,191.68706382400003,32
70622_2.tex,non stop regreession model greedy,True,2,2.161936521530152,8.47,2
70657_2.tex,non stop regreession model greedy,True,16,17.936708450317383,91.5031968250002,16
70666_3.tex,non stop regreession model greedy,True,20,23.667541980743408,173.51082881875016,20
70675_2.tex,non stop regreession model greedy,True,18,25.19860982894897,89.67736164799997,18
70681_2.tex,non stop regreession model greedy,True,1,0.9431030750274658,0.0,1
70707_3.tex,non stop regreession model greedy,True,24,31.208146333694454,142.82845858315005,24
70719_1.tex,non stop regreession model greedy,False,25,34.42657923698425,129.1116805433,26
70918_3.tex,non stop regreession model greedy,True,22,28.31737208366394,161.25705068842788,22
70939_1.tex,non stop regreession model greedy,True,15,18.99600505828857,76.15745160560002,15
70949_1.tex,non stop regreession model greedy,True,12,15.457441568374634,59.96153012100035,12
70951_2.tex,non stop regreession model greedy,True,20,25.82690405845642,104.85059213000036,20
70983_2.tex,non stop regreession model greedy,True,14,16.665480136871338,77.45223237500151,14
70987_2.tex,non stop regreession model greedy,True,15,18.863615036010746,82.5720449587503,15
71026_1.tex,non stop regreession model greedy,True,19,25.026785612106323,88.17645586781418,19
71064_3.tex,non stop regreession model greedy,True,12,12.068445682525637,140.11479688375007,12
71068_3.tex,non stop regreession model greedy,False,6,8.782124757766724,17.816294025000076,7
71122_2.tex,non stop regreession model greedy,False,14,19.524921655654907,47.58256956400004,15
71149_1.tex,non stop regreession model greedy,True,24,28.35775637626648,133.4611524576506,24
71172_3.tex,non stop regreession model greedy,False,6,7.33469557762146,18.6805269150001,7
71250_1.tex,non stop regreession model greedy,True,23,28.736968278884888,109.12952352730002,23
71271_2.tex,non stop regreession model greedy,True,17,21.8115017414093,81.2784588362002,17
71551_3.tex,non stop regreession model greedy,True,15,19.657546043396,104.30413607799989,15
71628_1.tex,non stop regreession model greedy,True,7,8.153924703598022,63.73850634375002,7
71632_1.tex,non stop regreession model greedy,True,16,22.72979736328125,147.10545458374995,16
71648_3.tex,non stop regreession model greedy,False,11,16.403682947158813,92.2508733340701,12
71667_2.tex,non stop regreession model greedy,False,14,19.263123512268063,81.7451395720001,15
71682_1.tex,non stop regreession model greedy,True,20,26.165368795394897,152.73295241100004,20
71733_1.tex,non stop regreession model greedy,True,14,18.146381855010983,108.18808443000076,14
71891_3.tex,non stop regreession model greedy,True,15,21.31492328643799,79.662457261574,15
71917_2.tex,non stop regreession model greedy,True,8,11.18255376815796,38.18885559382396,8
71927_2.tex,non stop regreession model greedy,True,10,12.425607681274414,47.66213422475999,10
72118_3.tex,non stop regreession model greedy,False,12,20.830718994140625,52.19201793600001,13
72127_1.tex,non stop regreession model greedy,True,15,18.30272483825684,73.59089326440007,15
72128_2.tex,non stop regreession model greedy,True,25,37.62311959266663,121.11978648802268,25
72164_1.tex,non stop regreession model greedy,True,13,19.80135655403137,93.65691193000004,13
72198_3.tex,non stop regreession model greedy,True,14,17.819007873535156,103.01034555200002,14
72202_1.tex,non stop regreession model greedy,True,10,11.973536252975464,46.89800704849594,10
72210_3.tex,non stop regreession model greedy,False,22,32.0683434009552,157.00921860301972,23
72250_1.tex,non stop regreession model greedy,False,32,42.971964836120605,282.71701915400206,33
72325_2.tex,non stop regreession model greedy,True,4,4.8039140701293945,8.786549686999985,4
72328_2.tex,non stop regreession model greedy,True,9,10.116762161254885,39.16998145529617,9
72431_3.tex,non stop regreession model greedy,True,23,32.81254458427429,151.44539703000174,23
72554_2.tex,non stop regreession model greedy,True,33,47.75262880325317,377.52245665473646,33
9039_2.tex,non stop regreession model greedy,False,8,11.745562076568604,30.34041522670988,9
9119_3.tex,non stop regreession model greedy,True,27,34.9970383644104,182.8320582345891,27
9150_2.tex,non stop regreession model greedy,True,16,18.670310974121094,128.90761117925007,16
9443_2.tex,non stop regreession model greedy,True,18,23.759145975112915,141.1128048159994,18
9548_3.tex,non stop regreession model greedy,True,15,19.937814235687256,122.647878959353,15
9591_2.tex,non stop regreession model greedy,True,31,42.73673534393311,282.3935143328691,31
9594_2.tex,non stop regreession model greedy,True,17,25.507245540618896,95.52564137450024,17
9608_3.tex,non stop regreession model greedy,True,42,57.0646607875824,489.4346422674207,42
9707_1.tex,non stop regreession model greedy,True,31,37.96920776367188,315.3227438022522,31
9708_3.tex,non stop regreession model greedy,True,22,28.84172534942627,158.36435224324993,22
168749_1.tex,non stop regreession model greedy,True,26,59.49738550186157,176.3831824028175,26
168764_2.tex,non stop regreession model greedy,True,11,22.038996934890747,64.00613626000047,11
168780_1.tex,non stop regreession model greedy,True,21,45.02021479606629,172.89003017769988,21
168802_2.tex,non stop regreession model greedy,True,1,1.637991428375244,5.757384279999997,1
168813_3.tex,non stop regreession model greedy,True,21,46.030396461486816,192.6600882799999,21
168826_3.tex,non stop regreession model greedy,True,29,65.35496544837952,186.03625865999987,29
168835_2.tex,non stop regreession model greedy,True,14,28.449782371521,84.02166732500022,14
168839_1.tex,non stop regreession model greedy,True,11,21.91081595420837,73.55619036000022,11
168846_1.tex,non stop regreession model greedy,True,19,40.46615386009216,153.13776022799993,19
168850_2.tex,non stop regreession model greedy,False,26,59.85554146766663,155.5179578269996,27
168906_1.tex,non stop regreession model greedy,True,40,83.00753450393677,306.4322974207006,40
168934_3.tex,non stop regreession model greedy,True,11,21.840094804763797,80.48849676000005,11
168939_2.tex,non stop regreession model greedy,False,22,48.06147217750549,146.74595341,23
168953_2.tex,non stop regreession model greedy,False,3,8.077624082565308,18.551216439999983,4
169004_1.tex,non stop regreession model greedy,True,44,94.93496942520142,396.5256680737504,44
169046_2.tex,non stop regreession model greedy,True,13,28.89072036743164,145.52681411375107,13
169050_1.tex,non stop regreession model greedy,True,12,25.58828115463257,55.34230903000063,13
169063_1.tex,non stop regreession model greedy,True,20,48.01680874824524,175.25170786799987,20
169073_1.tex,non stop regreession model greedy,True,4,8.169908285140991,8.705807008048026,4
169080_2.tex,non stop regreession model greedy,True,15,33.50390911102295,76.77957167800099,15
169168_3.tex,non stop regreession model greedy,True,22,51.300912857055664,236.48670594299983,22
169169_3.tex,non stop regreession model greedy,True,9,19.54062223434448,48.941545314,9
169216_3.tex,non stop regreession model greedy,True,19,43.12993288040161,124.41305937599996,19
169217_3.tex,non stop regreession model greedy,True,15,34.553446531295776,72.1910237034999,15
169228_1.tex,non stop regreession model greedy,True,23,50.71387195587158,113.85581528427151,23
169254_2.tex,non stop regreession model greedy,True,14,29.044877767562863,124.69453263000015,14
169269_2.tex,non stop regreession model greedy,True,9,18.14440011978149,48.39871194000019,9
169274_1.tex,non stop regreession model greedy,True,7,14.191781044006348,32.31673853100001,7
169290_1.tex,non stop regreession model greedy,True,10,21.108139753341675,38.217171975057326,10
169322_1.tex,non stop regreession model greedy,True,20,44.4325737953186,96.22678196681473,20
169447_3.tex,non stop regreession model greedy,True,56,124.9493923187256,503.0317889300002,56
169460_1.tex,non stop regreession model greedy,True,14,26.361446619033813,81.71922033999999,14
169473_1.tex,non stop regreession model greedy,True,14,27.96980857849121,66.11333478999995,14
169505_2.tex,non stop regreession model greedy,True,10,19.18889570236206,43.50443883559997,10
169611_1.tex,non stop regreession model greedy,True,13,28.111393690109253,63.79615915600046,13
169630_3.tex,non stop regreession model greedy,True,26,62.18196392059326,162.6859519587509,26
169637_1.tex,non stop regreession model greedy,True,16,36.72201800346375,81.520246941696,16
169733_2.tex,non stop regreession model greedy,True,15,31.460902214050293,63.57864724700029,15
169786_2.tex,non stop regreession model greedy,True,15,31.313857555389404,85.17343669999981,15
169820_3.tex,non stop regreession model greedy,True,14,31.072656869888306,58.73778354999999,14
169867_3.tex,non stop regreession model greedy,True,22,47.46808695793152,136.8390783001756,22
169871_2.tex,non stop regreession model greedy,True,8,16.242430210113525,24.055959345000048,8
169884_3.tex,non stop regreession model greedy,True,20,36.79525232315064,180.10761163999973,20
169949_3.tex,non stop regreession model greedy,True,9,17.430881023406982,32.97202975,9
169955_1.tex,non stop regreession model greedy,True,13,27.29888105392456,56.43283801800007,13
170022_1.tex,non stop regreession model greedy,True,12,22.782691478729248,45.88283658000017,12
170060_2.tex,non stop regreession model greedy,False,34,71.72018122673035,197.81345369694455,35
170093_3.tex,non stop regreession model greedy,False,37,81.62733936309814,260.30908074000024,65
170155_1.tex,non stop regreession model greedy,False,11,29.192872285842896,78.64367777799998,12
170289_3.tex,non stop regreession model greedy,True,11,23.556750297546387,73.30876774499998,11
170322_3.tex,non stop regreession model greedy,True,9,18.233864784240723,70.19653748999994,9
170332_2.tex,non stop regreession model greedy,True,9,18.88826322555542,56.14326012000013,9
170386_2.tex,non stop regreession model greedy,True,9,19.2713680267334,60.88304080499999,9
170457_1.tex,non stop regreession model greedy,True,8,15.911014080047607,41.74726468000001,8
170548_2.tex,non stop regreession model greedy,True,14,28.528482675552368,87.80972283500031,14
170594_3.tex,non stop regreession model greedy,True,35,75.90702557563782,352.3359411160004,44
170607_3.tex,non stop regreession model greedy,True,4,7.821477174758911,19.49012796750003,4
170610_2.tex,non stop regreession model greedy,False,25,53.85848140716553,172.05518700700028,26
170662_2.tex,non stop regreession model greedy,True,18,41.19351601600647,189.0222158275001,18
170783_1.tex,non stop regreession model greedy,True,1,1.5835464000701904,0.0,1
170790_3.tex,non stop regreession model greedy,True,17,37.8602237701416,153.63645387799963,36
170807_1.tex,non stop regreession model greedy,True,19,43.98290491104126,126.44709210194506,19
170810_2.tex,non stop regreession model greedy,True,16,36.68462038040161,92.80514544600098,16
170844_3.tex,non stop regreession model greedy,True,18,38.22125458717346,87.44253304665045,18
170862_1.tex,non stop regreession model greedy,True,4,8.086607217788696,16.296047340000058,4
170907_2.tex,non stop regreession model greedy,True,23,51.308594942092896,135.08799464787154,23
170909_3.tex,non stop regreession model greedy,True,17,36.49716401100159,99.30828937200022,17
170911_2.tex,non stop regreession model greedy,True,21,46.25177693367005,144.1114620942501,21
170962_1.tex,non stop regreession model greedy,True,13,27.45188879966736,66.17321998117497,13
170971_1.tex,non stop regreession model greedy,True,10,20.90732049942017,42.15090316500009,10
170989_3.tex,non stop regreession model greedy,False,11,24.68985891342163,59.19959607500035,12
170999_1.tex,non stop regreession model greedy,True,14,27.596356868743896,59.509812333999946,14
171019_2.tex,non stop regreession model greedy,True,21,44.428964138031006,154.1797427610501,21
171027_1.tex,non stop regreession model greedy,True,51,108.92037343978882,473.9275360126,51
171049_3.tex,non stop regreession model greedy,True,4,7.637825489044189,18.482630287000063,4
171052_3.tex,non stop regreession model greedy,True,41,91.39064073562622,361.68014474075005,41
171078_1.tex,non stop regreession model greedy,True,23,49.83965849876404,174.78954426500025,23
171109_3.tex,non stop regreession model greedy,True,14,27.57131814956665,71.68183441275009,14
171122_1.tex,non stop regreession model greedy,True,28,59.48252081871033,296.05424358469986,28
171145_1.tex,non stop regreession model greedy,True,1,1.5856647491455078,5.760691080000015,1
171159_2.tex,non stop regreession model greedy,False,37,81.0442624092102,225.01278613620005,38
171224_2.tex,non stop regreession model greedy,False,13,30.13150358200073,75.67945988799993,13
171227_3.tex,non stop regreession model greedy,True,10,21.422654628753666,40.78543813799992,10
171242_1.tex,non stop regreession model greedy,True,17,38.15154314041138,80.72552778300111,17
171276_3.tex,non stop regreession model greedy,True,12,25.79271388053894,47.828703951478445,12
171280_1.tex,non stop regreession model greedy,True,21,50.50486731529236,102.56487320640016,21
171292_1.tex,non stop regreession model greedy,True,9,19.02128839492798,65.65207879999998,9
171293_2.tex,non stop regreession model greedy,True,11,23.182512998580933,75.93796027499997,11
171313_3.tex,non stop regreession model greedy,True,14,30.214606761932373,82.36518812000057,14
171393_2.tex,non stop regreession model greedy,True,21,46.85012769699097,91.71573924725014,21
171395_3.tex,non stop regreession model greedy,True,12,27.08539128303528,40.28574823917512,12
171446_3.tex,non stop regreession model greedy,True,17,37.0586302280426,75.0362383734001,17
171456_2.tex,non stop regreession model greedy,True,16,34.618781089782715,104.93803782075048,16
171493_2.tex,non stop regreession model greedy,True,29,62.74603462219238,202.0206001875001,29
171526_3.tex,non stop regreession model greedy,True,17,35.90992546081543,113.00295069875033,17
171534_3.tex,non stop regreession model greedy,True,14,28.42256236076355,56.86244543400023,14
171570_2.tex,non stop regreession model greedy,True,23,48.70383620262146,141.05647429300018,23
171661_1.tex,non stop regreession model greedy,True,16,32.045926332473755,85.1137010330001,16
171778_2.tex,non stop regreession model greedy,True,8,17.607228994369507,58.0419807580002,8
171783_2.tex,non stop regreession model greedy,True,10,22.0432870388031,69.84873565100003,10
171842_1.tex,non stop regreession model greedy,True,12,27.73867511749268,93.85989205500012,12
171845_1.tex,non stop regreession model greedy,False,7,17.395975351333618,38.3438013250008,8
171875_3.tex,non stop regreession model greedy,True,4,8.312323808670044,21.63649241999991,4
171892_1.tex,non stop regreession model greedy,True,12,26.74295473098755,69.92938296541465,12
171971_3.tex,non stop regreession model greedy,True,25,51.18501281738281,155.84728131125087,26
172002_2.tex,non stop regreession model greedy,True,13,26.961825132369995,62.14304837350009,13
172021_3.tex,non stop regreession model greedy,True,13,26.886176824569706,69.96700379350014,13
172061_3.tex,non stop regreession model greedy,True,11,22.23939728736877,79.26248900500048,11
172069_2.tex,non stop regreession model greedy,True,25,50.408082008361816,166.38171435500055,25
172115_2.tex,non stop regreession model greedy,False,41,90.65732216835022,289.2949780747505,42
172122_1.tex,non stop regreession model greedy,False,15,36.4785258769989,72.86255123634993,16
172142_2.tex,non stop regreession model greedy,False,38,83.25174188613892,237.8678857190501,39
172173_2.tex,non stop regreession model greedy,False,11,24.61683654785156,55.92811427500005,12
172215_3.tex,non stop regreession model greedy,False,37,78.27887487411499,236.1662954380004,38
172222_1.tex,non stop regreession model greedy,False,22,48.80016279220581,127.33506365505434,23
172229_1.tex,non stop regreession model greedy,True,11,21.50025486946106,50.99662282200003,11
172248_1.tex,non stop regreession model greedy,False,26,58.98737573623657,151.00363024500018,27
172319_3.tex,non stop regreession model greedy,True,8,17.276960611343384,32.24355329799993,8
172328_3.tex,non stop regreession model greedy,True,19,43.21890902519226,105.6280869490005,19
172329_1.tex,non stop regreession model greedy,True,22,51.174444913864136,139.4829525414151,22
172365_1.tex,non stop regreession model greedy,True,17,37.22567510604858,94.7716180960007,17
172409_2.tex,non stop regreession model greedy,True,17,36.77920961380005,117.278028981066,19
172429_3.tex,non stop regreession model greedy,False,31,69.97391700744629,363.5117542188709,32
172473_1.tex,non stop regreession model greedy,True,19,41.8379967212677,92.71833040774992,19
172507_3.tex,non stop regreession model greedy,True,11,23.238669872283936,54.78237048000017,11
172538_2.tex,non stop regreession model greedy,True,9,19.184796571731567,46.05301615500011,9
172684_2.tex,non stop regreession model greedy,True,53,115.72504568099976,566.2342021722822,53
172686_2.tex,non stop regreession model greedy,True,49,107.15674710273744,388.3888933917503,49
172702_3.tex,non stop regreession model greedy,True,10,18.69271206855774,57.374999965000114,10
172717_3.tex,non stop regreession model greedy,False,30,60.18177938461304,229.7288486937501,31
172728_1.tex,non stop regreession model greedy,False,17,35.57539772987366,82.37439639377116,18
172738_1.tex,non stop regreession model greedy,True,22,42.8689820766449,130.96445098319992,22
172811_1.tex,non stop regreession model greedy,False,9,20.36982131004333,58.82865315000001,9
172882_3.tex,non stop regreession model greedy,True,24,54.10658144950867,137.0813438213012,24
172890_1.tex,non stop regreession model greedy,False,19,44.22212219238281,103.56595518616685,19
172901_1.tex,non stop regreession model greedy,True,10,21.97172880172729,51.58303189000016,10
172903_1.tex,non stop regreession model greedy,True,19,41.81601405143738,100.99378012250062,19
172961_3.tex,non stop regreession model greedy,True,16,34.061562061309814,87.03477724700028,16
172966_1.tex,non stop regreession model greedy,True,26,61.37717723846436,147.89382391081358,26
172982_2.tex,non stop regreession model greedy,True,14,29.89380931854248,71.66856727999208,14
172998_3.tex,non stop regreession model greedy,True,10,20.929912567138672,27.479735338813995,10
173004_2.tex,non stop regreession model greedy,True,21,44.4393048286438,98.00933407000085,21
173006_1.tex,non stop regreession model greedy,True,8,16.50115728378296,29.8645104,8
173057_1.tex,non stop regreession model greedy,True,12,23.597240924835205,53.86226408500001,12
173102_1.tex,non stop regreession model greedy,True,13,27.266727209091187,52.677585077,13
173112_1.tex,non stop regreession model greedy,True,18,38.02414274215698,77.30419192200023,18
173122_2.tex,non stop regreession model greedy,True,61,136.2604842185974,670.5373651010307,61
173138_2.tex,non stop regreession model greedy,False,8,18.04698419570923,42.51482113000063,9
173142_2.tex,non stop regreession model greedy,False,13,28.01880383491516,68.2647529000005,14
173162_3.tex,non stop regreession model greedy,True,27,58.15641927719116,171.67423467970707,27
173225_3.tex,non stop regreession model greedy,True,55,123.76392698287964,385.1776983860004,55
173226_3.tex,non stop regreession model greedy,False,51,114.88164687156676,428.1096641966004,52
173237_3.tex,non stop regreession model greedy,True,8,14.875242710113524,26.872824000000072,8
173315_2.tex,non stop regreession model greedy,False,43,88.66064167022705,262.27906801383506,44
173322_2.tex,non stop regreession model greedy,False,49,105.56614255905151,323.942375195351,50
173324_3.tex,non stop regreession model greedy,False,39,85.71750116348267,268.4946579537501,40
173332_2.tex,non stop regreession model greedy,True,31,64.87351632118225,190.66855545300007,31
173366_1.tex,non stop regreession model greedy,True,16,34.944891691207886,140.87401438000154,16
173394_3.tex,non stop regreession model greedy,True,13,30.902831315994263,100.98428300480003,13
173408_2.tex,non stop regreession model greedy,True,12,26.16024780273437,67.53077381300085,12
173415_2.tex,non stop regreession model greedy,True,23,55.92334961891174,135.5647579055999,23
173483_2.tex,non stop regreession model greedy,True,15,31.334217071533203,107.68717355500031,15
173520_2.tex,non stop regreession model greedy,True,14,28.90874481201172,76.85002759862803,14
173568_3.tex,non stop regreession model greedy,False,15,33.528406620025635,108.8845680800008,16
173605_1.tex,non stop regreession model greedy,True,14,28.479515314102173,73.34388766500012,14
173661_1.tex,non stop regreession model greedy,True,6,12.014482975006104,33.47453721799998,6
173667_2.tex,non stop regreession model greedy,False,16,35.97611880302429,101.68958050499994,17
173669_2.tex,non stop regreession model greedy,False,14,30.48086452484131,87.6792838549999,15
173677_3.tex,non stop regreession model greedy,True,13,26.078209400177,96.6735129300007,13
173702_3.tex,non stop regreession model greedy,False,13,29.67767548561096,75.02414933199984,14
173708_1.tex,non stop regreession model greedy,False,19,44.57329487800598,101.42439846799986,20
173754_1.tex,non stop regreession model greedy,True,17,34.410998582839966,86.56626967250014,17
173781_1.tex,non stop regreession model greedy,True,21,41.32490110397339,139.29005518000002,21
173784_2.tex,non stop regreession model greedy,True,13,25.898993492126465,81.19209406000017,13
173787_2.tex,non stop regreession model greedy,True,18,36.85691833496094,105.63301420499998,18
173793_1.tex,non stop regreession model greedy,True,7,13.475836753845217,39.58479625500004,7
173803_2.tex,non stop regreession model greedy,True,36,72.29057002067566,244.08276264250048,36
173858_2.tex,non stop regreession model greedy,True,51,112.22653102874756,512.6263879629998,51
173872_1.tex,non stop regreession model greedy,True,33,70.2101616859436,178.88254617600018,33
173909_1.tex,non stop regreession model greedy,True,10,22.31544017791748,42.68577095875067,10
173946_1.tex,non stop regreession model greedy,True,13,29.674745559692383,76.18902321175095,13
173991_3.tex,non stop regreession model greedy,True,13,28.81854271888733,122.88358996500008,13
174002_3.tex,non stop regreession model greedy,True,11,24.958988428115845,51.25039619000077,11
174010_1.tex,non stop regreession model greedy,True,12,26.356452226638797,58.5536300150006,12
174108_1.tex,non stop regreession model greedy,True,20,43.6633734703064,212.16613168000003,20
174146_1.tex,non stop regreession model greedy,True,20,45.686864137649536,111.0546824544005,20
174182_1.tex,non stop regreession model greedy,False,40,92.58318042755128,1196.9777374481089,40
174204_1.tex,non stop regreession model greedy,True,21,40.31683206558228,170.43854463999963,21
174206_3.tex,non stop regreession model greedy,False,16,37.41473865509033,106.6516723900002,17
174239_1.tex,non stop regreession model greedy,True,13,27.111905574798584,58.61878826500002,13
174260_2.tex,non stop regreession model greedy,True,24,52.61883902549744,139.66463107500005,24
174284_3.tex,non stop regreession model greedy,True,9,18.94423246383667,29.896450945000023,9
174293_2.tex,non stop regreession model greedy,True,28,61.71796631813049,159.64518791879993,28
174294_3.tex,non stop regreession model greedy,True,13,27.25501275062561,50.47618629775905,13
174381_3.tex,non stop regreession model greedy,False,25,55.49314069747925,116.0044269870001,26
174394_3.tex,non stop regreession model greedy,True,9,17.70784854888916,31.830981281600007,9
174397_3.tex,non stop regreession model greedy,False,31,68.31806683540344,191.38557427060024,32
174447_2.tex,non stop regreession model greedy,True,17,39.30859041213989,95.11965770500116,17
16658_3.tex,non stop regreession model greedy,True,18,33.21216344833374,225.57291118125084,18
16705_2.tex,non stop regreession model greedy,True,14,23.411067008972168,75.73345931799999,14
16726_3.tex,non stop regreession model greedy,True,24,49.14450001716614,128.40943677602868,24
17015_1.tex,non stop regreession model greedy,True,17,35.43885254859924,126.17050314626836,17
17137_1.tex,non stop regreession model greedy,True,11,19.15369820594788,55.75413926158704,11
17153_1.tex,non stop regreession model greedy,False,24,52.00143671035767,120.22903024607916,25
17179_3.tex,non stop regreession model greedy,False,9,19.091570377349854,39.80877307500013,10
17209_3.tex,non stop regreession model greedy,True,5,8.402960300445557,23.475250755000037,5
17231_2.tex,non stop regreession model greedy,True,15,30.183275938034058,71.99163661747097,15
17261_1.tex,non stop regreession model greedy,True,14,26.98812246322632,76.27558129474998,14
17265_2.tex,non stop regreession model greedy,True,30,66.39015793800354,215.8001266584007,30
17266_1.tex,non stop regreession model greedy,False,26,59.29435062408447,175.73747096130023,27
17549_3.tex,non stop regreession model greedy,True,4,7.963212966918945,10.433990822000034,4
17650_3.tex,non stop regreession model greedy,True,4,7.780371189117432,9.191581447192448,4
17664_2.tex,non stop regreession model greedy,True,24,52.13824486732483,252.16278006525,25
17677_3.tex,non stop regreession model greedy,True,23,41.67350697517395,140.55174467696915,23
17687_1.tex,non stop regreession model greedy,True,25,54.8814263343811,145.84157932648765,25
17698_1.tex,non stop regreession model greedy,True,29,59.69397830963135,217.32120989799137,29
17711_1.tex,non stop regreession model greedy,True,45,96.0393340587616,405.3007182312501,45
17716_2.tex,non stop regreession model greedy,True,22,42.53936696052551,329.3480139187501,22
17759_2.tex,non stop regreession model greedy,True,20,38.00545883178711,112.77126148169602,20
17809_1.tex,non stop regreession model greedy,False,26,56.61722159385681,155.68097598499998,27
17812_1.tex,non stop regreession model greedy,False,27,56.64537882804871,138.75905366895722,28
18031_3.tex,non stop regreession model greedy,True,22,49.020411014556885,120.87481131252098,22
18035_1.tex,non stop regreession model greedy,False,12,29.4665322303772,70.678950080345,13
73237_3.tex,non stop regreession model greedy,True,3,5.394000291824341,22.716591880000017,3
73350_1.tex,non stop regreession model greedy,True,3,5.570735216140747,15.715526030000037,3
73374_1.tex,non stop regreession model greedy,True,15,30.96691465377808,78.4419558410001,15
73815_1.tex,non stop regreession model greedy,True,11,21.471580505371094,54.4275565292963,11
74893_3.tex,non stop regreession model greedy,True,3,12.128467798233032,18.958913230000007,3
74939_2.tex,non stop regreession model greedy,True,39,90.6811819076538,480.5305330021599,39
75373_1.tex,non stop regreession model greedy,True,10,19.900925874710083,39.15020446599991,10
75431_3.tex,non stop regreession model greedy,True,13,24.753187894821167,76.91730465280004,13
75513_3.tex,non stop regreession model greedy,True,23,47.63877964019776,153.72222803000028,23
77053_1.tex,non stop regreession model greedy,False,19,41.45975136756897,109.48756534700048,20
77170_2.tex,non stop regreession model greedy,True,27,53.31389594078064,189.77007606800052,27
77209_3.tex,non stop regreession model greedy,True,10,19.980790615081787,44.43879573547504,10
18140_2.tex,non stop regreession model greedy,True,23,56.33954286575317,129.81352478632598,23
18246_3.tex,non stop regreession model greedy,False,11,25.693923473358154,61.26607733699996,12
18323_3.tex,non stop regreession model greedy,True,15,28.811033487319943,84.67968725431417,15
18358_2.tex,non stop regreession model greedy,True,18,38.606353521347046,99.50068714077815,18
18573_3.tex,non stop regreession model greedy,True,21,46.77475190162659,111.69795547123915,21
18669_1.tex,non stop regreession model greedy,True,18,40.41908884048462,106.64562906966304,18
18860_2.tex,non stop regreession model greedy,True,20,39.7454936504364,123.7135009225003,20
19093_2.tex,non stop regreession model greedy,True,9,17.188579082489014,31.937987532554743,9
19103_3.tex,non stop regreession model greedy,True,11,24.50364565849304,36.86459060379991,11
19139_1.tex,non stop regreession model greedy,True,14,32.68020987510681,100.33453758999995,14
19274_2.tex,non stop regreession model greedy,True,12,25.20813465118408,59.9710642539605,12
19295_2.tex,non stop regreession model greedy,True,23,46.931217670440674,140.12722084000018,23
19335_1.tex,non stop regreession model greedy,False,11,24.723646879196167,48.80685172125016,12
19428_2.tex,non stop regreession model greedy,True,19,38.02744793891907,97.82167612285008,19
19691_1.tex,non stop regreession model greedy,True,3,6.026621103286743,20.14829258000004,3
19754_1.tex,non stop regreession model greedy,True,25,54.41125988960266,307.6193162122465,25
19758_2.tex,non stop regreession model greedy,True,30,66.05559778213501,312.1542221201344,30
19828_2.tex,non stop regreession model greedy,True,4,8.016427993774414,16.08092694479612,4
19838_1.tex,non stop regreession model greedy,True,23,46.131486654281616,315.384385278801,23
19867_3.tex,non stop regreession model greedy,True,6,12.327571630477903,27.03780820815029,6
19877_1.tex,non stop regreession model greedy,True,15,35.05086851119995,217.94238694875008,15
19907_1.tex,non stop regreession model greedy,True,20,43.57717680931091,151.12780345375023,20
19907_2.tex,non stop regreession model greedy,True,8,17.17947793006897,60.51770120375015,8
19935_3.tex,non stop regreession model greedy,True,24,49.88494372367859,197.13377906200037,24
19945_1.tex,non stop regreession model greedy,True,4,6.981107473373413,17.121150720799925,4
19951_1.tex,non stop regreession model greedy,True,36,77.73169565200806,325.54464357780495,36
20189_1.tex,non stop regreession model greedy,True,15,33.61749625205994,109.7585512974425,15
20245_3.tex,non stop regreession model greedy,False,15,30.709161043167114,155.0762105909999,16
20300_2.tex,non stop regreession model greedy,True,13,25.294201850891117,55.96320886720032,13
20321_1.tex,non stop regreession model greedy,True,1,1.7512009143829346,3.500010115000009,1
20334_1.tex,non stop regreession model greedy,True,8,14.96304202079773,48.37136395000012,8
20375_1.tex,non stop regreession model greedy,True,12,22.599069833755493,64.8446736830004,12
20410_2.tex,non stop regreession model greedy,True,26,53.07280778884888,214.8919473156705,26
20425_2.tex,non stop regreession model greedy,True,20,36.72444009780884,252.0816416125,20
20451_3.tex,non stop regreession model greedy,True,12,22.151488304138184,67.8978436605599,12
20464_1.tex,non stop regreession model greedy,True,10,20.124504327774048,62.389470208000205,10
20723_2.tex,non stop regreession model greedy,True,19,45.77367973327637,104.06809908607264,19
20727_3.tex,non stop regreession model greedy,True,16,36.80855584144592,83.91365805689793,16
20765_2.tex,non stop regreession model greedy,True,11,23.813416242599487,76.98755307500029,12
20796_3.tex,non stop regreession model greedy,True,7,12.966007947921751,30.363546547521224,7
20829_2.tex,non stop regreession model greedy,True,24,55.84718608856201,154.09410586050004,24
20915_2.tex,non stop regreession model greedy,True,38,84.11061406135559,336.97481891732167,38
20961_2.tex,non stop regreession model greedy,True,23,47.2910897731781,222.39897519999997,23
20986_1.tex,non stop regreession model greedy,True,19,45.81777048110962,146.73909539375015,19
21534_2.tex,non stop regreession model greedy,True,13,33.837254762649536,103.39335881265266,13
21546_1.tex,non stop regreession model greedy,True,21,54.09672975540161,205.6652453540008,21
21566_3.tex,non stop regreession model greedy,False,6,18.44374632835388,27.295174285390036,7
21580_2.tex,non stop regreession model greedy,True,17,39.31004548072815,110.83242734180004,17
21592_2.tex,non stop regreession model greedy,True,8,19.08345603942871,41.19411746575,8
21848_2.tex,non stop regreession model greedy,True,9,23.16691017150879,113.64398003375,9
21917_2.tex,non stop regreession model greedy,True,24,55.994174003601074,240.4511513555,24
21974_1.tex,non stop regreession model greedy,True,28,71.28928232192993,300.87180912758663,28
21976_1.tex,non stop regreession model greedy,True,14,36.20113015174866,112.46015626640296,31
21988_3.tex,non stop regreession model greedy,False,12,31.70459294319153,72.48881628000004,13
22046_2.tex,non stop regreession model greedy,True,2,4.474648714065552,10.01,2
22046_3.tex,non stop regreession model greedy,True,2,4.410267114639282,8.833290750000003,2
22075_3.tex,non stop regreession model greedy,True,8,17.788183212280273,37.873839617999984,8
22118_1.tex,non stop regreession model greedy,True,6,12.768293857574465,30.283427818296104,6
22318_1.tex,non stop regreession model greedy,True,4,10.433874607086182,6.94718002499998,4
22458_1.tex,non stop regreession model greedy,True,36,99.75779724121094,330.8757849025002,36
22554_1.tex,non stop regreession model greedy,True,17,40.87942934036255,101.76355785674994,17
22567_2.tex,non stop regreession model greedy,True,4,8.686893224716187,15.30874903000003,4
22638_3.tex,non stop regreession model greedy,True,27,63.41457962989807,188.1690418180004,27
22640_3.tex,non stop regreession model greedy,True,10,23.139859676361084,59.91827729374994,10
22663_1.tex,non stop regreession model greedy,True,19,46.18736243247986,94.28757815141998,19
22943_3.tex,non stop regreession model greedy,True,15,38.15484666824341,197.41265246624613,15
23070_1.tex,non stop regreession model greedy,True,17,42.416115283966064,137.36327684068624,17
23190_3.tex,non stop regreession model greedy,True,7,15.234469413757324,32.253796815799994,7
23217_1.tex,non stop regreession model greedy,True,15,40.59448599815369,78.09858403400001,15
23319_3.tex,non stop regreession model greedy,True,12,33.38281893730164,60.654900358868,12
23463_1.tex,non stop regreession model greedy,True,8,18.409385919570923,39.54061409999998,8
23643_3.tex,non stop regreession model greedy,True,13,32.51003432273865,71.56578336475006,13
23645_3.tex,non stop regreession model greedy,True,14,31.91059899330139,71.59746597375016,14
72618_1.tex,non stop regreession model greedy,True,23,64.2975389957428,140.71533413627105,23
72659_3.tex,non stop regreession model greedy,True,17,41.86279821395874,95.7063101718,17
72670_1.tex,non stop regreession model greedy,True,15,35.81571006774902,57.71987768439548,15
72673_3.tex,non stop regreession model greedy,True,22,52.67276668548584,110.44608025990024,22
72694_2.tex,non stop regreession model greedy,True,27,73.77000832557678,195.7243751349997,27
72803_3.tex,non stop regreession model greedy,True,1,1.9854888916015625,0.0,1
72835_1.tex,non stop regreession model greedy,True,16,39.155295610427856,101.70927091000006,16
73001_1.tex,non stop regreession model greedy,True,18,52.95702528953552,119.03436076646808,18
73090_1.tex,non stop regreession model greedy,True,24,64.01165986061096,196.75705558712957,24
73184_3.tex,non stop regreession model greedy,True,15,45.72373270988464,109.27025460229508,15
73294_2.tex,non stop regreession model greedy,True,10,24.530336141586304,48.51462107899993,10
73303_3.tex,non stop regreession model greedy,True,24,66.51833009719849,159.63093271849976,24
73379_3.tex,non stop regreession model greedy,True,7,16.68071222305298,34.48994815199984,7
73401_2.tex,non stop regreession model greedy,True,12,27.80071258544922,75.76112342850007,12
73421_1.tex,non stop regreession model greedy,True,21,53.501776456832886,138.0839219301701,21
73432_2.tex,non stop regreession model greedy,True,8,19.194519519805908,40.950214096000025,8
73436_2.tex,non stop regreession model greedy,True,6,14.98536729812622,33.144717819999975,6
73601_2.tex,non stop regreession model greedy,True,8,21.239648580551147,48.6100613337636,8
73612_2.tex,non stop regreession model greedy,True,15,38.41147518157959,75.72077876995016,15
73631_2.tex,non stop regreession model greedy,True,13,35.065911531448364,58.65647957199479,13
73643_1.tex,non stop regreession model greedy,True,23,61.7945454120636,134.7620901425004,23
73655_3.tex,non stop regreession model greedy,True,8,20.309288263320923,31.18938622369996,8
73686_2.tex,non stop regreession model greedy,True,20,55.86803841590881,200.9984857212509,20
73701_3.tex,non stop regreession model greedy,True,17,43.74147009849548,145.94581776624642,17
73799_1.tex,non stop regreession model greedy,True,8,17.726645946502686,34.3933728650001,8
73882_1.tex,non stop regreession model greedy,True,11,22.440651416778564,78.76472534999986,11
74141_1.tex,non stop regreession model greedy,True,12,29.785760402679443,71.14516285700017,12
74167_1.tex,non stop regreession model greedy,True,23,62.64503240585327,148.47474515430594,23
74213_1.tex,non stop regreession model greedy,True,13,33.51530361175537,90.17862759999991,13
74266_3.tex,non stop regreession model greedy,True,24,65.37193536758423,140.86922210975683,24
74276_3.tex,non stop regreession model greedy,True,17,46.71588134765625,77.15211129380039,17
74336_2.tex,non stop regreession model greedy,True,23,58.94270205497742,198.1282554250002,23
74351_3.tex,non stop regreession model greedy,True,15,37.90203619003296,75.17049987000001,15
74371_3.tex,non stop regreession model greedy,True,17,44.69819259643555,83.30429761150006,17
74408_3.tex,non stop regreession model greedy,True,39,98.47481346130373,286.8275587237963,39
74468_1.tex,non stop regreession model greedy,True,47,122.03794264793396,550.2421369447072,48
74691_3.tex,non stop regreession model greedy,True,17,47.19887733459473,97.06007701538248,17
74717_2.tex,non stop regreession model greedy,True,19,55.37355184555054,124.6956451014092,19
74795_3.tex,non stop regreession model greedy,True,16,46.39022946357727,96.82351111799996,16
74820_2.tex,non stop regreession model greedy,False,9,23.248689651489254,58.30565791297603,10
74829_1.tex,non stop regreession model greedy,True,35,91.83206462860107,409.6599657809997,35
74840_1.tex,non stop regreession model greedy,False,31,78.16930818557739,186.26932773594115,32
74873_3.tex,non stop regreession model greedy,True,10,21.80636668205261,49.66255918000024,10
74889_2.tex,non stop regreession model greedy,True,20,50.95903182029724,131.03842805829478,20
74901_3.tex,non stop regreession model greedy,True,9,21.99166822433472,46.53059114900003,9
74917_1.tex,non stop regreession model greedy,True,8,17.905038833618164,35.480150230000035,8
74956_2.tex,non stop regreession model greedy,False,6,18.569575309753414,41.21231825,7
74979_3.tex,non stop regreession model greedy,False,11,28.94701600074768,59.98572943000006,12
75022_2.tex,non stop regreession model greedy,False,20,55.83997559547424,143.12439682175,21
75027_2.tex,non stop regreession model greedy,True,6,13.531516313552856,23.79636800400003,6
75030_3.tex,non stop regreession model greedy,False,9,23.56512665748596,53.15948010374989,10
75337_2.tex,non stop regreession model greedy,True,21,49.383448123931885,140.42472509055006,21
75352_1.tex,non stop regreession model greedy,False,11,30.15270590782165,47.63849515391345,12
75415_3.tex,non stop regreession model greedy,True,25,69.58619999885559,198.877520265,25
75459_1.tex,non stop regreession model greedy,True,17,42.28763699531555,72.98079188954407,17
75521_2.tex,non stop regreession model greedy,True,1,2.3899788856506348,0.0,1
75550_2.tex,non stop regreession model greedy,True,16,37.560757637023926,89.95145170800005,16
75581_1.tex,non stop regreession model greedy,True,46,120.22490096092224,412.2174628718002,46
75785_3.tex,non stop regreession model greedy,True,14,36.6512725353241,71.22306734008488,14
75855_2.tex,non stop regreession model greedy,True,17,45.9755220413208,88.56887734399993,17
75954_1.tex,non stop regreession model greedy,True,15,42.24646472930908,78.58853775500039,15
75960_2.tex,non stop regreession model greedy,True,15,32.124351263046265,95.57849603300006,15
75960_3.tex,non stop regreession model greedy,False,10,24.09238147735596,40.78068490874395,11
76061_1.tex,non stop regreession model greedy,True,29,69.61684894561768,215.28431362750007,29
76076_1.tex,non stop regreession model greedy,True,15,36.27105069160461,81.95969209099982,15
76093_1.tex,non stop regreession model greedy,True,45,111.70840716362,359.60755742899937,45
76109_3.tex,non stop regreession model greedy,True,36,82.28500485420227,267.4145502647506,36
76110_3.tex,non stop regreession model greedy,True,36,103.20361232757568,301.4185730095639,36
76345_2.tex,non stop regreession model greedy,True,16,42.91980719566345,111.5057949462521,16
76431_1.tex,non stop regreession model greedy,False,15,47.04136037826538,90.37309038137124,16
76491_1.tex,non stop regreession model greedy,True,13,31.820261001586918,88.40853463000006,13
76513_1.tex,non stop regreession model greedy,True,11,28.19169020652771,66.70402486,11
76587_1.tex,non stop regreession model greedy,True,21,52.335437297821045,201.4316542862499,21
76602_3.tex,non stop regreession model greedy,True,19,49.67461085319519,130.7990933800001,19
76627_1.tex,non stop regreession model greedy,False,14,36.53387999534607,92.54503087599996,15
76656_1.tex,non stop regreession model greedy,True,11,26.14240956306457,49.70317450200023,11
76850_1.tex,non stop regreession model greedy,True,22,64.42012739181519,197.8917708473425,22
76884_1.tex,non stop regreession model greedy,True,11,28.38611459732056,61.852932367856354,11
76891_2.tex,non stop regreession model greedy,True,8,20.180715322494507,31.310636710250137,8
76928_3.tex,non stop regreession model greedy,True,8,21.06476211547852,46.24912344000029,8
76956_3.tex,non stop regreession model greedy,True,26,70.07554936408997,241.6584954777508,26
76982_3.tex,non stop regreession model greedy,True,17,47.55649280548096,71.67944671599992,17
76983_1.tex,non stop regreession model greedy,True,19,48.69530630111694,97.90159601679518,19
77020_3.tex,non stop regreession model greedy,True,7,16.22613263130188,30.48852198999993,7
77032_2.tex,non stop regreession model greedy,True,14,33.329155683517456,69.64281561500017,14
77052_2.tex,non stop regreession model greedy,True,17,41.39100909233093,96.38317553174976,17
77054_1.tex,non stop regreession model greedy,True,12,27.51287531852722,72.59430949300003,12
77085_3.tex,non stop regreession model greedy,True,17,45.368141889572144,66.78904555099992,17
23693_1.tex,non stop regreession model greedy,True,12,27.151866674423218,54.93683359031749,12
23722_2.tex,non stop regreession model greedy,True,21,47.38371729850769,152.83499619050042,23
23933_3.tex,non stop regreession model greedy,True,19,47.01194143295288,116.28407784590036,19
23938_1.tex,non stop regreession model greedy,True,16,38.61373353004456,73.15802532994977,16
23958_2.tex,non stop regreession model greedy,True,18,45.01893401145935,139.75835580129495,18
24043_2.tex,non stop regreession model greedy,True,13,28.81606364250183,88.03454788080005,13
24058_3.tex,non stop regreession model greedy,True,25,62.138118267059326,179.35206483662225,25
24064_2.tex,non stop regreession model greedy,True,39,97.84634375572205,356.7121975372333,39
24123_2.tex,non stop regreession model greedy,False,11,28.06023621559143,47.16135018750012,12
24159_3.tex,non stop regreession model greedy,True,20,47.52092504501343,128.92998881275005,20
24184_1.tex,non stop regreession model greedy,True,19,39.92381930351257,87.46407044255018,19
24206_3.tex,non stop regreession model greedy,True,24,53.70096731185913,298.1412367062498,24
24214_1.tex,non stop regreession model greedy,True,19,42.50007224082947,132.7939663000004,19
24275_2.tex,non stop regreession model greedy,False,7,19.36854195594788,20.981594319400077,8
24276_2.tex,non stop regreession model greedy,True,13,27.160463094711304,59.14255370404592,13
24281_2.tex,non stop regreession model greedy,True,27,62.16199159622192,186.84575579350016,27
24704_3.tex,non stop regreession model greedy,True,11,25.123920440673828,55.43108901119943,11
24739_2.tex,non stop regreession model greedy,True,9,19.34126114845276,56.30178375500007,9
24741_3.tex,non stop regreession model greedy,True,23,53.40584015846253,158.21828534375018,23
25127_1.tex,non stop regreession model greedy,True,8,18.148293256759644,29.38320087500007,8
25133_3.tex,non stop regreession model greedy,True,2,4.495808839797974,5.044295429374984,2
25150_1.tex,non stop regreession model greedy,True,20,52.80177450180054,109.58876152973409,20
25150_3.tex,non stop regreession model greedy,True,24,60.5972740650177,103.84901557303648,24
25188_1.tex,non stop regreession model greedy,True,9,17.76331067085266,57.68037891875001,9
25220_3.tex,non stop regreession model greedy,True,14,33.02953243255615,74.00162627980029,14
25224_2.tex,non stop regreession model greedy,True,17,37.978031396865845,99.64613412800034,17
25229_1.tex,non stop regreession model greedy,True,8,16.928945064544678,27.59094328999996,8
25251_1.tex,non stop regreession model greedy,True,22,52.74555277824402,126.47432710660026,22
25270_3.tex,non stop regreession model greedy,True,20,45.98024702072144,119.00030359829626,20
25305_2.tex,non stop regreession model greedy,True,11,22.72745108604431,52.2138625900005,11
25373_3.tex,non stop regreession model greedy,True,29,66.58737397193909,175.42370232662518,29
25547_2.tex,non stop regreession model greedy,True,15,38.23215222358704,92.71602064522496,15
25593_1.tex,non stop regreession model greedy,True,17,40.96039915084839,87.29955297929763,17
25685_3.tex,non stop regreession model greedy,True,25,63.992133378982544,174.35738154860024,25
25686_2.tex,non stop regreession model greedy,True,12,30.802977085113525,42.97321310945024,12
25761_2.tex,non stop regreession model greedy,True,14,31.328136920928955,61.202575454000005,14
26227_1.tex,non stop regreession model greedy,False,17,46.83243751525879,105.2388875069455,18
26303_2.tex,non stop regreession model greedy,True,1,1.8017804622650144,5.767104280000012,1
26304_2.tex,non stop regreession model greedy,True,21,45.65294051170349,294.2776316862029,21
26323_2.tex,non stop regreession model greedy,True,29,71.36772322654724,288.059538386733,29
26392_1.tex,non stop regreession model greedy,True,6,13.258641004562378,29.062071596957555,6
26397_3.tex,non stop regreession model greedy,True,11,25.64853930473328,86.49695407039759,11
26670_2.tex,non stop regreession model greedy,True,8,19.564393520355225,43.504940773950295,8
26826_1.tex,non stop regreession model greedy,True,11,24.837618112564087,104.82079399499943,11
26846_3.tex,non stop regreession model greedy,True,14,33.86073350906372,101.93100523600026,14
26863_3.tex,non stop regreession model greedy,True,10,24.797234535217285,42.793882352,10
26911_2.tex,non stop regreession model greedy,True,15,33.98765730857849,127.01800884374994,15
26923_2.tex,non stop regreession model greedy,True,25,60.74723744392395,257.1761178500005,25
26943_1.tex,non stop regreession model greedy,True,5,10.846637725830078,11.045992134999976,5
26972_1.tex,non stop regreession model greedy,True,18,41.91879415512085,82.47460122399995,18
27247_1.tex,non stop regreession model greedy,True,26,65.50396585464478,348.7060771099999,26
27271_3.tex,non stop regreession model greedy,True,31,78.70870423316956,306.61472900576814,31
27277_2.tex,non stop regreession model greedy,True,4,8.557780265808105,11.02110077000009,4
27280_3.tex,non stop regreession model greedy,True,15,36.859087228775024,72.32894339353663,15
27351_1.tex,non stop regreession model greedy,True,13,29.08092832565308,78.6695526500008,13
27369_2.tex,non stop regreession model greedy,True,22,54.1810736656189,126.53911390879884,22
27427_1.tex,non stop regreession model greedy,True,47,116.43288588523863,474.32784933010026,47
27435_2.tex,non stop regreession model greedy,True,11,23.84543466567993,83.18362640000004,11
27473_2.tex,non stop regreession model greedy,True,23,51.82616925239563,208.2855515432481,23
27482_3.tex,non stop regreession model greedy,True,13,29.54822325706482,85.61345406800004,13
27498_1.tex,non stop regreession model greedy,True,19,42.673099517822266,131.56220128572008,19
27517_2.tex,non stop regreession model greedy,True,36,83.5766589641571,350.8438322540002,36
27837_2.tex,non stop regreession model greedy,True,14,33.2988007068634,82.99905989744695,14
27863_1.tex,non stop regreession model greedy,True,22,53.38923907279968,137.82872341606463,22
27941_2.tex,non stop regreession model greedy,False,13,33.54671812057495,60.51623661659609,14
27971_1.tex,non stop regreession model greedy,True,44,109.15950846672058,505.3474179015,44
28025_1.tex,non stop regreession model greedy,True,4,8.298005819320679,21.815474660000035,4
28028_2.tex,non stop regreession model greedy,True,8,16.1898136138916,41.84114783875008,8
28032_1.tex,non stop regreession model greedy,True,15,31.23265266418457,110.38630138175,15
28076_1.tex,non stop regreession model greedy,True,40,113.06533694267272,286.1160560682912,40
28079_3.tex,non stop regreession model greedy,True,5,13.4859721660614,25.756717894999973,5
28362_3.tex,non stop regreession model greedy,True,21,67.16855263710022,217.37805263567017,21
28379_1.tex,non stop regreession model greedy,True,20,62.63290810585022,152.499749033753,20
28380_1.tex,non stop regreession model greedy,True,10,27.21015429496765,52.1225990106541,10
28451_1.tex,non stop regreession model greedy,True,24,71.3790853023529,248.15618599068583,24
28472_1.tex,non stop regreession model greedy,True,13,32.15079498291016,75.09248805357247,13
28532_2.tex,non stop regreession model greedy,True,11,30.923766136169437,86.74018067500002,11
28534_3.tex,non stop regreession model greedy,True,9,23.29431128501892,59.54741832000008,9
28546_3.tex,non stop regreession model greedy,True,10,25.56056261062622,47.81316395000044,10
28795_3.tex,non stop regreession model greedy,True,29,102.18489837646484,307.7116581267502,29
28964_2.tex,non stop regreession model greedy,True,11,33.97481822967529,84.24625410000002,11
28971_3.tex,non stop regreession model greedy,True,6,15.035244941711426,25.88103062499998,6
29153_2.tex,non stop regreession model greedy,True,29,84.50408053398132,149.65269843819038,29
29443_2.tex,non stop regreession model greedy,True,28,88.29708647727966,330.98914138775024,28
29538_2.tex,non stop regreession model greedy,True,6,17.800771236419678,28.347893872500123,6
29547_1.tex,non stop regreession model greedy,True,20,56.87698245048523,156.5144168930005,20
29549_3.tex,non stop regreession model greedy,True,11,33.273096799850464,71.65368679200014,11
29564_2.tex,non stop regreession model greedy,True,23,78.46899771690369,168.44922371961658,23
29570_1.tex,non stop regreession model greedy,False,4,15.01187777519226,20.483279182500297,5
29577_3.tex,non stop regreession model greedy,False,26,91.3660728931427,208.93410156890025,27
29616_3.tex,non stop regreession model greedy,True,8,21.952442407608032,64.29802407375021,8
29629_3.tex,non stop regreession model greedy,False,18,46.91764307022095,153.42503809525002,19
29662_2.tex,non stop regreession model greedy,True,15,41.05015754699707,81.21853094083767,15
29667_2.tex,non stop regreession model greedy,True,6,16.949219703674316,37.21523688574999,6
29668_2.tex,non stop regreession model greedy,True,9,29.61132001876831,47.59647618859985,9
29695_2.tex,non stop regreession model greedy,True,26,69.10323238372803,180.10967999157003,26
29699_2.tex,non stop regreession model greedy,True,2,5.257430553436279,11.237951160000025,2
77393_1.tex,non stop regreession model greedy,True,9,22.624425172805783,33.365137610000005,9
77468_3.tex,non stop regreession model greedy,True,12,31.93108820915222,66.18779631000045,12
77495_3.tex,non stop regreession model greedy,True,18,50.296112298965454,100.3240541850004,18
77538_1.tex,non stop regreession model greedy,True,23,62.74976634979248,106.33820637409706,23
77652_2.tex,non stop regreession model greedy,False,11,26.47982931137085,52.691479639999926,12
77675_2.tex,non stop regreession model greedy,True,13,34.107826709747314,74.53427085000011,13
77728_3.tex,non stop regreession model greedy,False,29,83.49444699287415,186.91586203700024,30
77741_2.tex,non stop regreession model greedy,True,26,74.15399718284607,135.98536832522515,26
77961_2.tex,non stop regreession model greedy,True,16,45.30381560325623,93.714112960496,16
78037_1.tex,non stop regreession model greedy,True,5,13.023848056793211,25.82148853399996,5
78115_1.tex,non stop regreession model greedy,True,9,24.23078942298889,51.95573661500042,9
78139_3.tex,non stop regreession model greedy,True,29,78.5863835811615,236.653924220496,40
78163_1.tex,non stop regreession model greedy,True,32,89.20604467391968,342.0648630385999,32
78165_2.tex,non stop regreession model greedy,True,17,45.21099615097046,124.21489250174984,17
78259_3.tex,non stop regreession model greedy,True,19,52.66642165184021,125.44417175425,19
78271_3.tex,non stop regreession model greedy,True,46,129.155015707016,621.5944083670005,46
78476_3.tex,non stop regreession model greedy,True,17,53.59747838973999,102.2184706286612,17
78535_3.tex,non stop regreession model greedy,True,18,58.73606991767883,196.6586104087501,18
78549_1.tex,non stop regreession model greedy,True,7,20.43423438072205,40.73655880000096,7
78562_1.tex,non stop regreession model greedy,True,13,36.99358344078064,64.77103317841396,13
78570_2.tex,non stop regreession model greedy,True,18,51.47881364822388,92.76352120576853,18
78581_2.tex,non stop regreession model greedy,True,8,20.51753330230713,48.46244614250993,8
78610_3.tex,non stop regreession model greedy,False,9,27.349068880081177,47.66312858176029,10
78620_1.tex,non stop regreession model greedy,True,24,66.98086953163147,156.50618244455035,24
78637_2.tex,non stop regreession model greedy,False,1,4.889915466308594,0.0,2
78671_1.tex,non stop regreession model greedy,True,5,12.764153242111206,15.843763680000023,5
78683_2.tex,non stop regreession model greedy,True,13,31.920549154281616,67.49204875000063,13
78692_3.tex,non stop regreession model greedy,True,10,24.077630281448364,47.75862692861416,10
78709_1.tex,non stop regreession model greedy,True,9,23.7348153591156,40.53533822840005,9
78722_3.tex,non stop regreession model greedy,False,12,33.455682039260864,64.91463677042019,13
78742_1.tex,non stop regreession model greedy,True,6,16.48042321205139,27.42296760000028,6
78789_3.tex,non stop regreession model greedy,False,9,29.11508798599243,45.363972083200125,10
78804_1.tex,non stop regreession model greedy,True,22,56.41222262382507,242.44655554924992,22
78816_2.tex,non stop regreession model greedy,True,1,2.399722099304199,0.0,1
78979_1.tex,non stop regreession model greedy,True,12,32.77356576919556,73.04198680000056,12
79002_1.tex,non stop regreession model greedy,True,17,48.20091986656189,98.00587784196092,17
79015_1.tex,non stop regreession model greedy,True,15,39.39643144607544,77.93834324291338,15
79015_2.tex,non stop regreession model greedy,True,14,35.813204765319824,78.34790263300013,14
79117_3.tex,non stop regreession model greedy,True,13,32.74592399597168,89.249599926,13
79155_2.tex,non stop regreession model greedy,True,21,58.93801259994507,137.9436445260003,21
79175_3.tex,non stop regreession model greedy,True,5,12.297049283981323,17.856067999999937,5
79189_3.tex,non stop regreession model greedy,True,11,28.764102935791016,68.98919335000002,11
79228_3.tex,non stop regreession model greedy,True,11,29.912677526474,47.103277311414224,11
79231_1.tex,non stop regreession model greedy,False,20,60.35972094535828,132.67030151800026,21
79287_2.tex,non stop regreession model greedy,True,15,42.40736150741577,102.72695850000008,15
79294_2.tex,non stop regreession model greedy,True,14,35.73981046676636,100.3834738812508,14
79318_3.tex,non stop regreession model greedy,True,15,39.74402141571045,106.49594953375016,15
79357_1.tex,non stop regreession model greedy,True,9,23.0889310836792,31.13677287430001,9
79451_2.tex,non stop regreession model greedy,True,14,44.83240079879761,83.2941050296003,14
79651_2.tex,non stop regreession model greedy,True,20,64.03886151313782,169.1137735840449,20
79750_3.tex,non stop regreession model greedy,True,15,43.66031646728516,111.2574644020001,15
79769_2.tex,non stop regreession model greedy,True,14,37.49282240867615,77.32693541100043,14
79777_1.tex,non stop regreession model greedy,True,25,66.15337300300598,296.14552633599965,25
79805_3.tex,non stop regreession model greedy,True,30,82.24135756492615,185.261839241,30
79871_3.tex,non stop regreession model greedy,True,26,67.7434229850769,190.47836802125053,26
79875_3.tex,non stop regreession model greedy,True,25,72.07630586624146,213.7838443462502,25
79906_3.tex,non stop regreession model greedy,True,28,72.98147082328796,234.97322307067407,28
80021_2.tex,non stop regreession model greedy,True,24,71.9564139842987,154.06440140164713,25
80209_1.tex,non stop regreession model greedy,False,10,27.82090997695923,41.98088241481243,11
80234_2.tex,non stop regreession model greedy,True,9,24.342503547668457,50.18830229349992,9
80254_3.tex,non stop regreession model greedy,True,15,42.17055106163025,164.81775255375032,15
80335_3.tex,non stop regreession model greedy,True,36,107.8942768573761,264.4239713947843,36
80345_3.tex,non stop regreession model greedy,False,28,79.64752554893494,187.9219045568,29
80356_3.tex,non stop regreession model greedy,True,6,15.3999924659729,52.126885225,6
80386_2.tex,non stop regreession model greedy,False,19,60.04660224914551,136.18519980000025,20
80432_1.tex,non stop regreession model greedy,False,11,34.39634394645691,46.273018583889055,12
80433_1.tex,non stop regreession model greedy,True,32,88.552973985672,262.77128710274985,32
80558_3.tex,non stop regreession model greedy,True,6,17.060798168182373,22.789738204795118,6
80562_2.tex,non stop regreession model greedy,True,16,48.2963490486145,71.7306371629883,16
80653_2.tex,non stop regreession model greedy,True,18,50.3854296207428,110.47881810100006,18
80665_2.tex,non stop regreession model greedy,True,2,4.765153408050537,4.83378454999999,2
80759_3.tex,non stop regreession model greedy,True,2,4.73639988899231,5.517490149999986,2
80767_2.tex,non stop regreession model greedy,True,19,52.70732235908508,86.51307185407342,19
80780_1.tex,non stop regreession model greedy,False,9,28.49431014060974,34.20029301081425,10
80844_3.tex,non stop regreession model greedy,True,16,42.708317041397095,91.15252650200064,16
80881_3.tex,non stop regreession model greedy,True,28,80.83471441268921,177.99279463394998,28
80933_2.tex,non stop regreession model greedy,False,29,89.55441880226135,197.55705810440008,30
80960_3.tex,non stop regreession model greedy,True,9,25.848793745040894,51.10392037600002,9
80993_1.tex,non stop regreession model greedy,True,36,111.05024147033691,304.8933437936002,36
81336_2.tex,non stop regreession model greedy,True,8,22.322369813919067,84.30405716875,8
81356_2.tex,non stop regreession model greedy,True,14,40.24038553237915,113.10441867500096,14
81383_2.tex,non stop regreession model greedy,True,26,78.3471200466156,152.73220152779487,26
81403_1.tex,non stop regreession model greedy,True,8,21.02404260635376,40.98194598849621,8
81453_1.tex,non stop regreession model greedy,True,24,73.38431215286255,255.9392795299999,24
81509_1.tex,non stop regreession model greedy,True,9,25.402191877365112,44.82495527699998,9
81531_2.tex,non stop regreession model greedy,True,10,28.82614636421204,55.37929999500001,10
81634_3.tex,non stop regreession model greedy,False,18,62.91424083709717,131.4483087135776,19
81635_2.tex,non stop regreession model greedy,True,14,44.84264159202576,67.91653678592522,14
81745_2.tex,non stop regreession model greedy,True,16,44.35489320755005,93.21604758160056,16
81753_3.tex,non stop regreession model greedy,True,13,40.284544944763184,55.82033635100051,13
81768_2.tex,non stop regreession model greedy,False,6,18.44376945495605,32.900775285000975,7
81816_1.tex,non stop regreession model greedy,True,9,24.40334272384644,48.45713999272049,9
81817_2.tex,non stop regreession model greedy,False,17,49.53408050537109,84.2567770470005,18
81837_3.tex,non stop regreession model greedy,True,19,56.13859677314758,114.90893359759032,19
81884_1.tex,non stop regreession model greedy,True,9,23.04495096206665,49.63183376500013,9
81887_2.tex,non stop regreession model greedy,True,11,33.42838191986084,56.75565350000034,11
81892_1.tex,non stop regreession model greedy,True,15,39.287919759750366,81.38919452000019,15
81913_2.tex,non stop regreession model greedy,False,23,73.52414035797119,182.69031261824608,24
81923_1.tex,non stop regreession model greedy,True,34,106.98431849479675,256.7236484485146,34
29971_2.tex,non stop regreession model greedy,True,30,50.30200481414795,245.37005357151645,30
29975_3.tex,non stop regreession model greedy,True,12,18.623722076416016,76.73039147500039,12
29979_2.tex,non stop regreession model greedy,True,18,28.771360397338867,105.91473893488887,18
30003_1.tex,non stop regreession model greedy,True,5,8.406155824661255,14.885668522899977,5
30055_2.tex,non stop regreession model greedy,True,14,18.75858426094055,98.8389527550002,15
30069_3.tex,non stop regreession model greedy,True,15,25.14821934700012,93.64984383852516,15
30077_2.tex,non stop regreession model greedy,False,12,20.77517008781433,64.98150886300002,13
30094_1.tex,non stop regreession model greedy,True,11,22.032318353652958,60.13301127600014,11
30151_1.tex,non stop regreession model greedy,True,18,29.67927646636963,119.15977620500044,18
30153_3.tex,non stop regreession model greedy,False,8,15.32138466835022,45.51580775000016,9
30311_2.tex,non stop regreession model greedy,True,13,19.523882627487183,71.14156274627139,13
30407_2.tex,non stop regreession model greedy,True,18,31.81158399581909,86.20120700744975,18
30419_1.tex,non stop regreession model greedy,True,27,47.85459494590759,277.9238364787501,27
30520_2.tex,non stop regreession model greedy,True,18,32.53087043762207,111.84358452041889,18
30584_3.tex,non stop regreession model greedy,True,17,30.295217275619507,81.90284260000035,17
30715_3.tex,non stop regreession model greedy,True,15,21.390079736709595,88.90183758,15
30751_2.tex,non stop regreession model greedy,True,34,51.26063179969788,360.5035269812501,34
30767_1.tex,non stop regreession model greedy,True,36,60.0470597743988,279.8364479417499,36
31055_2.tex,non stop regreession model greedy,True,24,42.91054272651672,236.23594477924976,24
31089_2.tex,non stop regreession model greedy,True,26,40.07276701927185,196.2201181529249,26
31090_2.tex,non stop regreession model greedy,True,21,35.096641063690186,191.7229500805756,21
31135_2.tex,non stop regreession model greedy,True,17,24.683916568756104,150.67123382375007,17
31136_1.tex,non stop regreession model greedy,True,6,9.866976499557495,36.58351614250034,6
31168_2.tex,non stop regreession model greedy,True,23,42.02267551422119,131.14137461700008,23
31295_3.tex,non stop regreession model greedy,True,14,18.685301542282104,73.59138007754206,14
31310_2.tex,non stop regreession model greedy,True,2,2.527988910675049,5.021515919400031,2
31589_3.tex,non stop regreession model greedy,True,22,42.97552275657654,245.86854853789183,22
31632_1.tex,non stop regreession model greedy,True,29,47.29493737220764,227.65098484773415,29
31673_2.tex,non stop regreession model greedy,True,14,21.37382817268372,68.05235181500016,14
31677_3.tex,non stop regreession model greedy,True,16,32.85971021652222,101.6048833000003,16
31693_3.tex,non stop regreession model greedy,True,9,17.917481422424316,46.28867169200015,9
31704_2.tex,non stop regreession model greedy,True,21,43.068870306015015,161.83751378150012,21
31740_3.tex,non stop regreession model greedy,True,13,27.614479780197144,69.70182187255008,13
31753_2.tex,non stop regreession model greedy,True,2,2.9783804416656494,5.070490150000012,2
31824_3.tex,non stop regreession model greedy,True,7,13.031121492385864,33.723358413250104,7
32015_1.tex,non stop regreession model greedy,True,10,23.143868923187256,44.03628040494945,10
32059_2.tex,non stop regreession model greedy,True,20,47.5884313583374,104.75354535626477,20
32136_3.tex,non stop regreession model greedy,False,20,44.70332050323486,141.96139511775027,21
32170_1.tex,non stop regreession model greedy,True,14,35.436434745788574,59.287546419647626,14
32216_3.tex,non stop regreession model greedy,True,10,23.362871885299683,43.27686369000023,10
32219_3.tex,non stop regreession model greedy,False,16,41.24844431877136,96.49182842500036,17
32239_3.tex,non stop regreession model greedy,True,14,30.037020206451416,75.60936880800006,14
32374_1.tex,non stop regreession model greedy,True,45,97.320955991745,360.7260284255884,45
32775_1.tex,non stop regreession model greedy,True,9,19.349424362182617,48.72666703323548,9
32786_1.tex,non stop regreession model greedy,False,13,31.27444577217102,97.81481274671756,24
32869_1.tex,non stop regreession model greedy,False,12,26.73173952102661,74.58496703696022,13
32889_3.tex,non stop regreession model greedy,True,18,37.23143005371094,132.37792490674988,18
32891_3.tex,non stop regreession model greedy,True,1,1.605949640274048,5.939309165412396,1
32892_1.tex,non stop regreession model greedy,True,30,61.26490759849548,252.41593343735093,30
32921_3.tex,non stop regreession model greedy,True,14,31.23456335067749,71.25354168341401,14
32931_1.tex,non stop regreession model greedy,True,15,31.77395534515381,84.078713771,15
32936_1.tex,non stop regreession model greedy,True,27,62.852400064468384,174.9400551318006,27
33154_1.tex,non stop regreession model greedy,True,20,47.112481117248535,133.43516928088215,20
33240_1.tex,non stop regreession model greedy,True,4,7.46872067451477,11.708817449150049,4
33317_2.tex,non stop regreession model greedy,True,26,59.9928560256958,227.47568373995017,26
33375_3.tex,non stop regreession model greedy,True,3,6.109658241271973,11.92852720000002,3
33396_1.tex,non stop regreession model greedy,True,29,56.265103340148926,416.84989862500015,29
33419_1.tex,non stop regreession model greedy,True,9,19.24322748184204,34.50905929280009,9
33577_2.tex,non stop regreession model greedy,True,21,44.94128465652466,167.2307606009487,21
33760_2.tex,non stop regreession model greedy,True,10,23.918516159057617,35.081832098000035,10
33841_3.tex,non stop regreession model greedy,False,15,32.00618386268616,107.85409510607354,16
33849_3.tex,non stop regreession model greedy,False,12,31.238195657730103,62.576448369000005,13
33857_2.tex,non stop regreession model greedy,False,13,29.8433198928833,62.62940835175019,14
33879_1.tex,non stop regreession model greedy,True,24,52.33989381790161,162.49157187280997,24
33907_1.tex,non stop regreession model greedy,True,20,27.44790506362915,143.60163339550007,20
33918_3.tex,non stop regreession model greedy,True,17,23.528642177581787,237.35921009375,17
33944_1.tex,non stop regreession model greedy,True,16,20.64869213104248,92.91978745,16
34225_2.tex,non stop regreession model greedy,True,26,34.589537143707275,220.6132722242777,26
34405_1.tex,non stop regreession model greedy,True,20,30.89110827445984,132.1671160560002,20
34511_1.tex,non stop regreession model greedy,True,32,48.65058279037476,286.8155950755011,32
34520_1.tex,non stop regreession model greedy,True,5,5.732362747192383,29.769783550000085,5
34541_1.tex,non stop regreession model greedy,True,3,3.7695891857147217,18.290674800000005,3
34736_2.tex,non stop regreession model greedy,True,5,6.46140718460083,23.709853749999997,5
34833_1.tex,non stop regreession model greedy,True,13,22.382943391799927,71.9975884920002,13
34861_2.tex,non stop regreession model greedy,False,14,21.936525344848636,114.76428743046796,15
34895_3.tex,non stop regreession model greedy,True,8,13.516962051391602,71.77913639999998,8
34939_3.tex,non stop regreession model greedy,True,5,6.203978538513184,23.411976500000065,5
34942_1.tex,non stop regreession model greedy,True,9,13.870826721191406,46.227127042999896,9
35021_2.tex,non stop regreession model greedy,True,22,36.4450831413269,230.02530098000005,47
35065_1.tex,non stop regreession model greedy,False,15,22.264308214187626,81.0490604936,16
35378_3.tex,non stop regreession model greedy,True,24,37.77690887451172,275.2609802282503,24
35439_1.tex,non stop regreession model greedy,True,15,20.740460634231567,138.5558112,15
35456_3.tex,non stop regreession model greedy,True,5,6.974724292755127,18.15640103000007,5
35458_3.tex,non stop regreession model greedy,True,6,7.281778812408447,22.242796650000003,6
35471_2.tex,non stop regreession model greedy,True,28,45.58602666854858,223.7255143993374,28
35484_1.tex,non stop regreession model greedy,True,24,35.28770637512207,206.7867310429999,37
35591_1.tex,non stop regreession model greedy,True,5,8.139389038085938,15.262995590000008,5
35815_1.tex,non stop regreession model greedy,True,22,31.73871278762817,237.52842293775024,22
35926_1.tex,non stop regreession model greedy,True,21,31.51950240135193,201.63243880151,21
35960_2.tex,non stop regreession model greedy,True,10,15.612254858016968,57.846845148800064,10
36039_3.tex,non stop regreession model greedy,False,16,29.001230239868164,120.12654427491006,17
36051_3.tex,non stop regreession model greedy,True,7,14.052559852600098,41.28885945960003,7
36092_1.tex,non stop regreession model greedy,True,6,10.150577783584597,55.29687098375005,6
36094_2.tex,non stop regreession model greedy,True,6,10.86463189125061,52.53517080374999,6
36132_3.tex,non stop regreession model greedy,True,17,26.840198516845703,136.10923315135005,17
36136_2.tex,non stop regreession model greedy,True,23,38.423314571380615,248.27960213539544,54
36137_3.tex,non stop regreession model greedy,False,30,54.6582419872284,209.57804612875023,31
81946_1.tex,non stop regreession model greedy,True,2,2.6872658729553223,5.028895480800003,2
81955_3.tex,non stop regreession model greedy,True,24,36.04983329772949,139.28730292386962,24
82002_1.tex,non stop regreession model greedy,True,21,30.432230949401852,133.86132741500012,21
82030_1.tex,non stop regreession model greedy,True,16,26.107171058654785,85.69102345742027,16
82052_3.tex,non stop regreession model greedy,True,15,21.08916687965393,68.65389349571521,15
82072_1.tex,non stop regreession model greedy,True,5,6.667941570281982,15.49201614002503,5
82072_3.tex,non stop regreession model greedy,True,28,37.47812271118164,177.05623607947547,28
82211_2.tex,non stop regreession model greedy,True,12,16.63823962211609,90.3826877750001,12
82275_2.tex,non stop regreession model greedy,True,23,32.76200604438782,145.37945751400065,23
82290_1.tex,non stop regreession model greedy,True,14,20.880947589874268,67.9702512552523,14
82316_2.tex,non stop regreession model greedy,True,8,17.93365168571472,61.9865636400005,8
82351_2.tex,non stop regreession model greedy,False,9,14.80551290512085,39.34569058900063,10
82374_3.tex,non stop regreession model greedy,True,28,41.42498826980591,165.00429669416286,28
82382_2.tex,non stop regreession model greedy,True,8,11.000487089157104,21.482687219999967,8
82398_3.tex,non stop regreession model greedy,True,20,31.047980070114136,86.93866120570718,20
82413_2.tex,non stop regreession model greedy,True,12,16.37305760383606,91.11257045000004,12
82425_1.tex,non stop regreession model greedy,True,11,16.9096782207489,66.43728827500007,11
82495_3.tex,non stop regreession model greedy,True,15,26.636895895004272,75.45582442499997,15
82514_3.tex,non stop regreession model greedy,False,9,13.581109046936035,44.68204402500001,10
82536_1.tex,non stop regreession model greedy,True,15,20.54716920852661,76.18918930000062,15
82605_2.tex,non stop regreession model greedy,False,40,65.07423853874207,322.6649452199996,41
82722_3.tex,non stop regreession model greedy,True,17,25.941576719284058,119.72759210581305,17
82865_2.tex,non stop regreession model greedy,True,8,11.53207015991211,50.40770980500046,8
82879_3.tex,non stop regreession model greedy,True,13,17.595370292663574,110.38094026019992,13
83012_2.tex,non stop regreession model greedy,False,16,24.83436489105225,122.53602042530026,17
83079_3.tex,non stop regreession model greedy,False,17,26.410369634628296,141.45986588000056,18
83095_2.tex,non stop regreession model greedy,True,17,24.803088188171387,94.66389786499995,17
83121_2.tex,non stop regreession model greedy,True,50,75.76279807090759,416.0163392120001,53
83227_3.tex,non stop regreession model greedy,True,17,46.713643074035645,91.03108039800046,17
83326_2.tex,non stop regreession model greedy,True,20,48.98223686218262,142.74435307600112,29
83403_1.tex,non stop regreession model greedy,False,9,21.905473947525024,51.25352423375027,10
83434_1.tex,non stop regreession model greedy,True,17,38.62163400650024,123.34054609600048,17
83446_3.tex,non stop regreession model greedy,True,17,41.52621674537659,109.44841634700008,17
83454_2.tex,non stop regreession model greedy,True,15,37.17949390411377,74.61120162699994,15
83469_1.tex,non stop regreession model greedy,True,33,87.2720742225647,304.4200956350009,33
83479_3.tex,non stop regreession model greedy,True,14,31.15236496925354,75.4701762350002,14
83496_2.tex,non stop regreession model greedy,True,18,36.63703393936157,184.43839404000047,18
83497_3.tex,non stop regreession model greedy,True,13,26.736294984817505,81.9457428150009,13
83536_2.tex,non stop regreession model greedy,True,18,37.64647436141968,97.56585101039308,18
83605_1.tex,non stop regreession model greedy,False,16,33.53086280822754,91.59312101499978,17
83623_2.tex,non stop regreession model greedy,False,28,61.68918967247009,225.061678775,29
83665_2.tex,non stop regreession model greedy,True,17,34.2721643447876,80.91259253477106,17
83694_2.tex,non stop regreession model greedy,True,14,30.586281061172485,64.07901718155024,14
83698_3.tex,non stop regreession model greedy,True,33,71.0760862827301,197.26592226975023,33
83753_3.tex,non stop regreession model greedy,True,12,29.270127534866333,73.34905933667224,12
83837_1.tex,non stop regreession model greedy,True,19,44.850647926330566,161.44106442500083,19
83861_2.tex,non stop regreession model greedy,True,19,46.40945506095886,95.79631285550082,19
83895_2.tex,non stop regreession model greedy,True,33,84.42146730422974,225.74740768267145,33
83957_2.tex,non stop regreession model greedy,True,23,55.11988496780396,215.338913776762,23
83963_2.tex,non stop regreession model greedy,True,14,30.684565544128414,86.96103880979496,14
84119_3.tex,non stop regreession model greedy,True,17,36.22689294815064,83.90240505899993,17
84135_1.tex,non stop regreession model greedy,False,11,25.324645280838013,47.22101601499996,12
84152_1.tex,non stop regreession model greedy,True,16,43.092302560806274,95.40199533000016,16
84203_3.tex,non stop regreession model greedy,True,38,86.01806592941284,373.55934685,38
84233_1.tex,non stop regreession model greedy,False,26,60.05870413780213,133.69148847825022,27
84237_2.tex,non stop regreession model greedy,True,22,48.03936004638672,93.87840355591044,22
84451_3.tex,non stop regreession model greedy,True,32,75.46914315223694,289.9040396705321,32
84547_3.tex,non stop regreession model greedy,True,19,41.69565010070801,98.78981834100006,19
84550_1.tex,non stop regreession model greedy,True,17,43.65877819061279,127.73876054144404,17
84575_2.tex,non stop regreession model greedy,True,16,35.497299671173096,143.94382795999996,16
84588_1.tex,non stop regreession model greedy,True,1,1.7779912948608398,10.01,1
84589_2.tex,non stop regreession model greedy,True,5,9.89461588859558,29.05095258000007,5
84592_2.tex,non stop regreession model greedy,True,7,14.389638662338257,51.00127434000025,7
84597_1.tex,non stop regreession model greedy,True,22,49.63739061355591,155.14431726000072,22
84600_1.tex,non stop regreession model greedy,True,6,10.933056592941284,35.56758009500001,6
84605_3.tex,non stop regreession model greedy,True,9,19.37128233909607,54.085746593000096,9
84632_2.tex,non stop regreession model greedy,True,18,41.6356737613678,94.58289553941432,18
84639_2.tex,non stop regreession model greedy,True,20,43.6490273475647,158.16042393159967,20
84655_1.tex,non stop regreession model greedy,True,31,74.2353720664978,221.95425867044997,31
84691_2.tex,non stop regreession model greedy,True,8,18.268653869628903,41.80524750250015,8
84705_1.tex,non stop regreession model greedy,True,19,42.41166186332703,152.08590467374998,19
84714_3.tex,non stop regreession model greedy,False,12,28.517512559890747,70.81696703799989,13
84746_3.tex,non stop regreession model greedy,False,6,14.729972124099731,23.2934358736,7
84748_3.tex,non stop regreession model greedy,True,34,85.26459336280823,315.54540482569604,34
84753_3.tex,non stop regreession model greedy,True,36,88.05188417434692,342.3086161859639,36
84764_3.tex,non stop regreession model greedy,True,24,53.51615285873413,182.97285586607023,24
84871_2.tex,non stop regreession model greedy,True,6,14.026979207992554,27.10102654440002,6
84875_3.tex,non stop regreession model greedy,False,6,19.053310871124268,20.81273085788393,7
85022_1.tex,non stop regreession model greedy,True,14,31.31171131134033,112.96015658000005,14
85068_2.tex,non stop regreession model greedy,True,23,47.70308303833008,282.16957220614586,23
85072_3.tex,non stop regreession model greedy,False,6,16.831542015075684,21.653234791127545,7
85079_1.tex,non stop regreession model greedy,True,21,48.0205135345459,140.51080823299995,21
85103_2.tex,non stop regreession model greedy,True,14,32.97211575508118,82.12212271700018,14
85140_2.tex,non stop regreession model greedy,True,16,32.6033833026886,136.84885605818994,16
85161_1.tex,non stop regreession model greedy,True,15,35.24157953262329,77.00218501300019,15
85207_3.tex,non stop regreession model greedy,True,49,115.49149632453918,584.8591514151747,49
85242_1.tex,non stop regreession model greedy,True,11,26.659787893295288,66.11572885000051,11
85298_3.tex,non stop regreession model greedy,True,35,84.71755766868591,311.92020944700016,35
85387_3.tex,non stop regreession model greedy,True,21,53.00734734535217,140.32135767711262,21
85451_2.tex,non stop regreession model greedy,True,6,13.23955225944519,55.8372,6
85486_3.tex,non stop regreession model greedy,True,18,46.22690463066101,203.7839561580002,18
85525_1.tex,non stop regreession model greedy,True,22,49.607240200042725,130.34246284089645,22
85612_3.tex,non stop regreession model greedy,True,21,51.5970630645752,130.7944432337091,21
85641_3.tex,non stop regreession model greedy,True,11,24.651310205459595,33.52550983222502,11
85656_2.tex,non stop regreession model greedy,True,11,28.803908586502075,90.6355612437507,11
85669_2.tex,non stop regreession model greedy,False,3,8.015808343887329,6.542544249999992,4
85716_3.tex,non stop regreession model greedy,True,14,29.013955116271973,73.84470677599994,14
85748_3.tex,non stop regreession model greedy,True,34,55.82822513580322,245.8225722268481,34
85767_2.tex,non stop regreession model greedy,False,16,30.01131296157837,127.24182668125056,17
36165_2.tex,non stop regreession model greedy,True,28,58.36028981208801,189.55910557650012,28
36359_3.tex,non stop regreession model greedy,True,19,46.80484819412232,123.0593039438286,19
36385_1.tex,non stop regreession model greedy,False,20,44.72757482528687,111.6418311230078,21
36455_1.tex,non stop regreession model greedy,True,21,50.88294816017151,191.3119488969361,21
36485_3.tex,non stop regreession model greedy,True,29,65.87096190452576,200.0014880500037,29
36522_2.tex,non stop regreession model greedy,True,21,45.29262924194336,249.24523927875032,21
36581_1.tex,non stop regreession model greedy,False,31,72.93546438217163,199.4170349703009,32
36672_1.tex,non stop regreession model greedy,True,29,58.70339345932007,244.26187571474435,29
36680_3.tex,non stop regreession model greedy,True,10,19.996583223342896,66.81527649800005,10
36701_1.tex,non stop regreession model greedy,True,32,67.73641347885132,266.5075915777501,32
36879_3.tex,non stop regreession model greedy,True,9,19.296746969223022,35.55990835999993,9
36925_2.tex,non stop regreession model greedy,True,19,40.61650824546814,92.04489874714427,19
37061_3.tex,non stop regreession model greedy,False,14,32.45483946800232,69.43758656500026,15
37067_3.tex,non stop regreession model greedy,True,6,11.969910621643066,15.29420194999996,6
37091_3.tex,non stop regreession model greedy,True,29,67.6095335483551,240.35712424279492,29
37148_2.tex,non stop regreession model greedy,True,31,66.66329407691956,201.77759161980012,31
37155_3.tex,non stop regreession model greedy,False,12,27.32242202758789,53.62415175000007,13
37164_2.tex,non stop regreession model greedy,True,7,13.003069400787354,23.752690275000106,7
37219_3.tex,non stop regreession model greedy,True,36,76.61199259757996,384.333944763,36
37439_3.tex,non stop regreession model greedy,True,7,16.406960010528564,52.533940985996885,7
37547_3.tex,non stop regreession model greedy,True,15,31.33420491218567,97.78674767800004,15
37580_1.tex,non stop regreession model greedy,True,30,68.35711979866028,248.0216943504425,30
37640_1.tex,non stop regreession model greedy,True,9,19.547560214996334,49.77660964325008,9
37662_2.tex,non stop regreession model greedy,False,14,31.411781072616577,67.88810933339046,15
37721_1.tex,non stop regreession model greedy,False,16,34.62145256996155,88.28732816499992,17
37742_3.tex,non stop regreession model greedy,True,13,25.92995667457581,72.76907465370022,13
37748_3.tex,non stop regreession model greedy,False,22,49.91035723686218,188.4520096729997,23
37755_2.tex,non stop regreession model greedy,True,14,27.866134643554688,76.0589258170003,14
37796_2.tex,non stop regreession model greedy,True,42,89.43698835372925,373.9571386909005,42
38103_1.tex,non stop regreession model greedy,False,15,35.133121967315674,73.21544015268019,16
38111_1.tex,non stop regreession model greedy,True,44,101.0319483280182,421.70199073720937,44
38139_1.tex,non stop regreession model greedy,True,14,29.051340341567997,93.19876578000014,14
38184_2.tex,non stop regreession model greedy,False,18,39.35407090187073,125.82460770158328,19
38194_3.tex,non stop regreession model greedy,True,17,34.02779507637024,109.58960659016446,17
38205_1.tex,non stop regreession model greedy,True,14,28.254828929901123,77.14371720674998,14
38207_1.tex,non stop regreession model greedy,True,21,46.59787034988403,124.46969649950012,21
38222_2.tex,non stop regreession model greedy,True,38,84.45547127723694,440.4199917166067,38
38249_3.tex,non stop regreession model greedy,False,7,16.043770790100098,25.77838910500006,8
38263_3.tex,non stop regreession model greedy,True,24,47.55740332603455,164.13244176250004,24
38281_3.tex,non stop regreession model greedy,False,19,39.786845445632935,112.09990976015015,20
38319_1.tex,non stop regreession model greedy,False,36,81.9097740650177,241.33910025799983,37
38712_2.tex,non stop regreession model greedy,True,11,21.750120162963867,58.82323714400037,11
38719_3.tex,non stop regreession model greedy,True,10,20.42092108726501,34.32355110199994,10
38733_3.tex,non stop regreession model greedy,True,17,36.076822996139526,105.36040073300008,17
38771_3.tex,non stop regreession model greedy,False,26,58.30784821510315,143.03608719117534,27
38814_2.tex,non stop regreession model greedy,True,11,21.47567319869995,46.45913505999994,11
38819_3.tex,non stop regreession model greedy,False,23,53.11775040626526,126.97668284912072,24
38839_2.tex,non stop regreession model greedy,False,15,32.7827832698822,68.73984068180005,16
39141_3.tex,non stop regreession model greedy,True,2,4.0017054080963135,14.454504793050068,2
39225_1.tex,non stop regreession model greedy,True,33,77.19982194900513,366.97919988375,33
39246_1.tex,non stop regreession model greedy,True,16,33.87191557884216,176.83750089900008,16
39334_1.tex,non stop regreession model greedy,True,15,33.836430072784424,199.91783846250016,15
39340_1.tex,non stop regreession model greedy,True,4,7.940823793411255,25.085756979999964,4
39354_1.tex,non stop regreession model greedy,True,19,39.8514769077301,221.26224448326263,19
39395_2.tex,non stop regreession model greedy,True,26,58.19987559318543,192.23733394864007,26
39736_1.tex,non stop regreession model greedy,True,49,119.79027080535889,888.6550383495397,49
39824_3.tex,non stop regreession model greedy,True,23,51.385700941085815,171.79411497677071,23
39835_2.tex,non stop regreession model greedy,True,22,48.48262643814087,105.27358540569612,22
39858_3.tex,non stop regreession model greedy,True,12,24.57605123519897,99.92032022499984,12
39879_3.tex,non stop regreession model greedy,True,10,19.20872449874878,65.6607232187502,10
39929_2.tex,non stop regreession model greedy,True,8,17.14201307296753,34.14573577548904,8
39956_1.tex,non stop regreession model greedy,True,17,35.85174536705017,93.48941196891091,17
40066_3.tex,non stop regreession model greedy,True,19,48.04829216003418,119.9872648164568,19
40155_3.tex,non stop regreession model greedy,True,15,36.55529308319092,128.09258709485368,15
40236_2.tex,non stop regreession model greedy,True,10,20.912611961364743,50.03875756800026,10
40299_3.tex,non stop regreession model greedy,True,19,43.69049382209778,143.16871222500006,19
40325_2.tex,non stop regreession model greedy,True,11,23.03628969192505,48.32562240499996,11
40356_1.tex,non stop regreession model greedy,True,19,37.816977977752686,201.02027539475,19
40487_2.tex,non stop regreession model greedy,True,27,58.87277722358704,191.00142940180075,27
40813_3.tex,non stop regreession model greedy,True,40,88.54446291923523,393.9045722205871,40
40867_3.tex,non stop regreession model greedy,True,17,37.38355207443237,136.9793953934417,17
40881_2.tex,non stop regreession model greedy,True,11,23.07746195793152,57.19288426799986,11
40911_3.tex,non stop regreession model greedy,True,45,98.49571394920348,490.7375454689992,45
40920_2.tex,non stop regreession model greedy,True,12,24.61083722114563,70.09248301375005,12
40924_1.tex,non stop regreession model greedy,True,7,14.36596655845642,37.12713487449991,7
41029_1.tex,non stop regreession model greedy,True,17,35.99359941482544,101.20399732875012,17
41145_3.tex,non stop regreession model greedy,True,14,33.927144050598145,74.20728284207468,14
41277_3.tex,non stop regreession model greedy,True,4,7.915782928466797,18.468235225000008,4
41311_1.tex,non stop regreession model greedy,True,20,46.150726318359375,98.44998396080004,20
41323_1.tex,non stop regreession model greedy,True,22,47.556400299072266,120.46866905949636,22
41324_1.tex,non stop regreession model greedy,True,30,70.99683833122253,248.8708900328097,30
41398_3.tex,non stop regreession model greedy,True,15,31.548497438430783,113.43333819375012,15
41435_2.tex,non stop regreession model greedy,True,17,34.952919006347656,93.26339938581457,17
41448_2.tex,non stop regreession model greedy,True,7,13.973347187042236,31.124346951599986,7
41452_3.tex,non stop regreession model greedy,True,7,14.821000576019289,24.002374806022512,7
41453_2.tex,non stop regreession model greedy,True,18,37.89146375656128,93.1354257445,18
41532_1.tex,non stop regreession model greedy,True,16,31.19283366203308,89.94130375641433,28
41574_2.tex,non stop regreession model greedy,True,15,32.09944176673889,87.82277320250022,15
41938_2.tex,non stop regreession model greedy,True,23,48.62006998062134,137.48996358500054,23
41952_1.tex,non stop regreession model greedy,True,17,34.24240827560425,106.69786041541415,17
41996_1.tex,non stop regreession model greedy,True,12,25.22196245193481,46.48259737150353,12
42000_1.tex,non stop regreession model greedy,True,15,30.677640438079838,90.52053459600016,15
42035_1.tex,non stop regreession model greedy,True,25,51.572585105896,245.3060862562502,25
42050_1.tex,non stop regreession model greedy,True,15,31.54256081581116,94.58390695109034,15
42082_3.tex,non stop regreession model greedy,True,27,55.76220226287842,236.5472259932681,27
42103_1.tex,non stop regreession model greedy,True,36,75.30164051055908,230.9989098605002,36
42112_3.tex,non stop regreession model greedy,True,1,1.673403024673462,0.0,1
85812_1.tex,non stop regreession model greedy,False,23,48.38951992988586,150.60116441400012,24
85850_2.tex,non stop regreession model greedy,True,29,61.2382607460022,207.7336833854999,29
86037_2.tex,non stop regreession model greedy,True,2,3.847230911254883,7.93173668,2
86051_1.tex,non stop regreession model greedy,True,12,29.054575204849243,66.48694806013737,12
86060_1.tex,non stop regreession model greedy,False,9,24.15079975128174,51.20804098626279,10
86127_3.tex,non stop regreession model greedy,False,11,27.627338886260983,65.78994560200101,12
86137_2.tex,non stop regreession model greedy,False,10,23.238338470458984,55.03179236200001,11
86152_2.tex,non stop regreession model greedy,True,24,53.81062293052673,249.40179155655423,24
86194_1.tex,non stop regreession model greedy,True,12,25.12103629112244,61.53999944499995,12
86202_2.tex,non stop regreession model greedy,False,17,40.52320408821106,190.2821336925001,18
86204_1.tex,non stop regreession model greedy,False,7,17.943943977355957,40.94429720500006,8
86208_3.tex,non stop regreession model greedy,True,8,15.779384851455688,72.26782695375032,8
86282_2.tex,non stop regreession model greedy,True,18,39.64889407157898,103.41517886141422,18
86287_1.tex,non stop regreession model greedy,False,37,82.85360050201416,230.43029057200005,38
86292_2.tex,non stop regreession model greedy,True,1,1.4918677806854248,5.737191080000031,1
86325_1.tex,non stop regreession model greedy,True,4,7.975902080535889,25.2277004,4
86340_3.tex,non stop regreession model greedy,True,16,32.04321384429932,98.3580019474964,16
86352_2.tex,non stop regreession model greedy,False,19,41.28762650489807,122.83055044000012,20
86389_1.tex,non stop regreession model greedy,True,14,29.322680711746216,75.00718366025016,14
86498_2.tex,non stop regreession model greedy,True,13,31.521790027618408,84.85909664259842,13
86571_2.tex,non stop regreession model greedy,True,21,48.64028024673462,144.3263352630007,21
86608_3.tex,non stop regreession model greedy,True,18,40.87755417823792,103.84667182459994,18
86678_1.tex,non stop regreession model greedy,True,14,30.50718927383423,94.14005458100064,14
86744_2.tex,non stop regreession model greedy,True,10,21.221489667892456,69.60173080000001,10
86768_3.tex,non stop regreession model greedy,True,10,20.370596408843998,50.34827901499993,10
86814_3.tex,non stop regreession model greedy,False,11,26.23260712623596,58.16412459116661,12
86816_3.tex,non stop regreession model greedy,True,20,46.36398243904114,101.83352096714684,20
86827_1.tex,non stop regreession model greedy,False,27,59.65294528007507,156.02857795450012,28
86887_1.tex,non stop regreession model greedy,True,6,11.805137634277344,25.17269264547496,6
86890_1.tex,non stop regreession model greedy,True,36,77.36262965202332,362.0361287855004,36
86929_1.tex,non stop regreession model greedy,False,28,62.00460410118103,160.57001043380004,29
87033_2.tex,non stop regreession model greedy,True,25,63.627219438552856,145.13109664889106,25
87038_3.tex,non stop regreession model greedy,True,18,44.41634511947632,117.723033688885,18
87125_1.tex,non stop regreession model greedy,True,26,64.99994897842407,118.40855632245786,42
87128_3.tex,non stop regreession model greedy,True,19,47.637205362319946,92.14240234669674,19
87167_2.tex,non stop regreession model greedy,True,13,27.87557530403137,142.96907870000018,13
87196_3.tex,non stop regreession model greedy,True,12,27.48863649368286,110.089176848875,12
87251_1.tex,non stop regreession model greedy,True,23,51.14836239814758,152.77983269500012,23
87335_3.tex,non stop regreession model greedy,True,11,23.756961584091187,49.16076513600001,11
87348_3.tex,non stop regreession model greedy,False,13,30.949685096740723,51.52100616700004,14
87355_2.tex,non stop regreession model greedy,True,26,58.54033851623535,149.47015430613874,26
87387_1.tex,non stop regreession model greedy,True,21,44.749441385269165,148.38301879375044,21
87397_1.tex,non stop regreession model greedy,True,16,32.41237211227417,78.17461994000024,16
87421_1.tex,non stop regreession model greedy,True,19,40.45824122428894,108.71246378399988,19
87465_2.tex,non stop regreession model greedy,True,36,79.42721772193909,305.27639099995,36
87478_2.tex,non stop regreession model greedy,True,35,77.0078272819519,214.9673782897499,35
87587_3.tex,non stop regreession model greedy,True,22,52.41228127479553,136.44695226750056,22
87726_1.tex,non stop regreession model greedy,True,25,59.67027950286865,178.18639253500027,25
87737_3.tex,non stop regreession model greedy,False,9,23.08741879463196,47.08979848189996,10
87743_3.tex,non stop regreession model greedy,True,12,29.458911895751957,65.09917712485009,12
87810_1.tex,non stop regreession model greedy,True,9,19.630404472351078,93.62673442500012,9
87871_2.tex,non stop regreession model greedy,True,20,43.27150845527649,117.7550042470001,20
87935_3.tex,non stop regreession model greedy,True,13,26.79802703857422,101.07343253000052,13
87968_1.tex,non stop regreession model greedy,False,12,29.404512643814087,57.43944267100042,13
87988_3.tex,non stop regreession model greedy,True,7,14.30592131614685,33.960274817999974,7
88115_3.tex,non stop regreession model greedy,True,16,40.55890893936157,66.91487716736927,16
88292_1.tex,non stop regreession model greedy,True,12,26.1733558177948,75.75292985239987,12
88311_1.tex,non stop regreession model greedy,True,21,49.40185308456421,131.4768712177729,21
88327_3.tex,non stop regreession model greedy,True,9,20.80585193634033,39.37468649440035,9
88335_3.tex,non stop regreession model greedy,False,27,65.76722955703735,191.82912284161415,28
88368_3.tex,non stop regreession model greedy,True,19,42.303871870040894,127.77028510500016,19
88445_1.tex,non stop regreession model greedy,True,21,46.25097703933716,107.77643623877522,21
88459_1.tex,non stop regreession model greedy,True,9,19.449943780899048,50.481777164999976,9
88465_2.tex,non stop regreession model greedy,True,18,36.8402214050293,119.85877217999996,18
88467_3.tex,non stop regreession model greedy,True,25,56.93269109725952,292.09485015000115,25
88508_3.tex,non stop regreession model greedy,False,17,38.72911834716797,91.8873407870006,18
88510_1.tex,non stop regreession model greedy,True,9,18.65817379951477,36.34932886999999,9
88533_1.tex,non stop regreession model greedy,True,22,46.24237632751465,138.91979215198904,22
88557_3.tex,non stop regreession model greedy,False,36,82.65394473075867,209.32141729680004,37
88591_1.tex,non stop regreession model greedy,True,16,39.18856596946716,99.4857416250006,16
88652_1.tex,non stop regreession model greedy,True,21,53.78419280052185,98.1550308721202,21
88659_2.tex,non stop regreession model greedy,True,16,38.00781869888306,73.34095144460039,16
88660_3.tex,non stop regreession model greedy,True,19,47.8782172203064,122.57298799765049,19
88662_2.tex,non stop regreession model greedy,True,19,48.77979350090027,102.13010609766997,19
88728_3.tex,non stop regreession model greedy,True,11,24.28054141998291,57.87797011799999,11
88755_2.tex,non stop regreession model greedy,True,18,42.82367181777954,104.48745429920014,18
88783_1.tex,non stop regreession model greedy,False,6,15.121583461761476,14.845048949999978,7
88810_2.tex,non stop regreession model greedy,True,16,37.71980667114258,82.87439355000004,16
88828_2.tex,non stop regreession model greedy,True,19,42.76373887062073,147.7125465250004,19
88859_2.tex,non stop regreession model greedy,True,10,22.3378689289093,35.95991971000004,10
88871_2.tex,non stop regreession model greedy,True,21,46.11805319786072,96.6449318275002,21
88905_3.tex,non stop regreession model greedy,True,16,36.970715284347534,128.97273745000007,16
88917_2.tex,non stop regreession model greedy,True,5,9.889139413833618,16.728850500000043,5
88960_2.tex,non stop regreession model greedy,True,6,12.607863903045654,15.363064907800004,6
89003_2.tex,non stop regreession model greedy,True,8,15.360297203063965,35.89976854999995,8
89003_3.tex,non stop regreession model greedy,True,4,7.722773551940918,15.363508550000006,4
89020_1.tex,non stop regreession model greedy,True,15,31.239878177642822,90.20242234000074,15
89039_3.tex,non stop regreession model greedy,False,33,71.90139508247375,254.39951836800023,34
89067_2.tex,non stop regreession model greedy,True,4,7.964444875717163,20.78410160000005,4
89090_3.tex,non stop regreession model greedy,True,38,83.2415144443512,285.36528621452527,42
89202_3.tex,non stop regreession model greedy,True,22,53.96345114707947,116.11340736973963,22
89265_1.tex,non stop regreession model greedy,True,20,49.845845222473145,140.9221087747698,20
89312_3.tex,non stop regreession model greedy,True,16,36.2676317691803,85.75037430100045,16
89376_2.tex,non stop regreession model greedy,True,14,29.4483106136322,68.27933008960017,14
89439_2.tex,non stop regreession model greedy,True,9,18.310227155685425,53.29294354000042,9
89445_3.tex,non stop regreession model greedy,True,12,25.01279330253601,69.73738235500025,12
89466_2.tex,non stop regreession model greedy,True,17,38.102184772491455,141.7090576390001,17
89574_2.tex,non stop regreession model greedy,True,4,8.117582559585571,21.72746041000005,4
89577_1.tex,non stop regreession model greedy,True,18,40.29946279525757,117.89440184000009,18
42299_1.tex,non stop regreession model greedy,True,15,19.976004600524902,90.88683161906252,15
42465_3.tex,non stop regreession model greedy,True,10,12.090609073638916,71.88443567999988,10
42474_2.tex,non stop regreession model greedy,True,8,8.671154260635376,68.48432392999999,8
42478_3.tex,non stop regreession model greedy,True,22,24.81780767440796,343.28641742250016,22
42493_3.tex,non stop regreession model greedy,False,6,7.825047969818115,28.887507802192445,7
42521_3.tex,non stop regreession model greedy,True,2,3.792634010314941,6.0651992174999805,2
42522_3.tex,non stop regreession model greedy,True,3,3.333486557006836,15.532046413550107,3
42525_2.tex,non stop regreession model greedy,True,29,38.8810350894928,346.5642612247501,29
42534_3.tex,non stop regreession model greedy,False,20,30.02393388748169,153.25921518725022,21
42590_3.tex,non stop regreession model greedy,False,8,10.809917449951172,44.42301876627107,9
42598_1.tex,non stop regreession model greedy,True,14,17.25898766517639,107.89574031199996,14
42632_1.tex,non stop regreession model greedy,True,20,25.56332015991211,180.51082269216096,20
42645_2.tex,non stop regreession model greedy,True,20,25.03908920288086,129.86913353563364,20
42939_1.tex,non stop regreession model greedy,True,14,17.56713080406189,73.29323986100044,14
43036_2.tex,non stop regreession model greedy,True,11,13.025110483169556,62.315589467399946,11
43066_1.tex,non stop regreession model greedy,True,14,19.1202929019928,64.28098753005,14
43159_1.tex,non stop regreession model greedy,True,29,36.91234707832336,235.93862698925,30
43393_1.tex,non stop regreession model greedy,False,6,8.10388994216919,14.364109843800222,7
43487_3.tex,non stop regreession model greedy,True,10,11.21992015838623,48.30364701668592,10
43512_2.tex,non stop regreession model greedy,True,13,15.271101474761965,58.26386329660048,13
43546_3.tex,non stop regreession model greedy,True,13,14.666020154953005,107.30576003000031,13
43548_2.tex,non stop regreession model greedy,True,8,10.826638221740724,35.57904343000021,8
43600_3.tex,non stop regreession model greedy,True,17,21.43167376518249,74.9588794387001,17
43687_3.tex,non stop regreession model greedy,True,16,18.037755489349365,78.24796600400006,16
43946_2.tex,non stop regreession model greedy,True,8,9.234638690948486,38.39538599112505,8
43983_1.tex,non stop regreession model greedy,True,1,0.971665620803833,6.596957693749999,1
44025_3.tex,non stop regreession model greedy,True,16,18.83537006378174,94.97939431800025,16
44115_2.tex,non stop regreession model greedy,True,10,16.041752576828003,65.78829785500004,12
44132_3.tex,non stop regreession model greedy,True,15,20.891360759735107,91.45650180053325,15
44176_3.tex,non stop regreession model greedy,False,9,11.15142273902893,59.79605457500003,10
44224_3.tex,non stop regreession model greedy,False,15,21.11086916923523,113.39802911275017,16
44261_3.tex,non stop regreession model greedy,True,20,23.04227089881897,144.30654482875,20
44653_1.tex,non stop regreession model greedy,True,18,20.630147695541385,145.78790513475,18
44703_3.tex,non stop regreession model greedy,False,16,23.75815510749817,77.8233651890005,17
44747_1.tex,non stop regreession model greedy,True,9,9.804386615753174,48.66318388999997,9
44750_1.tex,non stop regreession model greedy,True,18,22.45465350151062,177.09311365521992,18
44805_2.tex,non stop regreession model greedy,False,29,43.82237005233765,191.9491468186667,30
44817_2.tex,non stop regreession model greedy,True,20,22.840404987335205,98.27744850925028,20
44915_2.tex,non stop regreession model greedy,True,12,17.651872396469116,59.99031073369538,12
45023_3.tex,non stop regreession model greedy,True,33,49.95288109779358,163.59632472885033,33
45026_1.tex,non stop regreession model greedy,True,19,23.06772232055664,110.9295685919506,19
45057_2.tex,non stop regreession model greedy,True,26,40.98813891410828,217.2454019400014,26
45063_1.tex,non stop regreession model greedy,False,12,18.634506940841675,75.65693056500066,13
45210_3.tex,non stop regreession model greedy,True,15,17.981826543807983,66.5228791070003,15
45319_2.tex,non stop regreession model greedy,False,36,44.11989760398865,238.34260162459228,37
45643_3.tex,non stop regreession model greedy,True,24,33.906683683395386,330.9950404823095,24
45717_2.tex,non stop regreession model greedy,True,17,18.890117645263672,165.8993616537498,17
45768_1.tex,non stop regreession model greedy,False,24,31.14086127281189,248.0648551351429,25
45848_1.tex,non stop regreession model greedy,True,1,0.913475751876831,5.244121985519996,1
45877_3.tex,non stop regreession model greedy,True,28,32.63170003890991,197.94751126506395,28
46165_3.tex,non stop regreession model greedy,True,5,5.334238529205322,25.523813301650005,5
46195_2.tex,non stop regreession model greedy,True,24,30.99649930000305,188.1582995335249,24
46241_1.tex,non stop regreession model greedy,True,13,17.340166807174683,123.87591235000008,14
46284_1.tex,non stop regreession model greedy,True,11,11.843329906463625,76.48837755074993,11
46289_1.tex,non stop regreession model greedy,True,6,6.418803453445435,37.33062219000006,6
46294_1.tex,non stop regreession model greedy,True,2,2.1031150817871094,6.626212780000003,2
46317_1.tex,non stop regreession model greedy,True,13,14.592222690582275,66.54243827500007,13
46373_3.tex,non stop regreession model greedy,False,8,9.949409008026125,36.19130726600002,9
46381_1.tex,non stop regreession model greedy,True,35,41.84301543235779,386.8408859400499,35
46396_3.tex,non stop regreession model greedy,True,5,6.875234603881836,26.47214156000009,5
46409_3.tex,non stop regreession model greedy,True,8,8.933030843734741,29.0383583544,8
46411_1.tex,non stop regreession model greedy,True,20,23.83437728881836,158.2887974897497,20
46641_1.tex,non stop regreession model greedy,True,9,10.510826110839844,31.471256830400044,9
46650_2.tex,non stop regreession model greedy,True,19,29.56833791732788,145.22616870943506,19
46655_2.tex,non stop regreession model greedy,True,1,0.937744140625,0.0,1
46773_2.tex,non stop regreession model greedy,True,13,15.373345851898192,118.22114640000002,13
46822_2.tex,non stop regreession model greedy,True,6,6.521557331085205,27.46550098377603,6
46836_3.tex,non stop regreession model greedy,True,18,19.06995820999145,145.95101000035015,18
46846_2.tex,non stop regreession model greedy,True,5,5.4041242599487305,12.754521825599994,5
46874_1.tex,non stop regreession model greedy,True,13,14.217652559280396,123.35799200000037,13
46908_2.tex,non stop regreession model greedy,True,6,7.622237682342529,21.227818383999978,6
46918_1.tex,non stop regreession model greedy,True,1,0.8975386619567871,0.0,1
46929_3.tex,non stop regreession model greedy,True,17,20.419007778167725,77.8728858000001,17
46938_3.tex,non stop regreession model greedy,True,27,32.436304330825806,259.03748534775013,27
46976_1.tex,non stop regreession model greedy,True,8,8.760637283325195,30.11187955000016,8
47264_1.tex,non stop regreession model greedy,True,14,17.15461015701294,86.44446202825065,14
47279_2.tex,non stop regreession model greedy,True,20,27.044352054595947,110.62867480484294,20
47286_1.tex,non stop regreession model greedy,True,27,33.91201591491699,352.4243981042471,27
47433_3.tex,non stop regreession model greedy,True,12,13.20823073387146,105.12383816000008,12
47448_3.tex,non stop regreession model greedy,False,9,11.4757981300354,44.7020362162711,10
47468_1.tex,non stop regreession model greedy,True,25,30.077768802642822,176.90312256799996,25
47479_1.tex,non stop regreession model greedy,False,26,36.88089990615845,171.33007424000033,27
47499_1.tex,non stop regreession model greedy,True,1,1.6795878410339355,5.495136080000009,1
47622_3.tex,non stop regreession model greedy,True,3,4.2063188552856445,14.657874296318028,3
47685_2.tex,non stop regreession model greedy,True,16,21.864350080490112,114.85026829700004,16
47723_3.tex,non stop regreession model greedy,True,17,25.17708897590637,87.78900938443675,17
47831_1.tex,non stop regreession model greedy,True,14,19.83269095420837,53.718180587995775,14
47893_2.tex,non stop regreession model greedy,True,17,20.076040506362915,108.34109457625024,17
48051_3.tex,non stop regreession model greedy,True,30,36.34037733078003,213.55533402675007,30
48157_2.tex,non stop regreession model greedy,True,12,18.187989711761475,50.208637427399424,12
48256_2.tex,non stop regreession model greedy,True,12,14.438558578491213,42.3166405896001,12
48263_1.tex,non stop regreession model greedy,True,25,36.87943434715271,163.65174538447008,25
48291_1.tex,non stop regreession model greedy,True,6,6.4230780601501465,35.522718974999954,6
48317_2.tex,non stop regreession model greedy,True,19,24.209258794784542,185.5922484593007,19
48340_3.tex,non stop regreession model greedy,True,21,31.645182132720947,132.25359466899994,21
48354_1.tex,non stop regreession model greedy,True,16,21.26600170135498,113.13545316053712,16
48358_1.tex,non stop regreession model greedy,True,29,39.961719036102295,210.53306787822876,29
48393_3.tex,non stop regreession model greedy,True,22,29.63553810119629,134.8170558249998,23
89604_3.tex,non stop regreession model greedy,True,12,12.677001237869264,64.65911280519995,12
89626_1.tex,non stop regreession model greedy,True,42,48.25841522216797,300.16461365478506,42
89782_1.tex,non stop regreession model greedy,True,14,24.941607236862183,132.5758513400006,14
89855_1.tex,non stop regreession model greedy,True,37,50.692049503326416,260.7628182779351,37
89909_2.tex,non stop regreession model greedy,True,19,23.477474212646484,107.70882899339324,19
89976_2.tex,non stop regreession model greedy,False,7,9.64940333366394,38.72705234000006,8
89990_1.tex,non stop regreession model greedy,True,13,14.741178512573242,75.72719793000046,13
89996_3.tex,non stop regreession model greedy,True,18,21.882113695144653,145.203029525001,18
90061_1.tex,non stop regreession model greedy,True,40,48.15091252326965,282.81779508450006,48
90065_3.tex,non stop regreession model greedy,False,30,39.92066168785095,198.00444138525,31
90235_1.tex,non stop regreession model greedy,True,18,27.56069660186768,160.5932342085001,18
90342_3.tex,non stop regreession model greedy,True,14,19.45471692085266,62.69370238612101,14
90361_3.tex,non stop regreession model greedy,True,25,30.91385531425476,165.892824908192,25
90491_1.tex,non stop regreession model greedy,True,20,23.685466289520264,103.60928235500036,20
90495_1.tex,non stop regreession model greedy,True,27,36.54808616638184,145.74514412000062,27
90534_2.tex,non stop regreession model greedy,True,14,15.26561999320984,63.74381338000049,14
90612_1.tex,non stop regreession model greedy,False,13,17.23140263557434,70.91928734000007,14
90620_2.tex,non stop regreession model greedy,False,11,13.844122648239136,62.19811400000006,12
90681_3.tex,non stop regreession model greedy,False,29,35.61437392234802,155.15158434442924,30
90683_1.tex,non stop regreession model greedy,True,45,62.630810022354126,318.370971439314,45
90684_3.tex,non stop regreession model greedy,True,32,34.2222683429718,230.34440554739936,32
90687_2.tex,non stop regreession model greedy,True,26,32.316917181015015,157.5316862819999,26
90701_2.tex,non stop regreession model greedy,False,44,56.14355134963989,354.8928294736004,51
90711_1.tex,non stop regreession model greedy,False,9,12.669836044311523,29.224255942750016,10
90716_1.tex,non stop regreession model greedy,True,13,16.19854187965393,59.41438533450011,13
90847_2.tex,non stop regreession model greedy,True,8,9.292924880981444,64.79799188000003,8
90863_1.tex,non stop regreession model greedy,True,28,42.03634190559387,346.08230214625024,28
90881_3.tex,non stop regreession model greedy,False,5,12.058157444000244,26.56643711500005,6
90923_3.tex,non stop regreession model greedy,True,16,19.66701602935791,80.35481184356065,16
90959_3.tex,non stop regreession model greedy,True,21,27.87814354896545,298.53472423625004,21
90989_1.tex,non stop regreession model greedy,True,25,31.27996587753296,188.64937600299987,27
91023_2.tex,non stop regreession model greedy,True,23,35.3937406539917,153.3414344441822,23
91036_2.tex,non stop regreession model greedy,True,7,7.907393217086792,37.06651228999996,7
91157_1.tex,non stop regreession model greedy,True,23,24.317235946655277,186.8484359737504,23
91164_2.tex,non stop regreession model greedy,True,7,7.04939866065979,45.46815518000009,7
91167_1.tex,non stop regreession model greedy,False,12,14.72578477859497,76.17796753000003,13
91169_1.tex,non stop regreession model greedy,True,21,28.371026277542114,139.9068325400002,21
91181_1.tex,non stop regreession model greedy,True,14,15.767945051193236,87.88282160000017,14
91215_2.tex,non stop regreession model greedy,False,24,29.422505140304565,179.01870579275027,25
91220_2.tex,non stop regreession model greedy,True,18,19.992382764816284,103.94165617675016,18
91236_2.tex,non stop regreession model greedy,False,4,5.39860200881958,23.238221539350054,5
91432_2.tex,non stop regreession model greedy,True,12,14.884672403335571,75.14216950200104,12
91452_3.tex,non stop regreession model greedy,True,7,7.732734441757202,32.46815456903252,7
91487_2.tex,non stop regreession model greedy,True,14,17.44856548309326,120.76480400000004,14
91508_3.tex,non stop regreession model greedy,False,18,27.288270711898804,184.2646163237501,19
91523_1.tex,non stop regreession model greedy,True,18,22.25215220451355,145.34821383845525,18
91531_3.tex,non stop regreession model greedy,True,11,12.41563892364502,49.13653982095246,11
91551_1.tex,non stop regreession model greedy,True,10,11.846484661102297,35.49849513749996,10
91557_2.tex,non stop regreession model greedy,False,16,20.15106081962585,83.99180645105957,17
91557_3.tex,non stop regreession model greedy,True,16,18.74332571029663,111.59133914440002,16
91614_3.tex,non stop regreession model greedy,False,9,12.975011825561523,54.95814730000002,10
91654_3.tex,non stop regreession model greedy,True,31,39.94468069076538,290.0206386117503,31
91719_2.tex,non stop regreession model greedy,True,13,14.110052108764648,76.40403393000018,13
91733_3.tex,non stop regreession model greedy,True,13,16.409927129745483,58.51540787999997,13
91740_2.tex,non stop regreession model greedy,True,14,16.78074288368225,60.60687936341396,14
91797_2.tex,non stop regreession model greedy,True,50,73.42104291915894,407.63897636300055,50
91799_2.tex,non stop regreession model greedy,True,24,28.178831577301025,110.87365753200008,24
91835_1.tex,non stop regreession model greedy,True,11,13.469857931137083,54.36322515000056,11
91897_3.tex,non stop regreession model greedy,True,22,29.22350764274597,120.17441132078706,22
91971_1.tex,non stop regreession model greedy,True,19,27.25850486755371,116.72613132774396,19
91978_3.tex,non stop regreession model greedy,True,6,8.646716356277466,19.605816629999985,6
92042_2.tex,non stop regreession model greedy,True,14,17.808419704437256,71.53795229000032,14
92159_2.tex,non stop regreession model greedy,True,22,25.336015939712524,151.84593475000048,22
92171_1.tex,non stop regreession model greedy,True,16,18.60580062866211,101.59589137674978,16
92218_1.tex,non stop regreession model greedy,True,21,27.79120087623596,122.5937044040003,21
92223_2.tex,non stop regreession model greedy,True,37,52.78133797645569,297.55192534075013,37
92238_1.tex,non stop regreession model greedy,True,14,17.47368884086609,85.85231490000012,14
92242_2.tex,non stop regreession model greedy,True,17,28.188825368881226,112.44781119999992,17
92436_3.tex,non stop regreession model greedy,True,4,4.381887912750244,23.174020529999964,4
92583_3.tex,non stop regreession model greedy,True,13,15.152479410171509,83.95224218000051,13
92638_2.tex,non stop regreession model greedy,True,16,20.0877366065979,75.7398047334681,16
92772_3.tex,non stop regreession model greedy,True,9,12.082373857498167,64.43872129000009,9
92773_2.tex,non stop regreession model greedy,True,10,9.531157970428469,68.2587739549998,10
92831_1.tex,non stop regreession model greedy,True,14,17.360793590545654,78.25705092500007,14
93054_3.tex,non stop regreession model greedy,True,11,14.846871614456177,66.56477689000049,11
93057_3.tex,non stop regreession model greedy,True,10,13.583499431610107,46.91992315400061,10
93063_3.tex,non stop regreession model greedy,False,9,12.66986083984375,34.5187953547525,10
93095_3.tex,non stop regreession model greedy,True,14,19.59912896156311,71.34794910071423,14
93126_2.tex,non stop regreession model greedy,True,13,14.875588178634644,61.62417068000024,13
93167_1.tex,non stop regreession model greedy,True,12,17.94895887374878,59.83081009500016,12
93177_3.tex,non stop regreession model greedy,False,31,44.222989559173584,424.8269081503501,32
93223_1.tex,non stop regreession model greedy,True,18,27.751139879226685,119.9242922237498,18
93223_3.tex,non stop regreession model greedy,True,14,27.188771724700928,86.19576858999983,14
93285_1.tex,non stop regreession model greedy,True,15,20.384464263916016,66.76089787881388,15
93304_2.tex,non stop regreession model greedy,True,36,53.92262673377991,317.67948072822014,36
93370_1.tex,non stop regreession model greedy,True,6,8.445640087127686,27.32255580500008,6
93388_3.tex,non stop regreession model greedy,False,10,12.832533359527588,46.70719124299994,11
93392_2.tex,non stop regreession model greedy,False,20,37.59555721282959,118.44050411047094,21
93409_1.tex,non stop regreession model greedy,False,22,30.37662434577942,108.98275143400006,23
93502_3.tex,non stop regreession model greedy,True,14,18.560400009155277,86.70671917307575,14
93557_1.tex,non stop regreession model greedy,True,14,18.514856338500977,69.30726940000088,15
93585_2.tex,non stop regreession model greedy,True,7,8.263435125350952,23.474671060999963,7
93604_1.tex,non stop regreession model greedy,True,17,26.20313096046448,102.89166535890296,17
93646_3.tex,non stop regreession model greedy,True,10,12.543634176254272,99.56063574999992,10
93679_2.tex,non stop regreession model greedy,True,23,33.67568230628967,156.0700506059999,23
93710_1.tex,non stop regreession model greedy,True,10,17.854641675949097,35.456373335500025,10
93862_2.tex,non stop regreession model greedy,False,10,15.207355499267578,39.40225502499986,11
93880_1.tex,non stop regreession model greedy,True,15,18.90650415420532,76.09480565500023,15
48400_2.tex,non stop regreession model greedy,True,26,31.204577207565308,336.51838931250023,26
48414_3.tex,non stop regreession model greedy,True,14,14.453545808792114,68.85064587500014,14
48424_1.tex,non stop regreession model greedy,False,16,19.660094261169437,79.76376420210106,17
48433_3.tex,non stop regreession model greedy,True,9,9.495275259017944,47.4281047094962,9
48452_3.tex,non stop regreession model greedy,False,13,17.764180898666382,58.45776131000021,14
48496_1.tex,non stop regreession model greedy,False,17,21.376546621322632,163.41606592500017,18
48510_3.tex,non stop regreession model greedy,True,13,13.660301446914673,83.60069766000002,13
48511_3.tex,non stop regreession model greedy,True,17,22.191584825515747,115.7572504500003,17
48525_2.tex,non stop regreession model greedy,True,16,20.98111629486084,71.146779255,16
48550_3.tex,non stop regreession model greedy,True,18,21.79946494102478,96.20715462200006,18
48580_2.tex,non stop regreession model greedy,True,43,58.021984338760376,441.6454263901992,43
48588_3.tex,non stop regreession model greedy,True,12,14.532091617584229,56.86894686075008,12
48596_3.tex,non stop regreession model greedy,True,33,44.21712589263916,259.5454808277501,33
48778_1.tex,non stop regreession model greedy,True,11,13.07393765449524,58.13185991900016,11
48804_3.tex,non stop regreession model greedy,True,4,3.96066689491272,15.107274885600036,4
48814_3.tex,non stop regreession model greedy,False,12,16.063825845718384,80.99330044925759,13
48919_2.tex,non stop regreession model greedy,True,29,36.88882994651794,190.15580840151995,29
48964_3.tex,non stop regreession model greedy,True,8,8.256628274917603,44.432203847449486,8
49023_2.tex,non stop regreession model greedy,True,24,34.21269774436951,167.943311860707,24
49031_3.tex,non stop regreession model greedy,True,35,41.526288986206055,307.565563821,35
49067_2.tex,non stop regreession model greedy,False,19,26.481912851333615,138.31548008000016,20
49095_1.tex,non stop regreession model greedy,False,20,24.72753143310547,107.22079247900004,23
49104_3.tex,non stop regreession model greedy,False,16,16.365113735198975,98.21874632292317,17
49105_1.tex,non stop regreession model greedy,True,13,12.916452407836914,69.77488768399985,13
49334_1.tex,non stop regreession model greedy,True,15,16.940462827682495,113.33740173480426,15
49391_3.tex,non stop regreession model greedy,True,12,12.74372673034668,82.87901668500021,12
49481_2.tex,non stop regreession model greedy,False,8,12.248208284378052,39.554659575,9
49531_3.tex,non stop regreession model greedy,True,25,32.1912887096405,137.98030829707568,25
49569_2.tex,non stop regreession model greedy,False,32,41.79986906051636,204.27194254917532,33
49624_2.tex,non stop regreession model greedy,True,16,18.609354972839355,79.22626785700018,16
49663_2.tex,non stop regreession model greedy,True,6,6.310417652130127,29.424250915000123,6
49823_2.tex,non stop regreession model greedy,False,15,21.16773557662964,138.47287493125012,16
49843_3.tex,non stop regreession model greedy,True,17,20.21625280380249,96.60887682807504,17
49882_1.tex,non stop regreession model greedy,True,14,18.8814377784729,77.63759099741975,14
49887_2.tex,non stop regreession model greedy,True,29,37.8871910572052,225.7492489334201,29
49965_3.tex,non stop regreession model greedy,True,18,22.125664234161377,87.2452290550004,18
50056_3.tex,non stop regreession model greedy,True,21,26.07593846321106,138.73997238725008,21
50153_2.tex,non stop regreession model greedy,True,1,0.8610689640045166,0.0,1
50154_1.tex,non stop regreession model greedy,False,12,16.809557676315308,70.5592021699999,13
50157_1.tex,non stop regreession model greedy,True,21,25.35614490509033,138.85866191970686,21
50167_2.tex,non stop regreession model greedy,False,22,26.227588891983032,115.27825026700008,23
50219_3.tex,non stop regreession model greedy,True,27,29.537224531173703,140.67982541223347,27
50424_2.tex,non stop regreession model greedy,True,2,1.9779531955718996,7.8026504562500065,2
50504_1.tex,non stop regreession model greedy,True,18,24.6504979133606,122.07229385099996,18
50555_2.tex,non stop regreession model greedy,True,4,4.230100393295288,19.180748206250087,4
50647_2.tex,non stop regreession model greedy,False,25,32.54894185066223,157.66742141166725,26
50663_3.tex,non stop regreession model greedy,False,17,20.61629748344421,190.1973138300002,18
50667_2.tex,non stop regreession model greedy,False,13,17.08681082725525,94.77205483,14
50675_3.tex,non stop regreession model greedy,True,15,22.35086750984192,100.1008543999999,15
50692_2.tex,non stop regreession model greedy,False,17,23.421427488327023,99.92793682575,18
50698_1.tex,non stop regreession model greedy,True,23,26.064530611038208,207.4998171375998,23
50702_1.tex,non stop regreession model greedy,False,13,14.11744737625122,62.135397421,14
50702_2.tex,non stop regreession model greedy,False,15,16.97605586051941,92.60092376999796,16
50735_2.tex,non stop regreession model greedy,True,8,9.402070045471191,37.67186924783751,8
50735_3.tex,non stop regreession model greedy,True,4,4.398141145706177,17.512297235000034,4
50741_1.tex,non stop regreession model greedy,False,27,31.744422435760494,185.0678331137504,28
50753_3.tex,non stop regreession model greedy,False,35,42.357919454574585,217.6377747070001,100
50933_3.tex,non stop regreession model greedy,True,20,24.96888494491577,129.07994091112576,20
50969_2.tex,non stop regreession model greedy,True,9,10.361210346221924,42.43888510520005,9
51034_2.tex,non stop regreession model greedy,True,28,39.6107439994812,172.79126742877494,28
51063_2.tex,non stop regreession model greedy,False,42,56.16012406349182,2181.5916975405016,42
51083_1.tex,non stop regreession model greedy,True,26,31.080872058868408,130.92916543737303,26
51156_1.tex,non stop regreession model greedy,True,6,5.6350507736206055,19.977340149000067,6
51173_3.tex,non stop regreession model greedy,True,9,9.408945560455322,38.602405126000015,9
51252_2.tex,non stop regreession model greedy,False,26,32.335962772369385,166.34521950826456,27
51287_2.tex,non stop regreession model greedy,True,35,38.010178089141846,237.44210377719992,35
51287_3.tex,non stop regreession model greedy,False,41,50.50415396690369,293.5349154726758,42
51550_3.tex,non stop regreession model greedy,True,17,20.347309112548828,130.67760822499986,17
51647_1.tex,non stop regreession model greedy,True,19,20.08606767654419,142.78750164000024,19
51686_3.tex,non stop regreession model greedy,True,36,41.78739762306213,386.78210420049976,36
51772_3.tex,non stop regreession model greedy,True,5,5.055215835571289,14.205360159999936,5
51821_3.tex,non stop regreession model greedy,False,22,27.909481287002563,120.07776449799972,23
51828_3.tex,non stop regreession model greedy,True,9,11.067352294921877,39.07544598775007,9
52051_2.tex,non stop regreession model greedy,True,6,6.907464027404785,30.02581080000064,6
52109_1.tex,non stop regreession model greedy,True,21,23.566068172454838,191.38645211274996,21
52207_2.tex,non stop regreession model greedy,False,9,11.12830400466919,59.235958595000106,10
52213_2.tex,non stop regreession model greedy,False,11,12.423705339431764,61.14401858461368,12
52248_1.tex,non stop regreession model greedy,False,16,17.994856595993042,91.5468357666716,17
52263_3.tex,non stop regreession model greedy,True,25,26.89295864105225,148.73518305224616,25
52271_2.tex,non stop regreession model greedy,True,8,10.01837944984436,43.30057290200028,8
52278_1.tex,non stop regreession model greedy,True,18,20.04717779159546,234.91701511874996,18
52297_1.tex,non stop regreession model greedy,True,11,12.19603395462036,63.7071132300001,11
52298_1.tex,non stop regreession model greedy,True,7,6.805926561355591,49.09494412374998,7
52310_2.tex,non stop regreession model greedy,True,13,13.352769613265991,115.52514623436656,13
52349_3.tex,non stop regreession model greedy,True,15,15.311256170272827,80.15686801754579,15
52363_2.tex,non stop regreession model greedy,True,38,51.39340615272522,271.5516952870004,38
52368_1.tex,non stop regreession model greedy,True,33,35.74700236320496,324.5995223445,52
52551_2.tex,non stop regreession model greedy,True,15,17.333314895629883,84.60202911646824,15
52664_2.tex,non stop regreession model greedy,True,25,33.789910554885864,161.15952554879888,25
52669_3.tex,non stop regreession model greedy,False,9,10.238090991973875,40.80814028896252,10
52691_2.tex,non stop regreession model greedy,True,33,44.25896430015564,316.6075468090902,33
52746_1.tex,non stop regreession model greedy,True,24,29.159789562225345,311.1248449612895,24
52757_1.tex,non stop regreession model greedy,True,8,8.54184627532959,43.28969618279998,8
52757_2.tex,non stop regreession model greedy,True,15,16.567013263702393,108.25109643799996,15
52830_1.tex,non stop regreession model greedy,True,13,13.103199481964111,96.63661825375034,13
52832_1.tex,non stop regreession model greedy,True,1,0.8529374599456787,3.568586780000075,1
52860_1.tex,non stop regreession model greedy,False,15,20.044349908828732,114.11500212999998,16
52909_1.tex,non stop regreession model greedy,True,3,4.716436386108398,8.622444382499992,3
52991_2.tex,non stop regreession model greedy,True,22,30.99419593811035,107.95145217462964,22
93901_2.tex,non stop regreession model greedy,True,27,32.711987257003784,197.70532266899997,27
93940_2.tex,non stop regreession model greedy,True,37,50.1275897026062,317.79145997325026,37
94148_1.tex,non stop regreession model greedy,False,14,18.60807704925537,84.97006975412542,15
94256_1.tex,non stop regreession model greedy,True,9,13.8717942237854,44.529563602500005,9
94283_1.tex,non stop regreession model greedy,True,1,0.8881516456604004,3.1544742800000023,1
94308_3.tex,non stop regreession model greedy,False,20,23.555458307266235,217.1535537487502,21
94330_1.tex,non stop regreession model greedy,True,17,22.680397510528564,134.36107146824992,17
94349_3.tex,non stop regreession model greedy,True,12,13.583982944488524,66.71600633500003,12
94381_1.tex,non stop regreession model greedy,True,37,47.81077241897583,270.09972055601907,37
94438_2.tex,non stop regreession model greedy,True,24,31.051109790802,203.3569846452498,24
94441_1.tex,non stop regreession model greedy,True,15,15.191172122955322,84.0324704652505,15
94469_3.tex,non stop regreession model greedy,True,39,58.88919949531555,342.77774964225006,39
94475_3.tex,non stop regreession model greedy,True,35,43.18495202064514,287.8094922222523,35
94687_3.tex,non stop regreession model greedy,False,8,15.591193675994871,38.68979268103803,9
94688_1.tex,non stop regreession model greedy,True,17,28.785151720047,173.23462875760478,17
94736_2.tex,non stop regreession model greedy,True,11,13.181516408920288,92.56920295499997,11
94765_3.tex,non stop regreession model greedy,True,23,37.426401138305664,205.971639563,23
94807_1.tex,non stop regreession model greedy,True,5,5.776099920272827,11.60091252014996,5
94914_2.tex,non stop regreession model greedy,True,24,29.906036615371704,133.74110963899986,24
94924_2.tex,non stop regreession model greedy,True,50,66.8659770488739,467.4697873467204,50
94952_3.tex,non stop regreession model greedy,True,18,24.01555895805359,186.01839408999976,18
94970_3.tex,non stop regreession model greedy,True,19,28.54385089874268,143.97150445634247,19
94983_3.tex,non stop regreession model greedy,True,17,24.235926151275635,95.3785667730001,17
95002_3.tex,non stop regreession model greedy,True,23,32.05444407463074,156.24502191445004,23
95023_2.tex,non stop regreession model greedy,False,29,41.86547493934631,163.26098401247503,30
95025_1.tex,non stop regreession model greedy,True,43,51.72183609008789,291.3463292463007,63
95037_3.tex,non stop regreession model greedy,True,42,54.65364480018616,354.6755567037091,42
95103_3.tex,non stop regreession model greedy,True,20,24.639936923980716,116.93828395850043,20
95195_2.tex,non stop regreession model greedy,True,27,36.69650602340698,240.28242914802627,27
95209_2.tex,non stop regreession model greedy,True,11,15.848175048828123,56.37975249800038,11
95214_3.tex,non stop regreession model greedy,True,13,14.38398504257202,53.29115578874402,13
95253_1.tex,non stop regreession model greedy,True,21,27.57220196723938,123.59145840754664,21
95290_3.tex,non stop regreession model greedy,True,20,26.456398963928223,137.6437981000002,20
95297_2.tex,non stop regreession model greedy,True,14,16.205999851226807,91.8513359902001,14
95342_3.tex,non stop regreession model greedy,True,16,23.05343747138977,68.93322338280001,16
95369_1.tex,non stop regreession model greedy,True,4,4.010029077529907,6.415196739999999,4
95445_1.tex,non stop regreession model greedy,True,22,26.244658946990967,99.64180555755004,22
95464_2.tex,non stop regreession model greedy,False,33,39.96107196807861,210.40358491750035,34
95500_2.tex,non stop regreession model greedy,True,16,16.533107042312622,93.66361550000045,16
95511_2.tex,non stop regreession model greedy,True,2,1.9374668598175049,2.5319130400000063,2
95573_3.tex,non stop regreession model greedy,False,34,43.886842250823975,184.6975086122,35
95671_2.tex,non stop regreession model greedy,True,19,23.839877128601078,94.76631693945949,19
95721_3.tex,non stop regreession model greedy,True,12,14.123205661773682,107.95813791499997,12
95749_3.tex,non stop regreession model greedy,True,13,14.429469108581545,81.36199832300053,13
95779_2.tex,non stop regreession model greedy,True,21,29.55550098419189,130.24352770825203,21
95842_1.tex,non stop regreession model greedy,True,12,15.050989151000977,95.82562894421308,12
95864_3.tex,non stop regreession model greedy,True,12,13.553504705429075,74.20321354139493,12
95880_3.tex,non stop regreession model greedy,False,12,17.122369050979614,59.827211186564,13
95980_2.tex,non stop regreession model greedy,True,16,18.141176223754883,80.69870244149992,16
95982_3.tex,non stop regreession model greedy,True,16,21.32457447052002,103.3558819756,16
96002_1.tex,non stop regreession model greedy,False,29,35.736032247543335,213.02380273800023,30
96030_2.tex,non stop regreession model greedy,True,14,15.729387283325195,98.85506775500065,14
96036_1.tex,non stop regreession model greedy,False,14,17.898651361465454,85.72562120500034,15
96067_1.tex,non stop regreession model greedy,True,38,48.700119495391846,381.0544233730008,42
96070_2.tex,non stop regreession model greedy,True,26,37.2963707447052,175.02301828200015,26
96072_3.tex,non stop regreession model greedy,True,10,10.183387994766235,55.785774772750166,10
96260_3.tex,non stop regreession model greedy,True,11,14.825443267822266,63.25276525500056,14
96320_2.tex,non stop regreession model greedy,True,24,37.4711217880249,165.13136259043185,24
96331_2.tex,non stop regreession model greedy,True,23,31.498901844024655,124.5779637064144,23
96364_3.tex,non stop regreession model greedy,True,7,8.062906980514526,36.401567615,7
96418_3.tex,non stop regreession model greedy,True,15,16.934139728546143,80.44313993619997,15
96452_3.tex,non stop regreession model greedy,True,17,19.425020456314087,209.12050461874983,17
96462_2.tex,non stop regreession model greedy,True,7,7.279931306838989,28.64698916500032,7
96475_3.tex,non stop regreession model greedy,True,19,20.44442653656006,111.89354674000076,19
96491_2.tex,non stop regreession model greedy,True,21,27.824795961380005,108.22857446924984,21
96504_3.tex,non stop regreession model greedy,True,20,22.879523277282715,93.62331095065048,20
96510_1.tex,non stop regreession model greedy,True,30,33.14987516403198,258.2801360107502,30
96547_2.tex,non stop regreession model greedy,False,52,66.88718223571777,513.6036971980963,53
96599_1.tex,non stop regreession model greedy,True,12,13.257500171661375,56.43624071900008,12
96654_1.tex,non stop regreession model greedy,True,46,58.95706224441528,287.1619258842504,66
96693_3.tex,non stop regreession model greedy,True,24,29.492755889892575,217.2219152387504,24
96860_1.tex,non stop regreession model greedy,True,19,22.18912172317505,90.68403654349989,19
96865_2.tex,non stop regreession model greedy,True,4,4.284886598587036,12.161213744400015,4
96900_2.tex,non stop regreession model greedy,True,9,9.911696910858154,53.26937593999998,9
96914_3.tex,non stop regreession model greedy,True,14,21.079565048217773,88.24432035484998,14
96928_2.tex,non stop regreession model greedy,True,19,24.56969141960144,121.818619867105,19
96983_1.tex,non stop regreession model greedy,True,13,18.767516374588013,47.736541089500136,13
97045_2.tex,non stop regreession model greedy,True,20,22.078337907791138,103.09533335800003,20
97089_2.tex,non stop regreession model greedy,False,65,94.58497834205627,673.7199023904404,66
97109_1.tex,non stop regreession model greedy,True,27,38.28986310958862,190.4081578650003,27
97124_2.tex,non stop regreession model greedy,True,8,8.250579595565796,35.13896094000002,8
97155_3.tex,non stop regreession model greedy,True,32,36.35865235328674,183.85703328120027,32
97414_2.tex,non stop regreession model greedy,True,19,25.21546149253845,169.13695678866463,19
97515_2.tex,non stop regreession model greedy,True,26,34.30850124359131,194.3742634147003,26
97559_1.tex,non stop regreession model greedy,True,1,0.9252433776855468,8.47,1
97575_1.tex,non stop regreession model greedy,True,15,16.622461557388306,110.02409243852836,15
97598_2.tex,non stop regreession model greedy,False,7,8.849933624267578,30.098513551199986,8
97608_2.tex,non stop regreession model greedy,False,7,8.716343879699707,30.880019191493638,8
97671_3.tex,non stop regreession model greedy,False,10,11.969009399414062,44.81065256799985,11
97683_2.tex,non stop regreession model greedy,False,20,26.93807888031006,153.66898224300013,21
97689_2.tex,non stop regreession model greedy,True,1,0.9620647430419922,7.434213560000018,1
97694_3.tex,non stop regreession model greedy,True,21,24.556496620178223,158.5804545335003,21
97708_2.tex,non stop regreession model greedy,True,12,13.589860916137695,77.37114784500014,12
97810_1.tex,non stop regreession model greedy,True,14,20.08501672744751,74.08804237070908,14
97831_3.tex,non stop regreession model greedy,True,19,33.87044596672058,150.67346090405096,19
97837_2.tex,non stop regreession model greedy,False,14,17.852466821670532,65.600168575027,15
97880_1.tex,non stop regreession model greedy,True,11,13.2481107711792,71.76355435000039,13
100080_3.tex,non stop regreession model greedy,True,1,1.445540428161621,0.0,1
100123_3.tex,non stop regreession model greedy,True,13,24.317177534103397,156.67769015000002,13
100144_2.tex,non stop regreession model greedy,False,5,11.483638763427734,11.43818937500012,6
100195_1.tex,non stop regreession model greedy,True,5,9.44351840019226,12.73796272299998,5
100215_3.tex,non stop regreession model greedy,True,17,34.49724102020264,106.60833236300029,17
100216_3.tex,non stop regreession model greedy,True,13,25.24000716209412,52.6572468280002,13
100290_3.tex,non stop regreession model greedy,True,26,51.16596674919128,191.05639999232116,26
100354_3.tex,non stop regreession model greedy,True,17,30.55471897125244,94.54992638000031,17
100403_3.tex,non stop regreession model greedy,False,43,87.02266907691956,309.6333724020003,44
100422_1.tex,non stop regreession model greedy,False,19,37.97970032691956,81.6397718185001,20
100433_1.tex,non stop regreession model greedy,True,27,51.47039580345154,146.3996314691002,27
100434_1.tex,non stop regreession model greedy,True,41,81.35513639450073,263.1293181090906,74
100612_1.tex,non stop regreession model greedy,True,21,44.522263288497925,131.66252428565878,25
100727_2.tex,non stop regreession model greedy,True,12,22.358433485031128,65.16570168600049,12
100847_3.tex,non stop regreession model greedy,True,23,46.3153350353241,126.05260688541404,23
100942_3.tex,non stop regreession model greedy,False,35,67.99376273155212,247.4805953207,36
100949_2.tex,non stop regreession model greedy,True,35,69.55643892288208,343.35325083802167,35
100957_2.tex,non stop regreession model greedy,False,5,10.99228286743164,22.87986575499999,6
101141_2.tex,non stop regreession model greedy,True,20,43.64147567749024,184.4606310770004,20
101157_3.tex,non stop regreession model greedy,True,19,40.68659710884094,109.39710376081412,19
101271_3.tex,non stop regreession model greedy,True,24,48.57249355316162,146.77722989099965,24
101316_1.tex,non stop regreession model greedy,True,14,25.7041130065918,125.96738103000084,14
101386_2.tex,non stop regreession model greedy,True,12,23.3225576877594,67.84853901599982,12
101472_3.tex,non stop regreession model greedy,False,19,36.21720123291016,110.08255547477492,20
101504_2.tex,non stop regreession model greedy,False,23,44.13457250595093,129.26295212769998,24
101565_1.tex,non stop regreession model greedy,True,9,19.66864275932312,42.49543073667097,9
101648_3.tex,non stop regreession model greedy,True,9,18.76655340194702,49.84165647499996,10
101649_1.tex,non stop regreession model greedy,True,4,7.298039197921753,20.683185285000175,4
101654_1.tex,non stop regreession model greedy,True,15,30.18722629547119,119.18088340000064,15
101662_1.tex,non stop regreession model greedy,True,17,33.19905710220337,115.19065769250032,17
101710_1.tex,non stop regreession model greedy,True,21,46.36153435707092,115.25768605670535,21
101710_2.tex,non stop regreession model greedy,True,20,43.96942615509033,127.42254955517004,20
53167_3.tex,non stop regreession model greedy,True,7,12.795180320739746,36.05876350000047,7
53177_3.tex,non stop regreession model greedy,False,10,22.23937177658081,36.04551112127102,11
53214_3.tex,non stop regreession model greedy,True,18,35.734416484832764,98.97642265725068,18
53306_2.tex,non stop regreession model greedy,True,16,29.5576446056366,98.8702018130001,16
53321_1.tex,non stop regreession model greedy,True,23,44.1580548286438,144.3071529595996,23
53329_2.tex,non stop regreession model greedy,True,17,30.94003534317017,92.68232187574992,17
53336_1.tex,non stop regreession model greedy,True,16,31.186489820480347,116.03735671999996,16
53353_3.tex,non stop regreession model greedy,True,24,38.91015720367432,323.0891823999999,24
53407_2.tex,non stop regreession model greedy,False,20,38.989739179611206,130.22039996000004,21
53434_1.tex,non stop regreession model greedy,True,37,68.70032501220703,409.5946930039997,37
53446_1.tex,non stop regreession model greedy,False,21,42.71886777877808,142.73170903999997,22
53451_1.tex,non stop regreession model greedy,True,31,59.982316732406616,203.51069042060016,108
53665_2.tex,non stop regreession model greedy,False,25,50.68923687934876,192.77754799201057,26
53669_1.tex,non stop regreession model greedy,True,26,54.39503479003906,156.69105156859516,26
53780_2.tex,non stop regreession model greedy,True,15,30.88940167427063,86.64265315025028,15
53833_2.tex,non stop regreession model greedy,False,10,19.8091402053833,48.71044641664501,11
53882_2.tex,non stop regreession model greedy,False,13,26.894744157791138,65.3817127730004,14
53886_2.tex,non stop regreession model greedy,True,6,11.408078908920288,37.607069957750085,6
53934_3.tex,non stop regreession model greedy,False,6,13.56883978843689,34.229227773250074,7
53971_2.tex,non stop regreession model greedy,True,28,52.12645626068115,199.707676270145,28
54203_1.tex,non stop regreession model greedy,True,14,29.96779179573059,82.13015834529638,14
54214_2.tex,non stop regreession model greedy,True,16,34.56945586204529,70.34267682237464,16
54284_1.tex,non stop regreession model greedy,True,14,29.133081912994385,93.28106929867027,14
54341_1.tex,non stop regreession model greedy,True,8,14.490625143051147,55.81481418999992,8
54343_1.tex,non stop regreession model greedy,True,17,31.407204151153564,159.94535270500018,17
54355_1.tex,non stop regreession model greedy,True,1,1.590115308761597,5.935054280000003,1
54378_2.tex,non stop regreession model greedy,True,17,34.537946939468384,157.42167635700008,17
54390_2.tex,non stop regreession model greedy,True,8,14.407179355621338,39.52809862800004,8
54395_1.tex,non stop regreession model greedy,True,9,16.384448051452637,40.324514150000375,9
54444_1.tex,non stop regreession model greedy,True,18,31.010738849639893,159.02000023000005,18
54454_2.tex,non stop regreession model greedy,True,12,21.34277319908142,76.2038823500001,12
54464_3.tex,non stop regreession model greedy,True,12,21.429939031600952,72.08895310000051,12
54512_3.tex,non stop regreession model greedy,False,24,45.7206711769104,125.34179299055263,25
54735_1.tex,non stop regreession model greedy,True,11,22.638344526290894,49.719643663643,11
54785_3.tex,non stop regreession model greedy,True,21,41.31623125076294,103.65684273000043,21
54838_3.tex,non stop regreession model greedy,True,19,40.08989691734314,79.73793594042753,19
54862_3.tex,non stop regreession model greedy,True,11,20.59587574005127,45.963985345964296,11
54894_3.tex,non stop regreession model greedy,False,17,33.15506863594055,108.10347190374983,18
54921_2.tex,non stop regreession model greedy,True,20,40.23688197135925,95.86049509641428,20
54941_2.tex,non stop regreession model greedy,True,25,48.94189715385437,123.43742062219516,25
54944_3.tex,non stop regreession model greedy,True,17,32.12172293663025,78.24192600799998,17
54949_3.tex,non stop regreession model greedy,True,16,29.72791957855225,79.27931851800021,16
54953_1.tex,non stop regreession model greedy,True,19,36.76657295227051,123.3706977370001,19
54977_2.tex,non stop regreession model greedy,True,12,21.34121584892273,51.74002029000016,12
54986_2.tex,non stop regreession model greedy,True,7,12.268014192581177,28.225155150000106,7
55017_2.tex,non stop regreession model greedy,True,16,31.10639214515686,75.21076493400018,16
55023_3.tex,non stop regreession model greedy,False,19,38.82390999794006,108.14824576700022,20
55294_2.tex,non stop regreession model greedy,True,26,57.31277680397034,124.7589930387588,26
55363_1.tex,non stop regreession model greedy,False,9,20.973910331726078,45.57288001269265,10
55403_1.tex,non stop regreession model greedy,True,19,37.14605593681336,104.95157000399988,19
55438_2.tex,non stop regreession model greedy,True,8,14.572797536849976,69.71743390375057,8
55439_2.tex,non stop regreession model greedy,True,14,27.507015705108643,70.9608992550003,14
55455_3.tex,non stop regreession model greedy,True,18,35.22148871421814,150.75104483699982,18
55470_1.tex,non stop regreession model greedy,True,29,55.18929624557495,331.54911071300006,29
55828_2.tex,non stop regreession model greedy,True,15,30.312647342681885,74.29482042724989,15
55988_3.tex,non stop regreession model greedy,False,12,26.498119115829468,61.922941168121085,13
56033_3.tex,non stop regreession model greedy,True,19,35.78243350982666,91.65157092200003,19
56083_2.tex,non stop regreession model greedy,True,14,25.22473955154419,76.64969357500011,14
56261_3.tex,non stop regreession model greedy,False,22,50.8343186378479,135.6132983629219,23
56349_3.tex,non stop regreession model greedy,True,14,30.319997787475582,82.96940345026705,14
56355_1.tex,non stop regreession model greedy,False,19,43.652130126953125,109.789739528541,20
56448_3.tex,non stop regreession model greedy,True,7,12.37060832977295,20.163208630350013,7
56565_1.tex,non stop regreession model greedy,True,30,59.4284815788269,258.1159793549998,30
56569_1.tex,non stop regreession model greedy,True,15,28.86264419555664,67.69634736550026,19
56573_2.tex,non stop regreession model greedy,True,24,50.593055725097656,141.93091374815052,24
56618_2.tex,non stop regreession model greedy,True,36,71.9671995639801,382.6172563562507,36
56628_1.tex,non stop regreession model greedy,False,6,12.41727375984192,22.33718267500004,7
56645_1.tex,non stop regreession model greedy,False,33,64.58985757827759,211.4256805929998,34
56648_3.tex,non stop regreession model greedy,True,9,17.46466326713562,40.786786036414256,9
56663_2.tex,non stop regreession model greedy,True,47,90.00260281562805,447.7652695612505,47
56873_2.tex,non stop regreession model greedy,False,16,34.96208834648132,132.10968294781193,17
56907_2.tex,non stop regreession model greedy,False,11,24.97066068649292,67.70300958782796,12
57083_2.tex,non stop regreession model greedy,True,7,12.59140419960022,35.31534314400005,7
57089_2.tex,non stop regreession model greedy,True,19,36.66857051849365,96.994302065,19
57094_2.tex,non stop regreession model greedy,True,17,31.595033168792725,104.10233828380017,17
57140_2.tex,non stop regreession model greedy,True,9,16.3698890209198,87.51034905499998,9
57145_2.tex,non stop regreession model greedy,False,24,43.18916058540344,236.66036337375013,25
57174_2.tex,non stop regreession model greedy,True,19,36.45420670509338,101.28834290325022,19
57182_3.tex,non stop regreession model greedy,False,16,30.641156435012817,98.60750549300045,17
57218_3.tex,non stop regreession model greedy,True,11,20.36530494689941,64.55545193935009,11
57335_2.tex,non stop regreession model greedy,True,14,30.940903425216675,96.39624098667151,14
57433_3.tex,non stop regreession model greedy,True,9,16.855831146240234,30.06964136749994,9
57442_2.tex,non stop regreession model greedy,True,12,25.30781435966492,52.85411740514844,12
57503_3.tex,non stop regreession model greedy,True,14,29.413854837417603,70.84894135699996,14
57570_1.tex,non stop regreession model greedy,True,12,22.3967227935791,212.6327653775,12
57589_1.tex,non stop regreession model greedy,True,25,46.31972670555115,260.3636826337503,25
57601_2.tex,non stop regreession model greedy,True,2,3.185516834259033,5.094619667249987,2
57611_3.tex,non stop regreession model greedy,True,24,45.08835697174072,164.24519801799994,24
57641_3.tex,non stop regreession model greedy,False,10,22.928311109542847,55.28754019600007,11
57646_2.tex,non stop regreession model greedy,False,15,34.59538054466248,119.1678267531337,16
57687_1.tex,non stop regreession model greedy,True,14,24.85951066017151,82.56852901499992,14
57715_2.tex,non stop regreession model greedy,True,19,34.19942665100098,161.2568976177501,19
58057_3.tex,non stop regreession model greedy,False,36,71.05321836471558,385.6434325090008,37
58059_2.tex,non stop regreession model greedy,True,23,45.0433783531189,118.87694409800028,23
58061_3.tex,non stop regreession model greedy,True,39,76.83109760284424,499.97788541175066,39
58062_1.tex,non stop regreession model greedy,True,16,30.66832447052002,75.20302910724827,16
58098_2.tex,non stop regreession model greedy,False,20,42.01654219627381,95.77263881899988,21
58114_1.tex,non stop regreession model greedy,True,15,30.088725805282596,67.19057712499986,15
58117_2.tex,non stop regreession model greedy,False,13,26.21030306816101,77.05664326500005,22
97895_3.tex,non stop regreession model greedy,True,18,40.16826677322388,150.21583382999984,18
97951_1.tex,non stop regreession model greedy,True,12,25.299591779708862,64.44619521455053,17
97998_1.tex,non stop regreession model greedy,True,13,26.49113392829895,110.0504160913509,13
98012_1.tex,non stop regreession model greedy,True,20,40.06955099105835,153.18335821109025,30
98033_2.tex,non stop regreession model greedy,True,21,42.259172201156616,144.90262227719987,21
98047_2.tex,non stop regreession model greedy,True,25,52.63180541992188,197.17980416743217,25
98137_1.tex,non stop regreession model greedy,True,20,37.793835163116455,142.36110736529602,20
98216_2.tex,non stop regreession model greedy,True,15,29.92038869857788,85.19770478582022,15
98242_1.tex,non stop regreession model greedy,False,35,67.44581532478333,213.77150585950025,36
98257_1.tex,non stop regreession model greedy,True,25,46.81706118583679,193.49375449899983,25
98345_3.tex,non stop regreession model greedy,True,5,9.712510347366331,12.90412881249614,5
98419_3.tex,non stop regreession model greedy,True,18,37.27313661575317,109.97567818125071,18
98445_1.tex,non stop regreession model greedy,True,18,37.48047733306885,124.52207649400054,19
98481_2.tex,non stop regreession model greedy,True,5,9.673129320144652,14.425024314000002,5
98554_2.tex,non stop regreession model greedy,True,16,31.765851259231567,91.11201667764306,16
98557_2.tex,non stop regreession model greedy,True,13,25.313732385635376,82.73675872916394,13
98562_2.tex,non stop regreession model greedy,True,17,33.70180869102478,109.07891599800064,17
98586_3.tex,non stop regreession model greedy,True,21,43.53848743438721,180.9842925597498,21
98618_2.tex,non stop regreession model greedy,True,5,9.03353238105774,22.80637925000031,5
98627_1.tex,non stop regreession model greedy,True,10,18.28043031692505,52.27238253000077,10
98636_1.tex,non stop regreession model greedy,True,15,28.27675199508667,94.33182426250043,15
98638_1.tex,non stop regreession model greedy,True,4,7.104323148727417,13.369117425000056,4
98683_1.tex,non stop regreession model greedy,True,6,11.91681432723999,21.182775967400023,6
98707_1.tex,non stop regreession model greedy,True,44,85.92508363723755,334.814790837768,44
98711_3.tex,non stop regreession model greedy,False,31,64.27753329277039,213.6463108476665,32
98726_1.tex,non stop regreession model greedy,True,21,38.67767930030823,196.84689754375023,21
98762_2.tex,non stop regreession model greedy,True,8,14.93096375465393,36.55896731500012,8
98773_1.tex,non stop regreession model greedy,True,21,39.11796975135803,126.06258060375004,21
98776_3.tex,non stop regreession model greedy,True,23,42.41194701194763,145.03773629675015,23
98785_3.tex,non stop regreession model greedy,True,13,23.93346333503723,67.80481493999999,13
98999_1.tex,non stop regreession model greedy,True,11,21.62769103050232,56.097119996751225,11
99045_3.tex,non stop regreession model greedy,True,11,22.69847130775452,93.9575670475003,11
99080_2.tex,non stop regreession model greedy,True,18,37.31065726280213,152.17942244881348,18
99095_3.tex,non stop regreession model greedy,True,1,1.537043809890747,5.783841080000002,1
99098_2.tex,non stop regreession model greedy,True,11,21.675504207611084,74.12682211299999,11
99106_2.tex,non stop regreession model greedy,True,10,20.72223162651062,51.949742451326514,10
99130_3.tex,non stop regreession model greedy,True,8,15.466524362564089,39.982727061295904,8
99143_1.tex,non stop regreession model greedy,True,11,22.552361488342285,67.32737143350013,11
99165_3.tex,non stop regreession model greedy,True,16,30.767672300338745,119.8257307700005,16
99192_1.tex,non stop regreession model greedy,True,3,5.26333475112915,17.114663484999998,3
99206_2.tex,non stop regreession model greedy,True,5,9.571105718612673,23.911860639000025,5
99209_1.tex,non stop regreession model greedy,True,21,40.77761173248291,144.757052036,21
99272_1.tex,non stop regreession model greedy,True,20,39.527963161468506,177.83248213499962,20
99276_3.tex,non stop regreession model greedy,True,10,17.587926864624023,62.622865605,10
99291_2.tex,non stop regreession model greedy,True,18,33.61925721168518,136.70882016799987,18
99350_2.tex,non stop regreession model greedy,True,17,34.66725993156433,114.4548584155,17
99450_2.tex,non stop regreession model greedy,True,11,23.93594646453857,64.27659193484973,11
99524_1.tex,non stop regreession model greedy,True,16,35.322943449020386,156.7942503721885,37
99527_1.tex,non stop regreession model greedy,True,20,42.25175523757935,150.31913475925137,20
99530_2.tex,non stop regreession model greedy,True,15,31.320895433425903,75.60813633069276,15
99531_1.tex,non stop regreession model greedy,True,10,19.745067358016968,49.12175688500066,10
99552_2.tex,non stop regreession model greedy,True,19,38.33671045303345,137.45904961105498,19
99652_1.tex,non stop regreession model greedy,True,16,33.56846213340759,96.90152252683808,16
99698_2.tex,non stop regreession model greedy,False,8,17.5566623210907,56.968888750000055,9
99720_3.tex,non stop regreession model greedy,False,8,16.735900163650513,37.37829872000001,9
99726_1.tex,non stop regreession model greedy,True,14,26.5103497505188,82.24260606299988,14
99750_2.tex,non stop regreession model greedy,True,26,51.49314713478088,198.7506279720008,26
99755_3.tex,non stop regreession model greedy,True,13,25.303682565689087,68.92461615717501,13
99769_3.tex,non stop regreession model greedy,True,24,46.92822170257568,162.48827678091504,24
99779_2.tex,non stop regreession model greedy,False,31,67.19141459465027,233.6205596770002,32
99788_1.tex,non stop regreession model greedy,True,18,35.13633728027344,91.3787459400502,18
99792_2.tex,non stop regreession model greedy,True,2,2.986348867416382,6.194490149999979,2
99855_2.tex,non stop regreession model greedy,False,35,70.65710139274597,277.39899903900044,36
99857_3.tex,non stop regreession model greedy,False,19,36.81220889091492,96.84103493320444,20
99899_3.tex,non stop regreession model greedy,True,35,71.06032109260559,234.17078312565005,43
99929_2.tex,non stop regreession model greedy,True,14,29.760836362838745,96.5340729500005,14
99990_2.tex,non stop regreession model greedy,True,16,37.20183801651001,106.40453601325008,16
