Name,Algorithm,Reduced,Iterations,Time,Cost,Total_operators
1050_3.tex,non stop heuristic greedy,True,16,23.915220737457275,228.79945784262483,26
1424_2.tex,non stop heuristic greedy,True,6,9.5834481716156,75.35334770000014,15
1430_2.tex,non stop heuristic greedy,True,3,3.6582303047180176,30.661539199999957,11
1568_1.tex,non stop heuristic greedy,True,3,3.159924268722534,31.060045952000017,15
1589_3.tex,non stop heuristic greedy,True,15,20.01539945602417,189.2953870737502,34
1613_2.tex,non stop heuristic greedy,True,11,15.756792545318604,131.26971221648023,33
2021_2.tex,non stop heuristic greedy,True,3,3.977608442306519,32.64169884160026,16
2495_3.tex,non stop heuristic greedy,True,8,10.52025556564331,93.51870360749996,16
2580_1.tex,non stop heuristic greedy,True,4,5.515332221984863,40.1496287799999,21
2584_1.tex,non stop heuristic greedy,True,12,20.11347508430481,133.28994689120026,31
2637_1.tex,non stop heuristic greedy,True,15,21.569249391555783,180.23813098209,42
2642_2.tex,non stop heuristic greedy,True,7,8.270220518112183,82.00849967277317,20
2659_2.tex,non stop heuristic greedy,True,21,36.48872137069702,268.9603101818279,51
2906_3.tex,non stop heuristic greedy,True,9,14.2846417427063,94.26569742279796,18
2973_2.tex,non stop heuristic greedy,True,9,14.46043872833252,107.16553781999976,22
3004_1.tex,non stop heuristic greedy,True,2,2.339555263519287,20.293753820000013,17
3051_3.tex,non stop heuristic greedy,True,9,12.459516286849976,103.95995195000005,18
3118_2.tex,non stop heuristic greedy,True,13,22.09363913536072,155.30801634792954,32
3118_3.tex,non stop heuristic greedy,True,10,15.798996210098268,110.95309429559,36
313_3.tex,non stop heuristic greedy,True,20,24.99750924110413,246.7899494717355,32
316_3.tex,non stop heuristic greedy,True,7,9.12227201461792,71.93987446883818,15
3193_2.tex,non stop heuristic greedy,False,8,11.598958969116213,90.24007239765996,28
3213_2.tex,non stop heuristic greedy,True,7,12.222752809524536,71.40688646720015,45
3224_1.tex,non stop heuristic greedy,True,11,16.51132583618164,116.38031253123394,38
3229_2.tex,non stop heuristic greedy,True,15,27.94302010536194,163.4722794898279,44
3238_3.tex,non stop heuristic greedy,True,12,19.60931205749512,165.88967506124993,32
3771_2.tex,non stop heuristic greedy,True,16,29.52378010749817,217.5658384560003,36
3771_3.tex,non stop heuristic greedy,True,21,36.84249830245972,324.9249353622506,40
3774_1.tex,non stop heuristic greedy,True,22,47.43773746490479,277.3888966055002,46
412_2.tex,non stop heuristic greedy,True,19,40.83282685279846,306.4860151197247,32
4157_3.tex,non stop heuristic greedy,True,10,21.635144472122192,116.18068445134892,22
4161_2.tex,non stop heuristic greedy,True,1,1.8895118236541748,10.01,19
4163_3.tex,non stop heuristic greedy,True,9,19.130769729614254,102.03261733032392,24
4168_3.tex,non stop heuristic greedy,True,11,24.91484570503235,131.450357172186,34
4192_1.tex,non stop heuristic greedy,True,6,13.2214617729187,63.41114167000001,26
4202_2.tex,non stop heuristic greedy,True,2,3.9161217212677,20.02,16
4279_3.tex,non stop heuristic greedy,True,13,28.9951229095459,191.24420498,34
4571_3.tex,non stop heuristic greedy,True,10,25.17443871498108,109.47651990000014,24
464_3.tex,non stop heuristic greedy,True,2,3.503056764602661,20.02,6
4677_2.tex,non stop heuristic greedy,True,3,5.879690408706665,31.315808799999942,22
4681_2.tex,non stop heuristic greedy,False,9,18.013784408569336,100.26794376696,21
4728_3.tex,non stop heuristic greedy,True,9,19.514197826385494,104.17316787990632,26
4738_1.tex,non stop heuristic greedy,True,15,37.52182364463806,183.66886279818,39
4808_3.tex,non stop heuristic greedy,False,6,15.662351608276367,63.90084218499181,33
484_2.tex,non stop heuristic greedy,True,6,11.089677095413208,72.76894934797546,14
487_1.tex,non stop heuristic greedy,True,3,6.186732530593872,31.008108479999954,16
508_3.tex,non stop heuristic greedy,True,21,42.49370718002319,357.12158483452004,39
5147_3.tex,non stop heuristic greedy,True,10,24.209864377975464,114.50801061400024,21
5248_1.tex,non stop heuristic greedy,True,15,32.32635426521301,223.938125704333,25
5269_2.tex,non stop heuristic greedy,False,7,16.58674669265747,73.61966213754188,24
5338_3.tex,non stop heuristic greedy,True,9,19.4981849193573,96.64683761397777,20
537_2.tex,non stop heuristic greedy,True,32,77.01207709312439,479.9721677376604,55
5385_2.tex,non stop heuristic greedy,True,5,11.322333574295044,50.63559827999992,29
5754_1.tex,non stop heuristic greedy,True,3,5.74062180519104,30.57480879999999,13
5860_1.tex,non stop heuristic greedy,True,2,3.586383819580078,20.02,8
5887_2.tex,non stop heuristic greedy,False,12,27.145511388778687,141.12570173399988,30
5925_1.tex,non stop heuristic greedy,True,8,18.19545578956604,91.01922576199998,34
6111_3.tex,non stop heuristic greedy,True,3,6.078168869018555,30.14942399999997,13
6127_1.tex,non stop heuristic greedy,True,15,31.46967077255249,188.35527041479887,30
6217_2.tex,non stop heuristic greedy,True,9,18.406178951263428,98.98314773399994,24
6252_1.tex,non stop heuristic greedy,True,10,21.431591510772705,110.04859662382778,34
62909_3.tex,non stop heuristic greedy,True,8,17.178163528442383,89.85313831299199,27
62915_1.tex,non stop heuristic greedy,True,3,5.980803728103638,31.62040665200012,15
62940_3.tex,non stop heuristic greedy,True,1,1.6073923110961914,10.01,26
62992_1.tex,non stop heuristic greedy,True,9,21.31433868408203,99.72482574999994,31
63052_3.tex,non stop heuristic greedy,True,7,15.868483781814575,76.50584479767943,27
63063_1.tex,non stop heuristic greedy,True,4,8.530608654022217,41.04838505800008,32
63072_1.tex,non stop heuristic greedy,True,9,15.548102855682371,114.89175966000022,20
63117_3.tex,non stop heuristic greedy,True,9,20.372077465057373,93.0990691576,31
63118_2.tex,non stop heuristic greedy,True,27,60.56055116653442,451.8269923844279,48
63148_2.tex,non stop heuristic greedy,True,9,19.064774751663208,98.64894541800004,29
6330_3.tex,non stop heuristic greedy,True,8,16.956051349639893,90.73350818400014,22
6342_1.tex,non stop heuristic greedy,True,14,31.52443528175354,167.01531025058014,41
63451_2.tex,non stop heuristic greedy,True,21,50.440979957580566,304.74796355068554,52
63455_3.tex,non stop heuristic greedy,True,14,33.79764914512634,163.63789406158992,33
63488_3.tex,non stop heuristic greedy,True,6,14.01775884628296,70.27473815599996,21
63502_2.tex,non stop heuristic greedy,True,9,21.15105962753296,94.3524789299842,34
63532_1.tex,non stop heuristic greedy,True,4,8.642329692840576,42.78718029999999,15
6354_3.tex,non stop heuristic greedy,True,11,25.156472206115723,123.37552689375003,31
63576_2.tex,non stop heuristic greedy,False,5,11.781135559082031,50.75083151500011,25
63608_3.tex,non stop heuristic greedy,True,16,36.6954128742218,236.3209122228261,41
63609_2.tex,non stop heuristic greedy,True,33,76.03527498245239,555.3237680026997,60
63668_2.tex,non stop heuristic greedy,True,3,6.464434146881104,30.107668075,25
63783_3.tex,non stop heuristic greedy,True,2,4.25672721862793,20.01,13
63824_1.tex,non stop heuristic greedy,True,13,32.478065490722656,137.83033161928995,43
6387_3.tex,non stop heuristic greedy,True,15,29.89259076118469,187.54143477500045,30
6401_1.tex,non stop heuristic greedy,True,4,8.800058364868164,40.5676,25
64069_2.tex,non stop heuristic greedy,True,8,16.55909752845764,89.7939714499999,22
64129_3.tex,non stop heuristic greedy,True,2,3.8752949237823486,20.01,23
64150_1.tex,non stop heuristic greedy,True,14,32.345009326934814,177.9203842564101,35
64239_1.tex,non stop heuristic greedy,False,5,13.921550989151,53.7511753171999,38
64252_2.tex,non stop heuristic greedy,True,3,6.6720805168151855,30.262386886150026,36
64254_1.tex,non stop heuristic greedy,True,1,2.130988359451294,10.024808127200004,28
64443_2.tex,non stop heuristic greedy,False,8,21.58097553253174,85.49645900789871,31
64443_3.tex,non stop heuristic greedy,False,13,31.924604892730716,146.3886973503075,32
64453_3.tex,non stop heuristic greedy,True,13,30.35381269454956,143.79424944437207,42
64458_3.tex,non stop heuristic greedy,True,9,22.559032201766968,96.54413064682788,35
64468_1.tex,non stop heuristic greedy,True,29,65.95184850692749,1164.3620303740004,58
64485_2.tex,non stop heuristic greedy,True,6,8.201303482055664,64.77413456000002,18
64493_1.tex,non stop heuristic greedy,True,12,16.418260097503662,153.4921968750001,22
64493_2.tex,non stop heuristic greedy,False,8,14.30334758758545,89.45265334999996,27
64580_1.tex,non stop heuristic greedy,True,11,23.432895183563232,112.88790466882789,50
64602_2.tex,non stop heuristic greedy,True,11,16.044430255889893,159.71822049999994,22
64638_1.tex,non stop heuristic greedy,True,4,6.732733011245728,42.641159628,22
64671_1.tex,non stop heuristic greedy,True,8,13.665189504623411,81.86399827999986,44
64679_2.tex,non stop heuristic greedy,True,19,30.53602504730225,238.60339493400045,46
64744_1.tex,non stop heuristic greedy,False,19,32.08459734916687,214.8204356068285,48
64745_1.tex,non stop heuristic greedy,True,21,29.992664337158203,319.05161180875,45
65039_1.tex,non stop heuristic greedy,True,11,15.439711093902588,125.76552129999988,36
65081_2.tex,non stop heuristic greedy,True,9,11.601501703262327,101.1685488512,32
65110_2.tex,non stop heuristic greedy,True,9,12.332916736602783,98.74811489731292,34
65271_2.tex,non stop heuristic greedy,True,7,9.061233282089232,79.90686664000003,18
65516_1.tex,non stop heuristic greedy,True,3,4.5584001541137695,30.02,18
65549_1.tex,non stop heuristic greedy,True,3,3.923501253128052,30.02,24
65584_2.tex,non stop heuristic greedy,True,2,2.033579111099243,20.02,11
65623_3.tex,non stop heuristic greedy,True,5,6.782623767852783,54.38689452799996,17
65645_2.tex,non stop heuristic greedy,True,9,13.349809885025024,99.31785791918011,36
65670_3.tex,non stop heuristic greedy,True,4,5.988054513931274,45.971415199999896,9
65724_2.tex,non stop heuristic greedy,True,6,8.290441513061523,61.171876319999896,25
65752_3.tex,non stop heuristic greedy,True,6,7.968993186950684,60.64007424000024,30
65761_2.tex,non stop heuristic greedy,True,24,37.28314018249512,297.70350027432823,55
65777_2.tex,non stop heuristic greedy,False,1,2.0132036209106445,10.054074540000016,9
65794_3.tex,non stop heuristic greedy,True,3,3.383075475692749,30.310558799999946,8
65816_2.tex,non stop heuristic greedy,True,4,5.051117658615112,41.0999919999999,25
65818_3.tex,non stop heuristic greedy,True,3,3.2898366451263428,30.70988161279992,20
65826_2.tex,non stop heuristic greedy,True,27,37.01648211479187,393.76378320682784,51
65826_3.tex,non stop heuristic greedy,True,6,9.207873344421388,62.95628541082792,29
65866_1.tex,non stop heuristic greedy,False,11,17.69936442375183,121.78130890588406,38
65963_1.tex,non stop heuristic greedy,True,4,5.0445170402526855,40.87179479823095,20
66087_1.tex,non stop heuristic greedy,True,17,24.4672634601593,322.7040852097501,34
66222_2.tex,non stop heuristic greedy,True,10,11.273521423339844,140.5556606000004,18
66264_2.tex,non stop heuristic greedy,False,4,6.419544458389282,40.44828689999999,21
66278_2.tex,non stop heuristic greedy,True,9,15.244636058807371,102.53181653199984,32
66316_1.tex,non stop heuristic greedy,True,13,17.372486114501953,159.41772943999973,32
66326_3.tex,non stop heuristic greedy,True,7,9.218976974487305,73.18714800000004,16
66333_1.tex,non stop heuristic greedy,True,6,8.927186727523804,69.09287594000006,23
66394_3.tex,non stop heuristic greedy,True,12,22.1755051612854,124.64255752365592,47
66619_2.tex,non stop heuristic greedy,True,10,16.855452299118042,109.40997152279758,25
66624_3.tex,non stop heuristic greedy,False,6,10.642450332641602,64.39740592000011,23
66625_2.tex,non stop heuristic greedy,True,9,13.85256314277649,94.76785777083803,25
66691_2.tex,non stop heuristic greedy,True,9,12.745290040969849,100.92365746916066,26
66697_3.tex,non stop heuristic greedy,False,15,25.49704623222351,185.443685967,22
66720_2.tex,non stop heuristic greedy,True,12,14.07877230644226,152.47572092500508,29
66741_2.tex,non stop heuristic greedy,False,14,21.79382801055908,163.73754040614955,41
66773_1.tex,non stop heuristic greedy,True,8,10.321074724197388,88.04423970000006,21
66791_3.tex,non stop heuristic greedy,True,17,28.965113162994385,200.56525560629015,38
66820_3.tex,non stop heuristic greedy,True,16,26.59182906150818,208.93944691714427,33
66842_3.tex,non stop heuristic greedy,True,18,34.399697065353394,199.60693339498332,45
66895_1.tex,non stop heuristic greedy,True,6,7.659956693649292,62.14523711999988,24
66922_3.tex,non stop heuristic greedy,True,19,32.19290375709534,269.78002949250003,46
67063_2.tex,non stop heuristic greedy,True,9,14.829699039459229,93.96902793999986,27
67134_1.tex,non stop heuristic greedy,True,12,20.113060235977173,139.57081806109545,24
67159_3.tex,non stop heuristic greedy,True,13,25.21020007133484,141.71536119004531,41
67166_3.tex,non stop heuristic greedy,True,4,5.736896276473999,40.02,18
67197_1.tex,non stop heuristic greedy,True,10,14.51375651359558,126.74693070000022,18
67235_3.tex,non stop heuristic greedy,True,1,1.5733137130737305,10.01,18
67247_1.tex,non stop heuristic greedy,True,16,28.41628909111023,196.00177006800135,37
67272_3.tex,non stop heuristic greedy,True,20,29.341278076171875,293.9764869024998,41
67276_2.tex,non stop heuristic greedy,True,1,1.129819631576538,10.01,29
67281_2.tex,non stop heuristic greedy,True,8,11.911901235580444,82.87853311082785,36
6731_3.tex,non stop heuristic greedy,True,13,21.43527030944824,190.4128646437501,19
67367_1.tex,non stop heuristic greedy,True,2,2.8281991481781006,20.2225588,29
67405_3.tex,non stop heuristic greedy,True,18,25.57571029663086,310.49238549999984,32
67420_2.tex,non stop heuristic greedy,True,7,10.633147478103638,72.11279999999996,18
67423_3.tex,non stop heuristic greedy,True,7,9.322316646575928,86.47743544999994,27
6755_3.tex,non stop heuristic greedy,True,3,4.663426399230957,32.01200231200006,9
6791_2.tex,non stop heuristic greedy,True,10,14.44377875328064,120.07926844299796,22
6881_3.tex,non stop heuristic greedy,True,13,18.54054927825928,151.4547365506399,30
6897_1.tex,non stop heuristic greedy,False,13,19.10054111480713,150.70934264542998,35
6942_1.tex,non stop heuristic greedy,True,7,9.219227075576782,82.01857140000003,17
6975_1.tex,non stop heuristic greedy,True,2,2.0010876655578613,20.02,16
7342_2.tex,non stop heuristic greedy,True,13,20.59539222717285,142.96903096830854,35
7413_1.tex,non stop heuristic greedy,True,30,41.00172543525696,833.8539572655002,42
7539_3.tex,non stop heuristic greedy,True,20,27.599972009658813,265.12634034915607,43
7556_2.tex,non stop heuristic greedy,True,11,17.609443426132202,114.77357857217356,45
7774_1.tex,non stop heuristic greedy,True,5,6.613574028015137,50.55654003000008,30
7877_3.tex,non stop heuristic greedy,False,11,20.570136547088623,123.91277879358992,35
7880_2.tex,non stop heuristic greedy,False,18,31.31149673461914,262.3907466963752,35
7909_3.tex,non stop heuristic greedy,True,3,5.199003458023071,31.06938640000006,15
7919_3.tex,non stop heuristic greedy,True,9,12.682116746902466,104.20939360000004,24
7925_1.tex,non stop heuristic greedy,True,13,20.993930339813232,175.79636059958992,28
7977_1.tex,non stop heuristic greedy,True,23,41.219719648361206,323.14450075398474,52
7995_2.tex,non stop heuristic greedy,True,11,14.277291536331177,135.14378083999986,18
8019_2.tex,non stop heuristic greedy,True,5,5.5747785568237305,51.85015759999997,19
8085_1.tex,non stop heuristic greedy,True,17,24.715975284576416,246.90341085462023,44
8373_1.tex,non stop heuristic greedy,True,12,18.239421606063843,139.29595475174992,24
8413_3.tex,non stop heuristic greedy,True,18,22.44412326812744,215.3115360906141,35
8481_1.tex,non stop heuristic greedy,True,20,28.454416036605835,279.85278212626645,37
8492_1.tex,non stop heuristic greedy,True,6,7.517506599426269,74.87582862599999,13
8531_2.tex,non stop heuristic greedy,True,3,4.921931982040405,30.50817932799998,22
858_2.tex,non stop heuristic greedy,True,9,13.201578617095947,99.3168898430839,26
8614_1.tex,non stop heuristic greedy,True,9,11.051467657089232,104.0658814008703,32
8621_2.tex,non stop heuristic greedy,True,17,29.405439853668213,199.353774468068,43
8953_3.tex,non stop heuristic greedy,False,11,18.50141954421997,117.89060064468713,26
8954_1.tex,non stop heuristic greedy,True,4,6.444447994232178,40.11862111999996,19
8959_1.tex,non stop heuristic greedy,True,6,9.069462776184082,62.86956327958997,27
9032_1.tex,non stop heuristic greedy,True,11,15.206168174743652,133.17321752800288,25
101767_1.tex,non stop heuristic greedy,True,16,17.462137460708618,202.3134090750009,31
101798_3.tex,non stop heuristic greedy,True,6,6.823458909988403,60.950256499999966,34
101813_1.tex,non stop heuristic greedy,True,9,9.719164609909058,93.911700664992,37
101830_3.tex,non stop heuristic greedy,True,9,10.868809700012209,93.3129463598278,41
101836_2.tex,non stop heuristic greedy,True,15,18.50525951385498,154.82995672565585,43
101840_3.tex,non stop heuristic greedy,True,8,8.765981197357178,94.95600700800011,35
101918_1.tex,non stop heuristic greedy,True,11,13.02592635154724,117.31997019299185,43
101980_1.tex,non stop heuristic greedy,True,14,13.354167461395264,151.0197005875,36
102128_3.tex,non stop heuristic greedy,True,10,11.576359748840332,108.67406448199988,30
102227_1.tex,non stop heuristic greedy,True,9,9.5376718044281,103.87826363400052,23
102289_2.tex,non stop heuristic greedy,True,12,11.548557043075562,141.12150235000013,22
102320_3.tex,non stop heuristic greedy,True,9,9.643877744674684,101.00387163683789,24
102343_2.tex,non stop heuristic greedy,True,9,10.352117538452148,93.5578836908281,40
102358_1.tex,non stop heuristic greedy,True,9,10.634455442428589,97.38601609146784,39
102404_1.tex,non stop heuristic greedy,True,5,4.736468315124512,51.53938029999998,14
102419_3.tex,non stop heuristic greedy,False,5,6.043498754501343,52.11478575999999,32
102428_3.tex,non stop heuristic greedy,True,12,11.63819146156311,163.09481984275018,21
102467_3.tex,non stop heuristic greedy,True,2,1.989638090133667,20.0,25
102489_2.tex,non stop heuristic greedy,False,25,28.109052181243896,370.0520101912004,63
102564_3.tex,non stop heuristic greedy,False,8,9.074778318405151,83.52699393999995,40
102740_2.tex,non stop heuristic greedy,True,9,9.113200187683104,109.91656227499992,18
102797_2.tex,non stop heuristic greedy,False,34,39.79177832603455,2175.801624735984,62
102798_3.tex,non stop heuristic greedy,True,8,9.37402081489563,86.72142145199986,34
102819_1.tex,non stop heuristic greedy,True,9,9.031981945037842,108.0625903099998,24
102919_2.tex,non stop heuristic greedy,False,11,13.621620893478394,148.5881591800005,30
102931_1.tex,non stop heuristic greedy,True,2,1.7849371433258057,20.465558799999968,13
103028_3.tex,non stop heuristic greedy,True,18,19.48692393302917,228.1063539705001,50
103042_1.tex,non stop heuristic greedy,True,8,7.52304744720459,95.44490223999992,18
103050_3.tex,non stop heuristic greedy,False,3,4.314753770828247,30.29096060000007,21
103074_3.tex,non stop heuristic greedy,False,7,8.065019845962524,75.53181598800009,24
103090_3.tex,non stop heuristic greedy,True,24,25.34886646270752,355.82179644075023,50
103099_2.tex,non stop heuristic greedy,False,4,5.367409467697144,41.24289869999984,38
103230_2.tex,non stop heuristic greedy,True,2,2.201414108276367,20.01,27
103240_3.tex,non stop heuristic greedy,True,14,16.222001552581787,150.41119685999993,45
103257_2.tex,non stop heuristic greedy,True,8,8.790909051895142,92.74437849500003,17
103265_1.tex,non stop heuristic greedy,True,13,13.706703662872314,171.70758888125013,25
103316_2.tex,non stop heuristic greedy,True,13,14.0776104927063,175.7079077902186,27
103318_1.tex,non stop heuristic greedy,True,9,9.796886920928957,102.33311307800037,26
103322_3.tex,non stop heuristic greedy,True,13,14.095718622207642,162.87996680493572,37
103421_3.tex,non stop heuristic greedy,True,18,19.864150762557983,234.2310230033254,51
103466_1.tex,non stop heuristic greedy,True,8,7.514647483825684,88.83290080000002,21
103486_1.tex,non stop heuristic greedy,True,13,16.112698554992676,156.51384180000048,39
103495_2.tex,non stop heuristic greedy,True,5,4.929184198379517,55.90253305000007,23
103524_3.tex,non stop heuristic greedy,True,7,6.999413013458252,77.18891058999992,31
103600_3.tex,non stop heuristic greedy,True,11,11.36173963546753,120.69529077500036,29
103623_2.tex,non stop heuristic greedy,True,7,7.239342451095581,72.10059465999994,38
103935_1.tex,non stop heuristic greedy,False,9,10.642237186431885,96.94391592889896,22
103943_1.tex,non stop heuristic greedy,True,17,21.369551181793213,195.82294347416536,48
103952_2.tex,non stop heuristic greedy,True,12,13.576030492782593,191.71940857600012,20
103984_3.tex,non stop heuristic greedy,False,5,7.269222736358643,52.97812970000002,27
104017_1.tex,non stop heuristic greedy,True,2,1.735030174255371,20.01,11
104024_2.tex,non stop heuristic greedy,False,7,8.005688905715942,83.58889360000006,17
104028_3.tex,non stop heuristic greedy,True,11,10.724584817886353,138.89293329999995,22
104093_2.tex,non stop heuristic greedy,False,19,23.743816375732425,223.65407103365624,51
104095_2.tex,non stop heuristic greedy,True,8,9.11399221420288,82.37977683882781,31
104098_1.tex,non stop heuristic greedy,True,24,28.4379198551178,303.2505816137174,47
104128_1.tex,non stop heuristic greedy,True,6,5.691510438919067,68.36024609999998,16
104154_3.tex,non stop heuristic greedy,True,2,1.7582480907440186,20.586335267200084,18
104167_2.tex,non stop heuristic greedy,True,3,2.856428623199463,30.358898249999925,27
104200_2.tex,non stop heuristic greedy,False,8,9.452248811721802,88.30207499950004,24
104289_1.tex,non stop heuristic greedy,True,16,18.24153852462769,180.6621970240008,37
104314_2.tex,non stop heuristic greedy,True,9,11.183593034744264,111.1690380662402,24
104420_1.tex,non stop heuristic greedy,True,10,11.701003551483154,108.93736937208996,33
104428_3.tex,non stop heuristic greedy,True,5,5.607417583465576,50.1260291199999,38
104434_1.tex,non stop heuristic greedy,True,9,11.236368894577026,92.66405390665597,41
104470_1.tex,non stop heuristic greedy,True,10,10.22579550743103,142.07513140000046,19
104481_3.tex,non stop heuristic greedy,True,15,15.563584804534912,206.89152428399996,25
104540_2.tex,non stop heuristic greedy,True,8,9.209845781326294,83.41652381882835,37
104557_3.tex,non stop heuristic greedy,True,6,5.570553779602051,66.91043200000024,14
104566_3.tex,non stop heuristic greedy,True,27,28.469929695129395,447.4465573249997,35
104585_3.tex,non stop heuristic greedy,True,1,0.7768499851226807,10.488243971039992,14
104598_1.tex,non stop heuristic greedy,True,11,11.67128038406372,130.22031462800027,28
104601_1.tex,non stop heuristic greedy,True,11,11.370099067687988,125.21687639000017,29
104608_3.tex,non stop heuristic greedy,True,9,10.03291082382202,92.10873459999988,33
104651_1.tex,non stop heuristic greedy,False,13,15.670581579208374,148.71991954774518,44
104678_3.tex,non stop heuristic greedy,True,8,7.897080659866333,88.17900240000003,26
104686_2.tex,non stop heuristic greedy,True,15,14.642979860305786,171.10755472500003,32
104715_2.tex,non stop heuristic greedy,True,24,24.28047609329224,323.47172203200046,47
104841_1.tex,non stop heuristic greedy,True,9,10.684205532073976,98.78974848182806,27
104916_1.tex,non stop heuristic greedy,False,10,12.583837509155272,112.68841069,21
104973_2.tex,non stop heuristic greedy,True,13,15.88694667816162,136.2637450743278,47
104988_1.tex,non stop heuristic greedy,True,12,11.99856662750244,200.6522357999997,18
105006_2.tex,non stop heuristic greedy,True,12,12.641681909561155,141.66873570000024,21
105030_2.tex,non stop heuristic greedy,True,5,5.197946548461914,55.45321022799996,18
105062_3.tex,non stop heuristic greedy,True,11,12.554622411727903,118.48782711798393,35
105080_2.tex,non stop heuristic greedy,False,7,9.029403448104858,78.89989837999995,23
105135_1.tex,non stop heuristic greedy,True,16,18.482397079467773,189.9319668048281,44
105162_3.tex,non stop heuristic greedy,True,11,11.685840606689451,137.46004875599988,26
105175_1.tex,non stop heuristic greedy,False,13,16.34907603263855,162.16457624332554,36
105216_3.tex,non stop heuristic greedy,False,2,3.204618453979492,23.61132090000004,23
105234_2.tex,non stop heuristic greedy,True,15,16.32040286064148,165.106559820828,35
105269_1.tex,non stop heuristic greedy,True,6,6.227458477020264,61.07615571,35
105284_2.tex,non stop heuristic greedy,True,25,27.219890356063843,347.0339592940004,69
105470_1.tex,non stop heuristic greedy,True,11,12.162881851196287,141.0395816872659,26
105500_3.tex,non stop heuristic greedy,True,11,13.14184045791626,121.8356712119998,35
105544_1.tex,non stop heuristic greedy,True,9,9.082199096679688,124.45864679999993,16
105551_3.tex,non stop heuristic greedy,True,5,5.397391319274902,50.75183879999992,25
105553_1.tex,non stop heuristic greedy,True,12,11.277901887893677,136.80539426779893,24
58175_3.tex,non stop heuristic greedy,True,5,5.033766746520996,51.73866201049998,28
58206_2.tex,non stop heuristic greedy,True,26,28.718740224838257,555.3236565987504,52
58211_3.tex,non stop heuristic greedy,True,26,29.55436444282532,365.543916884,58
58234_1.tex,non stop heuristic greedy,True,20,22.265825033187863,265.9411707624997,39
58246_3.tex,non stop heuristic greedy,True,13,12.50140929222107,156.76367361625,39
58253_1.tex,non stop heuristic greedy,False,5,6.30060076713562,53.064970021039926,28
58276_2.tex,non stop heuristic greedy,True,17,17.178220987319946,205.9589715799999,46
58281_3.tex,non stop heuristic greedy,True,24,26.36826038360596,346.60111473095,59
58302_1.tex,non stop heuristic greedy,True,19,22.150740146636963,281.0522426470001,46
58583_2.tex,non stop heuristic greedy,True,13,14.039875507354736,168.43679432342498,22
58598_1.tex,non stop heuristic greedy,True,6,6.24592137336731,64.68463151699193,16
58626_3.tex,non stop heuristic greedy,True,11,12.460821866989136,131.7651793558424,30
58630_2.tex,non stop heuristic greedy,True,4,4.311792850494385,40.02544639999986,17
58671_2.tex,non stop heuristic greedy,True,2,1.7952055931091309,20.02,11
58724_3.tex,non stop heuristic greedy,True,16,17.021127462387085,225.15742453193025,35
58725_3.tex,non stop heuristic greedy,True,17,19.813503742218018,238.64991495200005,25
58744_2.tex,non stop heuristic greedy,True,1,0.8495328426361084,10.01,12
58765_1.tex,non stop heuristic greedy,False,9,9.350226163864136,105.3125,15
58775_3.tex,non stop heuristic greedy,True,10,9.222320795059204,154.64163074375028,17
58807_2.tex,non stop heuristic greedy,True,25,27.83476424217224,341.26969621193865,45
58816_1.tex,non stop heuristic greedy,True,11,10.52066206932068,148.7753513400005,23
58844_2.tex,non stop heuristic greedy,True,17,17.703299283981323,251.60661298523,35
59024_1.tex,non stop heuristic greedy,True,4,4.202125310897827,49.60521666675793,13
59055_2.tex,non stop heuristic greedy,True,9,9.946109771728516,97.00908672714505,29
59234_3.tex,non stop heuristic greedy,True,10,10.3112690448761,154.7488035420002,25
59236_3.tex,non stop heuristic greedy,True,6,6.294967174530029,70.19124745599997,19
59290_3.tex,non stop heuristic greedy,True,15,16.28102207183838,206.43575827998023,38
59321_3.tex,non stop heuristic greedy,True,17,16.33805251121521,257.724332075001,30
59342_2.tex,non stop heuristic greedy,True,6,6.180713891983032,62.22548650000004,23
59345_3.tex,non stop heuristic greedy,True,6,6.361438989639282,62.14104769999991,24
59356_1.tex,non stop heuristic greedy,False,5,5.970641136169434,55.14958289000044,21
59399_2.tex,non stop heuristic greedy,True,15,16.79666757583618,159.8601591844002,55
59609_3.tex,non stop heuristic greedy,True,9,10.18345546722412,100.2785897560001,24
59685_1.tex,non stop heuristic greedy,True,6,6.668664216995239,60.58144769999993,23
59721_2.tex,non stop heuristic greedy,True,15,16.77806806564331,201.08457083,37
59739_2.tex,non stop heuristic greedy,True,12,12.43590521812439,141.51870929999995,20
59765_1.tex,non stop heuristic greedy,False,6,7.182893991470337,69.17317202399995,23
59768_3.tex,non stop heuristic greedy,True,12,13.034639835357666,169.93321885075,25
59795_1.tex,non stop heuristic greedy,True,6,6.00094199180603,64.26434602094996,25
59872_1.tex,non stop heuristic greedy,True,3,2.7296905517578125,30.576637120000115,17
59885_3.tex,non stop heuristic greedy,True,3,2.909681797027588,30.842872380000014,23
59886_1.tex,non stop heuristic greedy,True,14,15.24442744255066,161.1680649068278,37
59889_1.tex,non stop heuristic greedy,True,4,3.8000648021698,41.59439848869998,22
59910_3.tex,non stop heuristic greedy,True,9,9.581096172332764,94.59102898265589,34
60111_2.tex,non stop heuristic greedy,True,1,0.822730541229248,10.01,9
60135_3.tex,non stop heuristic greedy,False,5,6.654968023300171,52.94726957254242,17
60187_3.tex,non stop heuristic greedy,True,17,18.993112802505493,265.90612241249994,23
60226_3.tex,non stop heuristic greedy,True,5,5.001055240631104,54.07826104399992,16
60273_3.tex,non stop heuristic greedy,True,5,5.178457498550415,60.23410183999995,26
60322_1.tex,non stop heuristic greedy,True,5,4.9995715618133545,53.93381462000007,19
60377_3.tex,non stop heuristic greedy,False,4,5.099006175994873,45.79203839999998,11
60404_2.tex,non stop heuristic greedy,True,16,17.95203185081482,209.583421825,37
60425_2.tex,non stop heuristic greedy,True,7,7.692376852035522,72.438432018828,28
60657_2.tex,non stop heuristic greedy,True,6,6.268077373504639,66.98737438399993,15
60659_3.tex,non stop heuristic greedy,True,1,0.8238730430603027,10.01,11
60689_2.tex,non stop heuristic greedy,True,13,14.720921277999878,140.1127868396429,34
60774_2.tex,non stop heuristic greedy,False,8,10.135818004608154,87.64027252633194,21
60785_1.tex,non stop heuristic greedy,True,13,14.480185985565186,150.42089955599988,32
60836_3.tex,non stop heuristic greedy,True,6,6.053513765335083,63.51741599999974,15
60865_1.tex,non stop heuristic greedy,True,22,23.572407960891724,292.1746379818283,42
60914_2.tex,non stop heuristic greedy,True,13,12.537793159484863,257.44335139999976,21
60950_2.tex,non stop heuristic greedy,True,5,4.60198974609375,53.805219244000085,18
60966_1.tex,non stop heuristic greedy,True,1,0.8316669464111328,10.0,18
60967_3.tex,non stop heuristic greedy,True,16,16.512332439422607,228.95997573375,27
60972_2.tex,non stop heuristic greedy,True,19,20.34092378616333,235.6645337193277,41
60987_3.tex,non stop heuristic greedy,True,6,6.230377674102783,63.973569405999946,24
61011_3.tex,non stop heuristic greedy,True,9,9.3724262714386,99.97114447769984,33
61122_2.tex,non stop heuristic greedy,True,4,4.558430671691895,40.43470344999959,24
61191_3.tex,non stop heuristic greedy,False,17,23.019733667373657,195.93515266159105,41
61231_3.tex,non stop heuristic greedy,True,3,3.2200677394866943,30.50817932799998,21
61257_1.tex,non stop heuristic greedy,True,6,6.104381799697876,70.02800869999979,12
61290_3.tex,non stop heuristic greedy,True,12,14.1008038520813,144.71097696700028,33
61291_2.tex,non stop heuristic greedy,True,1,0.8392279148101807,10.01,14
61327_2.tex,non stop heuristic greedy,True,2,1.9824583530426023,20.498179327999978,18
61470_3.tex,non stop heuristic greedy,True,2,1.9251108169555664,20.533199999999987,18
61520_2.tex,non stop heuristic greedy,True,11,11.29300022125244,126.02538009900002,35
61529_1.tex,non stop heuristic greedy,True,6,6.634714126586914,61.79664397760011,31
61811_3.tex,non stop heuristic greedy,True,4,4.110946893692017,40.68318030000003,19
61837_3.tex,non stop heuristic greedy,True,14,14.75400972366333,161.39516160882835,33
61847_2.tex,non stop heuristic greedy,True,2,2.0135538578033447,20.02,12
61861_2.tex,non stop heuristic greedy,True,9,9.335392713546751,98.369357324899,24
61869_1.tex,non stop heuristic greedy,True,10,11.648801565170288,111.00907276718016,30
61873_3.tex,non stop heuristic greedy,True,10,10.530577659606934,107.36066784899968,30
61947_1.tex,non stop heuristic greedy,False,10,11.616150856018066,103.9531911829999,27
62000_3.tex,non stop heuristic greedy,True,17,17.339863300323486,309.45951298750003,20
62039_2.tex,non stop heuristic greedy,True,2,1.757011890411377,20.529136367999943,15
62051_1.tex,non stop heuristic greedy,True,11,12.422468900680542,114.45009780682786,29
62093_3.tex,non stop heuristic greedy,True,6,6.236343383789063,61.28324413399997,29
62269_3.tex,non stop heuristic greedy,True,12,12.555266618728638,133.27390427693598,24
62278_3.tex,non stop heuristic greedy,True,18,22.021695852279663,328.8813770534243,36
62355_1.tex,non stop heuristic greedy,True,7,7.291442394256592,80.08838447600016,20
62384_1.tex,non stop heuristic greedy,False,8,9.972949504852297,87.45654089119988,29
62459_1.tex,non stop heuristic greedy,True,15,16.465261220932007,169.19473350000038,45
62486_2.tex,non stop heuristic greedy,False,11,13.010661840438845,129.1274532061496,23
62495_1.tex,non stop heuristic greedy,True,5,5.223608493804932,54.98470243000046,26
62569_3.tex,non stop heuristic greedy,True,10,11.065953731536863,107.746937262992,28
62574_3.tex,non stop heuristic greedy,True,3,2.746717929840088,30.709650799999963,18
62742_2.tex,non stop heuristic greedy,True,8,10.625554323196411,82.13364959999997,41
62804_1.tex,non stop heuristic greedy,True,5,5.562193155288696,52.92553184999998,24
105570_3.tex,non stop heuristic greedy,True,6,13.927571535110474,66.09153950000001,21
105582_1.tex,non stop heuristic greedy,True,6,14.497333526611328,61.118837119999895,20
105592_3.tex,non stop heuristic greedy,True,9,22.193753719329838,101.37427108115652,22
105603_1.tex,non stop heuristic greedy,True,5,12.046521425247192,50.63922911999989,27
105631_2.tex,non stop heuristic greedy,True,12,25.34217476844788,143.4634751000001,18
105637_2.tex,non stop heuristic greedy,True,5,11.018900632858276,51.44995880000011,11
105646_2.tex,non stop heuristic greedy,True,7,15.61713933944702,72.49884710000026,16
105646_3.tex,non stop heuristic greedy,True,8,18.645288467407227,85.46500880000013,23
105650_1.tex,non stop heuristic greedy,True,8,17.26750111579895,89.82572572500003,18
105703_2.tex,non stop heuristic greedy,True,3,6.159170866012573,30.375675600000136,23
105744_3.tex,non stop heuristic greedy,True,6,12.538761138916016,68.95914895000001,17
105760_2.tex,non stop heuristic greedy,True,12,25.72868394851685,155.91315219999996,34
105760_3.tex,non stop heuristic greedy,True,10,23.295357942581177,112.43765154000027,36
105787_1.tex,non stop heuristic greedy,False,2,6.583831787109375,20.84775252000004,21
105831_2.tex,non stop heuristic greedy,True,13,31.85037899017334,148.56657731324978,48
105835_3.tex,non stop heuristic greedy,True,24,59.25283885002136,341.2536046645596,53
105930_3.tex,non stop heuristic greedy,True,12,31.391538858413696,132.79010193054165,32
105989_3.tex,non stop heuristic greedy,True,6,14.617638111114502,62.57644590499999,24
106011_3.tex,non stop heuristic greedy,False,14,37.82909083366394,152.99081961299186,36
106013_1.tex,non stop heuristic greedy,True,8,18.902428150177,86.72171382799993,23
106017_3.tex,non stop heuristic greedy,True,15,40.25506043434143,165.99151620682738,45
106072_2.tex,non stop heuristic greedy,True,9,21.115326166152958,141.56665190000018,16
106108_1.tex,non stop heuristic greedy,True,11,26.998130798339844,121.76851650574991,29
106122_3.tex,non stop heuristic greedy,True,10,25.126098155975345,102.88197470682792,26
106160_1.tex,non stop heuristic greedy,True,9,22.32273745536804,92.87565853082803,36
106199_3.tex,non stop heuristic greedy,True,15,32.00645589828491,207.05674758000072,35
106210_3.tex,non stop heuristic greedy,True,5,10.89547324180603,54.53347652799993,36
106270_3.tex,non stop heuristic greedy,False,8,22.07436800003052,86.20946186999991,33
106328_3.tex,non stop heuristic greedy,True,6,13.589481592178345,66.82543658999992,23
106334_2.tex,non stop heuristic greedy,False,12,29.10615038871765,130.04415300999975,38
106346_2.tex,non stop heuristic greedy,True,8,20.75993824005127,84.35926994045592,37
106359_3.tex,non stop heuristic greedy,False,7,19.971269607543945,72.32681355800011,33
106364_1.tex,non stop heuristic greedy,True,11,26.862022161483765,113.10252899750007,41
106364_3.tex,non stop heuristic greedy,True,10,25.126495838165283,103.55563601,38
106436_3.tex,non stop heuristic greedy,True,8,22.52744150161743,89.04974434511419,32
106442_2.tex,non stop heuristic greedy,False,6,19.37439107894897,63.38490481696009,26
106487_2.tex,non stop heuristic greedy,True,6,17.24181056022644,60.09649539999988,34
106527_1.tex,non stop heuristic greedy,False,11,29.44998908042908,127.60059832893604,26
106571_3.tex,non stop heuristic greedy,True,11,29.60069274902344,120.4441331259841,47
106581_2.tex,non stop heuristic greedy,True,9,25.594733953475952,94.29105562965611,44
106583_1.tex,non stop heuristic greedy,True,14,54.895466566085815,161.89358797482845,44
106599_2.tex,non stop heuristic greedy,True,10,23.49781584739685,135.03078029999978,20
106645_3.tex,non stop heuristic greedy,True,6,13.455551385879517,64.83745662800001,24
106685_2.tex,non stop heuristic greedy,True,2,5.076935291290283,20.04824769999994,26
106711_3.tex,non stop heuristic greedy,True,5,11.000015258789062,56.462433439999856,17
106715_1.tex,non stop heuristic greedy,True,12,29.226795434951782,155.4004529999998,35
106754_3.tex,non stop heuristic greedy,True,9,21.906681776046756,104.43255862800002,26
106785_1.tex,non stop heuristic greedy,True,12,32.11720609664917,124.20165880475604,44
106794_3.tex,non stop heuristic greedy,True,5,11.731237888336182,51.11641591200005,34
106865_3.tex,non stop heuristic greedy,True,11,26.934816360473636,118.41643596,41
106878_2.tex,non stop heuristic greedy,True,26,61.79349708557129,370.4173397835038,54
106890_2.tex,non stop heuristic greedy,True,23,55.15096068382263,341.0800820120001,45
106900_3.tex,non stop heuristic greedy,False,14,37.953263998031616,155.09234472349976,45
107151_1.tex,non stop heuristic greedy,True,13,31.74122428894043,175.74823670000012,26
107151_3.tex,non stop heuristic greedy,True,13,31.31076979637146,153.24582930000008,31
107182_1.tex,non stop heuristic greedy,True,4,9.696886539459229,46.679016315999846,12
107209_2.tex,non stop heuristic greedy,False,7,18.94568181037903,80.27158023299977,27
107217_3.tex,non stop heuristic greedy,True,2,4.265881538391113,20.116578140800243,25
107283_2.tex,non stop heuristic greedy,True,10,22.09028697013855,113.06504378399984,24
107300_1.tex,non stop heuristic greedy,True,4,9.392467737197876,40.49817932799998,27
107337_1.tex,non stop heuristic greedy,True,10,24.10335636138916,129.3659285048049,27
107372_1.tex,non stop heuristic greedy,False,6,17.080668210983276,64.56525870000002,20
107400_2.tex,non stop heuristic greedy,False,10,27.32031512260437,114.36496497800005,25
107448_3.tex,non stop heuristic greedy,True,10,25.02068853378296,104.23263232000028,40
107487_3.tex,non stop heuristic greedy,True,7,16.245890855789185,76.58055120000013,21
107555_1.tex,non stop heuristic greedy,True,19,52.765069246292114,230.4591790160001,44
107593_2.tex,non stop heuristic greedy,True,14,32.27302885055542,170.8390956000003,30
107631_1.tex,non stop heuristic greedy,True,4,10.056461572647097,40.02,34
107651_2.tex,non stop heuristic greedy,True,12,29.169822931289676,134.26780910403184,39
107672_3.tex,non stop heuristic greedy,True,9,23.18598341941833,98.23414305600018,29
107697_1.tex,non stop heuristic greedy,True,15,34.1277551651001,166.8339601749999,29
107711_3.tex,non stop heuristic greedy,True,6,13.43752121925354,65.51713394999999,27
107714_2.tex,non stop heuristic greedy,True,10,21.373140573501587,130.37229209809496,18
107717_3.tex,non stop heuristic greedy,True,16,35.97746443748474,216.06970434,39
107741_3.tex,non stop heuristic greedy,True,10,25.01465439796448,103.880620386828,31
107749_1.tex,non stop heuristic greedy,True,8,17.93745732307434,82.30156701999996,34
107769_3.tex,non stop heuristic greedy,True,11,26.5153284072876,114.81934640382792,43
107785_1.tex,non stop heuristic greedy,True,7,14.666773796081545,81.12022984999997,15
107861_2.tex,non stop heuristic greedy,True,2,4.512357473373413,20.038247699999943,26
107899_2.tex,non stop heuristic greedy,True,18,40.53497552871704,217.737649275,41
107917_3.tex,non stop heuristic greedy,True,1,1.838782787322998,10.522491529999996,19
107934_3.tex,non stop heuristic greedy,True,14,31.74980473518372,176.66997495299992,31
107966_1.tex,non stop heuristic greedy,True,9,21.918644666671756,93.39449277765624,39
108064_2.tex,non stop heuristic greedy,True,5,13.30496311187744,54.422910881999904,19
108092_3.tex,non stop heuristic greedy,True,22,64.7814953327179,266.59191422892627,58
108130_3.tex,non stop heuristic greedy,True,8,18.266547679901123,92.71599759999988,27
108170_2.tex,non stop heuristic greedy,True,6,14.14015293121338,60.28639771999998,29
108175_1.tex,non stop heuristic greedy,True,13,33.521514654159546,148.80041450682796,40
108183_3.tex,non stop heuristic greedy,False,8,23.83881139755249,90.71505495708988,35
108207_2.tex,non stop heuristic greedy,True,8,20.621959686279297,83.15309203882802,37
108229_3.tex,non stop heuristic greedy,False,7,27.864402532577515,72.99655729999998,25
108232_2.tex,non stop heuristic greedy,True,8,19.346588134765625,86.48745429999992,21
108245_1.tex,non stop heuristic greedy,True,5,11.901183128356934,51.30406179999998,26
108266_2.tex,non stop heuristic greedy,True,12,29.649715423583984,133.5133609229996,28
108314_2.tex,non stop heuristic greedy,True,1,2.053932905197144,10.0,20
108326_2.tex,non stop heuristic greedy,True,8,18.72472739219665,91.68248984999998,20
108339_3.tex,non stop heuristic greedy,True,8,20.931482553482056,87.77416670000002,27
108344_2.tex,non stop heuristic greedy,False,6,17.68696355819702,64.65364300000104,31
108384_1.tex,non stop heuristic greedy,False,10,26.925822734832764,113.82890605000009,37
108386_2.tex,non stop heuristic greedy,False,7,20.617088556289676,79.24633714000039,33
108417_1.tex,non stop heuristic greedy,True,6,14.85434603691101,61.80225685999999,40
108425_3.tex,non stop heuristic greedy,False,13,33.97502160072327,145.24652795800017,45
108428_1.tex,non stop heuristic greedy,False,19,50.53750872612,231.4549386700004,52
108499_3.tex,non stop heuristic greedy,False,8,21.86978054046631,94.80087994399996,40
108508_3.tex,non stop heuristic greedy,True,3,7.181609869003296,30.976435612000024,17
108610_3.tex,non stop heuristic greedy,True,8,22.01211285591125,84.26186016489915,34
108675_2.tex,non stop heuristic greedy,True,12,48.13520622253418,168.56260007500066,18
108679_2.tex,non stop heuristic greedy,True,2,4.055660724639893,20.02,15
108716_3.tex,non stop heuristic greedy,True,9,21.78519368171692,99.24390807199998,26
108735_3.tex,non stop heuristic greedy,True,10,25.586366653442383,109.86390233399987,36
108789_1.tex,non stop heuristic greedy,True,9,24.058529138565063,96.9798336999998,29
108812_2.tex,non stop heuristic greedy,True,8,19.76935768127441,90.82393812399994,21
108832_2.tex,non stop heuristic greedy,True,7,16.923094749450684,75.08549499199982,30
108850_2.tex,non stop heuristic greedy,True,9,23.65904664993286,137.11825232375003,15
108914_3.tex,non stop heuristic greedy,True,7,17.286319971084595,75.45357059799991,22
108929_2.tex,non stop heuristic greedy,True,14,34.79597783088684,188.1831859900012,40
108936_3.tex,non stop heuristic greedy,True,4,8.889145135879517,41.09475725999991,30
109008_3.tex,non stop heuristic greedy,False,14,32.67410635948181,171.1009597275001,34
109031_2.tex,non stop heuristic greedy,True,11,24.38420033454895,121.2078010585001,30
109036_2.tex,non stop heuristic greedy,False,15,37.82472348213196,193.7875460639001,43
109145_1.tex,non stop heuristic greedy,True,17,42.52234745025635,253.56822979900096,34
109168_1.tex,non stop heuristic greedy,True,16,55.51577425003052,232.91284041083367,36
109219_3.tex,non stop heuristic greedy,True,1,2.1230945587158203,10.0,12
109244_1.tex,non stop heuristic greedy,True,14,38.4874050617218,188.8054965482704,38
109323_3.tex,non stop heuristic greedy,True,8,28.754991054534912,88.27897389999997,30
109329_3.tex,non stop heuristic greedy,True,11,40.62872529029846,121.6148925000006,26
109339_3.tex,non stop heuristic greedy,True,11,23.94318032264709,127.06932138399976,35
109350_3.tex,non stop heuristic greedy,True,11,26.619377613067627,115.58831026199178,38
109413_1.tex,non stop heuristic greedy,True,7,16.45165491104126,79.98096404999997,23
109416_2.tex,non stop heuristic greedy,True,2,3.794413089752197,20.01,18
109542_3.tex,non stop heuristic greedy,True,7,14.544267654418944,71.71866246,29
109579_1.tex,non stop heuristic greedy,False,7,19.535915851593018,77.27798917599993,34
109759_2.tex,non stop heuristic greedy,True,10,24.64425230026245,127.70645929999986,26
109761_2.tex,non stop heuristic greedy,True,13,34.65256714820862,153.7444653500002,37
109773_1.tex,non stop heuristic greedy,True,11,25.37520170211792,123.464465074,25
109829_1.tex,non stop heuristic greedy,True,12,33.44466495513916,123.84880226082812,46
109834_1.tex,non stop heuristic greedy,True,4,10.494059801101685,40.05817028000003,41
109852_3.tex,non stop heuristic greedy,True,10,22.81903839111328,122.86973499999984,23
109874_2.tex,non stop heuristic greedy,True,18,59.01792788505554,258.45679149474995,36
109880_2.tex,non stop heuristic greedy,True,6,14.279483556747437,66.26314483399995,23
109880_3.tex,non stop heuristic greedy,True,7,14.916306734085085,77.68716914399963,29
109890_2.tex,non stop heuristic greedy,True,4,9.745540142059326,41.12115962799997,24
109904_2.tex,non stop heuristic greedy,True,12,30.749319791793823,124.91899927482817,47
109910_3.tex,non stop heuristic greedy,True,5,11.966377019882202,50.29006683999995,30
109911_2.tex,non stop heuristic greedy,True,11,26.358360528945923,121.29938704663569,32
109974_1.tex,non stop heuristic greedy,True,5,10.296472311019896,53.16891564999997,24
110069_1.tex,non stop heuristic greedy,True,10,22.931431770324707,121.28457327500038,38
110087_1.tex,non stop heuristic greedy,True,9,21.33463430404663,107.22591241000006,37
110099_3.tex,non stop heuristic greedy,True,9,20.03786826133728,95.61772443000012,41
110258_1.tex,non stop heuristic greedy,True,5,11.524855613708496,50.708001494898966,14
110259_3.tex,non stop heuristic greedy,True,12,31.149689197540283,131.4006347228286,29
110264_1.tex,non stop heuristic greedy,True,5,12.722211360931396,50.095568279999966,33
110264_3.tex,non stop heuristic greedy,True,5,13.816083908081056,50.09541343999992,33
110329_3.tex,non stop heuristic greedy,True,11,24.790977954864506,120.8951532720004,23
110337_1.tex,non stop heuristic greedy,True,4,8.912129163742065,40.02,20
110402_1.tex,non stop heuristic greedy,True,10,21.32410049438477,118.79165100000051,19
110445_3.tex,non stop heuristic greedy,True,12,30.516764402389526,124.07020846799958,36
110461_3.tex,non stop heuristic greedy,True,7,16.766016483306885,72.46678943999976,36
110501_2.tex,non stop heuristic greedy,True,9,19.543734788894653,99.61644080000026,19
110554_1.tex,non stop heuristic greedy,True,19,54.61557340621948,277.64533199075,38
110658_3.tex,non stop heuristic greedy,True,20,45.25637197494507,281.58348334199974,45
110669_1.tex,non stop heuristic greedy,True,4,10.705486536026,40.59961797999996,35
110682_3.tex,non stop heuristic greedy,True,18,45.39804768562317,251.22622346199984,44
110694_3.tex,non stop heuristic greedy,True,10,22.83296084403992,108.02403689114988,34
110735_1.tex,non stop heuristic greedy,True,11,26.947211742401123,143.73024595000052,20
110789_1.tex,non stop heuristic greedy,True,9,25.757668495178223,97.04184804388848,33
111019_1.tex,non stop heuristic greedy,False,11,30.742764949798584,129.25245187125037,42
111128_2.tex,non stop heuristic greedy,True,32,76.0690701007843,586.8442391881263,60
111158_2.tex,non stop heuristic greedy,True,14,31.05570149421692,207.4201192875002,30
111199_1.tex,non stop heuristic greedy,True,30,71.07136821746826,465.1436233760005,59
111212_1.tex,non stop heuristic greedy,True,9,20.359805583953857,93.50207951999992,32
111263_2.tex,non stop heuristic greedy,True,14,36.75786852836609,212.9088969000004,29
111273_1.tex,non stop heuristic greedy,True,7,16.83413529396057,75.22957310000011,23
111306_2.tex,non stop heuristic greedy,True,8,19.402634143829346,91.05399838399984,20
111342_2.tex,non stop heuristic greedy,True,5,12.756263494491575,50.07243711999992,31
111416_1.tex,non stop heuristic greedy,True,9,24.77995705604553,102.10493072800035,31
111546_1.tex,non stop heuristic greedy,True,14,39.09768843650818,146.35884561365594,58
111584_3.tex,non stop heuristic greedy,True,16,40.41429543495178,216.2917661,33
111625_3.tex,non stop heuristic greedy,True,11,27.606769323349,124.88403853600042,42
111639_2.tex,non stop heuristic greedy,True,5,12.157119274139404,50.599695399999874,31
111687_2.tex,non stop heuristic greedy,False,4,10.88083553314209,42.33603040000003,25
111693_2.tex,non stop heuristic greedy,True,12,29.39168190956116,148.48149432999998,30
111695_3.tex,non stop heuristic greedy,False,9,22.78077507019043,96.9659625999999,24
111702_2.tex,non stop heuristic greedy,True,12,27.427221059799194,133.2489640799998,40
111708_2.tex,non stop heuristic greedy,True,13,29.32790517807007,155.00436629300015,27
111709_3.tex,non stop heuristic greedy,True,7,15.152634382247925,71.43791828000013,26
111723_3.tex,non stop heuristic greedy,False,12,29.71590781211853,131.66880363200028,38
111730_1.tex,non stop heuristic greedy,True,15,34.76827359199524,182.93184669199985,42
111757_3.tex,non stop heuristic greedy,False,12,31.57051110267639,139.2497574563999,36
111763_1.tex,non stop heuristic greedy,False,16,44.045153856277466,180.558824746,64
111775_2.tex,non stop heuristic greedy,True,5,13.875735998153688,51.403961599999775,42
112011_1.tex,non stop heuristic greedy,False,9,25.60425901412964,100.23435730000024,23
112015_2.tex,non stop heuristic greedy,True,14,33.16232419013977,197.3656710000003,17
112054_2.tex,non stop heuristic greedy,True,11,27.486051082611084,126.868748524,28
112067_3.tex,non stop heuristic greedy,True,3,7.159585237503052,30.525201938980096,25
112101_2.tex,non stop heuristic greedy,True,9,22.65416669845581,117.36925534332504,29
112120_2.tex,non stop heuristic greedy,False,5,13.617767333984377,53.83075429999986,22
112137_1.tex,non stop heuristic greedy,False,2,6.798720121383667,21.18440736000008,21
112142_3.tex,non stop heuristic greedy,True,9,20.106735229492188,105.82376320919984,26
116192_1.tex,non stop heuristic greedy,True,12,31.94478392601013,132.19928042558968,45
116193_2.tex,non stop heuristic greedy,True,6,13.098939418792725,61.211279631999886,30
116248_3.tex,non stop heuristic greedy,True,8,17.3581326007843,92.08468177390866,22
116275_3.tex,non stop heuristic greedy,True,2,3.566023349761963,20.574994532000044,28
116339_1.tex,non stop heuristic greedy,True,9,21.991227626800537,108.1881276000013,18
116377_3.tex,non stop heuristic greedy,True,9,18.990678787231445,103.26033024000064,40
116392_3.tex,non stop heuristic greedy,True,9,19.493523597717285,98.64350276399988,36
116393_3.tex,non stop heuristic greedy,True,7,15.112082242965698,75.19130962999998,28
116402_3.tex,non stop heuristic greedy,True,5,12.720195770263672,51.14718598000014,32
116416_3.tex,non stop heuristic greedy,True,2,4.0282628536224365,20.0,23
116474_3.tex,non stop heuristic greedy,True,9,20.09468650817871,93.61110211082782,39
116494_3.tex,non stop heuristic greedy,True,3,27.214100122451782,30.57345000069995,25
116508_2.tex,non stop heuristic greedy,True,23,50.253220319747925,283.9431497235783,45
116570_2.tex,non stop heuristic greedy,True,6,13.099872589111328,61.7428279999999,40
116570_3.tex,non stop heuristic greedy,True,7,15.052502393722534,71.84037160000014,37
116608_3.tex,non stop heuristic greedy,True,30,63.71122860908508,604.9829307807502,57
116610_1.tex,non stop heuristic greedy,True,2,3.860344409942627,20.01439665999999,35
116627_2.tex,non stop heuristic greedy,True,33,73.17099905014038,607.7537137040003,74
116711_2.tex,non stop heuristic greedy,True,3,6.062885522842407,30.01,12
116804_2.tex,non stop heuristic greedy,True,3,5.381358861923218,30.017053119999908,8
116816_3.tex,non stop heuristic greedy,True,10,19.94406580924988,113.34018571999984,21
116863_1.tex,non stop heuristic greedy,True,11,21.97691011428833,143.36081680000007,18
116888_3.tex,non stop heuristic greedy,True,3,5.402395486831665,30.02,15
116911_1.tex,non stop heuristic greedy,True,3,5.751226425170898,30.01,9
116930_2.tex,non stop heuristic greedy,True,9,19.05503344535828,98.1338402936781,24
116952_2.tex,non stop heuristic greedy,True,15,32.32341933250427,155.6640163936559,40
116986_3.tex,non stop heuristic greedy,True,13,26.737407207489014,158.02626439999972,19
117024_3.tex,non stop heuristic greedy,True,4,7.895742416381836,40.02,23
117025_2.tex,non stop heuristic greedy,False,31,72.3725483417511,661.6273637880788,55
117034_1.tex,non stop heuristic greedy,True,4,7.911871194839477,40.43693585999995,19
117102_1.tex,non stop heuristic greedy,True,7,13.200531005859377,79.23620918125002,17
117104_1.tex,non stop heuristic greedy,True,2,3.4008591175079346,20.52319999999999,17
117123_2.tex,non stop heuristic greedy,False,8,20.11420154571533,82.15958689999977,28
117159_2.tex,non stop heuristic greedy,False,7,16.654069185256958,73.65883568719997,31
117168_2.tex,non stop heuristic greedy,True,7,14.472907304763794,77.5842332790001,30
117310_1.tex,non stop heuristic greedy,True,9,19.662278413772583,165.59226180000093,12
117317_1.tex,non stop heuristic greedy,True,2,3.433058977127075,20.01,9
117367_3.tex,non stop heuristic greedy,True,12,25.56847381591797,136.09409042399997,36
117377_1.tex,non stop heuristic greedy,True,7,16.463921546936035,72.62376520682797,25
117377_2.tex,non stop heuristic greedy,True,16,36.22799134254456,171.94419625140551,38
117476_3.tex,non stop heuristic greedy,True,11,23.393901348114014,124.55901416799992,27
117491_3.tex,non stop heuristic greedy,True,7,15.23073935508728,77.85970317533013,26
117540_2.tex,non stop heuristic greedy,True,11,33.65984511375427,129.71617038399972,23
117564_3.tex,non stop heuristic greedy,False,17,39.52096462249756,202.5592229948287,35
117573_1.tex,non stop heuristic greedy,True,1,1.990506887435913,10.024808127200004,27
117620_1.tex,non stop heuristic greedy,True,9,16.8870632648468,111.59581460000004,20
117673_3.tex,non stop heuristic greedy,True,12,24.725541591644287,144.34430156350007,27
117718_3.tex,non stop heuristic greedy,True,8,18.32862329483032,85.13778517499998,40
117755_1.tex,non stop heuristic greedy,True,10,23.156716346740723,238.32381539375163,19
117884_3.tex,non stop heuristic greedy,True,9,18.700393438339237,98.4306809839999,29
117917_3.tex,non stop heuristic greedy,False,8,20.86349582672119,93.98080722800007,25
117949_1.tex,non stop heuristic greedy,True,14,29.238065481185917,152.13047860000063,26
117983_3.tex,non stop heuristic greedy,True,7,14.835691452026367,91.745957728,17
118068_2.tex,non stop heuristic greedy,True,12,25.7100088596344,140.25222910000008,28
118085_1.tex,non stop heuristic greedy,True,8,17.835546493530273,83.97835694560014,27
118094_3.tex,non stop heuristic greedy,True,15,36.44908404350281,169.14777856134538,37
118190_1.tex,non stop heuristic greedy,True,3,6.346252679824829,30.39497907999987,20
118201_2.tex,non stop heuristic greedy,True,1,2.070237159729004,10.0,18
118213_3.tex,non stop heuristic greedy,False,7,17.84208369255066,78.02261732599985,35
118229_2.tex,non stop heuristic greedy,True,23,50.98405933380127,350.4829457027,47
118293_3.tex,non stop heuristic greedy,True,11,23.846996545791622,121.5007039750009,24
118388_2.tex,non stop heuristic greedy,True,1,1.3688082695007324,10.0,4
118424_3.tex,non stop heuristic greedy,False,9,22.43856239318848,93.46993762044984,24
118441_2.tex,non stop heuristic greedy,False,7,16.38360834121704,76.11406994911411,18
118471_3.tex,non stop heuristic greedy,True,6,14.539515972137451,60.13347569999975,33
118498_2.tex,non stop heuristic greedy,True,10,19.86640882492065,149.30494047500017,13
118531_3.tex,non stop heuristic greedy,True,1,1.83333158493042,10.01,14
118560_2.tex,non stop heuristic greedy,True,11,24.568084001541138,123.05460162799992,33
118571_1.tex,non stop heuristic greedy,True,3,6.445316553115845,30.04717027999994,31
118581_2.tex,non stop heuristic greedy,True,10,21.76950025558472,124.26083334332544,32
118713_3.tex,non stop heuristic greedy,False,7,17.015878915786743,77.34931850000066,22
118762_3.tex,non stop heuristic greedy,True,21,44.01752018928528,270.52018507950083,40
118781_3.tex,non stop heuristic greedy,True,23,48.81794762611389,313.07448153399935,44
118864_3.tex,non stop heuristic greedy,False,5,14.163522720336914,50.15042400000006,18
118960_3.tex,non stop heuristic greedy,True,10,23.388240575790405,118.162430324828,23
118989_1.tex,non stop heuristic greedy,True,17,40.75802302360535,190.99391004358995,39
119035_3.tex,non stop heuristic greedy,True,2,3.463544607162476,20.01,17
119058_3.tex,non stop heuristic greedy,True,9,19.500972270965576,101.77789876159004,31
119102_1.tex,non stop heuristic greedy,True,14,31.804291009902958,184.8432329497504,27
119134_2.tex,non stop heuristic greedy,True,5,9.54020857810974,51.79515880000007,12
119153_3.tex,non stop heuristic greedy,False,6,15.10255217552185,64.58591075000055,24
119175_2.tex,non stop heuristic greedy,True,4,7.9405837059021,41.53473324000002,21
119200_2.tex,non stop heuristic greedy,False,9,21.606301307678223,91.81445453999986,33
119208_3.tex,non stop heuristic greedy,False,14,34.40136408805847,146.45529273365614,42
119228_1.tex,non stop heuristic greedy,False,11,26.80140328407288,119.8708433459998,40
119259_1.tex,non stop heuristic greedy,True,4,9.130776643753052,40.655719500000046,26
119265_1.tex,non stop heuristic greedy,False,19,42.80074620246887,276.8513950000004,45
119284_3.tex,non stop heuristic greedy,False,9,21.971767902374268,105.80714066200017,34
119292_2.tex,non stop heuristic greedy,False,4,11.216325283050535,43.47878692199994,26
119399_2.tex,non stop heuristic greedy,True,13,30.89984369277954,140.07010380099217,33
119425_1.tex,non stop heuristic greedy,True,15,36.29334616661072,166.66189674100048,44
119498_1.tex,non stop heuristic greedy,True,11,24.656235218048096,120.15161862399977,27
119513_1.tex,non stop heuristic greedy,True,13,33.56097364425659,135.8850469680007,37
119515_1.tex,non stop heuristic greedy,False,7,19.97743272781372,70.7810864999999,34
119547_3.tex,non stop heuristic greedy,True,8,27.17819857597351,81.28238954882782,39
119608_2.tex,non stop heuristic greedy,True,7,23.34984517097473,73.79167682799994,24
119630_3.tex,non stop heuristic greedy,False,8,20.28206777572632,82.13275453999985,32
119638_3.tex,non stop heuristic greedy,True,2,3.97307014465332,20.07705880000003,18
119645_3.tex,non stop heuristic greedy,True,11,26.494017362594604,113.298103690828,38
119734_2.tex,non stop heuristic greedy,True,12,26.77733373641968,142.40462820919973,40
119740_1.tex,non stop heuristic greedy,True,12,24.567991495132446,175.22114583100006,22
119774_3.tex,non stop heuristic greedy,False,9,21.30032610893249,102.37451869999995,24
119875_2.tex,non stop heuristic greedy,False,17,45.177225828170776,206.9618646932957,59
119948_2.tex,non stop heuristic greedy,True,7,16.397589206695557,75.11394956999997,21
120007_1.tex,non stop heuristic greedy,True,11,26.48949122428894,142.50696890000089,30
120020_3.tex,non stop heuristic greedy,True,9,19.006877183914185,138.3898695000004,23
120056_3.tex,non stop heuristic greedy,True,7,14.737069845199583,70.7356174199999,26
120076_3.tex,non stop heuristic greedy,True,17,39.77734994888306,221.476496466,51
120087_3.tex,non stop heuristic greedy,True,10,24.66948914527893,113.117179632,29
120141_1.tex,non stop heuristic greedy,True,7,14.510201692581177,77.88933498399999,18
120215_2.tex,non stop heuristic greedy,True,2,4.173433542251587,20.03798030000001,19
120254_2.tex,non stop heuristic greedy,True,3,6.1708314418792725,30.01,12
120275_2.tex,non stop heuristic greedy,True,24,58.08045768737793,356.62000524999667,52
120323_3.tex,non stop heuristic greedy,True,9,19.388402700424194,97.64493710000004,22
120329_3.tex,non stop heuristic greedy,False,10,23.237605810165405,107.3696813000002,35
120371_1.tex,non stop heuristic greedy,True,4,9.347000122070312,40.36145546000003,30
120402_1.tex,non stop heuristic greedy,False,20,48.281543254852295,291.6577112970253,51
120483_3.tex,non stop heuristic greedy,True,16,38.46110510826111,171.34183618400033,33
120490_3.tex,non stop heuristic greedy,True,8,17.620078325271606,86.88259074399996,24
120657_3.tex,non stop heuristic greedy,True,9,20.50525212287903,113.29347160000005,18
120690_2.tex,non stop heuristic greedy,True,10,22.23109483718872,105.6423916479998,32
120744_2.tex,non stop heuristic greedy,True,10,19.563583612442017,129.98927820000014,21
120767_1.tex,non stop heuristic greedy,True,2,3.8191869258880615,20.861140940000094,19
120802_2.tex,non stop heuristic greedy,True,9,19.41728782653809,93.633296594828,21
120848_1.tex,non stop heuristic greedy,False,18,45.14296627044678,254.23787718399973,44
120866_1.tex,non stop heuristic greedy,True,4,8.532113552093506,40.71675880000006,18
120872_3.tex,non stop heuristic greedy,True,7,14.368595600128174,76.44806050000051,28
120919_3.tex,non stop heuristic greedy,True,18,40.39168405532837,226.5495738072501,55
120950_3.tex,non stop heuristic greedy,True,21,46.593583822250366,278.08049152700016,51
120951_3.tex,non stop heuristic greedy,True,3,6.335538625717163,30.00679968000009,41
120954_3.tex,non stop heuristic greedy,True,18,40.71005368232727,207.69844190200016,57
121060_1.tex,non stop heuristic greedy,True,6,13.556934833526611,61.14864732799997,22
121145_2.tex,non stop heuristic greedy,True,5,10.151161670684814,50.104874239999845,26
121207_2.tex,non stop heuristic greedy,True,9,18.33398413658142,104.4604977000008,31
121213_3.tex,non stop heuristic greedy,True,9,18.16231775283813,94.91604104799995,26
121225_2.tex,non stop heuristic greedy,True,7,15.38843274116516,71.12462800000006,22
121238_3.tex,non stop heuristic greedy,True,4,8.947707891464233,40.57144769999993,27
121282_2.tex,non stop heuristic greedy,True,20,43.26559066772461,278.78875983650016,43
121305_2.tex,non stop heuristic greedy,True,4,8.128876209259033,45.60138959999995,20
121306_3.tex,non stop heuristic greedy,True,8,16.059762954711914,89.10017455000073,18
121307_1.tex,non stop heuristic greedy,True,8,16.399956464767456,92.92604609999992,29
121346_3.tex,non stop heuristic greedy,False,8,20.858274221420288,84.86755479,43
121407_1.tex,non stop heuristic greedy,False,5,12.674402475357056,56.02756750000009,22
121423_3.tex,non stop heuristic greedy,True,4,7.979978084564209,40.3430719,28
121424_1.tex,non stop heuristic greedy,True,16,30.693197011947632,186.5398982875004,35
121456_3.tex,non stop heuristic greedy,False,13,29.998926639556885,154.26869185899977,36
121478_1.tex,non stop heuristic greedy,True,20,41.306408166885376,255.48386443900037,45
121488_3.tex,non stop heuristic greedy,False,3,9.346015214920044,30.080919942400044,34
121642_2.tex,non stop heuristic greedy,True,18,39.06913113594055,302.492642825001,41
121643_1.tex,non stop heuristic greedy,True,1,2.0505683422088623,10.01,16
121651_3.tex,non stop heuristic greedy,True,10,33.12281799316406,108.8866321124063,34
121653_2.tex,non stop heuristic greedy,True,8,18.706812858581543,87.94245019199991,27
121687_3.tex,non stop heuristic greedy,True,2,4.009830474853516,20.00705311999991,22
121713_1.tex,non stop heuristic greedy,False,27,73.12633323669434,339.74961969065725,61
121726_3.tex,non stop heuristic greedy,True,7,14.280148267745972,110.3064272099999,16
121751_1.tex,non stop heuristic greedy,True,10,19.543309450149536,107.4063267000006,19
121790_3.tex,non stop heuristic greedy,True,15,33.02940487861633,175.01290957999984,36
121793_1.tex,non stop heuristic greedy,True,18,40.13426423072815,207.5423796760028,45
121819_3.tex,non stop heuristic greedy,True,13,29.29655861854553,169.5224624433253,43
121892_2.tex,non stop heuristic greedy,True,16,34.34001135826111,214.56856437060543,38
121937_2.tex,non stop heuristic greedy,True,14,30.178248405456543,177.04131149999995,37
121946_2.tex,non stop heuristic greedy,True,17,54.12335896492005,192.7079550250001,35
121995_3.tex,non stop heuristic greedy,True,9,18.7107253074646,98.82937263400048,38
122034_3.tex,non stop heuristic greedy,True,13,27.58374118804932,139.34033045099972,44
122039_1.tex,non stop heuristic greedy,False,7,19.582337379455566,71.10167182239985,45
122074_1.tex,non stop heuristic greedy,True,10,24.76010060310364,121.22230655000116,30
122120_3.tex,non stop heuristic greedy,True,9,20.940669536590576,108.28844200173523,20
122163_3.tex,non stop heuristic greedy,True,10,21.48124647140503,108.54115075,18
122179_2.tex,non stop heuristic greedy,True,8,18.459877252578732,88.60586059999994,25
122201_3.tex,non stop heuristic greedy,True,12,27.6557457447052,130.19709164799983,36
122203_2.tex,non stop heuristic greedy,True,13,30.55693864822388,140.74650439800038,28
122412_1.tex,non stop heuristic greedy,True,11,22.95409655570984,122.95093450300008,26
122425_3.tex,non stop heuristic greedy,True,5,9.574254989624023,50.71315845999989,27
122453_1.tex,non stop heuristic greedy,True,8,16.476220846176147,82.51178428000016,35
122496_2.tex,non stop heuristic greedy,True,8,16.812496185302734,87.22289160000008,36
122563_3.tex,non stop heuristic greedy,True,27,63.988489627838135,395.2625316794317,60
122601_2.tex,non stop heuristic greedy,True,13,29.662303924560547,169.83941670000087,24
122629_2.tex,non stop heuristic greedy,True,12,40.99575138092041,140.47704062800094,31
122701_1.tex,non stop heuristic greedy,True,13,27.444382905960083,159.6543088500007,30
122753_1.tex,non stop heuristic greedy,True,11,35.682268142700195,120.28402306799993,36
122803_1.tex,non stop heuristic greedy,True,9,31.296224117279053,104.08924969999995,23
122920_1.tex,non stop heuristic greedy,True,17,37.41830706596375,227.7592792000005,38
122941_1.tex,non stop heuristic greedy,True,8,15.878770351409912,81.31142780000019,30
122952_3.tex,non stop heuristic greedy,True,11,24.71112561225891,115.265474510828,35
122969_2.tex,non stop heuristic greedy,False,13,31.07004737854004,141.39218204200003,50
122977_3.tex,non stop heuristic greedy,True,5,10.647244691848757,51.42510943882799,31
122995_3.tex,non stop heuristic greedy,True,6,14.74473261833191,61.15402471000003,44
123107_2.tex,non stop heuristic greedy,True,36,92.10994696617126,550.24373236,79
123107_3.tex,non stop heuristic greedy,True,39,107.67273449897766,568.0802721457501,77
123153_2.tex,non stop heuristic greedy,True,5,11.555569171905518,52.245515200000014,15
123285_3.tex,non stop heuristic greedy,True,10,21.664320707321167,113.52898202400009,30
123306_1.tex,non stop heuristic greedy,False,10,26.651641845703125,110.68465548493243,25
123352_3.tex,non stop heuristic greedy,True,8,19.207270622253414,113.13397700000088,13
123362_3.tex,non stop heuristic greedy,True,3,6.100510358810425,30.02,11
123370_1.tex,non stop heuristic greedy,True,9,18.461665153503414,102.73595480000064,18
123379_2.tex,non stop heuristic greedy,True,7,13.804630279541016,77.91588958399997,18
123424_1.tex,non stop heuristic greedy,True,19,43.66457509994507,226.85938886598444,46
123438_1.tex,non stop heuristic greedy,True,25,60.20953416824341,323.66132287145086,62
123465_1.tex,non stop heuristic greedy,True,5,10.42584753036499,51.056399999999975,19
112152_3.tex,non stop heuristic greedy,True,5,10.076401710510254,50.81295681999992,31
112164_1.tex,non stop heuristic greedy,True,11,24.48664927482605,118.52619878682783,33
112215_1.tex,non stop heuristic greedy,True,1,1.801807403564453,10.0,9
112218_2.tex,non stop heuristic greedy,True,3,6.734021663665772,30.66475880000003,18
112312_1.tex,non stop heuristic greedy,False,15,37.69662046432495,189.42867166625,57
112487_3.tex,non stop heuristic greedy,True,6,15.131594181060793,66.16500791863552,16
112643_1.tex,non stop heuristic greedy,True,16,47.70380353927612,186.02460079669515,43
112645_1.tex,non stop heuristic greedy,False,11,23.145145654678345,133.44297579000008,24
112658_2.tex,non stop heuristic greedy,True,2,3.568474769592285,20.01,12
112705_1.tex,non stop heuristic greedy,True,2,3.783304691314697,20.01535905000003,27
112723_2.tex,non stop heuristic greedy,True,7,19.02169919013977,71.63653390260015,38
112768_2.tex,non stop heuristic greedy,True,10,24.240256547927856,109.49164269999991,30
112834_3.tex,non stop heuristic greedy,False,38,96.92924618721008,2202.3507452109807,66
112855_3.tex,non stop heuristic greedy,False,11,29.9804470539093,120.31732348460793,50
112883_3.tex,non stop heuristic greedy,True,12,31.899664402008057,197.54334810000103,20
112927_1.tex,non stop heuristic greedy,True,23,69.89519047737122,267.44419724424216,74
113048_3.tex,non stop heuristic greedy,True,11,30.282625675201416,124.40238752959004,39
113091_3.tex,non stop heuristic greedy,True,13,29.200248956680294,174.52456940000002,27
113144_3.tex,non stop heuristic greedy,True,7,16.464203119277954,79.30286450260486,25
113194_3.tex,non stop heuristic greedy,True,5,9.223412036895752,55.14233332500005,16
113251_2.tex,non stop heuristic greedy,True,7,15.125020265579224,76.19908823169993,28
113284_2.tex,non stop heuristic greedy,False,17,43.19948863983154,204.89623172299991,52
113295_3.tex,non stop heuristic greedy,True,6,12.510544776916504,62.232780300000016,25
113297_1.tex,non stop heuristic greedy,True,5,9.356456518173218,52.352744710000096,24
113323_3.tex,non stop heuristic greedy,True,6,13.318495750427246,69.50651665500027,26
113339_3.tex,non stop heuristic greedy,True,23,50.44646310806274,355.758063632,43
113392_2.tex,non stop heuristic greedy,True,7,16.683635711669922,79.04025123619978,42
113398_1.tex,non stop heuristic greedy,False,22,58.494675636291504,286.4824321400002,66
113435_3.tex,non stop heuristic greedy,True,8,19.73337697982788,86.53519130000016,34
113481_1.tex,non stop heuristic greedy,True,12,28.17141532897949,134.58352201747817,38
113531_3.tex,non stop heuristic greedy,True,16,39.51692652702332,247.04876167500012,32
113592_3.tex,non stop heuristic greedy,True,14,32.0591413974762,182.83898088626623,29
113600_2.tex,non stop heuristic greedy,True,5,14.043200254440308,51.45418689999981,31
113634_1.tex,non stop heuristic greedy,True,15,32.92905926704407,205.76663507499995,31
113667_2.tex,non stop heuristic greedy,True,7,15.84490442276001,72.93731079599995,23
113683_3.tex,non stop heuristic greedy,True,3,6.396552801132202,31.39616117199999,20
113747_1.tex,non stop heuristic greedy,True,8,17.432356357574463,81.86056060000003,27
113748_2.tex,non stop heuristic greedy,True,5,9.59578776359558,50.8362379,28
113787_2.tex,non stop heuristic greedy,False,7,18.284393072128296,79.81424758200087,28
113806_2.tex,non stop heuristic greedy,True,20,46.39147353172302,309.0316569309998,42
113808_2.tex,non stop heuristic greedy,True,8,19.04727792739868,82.17273895599986,27
113843_3.tex,non stop heuristic greedy,True,6,15.200899362564089,62.00213910000007,20
113896_2.tex,non stop heuristic greedy,True,16,36.09117078781128,181.1277651295005,42
114067_3.tex,non stop heuristic greedy,True,14,37.23764777183533,162.2868194749999,38
114073_3.tex,non stop heuristic greedy,True,16,36.38047790527344,221.60974715000052,30
114132_1.tex,non stop heuristic greedy,True,9,20.96391177177429,99.1513761195898,37
114258_1.tex,non stop heuristic greedy,True,10,23.86788845062256,102.92556991082806,44
114293_3.tex,non stop heuristic greedy,True,13,27.652241468429565,160.8435956312509,38
114311_2.tex,non stop heuristic greedy,True,11,26.808761596679688,134.54955322799992,34
114322_3.tex,non stop heuristic greedy,True,6,11.964630126953123,61.09464769999992,30
114325_1.tex,non stop heuristic greedy,True,8,16.85759472846985,96.34367985148062,34
114327_2.tex,non stop heuristic greedy,True,11,23.10733962059021,119.47103500374996,33
114350_3.tex,non stop heuristic greedy,True,8,18.820714712142944,82.26889520000012,40
114389_1.tex,non stop heuristic greedy,False,7,17.1687228679657,76.72280648749995,24
114406_2.tex,non stop heuristic greedy,True,4,7.861718416213989,41.01103910000003,26
114531_3.tex,non stop heuristic greedy,True,10,24.045547008514404,106.26352931388848,28
114541_3.tex,non stop heuristic greedy,True,12,30.20019030570984,131.10202718400012,38
114606_3.tex,non stop heuristic greedy,True,14,34.93768095970154,189.6281928000006,36
114633_3.tex,non stop heuristic greedy,True,10,21.92057943344116,109.749330615643,25
114643_3.tex,non stop heuristic greedy,True,7,17.078899383544922,75.82692307799974,27
114660_2.tex,non stop heuristic greedy,True,8,16.881202697753906,84.6603284933319,30
114731_3.tex,non stop heuristic greedy,True,5,10.684585571289062,52.0175602500002,28
114755_1.tex,non stop heuristic greedy,True,6,13.738565683364868,62.00059837199989,33
114779_1.tex,non stop heuristic greedy,True,14,41.467917919158936,146.87816606882768,52
114828_1.tex,non stop heuristic greedy,True,10,22.43651413917541,106.02890670000004,32
114962_3.tex,non stop heuristic greedy,True,9,20.673470735549927,106.30369404000088,31
115113_1.tex,non stop heuristic greedy,True,3,7.499334812164307,30.0793358499999,26
115127_1.tex,non stop heuristic greedy,True,10,27.10914945602417,104.33227750499198,43
115158_1.tex,non stop heuristic greedy,True,9,22.480613946914676,100.21053990000014,31
115181_3.tex,non stop heuristic greedy,True,9,22.140399932861328,104.66547807599991,26
115185_3.tex,non stop heuristic greedy,False,9,26.102134704589844,101.19682196158992,29
115197_2.tex,non stop heuristic greedy,True,4,9.34577989578247,40.05824769999994,27
115294_1.tex,non stop heuristic greedy,True,6,14.553022623062134,61.22035231999994,28
115369_1.tex,non stop heuristic greedy,True,9,19.1746027469635,95.05657844999976,26
115400_2.tex,non stop heuristic greedy,True,14,35.03816342353821,166.06652975299988,35
115553_2.tex,non stop heuristic greedy,True,3,6.941006898880005,30.014522879999845,42
115655_3.tex,non stop heuristic greedy,True,5,11.763041973114014,52.57833502399984,24
115661_2.tex,non stop heuristic greedy,True,3,6.50394082069397,30.01,29
115737_3.tex,non stop heuristic greedy,True,8,21.36277318000793,86.63659590682798,23
115798_1.tex,non stop heuristic greedy,True,6,13.041128396987917,66.5051395000003,15
115810_2.tex,non stop heuristic greedy,True,12,29.70155692100525,125.05945389999988,45
115818_2.tex,non stop heuristic greedy,False,6,17.724067449569702,65.3238096500001,22
115835_3.tex,non stop heuristic greedy,True,13,34.12757468223572,159.0671670240347,37
116002_3.tex,non stop heuristic greedy,True,4,8.63897967338562,41.92674245999993,26
116013_2.tex,non stop heuristic greedy,True,9,21.031033515930176,108.81939934000026,34
116038_1.tex,non stop heuristic greedy,True,1,1.6829261779785156,10.48824551016001,12
116057_3.tex,non stop heuristic greedy,True,19,44.52532267570496,257.8971925332001,58
123559_2.tex,non stop heuristic greedy,True,14,31.702454805374146,215.0305624,25
123580_1.tex,non stop heuristic greedy,True,9,18.828101634979248,109.18010845000086,28
123758_1.tex,non stop heuristic greedy,True,13,33.279648542404175,153.45204381600078,32
123766_2.tex,non stop heuristic greedy,True,3,6.242978811264038,30.01,22
123788_1.tex,non stop heuristic greedy,True,7,15.345161199569702,155.6346592000002,19
123791_2.tex,non stop heuristic greedy,True,8,16.646183729171753,89.33015520000082,20
123792_2.tex,non stop heuristic greedy,True,8,17.309618949890137,85.31697990000085,17
123810_1.tex,non stop heuristic greedy,True,5,10.415564060211182,50.97477050500007,19
123812_2.tex,non stop heuristic greedy,True,9,32.32821011543274,115.38451183000484,17
123838_2.tex,non stop heuristic greedy,True,10,22.61783194541931,112.4527364280001,27
123917_1.tex,non stop heuristic greedy,True,13,29.58289670944214,187.20836798399995,25
123958_3.tex,non stop heuristic greedy,True,10,23.507715225219727,101.2564679200002,52
124016_1.tex,non stop heuristic greedy,True,8,16.62592387199402,105.09574385000111,27
124017_3.tex,non stop heuristic greedy,True,10,22.17013454437256,125.0570622000004,31
124121_3.tex,non stop heuristic greedy,True,13,28.293437719345093,152.60203471875096,36
124149_2.tex,non stop heuristic greedy,True,36,83.1274778842926,579.8910394920001,63
124153_3.tex,non stop heuristic greedy,False,9,21.75186014175415,103.52697748350016,36
124178_2.tex,non stop heuristic greedy,False,15,37.000346183776855,181.42509085749995,42
124190_1.tex,non stop heuristic greedy,True,12,29.6541645526886,133.29713434400017,45
124190_3.tex,non stop heuristic greedy,True,10,21.082638263702396,106.33349225599989,37
124264_2.tex,non stop heuristic greedy,True,11,25.64105105400085,127.02079828399958,25
124297_3.tex,non stop heuristic greedy,False,13,31.087170124053955,568.7889892622503,26
124379_1.tex,non stop heuristic greedy,True,12,29.140989065170288,146.45037282082947,29
124413_1.tex,non stop heuristic greedy,True,6,14.334457874298096,61.12301205300001,30
124469_1.tex,non stop heuristic greedy,True,6,15.690690517425535,61.81732913882791,34
124481_3.tex,non stop heuristic greedy,True,7,15.32779598236084,75.25414024000061,26
124491_3.tex,non stop heuristic greedy,True,7,16.078185081481934,81.35850029904,21
124496_2.tex,non stop heuristic greedy,True,9,21.007134437561035,95.254099449984,43
124539_1.tex,non stop heuristic greedy,True,14,33.48207473754883,170.51718460000063,27
124558_2.tex,non stop heuristic greedy,False,6,15.109078407287598,72.43315404999994,31
124704_2.tex,non stop heuristic greedy,True,4,8.918087720870972,40.59969539999999,30
124704_3.tex,non stop heuristic greedy,True,6,13.756011009216309,61.12885717999998,29
124716_2.tex,non stop heuristic greedy,True,24,54.65667033195496,339.6539822339994,52
124730_2.tex,non stop heuristic greedy,False,4,12.959044694900513,41.54080004999979,41
124807_3.tex,non stop heuristic greedy,True,14,33.28039336204529,156.1983327600039,37
124872_2.tex,non stop heuristic greedy,True,3,5.64973783493042,30.02,6
124929_3.tex,non stop heuristic greedy,False,13,36.06205463409424,143.71073604899993,37
124998_3.tex,non stop heuristic greedy,True,10,23.53738832473755,116.97873838199996,29
125019_2.tex,non stop heuristic greedy,True,9,21.207862377166748,92.07508225882808,33
125077_1.tex,non stop heuristic greedy,True,12,26.54907178878784,128.45964800000007,23
125092_1.tex,non stop heuristic greedy,True,7,16.56314206123352,71.38708450000013,20
125113_1.tex,non stop heuristic greedy,True,7,16.198723077774048,71.7578279999999,27
125210_1.tex,non stop heuristic greedy,True,21,45.48132276535034,351.785043803,30
125241_2.tex,non stop heuristic greedy,True,15,35.911701917648315,177.87165300600043,47
125381_3.tex,non stop heuristic greedy,True,6,16.3854923248291,61.37475845600024,29
125430_3.tex,non stop heuristic greedy,True,5,11.43502640724182,56.22812798833184,20
125474_3.tex,non stop heuristic greedy,True,1,2.273767232894897,10.0,23
125494_3.tex,non stop heuristic greedy,True,5,12.258465766906738,50.05824769999994,37
125499_1.tex,non stop heuristic greedy,True,10,22.68696904182434,109.96592499999998,21
125515_1.tex,non stop heuristic greedy,True,7,14.500760078430176,78.42817320000005,16
125576_2.tex,non stop heuristic greedy,True,10,22.806791067123413,105.6348777729921,43
125577_2.tex,non stop heuristic greedy,True,2,3.8708884716033936,20.081785209999964,21
125604_2.tex,non stop heuristic greedy,False,5,11.320228815078735,55.48791519999993,14
125608_2.tex,non stop heuristic greedy,True,9,18.979024648666385,102.78370250000008,25
125636_3.tex,non stop heuristic greedy,True,8,17.363950967788696,101.73585325000104,25
125670_2.tex,non stop heuristic greedy,True,7,26.90684008598328,78.68794935147977,41
125680_1.tex,non stop heuristic greedy,True,7,16.6598162651062,71.6952676840001,33
125707_2.tex,non stop heuristic greedy,True,18,44.79251909255981,202.93402507125003,69
125720_1.tex,non stop heuristic greedy,True,25,56.53996229171753,385.7665632312495,41
125819_1.tex,non stop heuristic greedy,True,14,33.06202697753906,164.67959255200017,49
125880_3.tex,non stop heuristic greedy,True,8,17.645358562469482,88.01240597599995,21
125891_1.tex,non stop heuristic greedy,True,6,14.946783304214478,61.29518427199994,26
125914_1.tex,non stop heuristic greedy,True,9,21.043538331985477,96.94360452799988,31
125918_2.tex,non stop heuristic greedy,True,8,19.17929005622864,83.08494195499192,33
125963_1.tex,non stop heuristic greedy,True,12,30.59923100471497,142.5380416000011,32
125995_3.tex,non stop heuristic greedy,True,8,28.372823476791385,82.5738002990002,26
126107_2.tex,non stop heuristic greedy,True,14,33.17125654220581,182.83239961500053,39
126119_3.tex,non stop heuristic greedy,True,8,21.34500741958618,81.66059409999984,41
126181_1.tex,non stop heuristic greedy,True,3,6.114685535430908,30.56144769999993,24
126197_1.tex,non stop heuristic greedy,True,12,28.920644521713257,154.34384248999987,38
126231_2.tex,non stop heuristic greedy,False,10,29.05337429046631,105.69487848533008,35
126242_2.tex,non stop heuristic greedy,True,26,62.370317220687866,355.14037556499983,65
126286_2.tex,non stop heuristic greedy,False,10,25.2507004737854,105.62612829999988,35
126314_3.tex,non stop heuristic greedy,True,19,42.42487978935242,240.48527516349992,46
126324_3.tex,non stop heuristic greedy,True,16,34.03506946563721,215.99700951199983,35
126452_3.tex,non stop heuristic greedy,True,15,37.87338542938232,185.2830994160953,35
126558_3.tex,non stop heuristic greedy,False,8,21.072116136550903,85.1659259999999,31
126564_2.tex,non stop heuristic greedy,True,1,1.6058430671691897,10.0,25
126574_1.tex,non stop heuristic greedy,True,8,19.37199091911316,86.5961872466355,28
126614_1.tex,non stop heuristic greedy,False,5,13.259289026260376,52.124416798898935,13
126671_3.tex,non stop heuristic greedy,True,16,39.69398808479309,166.11297418165603,42
126685_3.tex,non stop heuristic greedy,True,7,12.240663766860962,81.63758565000002,17
126778_3.tex,non stop heuristic greedy,True,19,42.62767267227173,252.6916310080009,57
126784_2.tex,non stop heuristic greedy,True,32,71.21522402763367,583.1517169927497,53
126815_2.tex,non stop heuristic greedy,True,6,13.662938356399536,62.41960879999996,27
126822_3.tex,non stop heuristic greedy,False,4,11.559236526489258,53.402192700000185,16
126837_2.tex,non stop heuristic greedy,True,4,8.57088565826416,41.76583193999992,25
126886_2.tex,non stop heuristic greedy,True,28,70.52126121520996,416.5670145489997,59
126891_3.tex,non stop heuristic greedy,False,15,38.75980639457703,172.2104189300003,54
126989_2.tex,non stop heuristic greedy,True,12,29.944701671600345,133.9641495590002,32
126996_1.tex,non stop heuristic greedy,True,8,19.410971879959103,85.54949276799985,24
126997_2.tex,non stop heuristic greedy,True,6,13.526678562164308,60.12687424000013,26
127002_3.tex,non stop heuristic greedy,True,4,10.868961334228516,40.07243711999992,28
127004_2.tex,non stop heuristic greedy,True,11,27.271047830581665,286.1193253747501,23
127021_3.tex,non stop heuristic greedy,True,11,23.9293429851532,135.89525119999996,23
127066_3.tex,non stop heuristic greedy,True,14,32.83784055709839,186.46956206600024,30
127072_3.tex,non stop heuristic greedy,True,13,29.35426449775696,147.0897830561499,28
127076_2.tex,non stop heuristic greedy,True,9,20.91220211982727,98.2300160186356,27
127092_3.tex,non stop heuristic greedy,True,10,23.16434121131897,115.44829438999984,35
127130_1.tex,non stop heuristic greedy,True,9,19.792806386947632,106.05906040000004,25
127132_3.tex,non stop heuristic greedy,True,14,30.55937623977661,205.1738909000005,24
127150_3.tex,non stop heuristic greedy,True,11,26.23963189125061,117.73770510000016,35
127214_3.tex,non stop heuristic greedy,True,9,20.79987406730652,101.01322936200064,36
127274_2.tex,non stop heuristic greedy,True,4,10.167813301086426,40.04824769999994,23
127275_3.tex,non stop heuristic greedy,True,15,37.9474687576294,163.6320725068279,46
127309_1.tex,non stop heuristic greedy,False,26,64.89735126495361,390.2562147870005,55
127330_3.tex,non stop heuristic greedy,True,8,19.193471908569336,81.0323067099999,43
127370_1.tex,non stop heuristic greedy,True,15,33.21608805656433,184.44868937800052,31
127391_2.tex,non stop heuristic greedy,True,5,11.615015983581545,51.19410349999984,41
127562_1.tex,non stop heuristic greedy,True,10,24.237521171569824,118.42217510000069,22
127612_3.tex,non stop heuristic greedy,True,10,34.21705722808838,110.52312159900016,30
127613_2.tex,non stop heuristic greedy,True,14,34.4587938785553,148.83314852682864,36
127630_1.tex,non stop heuristic greedy,True,8,20.903051137924194,84.96665489000048,34
127675_3.tex,non stop heuristic greedy,True,8,19.659176111221317,87.39190625000202,27
127744_3.tex,non stop heuristic greedy,True,5,13.079060554504396,50.60969539999976,39
127748_1.tex,non stop heuristic greedy,True,14,39.66017866134644,145.907510874829,45
127778_3.tex,non stop heuristic greedy,True,10,23.307992696762085,104.96286940000006,25
127846_2.tex,non stop heuristic greedy,True,6,14.269171714782717,61.12870524700009,30
127849_1.tex,non stop heuristic greedy,True,10,25.158461809158325,113.43928116200006,37
127866_1.tex,non stop heuristic greedy,False,12,33.723854780197144,130.21492960409998,52
127871_2.tex,non stop heuristic greedy,False,24,67.43529295921326,323.5139355943997,71
127896_2.tex,non stop heuristic greedy,False,6,17.13219380378723,64.31714253125003,34
127923_3.tex,non stop heuristic greedy,True,1,1.655487060546875,10.01714015040011,24
127939_1.tex,non stop heuristic greedy,True,21,50.6979558467865,284.1836600140002,57
128070_1.tex,non stop heuristic greedy,True,15,38.20996284484863,163.50634761665566,51
128221_3.tex,non stop heuristic greedy,True,6,13.17858910560608,61.06639999999997,17
128242_3.tex,non stop heuristic greedy,True,9,20.19733238220215,107.0603293319998,21
128326_1.tex,non stop heuristic greedy,True,18,39.89020395278931,249.8350994750001,41
128328_3.tex,non stop heuristic greedy,True,15,31.865319967269897,206.150480675,24
128349_3.tex,non stop heuristic greedy,True,17,38.893879413604736,246.48582510102804,40
128368_1.tex,non stop heuristic greedy,True,21,46.30097889900208,296.9027201774999,48
128416_2.tex,non stop heuristic greedy,True,4,7.687874794006348,41.050165525,16
128421_2.tex,non stop heuristic greedy,True,5,9.771201610565186,51.5217272000001,18
128424_3.tex,non stop heuristic greedy,False,10,22.22392725944519,117.19473379999978,33
128441_2.tex,non stop heuristic greedy,False,1,3.916025876998901,10.0,23
128458_2.tex,non stop heuristic greedy,True,4,8.322994232177734,40.90558088000013,28
128482_2.tex,non stop heuristic greedy,False,13,32.62326693534851,139.35414694125,43
128511_2.tex,non stop heuristic greedy,True,13,31.6413836479187,146.40933856024984,57
128518_3.tex,non stop heuristic greedy,True,9,22.70956659317017,94.40602675499984,47
128576_2.tex,non stop heuristic greedy,True,7,17.491544008255005,73.10879880500089,26
128590_2.tex,non stop heuristic greedy,True,2,4.001056432723999,20.0,26
128711_2.tex,non stop heuristic greedy,True,4,8.881345987319946,41.20323111599996,28
128720_2.tex,non stop heuristic greedy,True,12,29.480042457580566,129.7274644659838,40
128722_2.tex,non stop heuristic greedy,True,8,18.200196743011475,87.02792232063548,26
128726_1.tex,non stop heuristic greedy,False,5,14.638111352920532,50.99635865599996,30
128758_1.tex,non stop heuristic greedy,True,9,20.706885814666748,98.09713644999994,38
128777_3.tex,non stop heuristic greedy,True,6,12.957781076431274,63.84454986499222,22
128796_2.tex,non stop heuristic greedy,True,5,11.78025722503662,50.05824769999994,39
128816_2.tex,non stop heuristic greedy,True,8,20.192599296569824,85.8911300701919,32
128826_3.tex,non stop heuristic greedy,True,11,28.55402493476868,126.22510193100022,29
128835_3.tex,non stop heuristic greedy,True,4,10.041655540466309,40.703375448700015,34
128892_3.tex,non stop heuristic greedy,True,11,26.45996117591858,119.329569278,33
128946_2.tex,non stop heuristic greedy,True,33,78.79719972610474,557.5850350840001,65
128987_3.tex,non stop heuristic greedy,False,13,30.23802781105041,155.81310760000002,43
129006_1.tex,non stop heuristic greedy,True,1,2.0726239681243896,10.0,25
129020_1.tex,non stop heuristic greedy,True,31,71.85979390144348,446.578494889,64
129273_1.tex,non stop heuristic greedy,True,13,30.47230362892151,153.26621488000023,46
129289_1.tex,non stop heuristic greedy,True,4,7.696359872817993,40.01,18
129300_1.tex,non stop heuristic greedy,True,12,26.24483370780945,132.07210440000034,32
129313_2.tex,non stop heuristic greedy,True,4,7.597307443618774,40.71015962800002,19
129325_2.tex,non stop heuristic greedy,True,6,13.55691385269165,61.785627999999896,30
129347_1.tex,non stop heuristic greedy,True,11,26.20184564590454,120.1128045051998,45
129388_2.tex,non stop heuristic greedy,True,4,8.708270072937012,40.64418029999997,15
129443_2.tex,non stop heuristic greedy,True,14,32.808602809906006,184.97741043759976,35
129450_2.tex,non stop heuristic greedy,True,13,31.301311016082764,141.21765735375007,46
129473_2.tex,non stop heuristic greedy,True,7,17.758495807647705,71.59935570999998,45
129481_3.tex,non stop heuristic greedy,False,12,31.687467336654663,130.65482648800008,47
129489_3.tex,non stop heuristic greedy,True,30,80.43686175346375,424.39573922450063,73
129580_1.tex,non stop heuristic greedy,False,12,32.82576274871826,130.6466556019999,44
129664_3.tex,non stop heuristic greedy,True,8,19.10359525680542,85.9448496329364,22
129692_2.tex,non stop heuristic greedy,True,9,24.110546588897705,97.38127883899966,33
129693_1.tex,non stop heuristic greedy,True,8,20.277373552322388,89.25277168209004,28
129737_1.tex,non stop heuristic greedy,False,5,13.870221853256226,56.655407599999975,14
129739_3.tex,non stop heuristic greedy,True,5,10.856055974960327,51.72851520000002,15
129755_1.tex,non stop heuristic greedy,True,11,27.01122283935547,123.75978790152588,24
130022_1.tex,non stop heuristic greedy,True,6,13.346524953842165,62.351740480000345,29
130030_1.tex,non stop heuristic greedy,False,9,24.002498388290405,95.05723539999984,33
130043_1.tex,non stop heuristic greedy,True,17,41.81571936607361,223.9988471999999,36
130051_2.tex,non stop heuristic greedy,True,5,11.260648727416992,53.19571240000028,31
130079_3.tex,non stop heuristic greedy,True,8,17.6680588722229,88.89074323999988,32
130094_2.tex,non stop heuristic greedy,False,8,20.155186653137207,84.18021446000002,28
130109_3.tex,non stop heuristic greedy,True,7,15.52662754058838,78.16574761199976,32
130244_2.tex,non stop heuristic greedy,True,6,15.974401950836182,60.13938944000007,35
130270_1.tex,non stop heuristic greedy,True,9,21.70489764213562,141.87194408125052,17
130331_2.tex,non stop heuristic greedy,True,7,17.159586191177368,74.74882880499185,35
130334_3.tex,non stop heuristic greedy,False,7,22.410240411758423,70.48319794999986,29
130357_2.tex,non stop heuristic greedy,True,11,22.591185569763184,127.1487921999999,20
130439_3.tex,non stop heuristic greedy,True,3,6.805518865585327,30.07641797999997,30
130488_3.tex,non stop heuristic greedy,True,6,12.866282224655151,61.06639999999997,17
130511_3.tex,non stop heuristic greedy,False,7,16.658623218536377,72.31776044000003,20
130594_3.tex,non stop heuristic greedy,False,4,12.16716742515564,46.03359835000085,21
130596_3.tex,non stop heuristic greedy,True,22,47.025063276290894,328.87449029375006,38
130635_1.tex,non stop heuristic greedy,True,24,54.65587878227234,340.1359570560004,60
130712_1.tex,non stop heuristic greedy,True,8,17.955705404281616,90.2506108000003,23
130758_1.tex,non stop heuristic greedy,True,10,23.92005681991577,104.40137692773676,29
130760_3.tex,non stop heuristic greedy,True,10,34.311569690704346,123.6317971985897,34
130848_2.tex,non stop heuristic greedy,True,11,24.3416268825531,120.59186884800016,36
130849_2.tex,non stop heuristic greedy,True,5,11.063048601150513,50.58144769999993,26
130858_2.tex,non stop heuristic greedy,True,12,29.860726356506348,130.92510320682914,32
130886_3.tex,non stop heuristic greedy,True,8,20.597652196884155,82.86252323882803,32
131027_3.tex,non stop heuristic greedy,False,8,19.548592805862427,89.56904109999994,37
131030_2.tex,non stop heuristic greedy,False,7,19.25963807106018,74.30687279999995,23
131099_1.tex,non stop heuristic greedy,True,5,11.84462285041809,50.88418851999985,36
131112_2.tex,non stop heuristic greedy,False,10,22.49548649787903,119.03244509999992,24
131172_1.tex,non stop heuristic greedy,False,10,24.354799270629883,108.3673538759998,36
131174_1.tex,non stop heuristic greedy,True,10,20.650513648986816,109.8679154559999,37
131182_3.tex,non stop heuristic greedy,True,21,46.68538284301758,279.11830445975,55
131187_2.tex,non stop heuristic greedy,False,12,32.10649394989014,132.32393486575015,48
131324_2.tex,non stop heuristic greedy,True,9,21.740005016326904,98.00886026399984,33
131407_2.tex,non stop heuristic greedy,True,10,24.21121406555176,116.23813208499992,32
131462_3.tex,non stop heuristic greedy,True,7,14.944332599639893,76.78732690000008,16
131537_3.tex,non stop heuristic greedy,True,5,11.179245233535768,51.11664677999998,27
131621_2.tex,non stop heuristic greedy,True,8,20.145229816436768,81.75099828000003,38
131648_2.tex,non stop heuristic greedy,True,13,30.198605060577396,135.5430596300002,39
131720_3.tex,non stop heuristic greedy,False,13,31.364781379699707,136.59887627500012,38
131730_3.tex,non stop heuristic greedy,True,10,24.795528411865234,103.7484354388279,41
131732_1.tex,non stop heuristic greedy,True,25,57.84657025337219,373.1326179620004,45
131816_3.tex,non stop heuristic greedy,True,9,23.061131238937374,94.63864020499992,36
131835_3.tex,non stop heuristic greedy,True,11,26.223052501678467,119.09247147793596,30
131860_3.tex,non stop heuristic greedy,True,12,29.553718328475952,131.12577813899935,32
131939_1.tex,non stop heuristic greedy,False,17,45.685792684555054,216.8637931454997,38
131993_2.tex,non stop heuristic greedy,True,11,25.252336263656616,129.26387940000103,40
131994_1.tex,non stop heuristic greedy,True,6,13.164377450942991,63.38745430000004,20
132048_2.tex,non stop heuristic greedy,True,10,21.54595971107483,110.84943527599984,35
132066_3.tex,non stop heuristic greedy,True,11,26.427493572235107,114.97272402349984,36
132119_2.tex,non stop heuristic greedy,True,5,10.686408042907717,51.569599999999966,24
132150_3.tex,non stop heuristic greedy,False,8,22.14815592765808,93.21660594000028,30
132180_2.tex,non stop heuristic greedy,True,12,27.95661449432373,131.7576583239997,40
132213_2.tex,non stop heuristic greedy,True,9,19.883395195007324,99.58081485000042,21
132220_1.tex,non stop heuristic greedy,True,11,23.729392766952515,131.20929150499995,38
132378_1.tex,non stop heuristic greedy,True,11,28.80462217330933,124.99158146675715,39
132378_3.tex,non stop heuristic greedy,False,7,20.756237030029297,72.61441279999968,32
132442_3.tex,non stop heuristic greedy,True,13,35.36314296722412,153.80926310000035,29
132505_3.tex,non stop heuristic greedy,True,4,9.503583669662476,42.68582201200003,31
132527_2.tex,non stop heuristic greedy,True,8,19.182690143585205,85.56656599999997,20
132543_1.tex,non stop heuristic greedy,True,11,24.08333539962769,130.54091660000034,28
132550_1.tex,non stop heuristic greedy,True,9,18.27191686630249,130.33872465000044,25
132566_2.tex,non stop heuristic greedy,False,9,23.591766119003296,102.48630822799996,31
132571_3.tex,non stop heuristic greedy,True,16,52.45171737670898,186.27322586800017,44
132587_3.tex,non stop heuristic greedy,True,5,11.813601970672607,51.20177695999999,27
132610_1.tex,non stop heuristic greedy,True,11,27.06701135635376,112.89911471082816,51
132714_2.tex,non stop heuristic greedy,True,7,17.41100788116455,73.60005382033353,37
132751_1.tex,non stop heuristic greedy,True,4,8.683248281478882,40.52319999999999,23
132775_2.tex,non stop heuristic greedy,True,10,22.316012382507324,105.60956974999992,41
132780_1.tex,non stop heuristic greedy,True,8,18.70545506477356,95.6493223399998,31
132825_2.tex,non stop heuristic greedy,True,25,72.91573810577393,337.9192545007502,73
132873_3.tex,non stop heuristic greedy,True,10,22.60686016082764,109.9117896000004,21
132903_3.tex,non stop heuristic greedy,True,8,19.948579788208008,83.12305774000012,34
133041_2.tex,non stop heuristic greedy,True,2,4.118016004562378,20.01,21
133065_3.tex,non stop heuristic greedy,False,6,16.78437638282776,64.55543010000001,19
133073_1.tex,non stop heuristic greedy,True,6,13.589176177978516,65.51709775000012,24
133078_1.tex,non stop heuristic greedy,True,5,12.160156726837158,54.22489550000004,14
133106_2.tex,non stop heuristic greedy,True,11,45.69322800636292,122.21625018399988,29
133108_2.tex,non stop heuristic greedy,True,10,25.05431652069092,114.104775222,25
133200_2.tex,non stop heuristic greedy,True,15,31.502038717269897,207.62183843399987,37
133229_2.tex,non stop heuristic greedy,True,12,31.370876789093018,136.97492672060557,37
133259_2.tex,non stop heuristic greedy,True,29,68.22731161117554,473.23541341400016,58
133275_1.tex,non stop heuristic greedy,False,6,15.627898454666138,61.56754789999985,19
133368_1.tex,non stop heuristic greedy,True,11,25.43256378173828,115.78539780999996,40
133377_3.tex,non stop heuristic greedy,True,5,13.620931148529053,51.48205899999988,44
133431_3.tex,non stop heuristic greedy,True,9,22.13709187507629,104.11364056999992,23
133462_3.tex,non stop heuristic greedy,True,4,10.3950674533844,41.12193130000014,28
133472_3.tex,non stop heuristic greedy,True,10,24.956387042999268,109.79475403165596,37
133509_3.tex,non stop heuristic greedy,True,4,8.127196788787842,40.53319999999999,14
133527_2.tex,non stop heuristic greedy,True,16,35.48204684257507,212.97180562399967,34
133534_3.tex,non stop heuristic greedy,True,10,24.64091682434082,144.6055229759997,37
133537_3.tex,non stop heuristic greedy,True,18,40.40679979324341,202.69024889899995,43
133544_2.tex,non stop heuristic greedy,True,8,17.188331842422485,91.63105341599986,27
133588_1.tex,non stop heuristic greedy,True,5,12.179439067840576,50.06515058000004,47
133590_1.tex,non stop heuristic greedy,True,14,35.92756485939026,145.5151070240015,52
133667_3.tex,non stop heuristic greedy,True,8,17.814403772354126,94.97244691500067,33
133708_1.tex,non stop heuristic greedy,True,9,17.660034656524658,116.98739790000006,18
133739_1.tex,non stop heuristic greedy,True,7,14.39020013809204,71.77019275000038,36
133769_3.tex,non stop heuristic greedy,True,13,30.0003445148468,152.5329603206997,41
133787_1.tex,non stop heuristic greedy,True,18,43.73724055290222,273.225657055,42
133806_3.tex,non stop heuristic greedy,True,22,53.50404143333435,307.99384321700046,53
133912_3.tex,non stop heuristic greedy,True,20,48.98698711395264,273.10789885999964,60
134012_1.tex,non stop heuristic greedy,True,13,32.71068286895752,142.44472079999997,40
134037_1.tex,non stop heuristic greedy,True,12,27.274750471115112,144.50014299999992,30
134064_3.tex,non stop heuristic greedy,True,4,8.979994535446167,40.78445353999994,18
134066_1.tex,non stop heuristic greedy,True,9,20.985790967941284,112.30864477999988,31
134156_3.tex,non stop heuristic greedy,True,11,25.35482382774353,141.0491876000005,31
134159_1.tex,non stop heuristic greedy,True,9,19.060189247131348,98.95068480000018,27
134193_1.tex,non stop heuristic greedy,True,10,23.87635397911072,103.916370202828,39
134208_3.tex,non stop heuristic greedy,True,8,17.311655282974243,83.91445104799996,39
134222_1.tex,non stop heuristic greedy,True,6,14.70439338684082,60.74959828000001,38
134235_1.tex,non stop heuristic greedy,True,12,28.756505727767944,145.90949911200084,46
134258_2.tex,non stop heuristic greedy,False,6,16.68163251876831,63.44103750000007,28
134262_1.tex,non stop heuristic greedy,True,11,25.696794033050537,122.33374190000048,24
134288_3.tex,non stop heuristic greedy,True,9,21.476604223251343,93.26057081882804,31
134379_2.tex,non stop heuristic greedy,True,16,34.20549774169922,175.7595254,43
134434_3.tex,non stop heuristic greedy,True,7,16.380083322525024,71.12873935000007,33
134552_1.tex,non stop heuristic greedy,True,2,5.21574330329895,20.047579519999893,27
134622_1.tex,non stop heuristic greedy,True,11,27.89051079750061,126.5007503877729,27
134650_3.tex,non stop heuristic greedy,True,16,40.45315074920654,210.38480453208817,40
134661_2.tex,non stop heuristic greedy,False,10,28.16315340995789,105.73250095599994,38
134712_1.tex,non stop heuristic greedy,False,11,25.527716398239136,125.26943292893635,34
134760_2.tex,non stop heuristic greedy,True,2,4.321731805801392,20.01,31
134791_3.tex,non stop heuristic greedy,True,8,17.046025276184082,91.11518159999994,25
134867_2.tex,non stop heuristic greedy,True,10,22.37919306755066,117.21407843000011,34
134912_2.tex,non stop heuristic greedy,True,7,15.006370067596436,82.0033170000003,26
134922_1.tex,non stop heuristic greedy,True,5,10.57952046394348,51.55739015999998,29
134965_3.tex,non stop heuristic greedy,True,3,6.365850448608398,30.37255880000004,25
134971_1.tex,non stop heuristic greedy,True,21,51.161946296691895,278.27239383,52
134972_2.tex,non stop heuristic greedy,True,11,24.4178946018219,127.95294437999998,34
135132_2.tex,non stop heuristic greedy,True,11,25.182646989822388,129.87441160000162,32
135195_1.tex,non stop heuristic greedy,True,2,4.6022937297821045,20.01,24
135199_1.tex,non stop heuristic greedy,True,8,20.266459703445435,84.60317132799992,31
135213_2.tex,non stop heuristic greedy,True,12,39.44517397880554,147.27778858921073,39
135301_1.tex,non stop heuristic greedy,True,8,19.415266513824463,80.68850115999989,50
135320_2.tex,non stop heuristic greedy,True,13,33.59473943710327,145.40143988566382,44
135343_2.tex,non stop heuristic greedy,True,7,16.256431579589844,72.84698325000008,31
135361_2.tex,non stop heuristic greedy,True,14,32.291930198669434,173.19412902799996,38
135366_3.tex,non stop heuristic greedy,True,11,24.53972601890564,151.09873320300008,27
135408_3.tex,non stop heuristic greedy,True,19,50.13461351394653,213.931088074828,58
135409_1.tex,non stop heuristic greedy,False,15,38.65989375114441,179.80830914900025,42
135429_2.tex,non stop heuristic greedy,False,24,66.76558709144592,318.46884707467035,72
135454_3.tex,non stop heuristic greedy,True,10,23.819151878356934,113.3992320000008,26
135529_3.tex,non stop heuristic greedy,True,9,22.865549325942997,105.57462287199984,49
135599_2.tex,non stop heuristic greedy,True,2,4.419327735900879,20.01,28
135726_3.tex,non stop heuristic greedy,True,13,31.081017017364506,146.84321614099989,43
135738_3.tex,non stop heuristic greedy,True,11,26.51369571685791,119.59135422849997,36
135811_2.tex,non stop heuristic greedy,True,17,38.57453107833862,194.3125000328276,45
135852_3.tex,non stop heuristic greedy,True,17,41.307857036590576,221.31352173700083,48
135867_2.tex,non stop heuristic greedy,True,13,30.494943857192997,162.79655909999974,36
135868_1.tex,non stop heuristic greedy,True,10,20.780341148376465,117.57489780000002,24
135933_3.tex,non stop heuristic greedy,True,36,89.23976230621338,671.0957304803184,83
135937_3.tex,non stop heuristic greedy,True,7,16.028353691101074,71.53822464700013,34
135947_2.tex,non stop heuristic greedy,True,8,17.207798719406128,82.56265047374991,38
135969_2.tex,non stop heuristic greedy,False,13,33.49404740333557,144.78411292700036,50
136013_1.tex,non stop heuristic greedy,False,11,26.758866548538208,119.27570064999982,35
136062_3.tex,non stop heuristic greedy,False,8,23.99972343444824,83.95189087999981,40
136138_2.tex,non stop heuristic greedy,True,5,13.220592498779297,51.67312175739898,20
136223_3.tex,non stop heuristic greedy,True,9,20.776846647262573,115.83150900000078,18
136248_1.tex,non stop heuristic greedy,True,11,26.25401258468628,165.08173367600045,18
136253_1.tex,non stop heuristic greedy,True,5,11.056772708892822,50.508179327999976,12
136278_3.tex,non stop heuristic greedy,True,10,22.490379333496094,110.16957922400007,30
136315_2.tex,non stop heuristic greedy,True,3,6.216139554977417,30.01,19
136337_2.tex,non stop heuristic greedy,False,10,25.046497106552124,114.932242015,29
136393_1.tex,non stop heuristic greedy,True,9,21.51568841934204,92.85196605982794,36
136413_1.tex,non stop heuristic greedy,True,5,9.998924732208252,52.62243660000004,19
136448_3.tex,non stop heuristic greedy,True,5,11.619025468826294,58.317711780219454,13
136454_3.tex,non stop heuristic greedy,True,3,6.74536919593811,30.01,21
136463_3.tex,non stop heuristic greedy,True,12,30.03743290901184,170.3512815150001,28
136501_2.tex,non stop heuristic greedy,False,12,33.98022246360779,132.21381057774977,38
136543_3.tex,non stop heuristic greedy,True,13,30.34076952934265,160.32841379999985,29
136580_1.tex,non stop heuristic greedy,True,23,53.11869287490845,309.3844143419999,58
136608_3.tex,non stop heuristic greedy,True,6,13.095152378082275,60.85931510750005,26
136685_1.tex,non stop heuristic greedy,True,10,23.59562087059021,107.98626934800004,28
136713_1.tex,non stop heuristic greedy,True,1,2.2953121662139893,10.01,17
136801_3.tex,non stop heuristic greedy,True,10,23.618064403533936,109.765443384,24
136940_2.tex,non stop heuristic greedy,True,12,28.05675172805786,139.35648947494516,37
136999_1.tex,non stop heuristic greedy,False,3,8.43809700012207,32.40753324,19
137002_1.tex,non stop heuristic greedy,False,5,13.10565996170044,54.10661164000005,17
137014_2.tex,non stop heuristic greedy,True,2,3.7907791137695312,20.015359049999915,21
137231_3.tex,non stop heuristic greedy,True,16,40.32728362083435,215.32129694730432,37
137254_1.tex,non stop heuristic greedy,True,9,21.05807209014893,96.10751181299246,34
137301_3.tex,non stop heuristic greedy,True,10,24.334078550338745,128.16016980000057,28
137322_2.tex,non stop heuristic greedy,True,4,9.622165441513062,40.06243711999992,15
137337_1.tex,non stop heuristic greedy,True,2,4.345734596252441,20.0,18
137371_3.tex,non stop heuristic greedy,True,11,28.00130772590637,146.14822984332548,31
137382_3.tex,non stop heuristic greedy,True,12,26.104705810546875,176.35566910000023,23
137386_2.tex,non stop heuristic greedy,True,6,12.836337327957152,61.275801599999824,20
137408_3.tex,non stop heuristic greedy,True,10,22.48640251159668,119.25968899999988,19
137423_2.tex,non stop heuristic greedy,True,16,39.50471305847168,196.25841706282768,30
137454_1.tex,non stop heuristic greedy,True,7,18.834222316741943,77.98543889904006,28
137487_3.tex,non stop heuristic greedy,True,2,4.0497353076934814,20.0,12
137493_2.tex,non stop heuristic greedy,True,15,37.7520911693573,196.7123495999997,33
137515_1.tex,non stop heuristic greedy,True,6,12.811444520950316,63.663739699999965,21
137540_2.tex,non stop heuristic greedy,False,5,14.302207946777344,52.51732594000005,24
137557_3.tex,non stop heuristic greedy,True,8,18.12642216682434,82.36877683882784,30
137617_2.tex,non stop heuristic greedy,True,6,12.981971502304075,76.3699320499999,29
137734_3.tex,non stop heuristic greedy,True,8,20.93653702735901,96.42727890000016,17
137782_2.tex,non stop heuristic greedy,True,9,22.37090802192688,94.18006905914896,19
138038_3.tex,non stop heuristic greedy,True,8,17.791062355041504,82.60915879999999,20
138092_2.tex,non stop heuristic greedy,True,2,4.064531326293945,20.547998488700003,18
138165_2.tex,non stop heuristic greedy,True,1,2.1745269298553467,10.0,24
138208_1.tex,non stop heuristic greedy,True,8,18.82741403579712,81.78607570000001,35
138294_2.tex,non stop heuristic greedy,True,12,31.47609806060791,163.08701210636957,26
138324_3.tex,non stop heuristic greedy,True,10,25.062109231948853,103.70905871889885,25
138334_1.tex,non stop heuristic greedy,True,12,30.324012994766235,135.53815702400047,30
138376_1.tex,non stop heuristic greedy,True,6,14.210573434829712,60.54319999999999,12
138393_2.tex,non stop heuristic greedy,False,4,12.460612297058104,40.61372194499988,20
138418_1.tex,non stop heuristic greedy,True,12,31.32641363143921,130.7674983068281,27
138437_2.tex,non stop heuristic greedy,True,10,26.13080906867981,103.54772861365596,31
138503_2.tex,non stop heuristic greedy,True,3,6.381401538848877,31.97212595199993,13
138522_2.tex,non stop heuristic greedy,True,13,32.6343412399292,142.04443767482826,42
138531_2.tex,non stop heuristic greedy,True,8,20.491004467010494,86.37073895600005,28
138618_3.tex,non stop heuristic greedy,True,1,1.8071441650390625,10.0,14
138654_3.tex,non stop heuristic greedy,True,18,44.499391317367554,244.20160810500084,33
138758_1.tex,non stop heuristic greedy,True,25,57.2644157409668,358.5463560739998,48
138819_1.tex,non stop heuristic greedy,False,5,14.428793668746948,51.13808900500002,16
138854_3.tex,non stop heuristic greedy,False,5,14.894064664840698,51.75778321695972,21
138866_3.tex,non stop heuristic greedy,True,11,24.934930086135864,118.22041258399994,32
138874_2.tex,non stop heuristic greedy,True,4,8.77925157546997,40.99866702799999,16
138875_1.tex,non stop heuristic greedy,True,13,31.53429102897644,147.51572060614978,39
139015_2.tex,non stop heuristic greedy,True,6,12.56771731376648,65.81714020000007,22
139024_1.tex,non stop heuristic greedy,True,4,19.142251014709476,41.186380300000025,20
139061_1.tex,non stop heuristic greedy,True,1,1.7555210590362549,10.0,15
139063_3.tex,non stop heuristic greedy,True,1,1.6487390995025637,10.0,20
139073_3.tex,non stop heuristic greedy,True,4,9.545510053634644,40.03817028000003,32
139080_2.tex,non stop heuristic greedy,False,11,29.139911890029907,131.7031962279999,32
139101_2.tex,non stop heuristic greedy,True,5,11.552979946136476,50.975150910000096,40
139160_3.tex,non stop heuristic greedy,True,4,8.031331300735474,40.49738746,25
139308_1.tex,non stop heuristic greedy,False,10,27.407196044921875,113.16305046199956,50
139365_3.tex,non stop heuristic greedy,True,8,20.568695545196533,86.33557807214507,24
139458_3.tex,non stop heuristic greedy,True,2,3.626108169555664,20.01,11
139555_3.tex,non stop heuristic greedy,True,5,10.874163150787354,50.88698030000001,13
139737_1.tex,non stop heuristic greedy,True,11,27.519413709640503,117.86860162575088,45
139750_2.tex,non stop heuristic greedy,True,14,35.7785484790802,152.24330889750004,48
139769_3.tex,non stop heuristic greedy,False,6,15.617214679718018,67.70267114999996,32
139821_2.tex,non stop heuristic greedy,False,14,34.86787414550781,156.1902245759998,49
139914_1.tex,non stop heuristic greedy,False,2,8.320082664489746,20.108672789999908,20
139961_3.tex,non stop heuristic greedy,True,6,15.646796703338625,60.819099418827946,35
139983_3.tex,non stop heuristic greedy,True,13,31.678861379623413,146.7596171750001,21
139989_2.tex,non stop heuristic greedy,True,2,3.99338173866272,20.0,16
140003_2.tex,non stop heuristic greedy,True,6,14.30100131034851,62.37957860000009,14
140044_3.tex,non stop heuristic greedy,True,14,33.25920915603638,198.6631510489997,31
140059_2.tex,non stop heuristic greedy,True,10,24.08845615386963,111.16551565600008,34
140093_2.tex,non stop heuristic greedy,True,14,33.58112668991089,174.14274370625054,25
140112_2.tex,non stop heuristic greedy,True,8,17.45978808403015,94.02038407599996,22
140181_3.tex,non stop heuristic greedy,True,10,25.081942319869995,105.91715910799974,44
140273_2.tex,non stop heuristic greedy,True,20,46.64715576171875,255.640795880287,46
140317_2.tex,non stop heuristic greedy,True,2,4.366911888122559,20.1553305649999,25
140391_3.tex,non stop heuristic greedy,True,23,59.70395612716675,308.7358210557498,64
140450_1.tex,non stop heuristic greedy,True,10,25.49360680580139,125.70954711800005,23
140453_3.tex,non stop heuristic greedy,True,9,21.107966899871823,94.2224743929921,28
140576_3.tex,non stop heuristic greedy,True,13,35.79173421859741,150.699918368,42
140586_1.tex,non stop heuristic greedy,False,6,17.19442057609558,61.97484468999983,25
140601_3.tex,non stop heuristic greedy,True,16,44.26357102394104,165.78676203265604,48
140611_1.tex,non stop heuristic greedy,True,10,24.142622470855716,106.72612667600065,36
140628_3.tex,non stop heuristic greedy,True,8,17.189236402511597,81.74636059999993,26
140633_2.tex,non stop heuristic greedy,True,11,26.91479110717773,142.25214880000107,29
140703_2.tex,non stop heuristic greedy,False,7,20.739850521087646,73.48015797999992,30
140703_3.tex,non stop heuristic greedy,False,7,20.634215354919437,74.45565043000033,39
140711_1.tex,non stop heuristic greedy,True,3,7.065085411071777,30.01535905000003,23
140729_1.tex,non stop heuristic greedy,True,10,22.337888479232788,112.4374172999996,24
140756_3.tex,non stop heuristic greedy,True,11,25.839503288269043,135.02058959999994,23
140814_1.tex,non stop heuristic greedy,False,10,27.99975204467773,116.14100276200035,46
140857_1.tex,non stop heuristic greedy,False,8,22.10202550888061,87.56793225000014,26
140862_2.tex,non stop heuristic greedy,True,5,11.164286851882936,50.71048910000012,29
140892_1.tex,non stop heuristic greedy,False,12,30.7445387840271,143.9598970259999,43
140911_3.tex,non stop heuristic greedy,True,17,38.99117064476013,190.48113628200025,59
141090_3.tex,non stop heuristic greedy,True,7,16.109658241271973,72.46080050499998,30
141092_1.tex,non stop heuristic greedy,True,8,19.35651183128357,82.37324301999999,29
141139_3.tex,non stop heuristic greedy,True,5,12.05863332748413,51.64429933200001,26
141152_3.tex,non stop heuristic greedy,False,26,84.67376160621643,321.43286936865724,58
141189_3.tex,non stop heuristic greedy,True,6,13.452783107757568,63.33134918125009,28
141277_1.tex,non stop heuristic greedy,True,5,10.618067502975464,50.36949015,19
141341_1.tex,non stop heuristic greedy,True,8,20.31848931312561,82.32262376599988,37
141355_2.tex,non stop heuristic greedy,True,10,23.58755826950073,116.94047713000027,36
141368_1.tex,non stop heuristic greedy,False,25,60.6060163974762,348.8122801965003,59
141373_2.tex,non stop heuristic greedy,False,8,17.746700286865234,87.54941929999973,24
141376_1.tex,non stop heuristic greedy,True,5,9.74433159828186,50.8041606,14
141405_2.tex,non stop heuristic greedy,True,6,12.208349466323853,63.20687770000018,28
141412_2.tex,non stop heuristic greedy,True,13,30.364351987838745,139.88984449482783,38
141429_3.tex,non stop heuristic greedy,False,10,26.48995018005371,105.09032258399974,38
141449_3.tex,non stop heuristic greedy,True,7,29.69033670425415,76.97883693000004,30
141470_2.tex,non stop heuristic greedy,False,9,24.108733654022217,94.35757362999982,41
141475_3.tex,non stop heuristic greedy,False,7,21.65103244781494,71.92433263000007,52
141551_3.tex,non stop heuristic greedy,True,14,38.66195797920227,156.84526504643975,41
141559_2.tex,non stop heuristic greedy,True,13,34.57419562339783,143.69170896008998,39
141626_1.tex,non stop heuristic greedy,True,7,14.618716478347778,84.0985097539998,20
141632_3.tex,non stop heuristic greedy,True,13,32.76775145530701,175.99889616158993,38
141659_1.tex,non stop heuristic greedy,True,6,13.939871788024902,71.8903647320007,25
141731_2.tex,non stop heuristic greedy,True,8,16.71639084815979,89.63804092500033,31
141781_2.tex,non stop heuristic greedy,True,3,6.016812086105347,30.01,34
141821_2.tex,non stop heuristic greedy,False,6,15.2107355594635,68.36933715000052,27
141836_2.tex,non stop heuristic greedy,False,3,8.258244514465332,30.90813266000015,28
141861_3.tex,non stop heuristic greedy,True,6,10.679717063903809,60.70438576000005,37
141919_3.tex,non stop heuristic greedy,True,8,15.594043254852297,87.44374779999995,26
141961_2.tex,non stop heuristic greedy,True,3,3.751041650772095,30.467656930900237,29
142003_3.tex,non stop heuristic greedy,True,21,44.53375720977783,277.62478446,61
142010_3.tex,non stop heuristic greedy,False,15,35.498770236968994,179.28897123199965,52
142018_1.tex,non stop heuristic greedy,True,19,43.54064607620239,236.850514786802,61
142085_2.tex,non stop heuristic greedy,True,12,26.975337505340576,133.27964604299962,30
142098_2.tex,non stop heuristic greedy,True,10,22.9734959602356,114.10761618890606,33
142125_1.tex,non stop heuristic greedy,True,11,21.96343231201172,121.55791592279368,32
142179_2.tex,non stop heuristic greedy,True,9,19.77826976776123,104.0061037029999,29
142221_2.tex,non stop heuristic greedy,True,12,24.78557848930359,124.05335812282806,49
142222_1.tex,non stop heuristic greedy,True,10,22.86006760597229,103.38031551882855,44
142232_3.tex,non stop heuristic greedy,True,8,18.42559170722961,88.11772932375001,29
142272_1.tex,non stop heuristic greedy,False,10,23.16871333122253,109.38003119799994,27
142275_3.tex,non stop heuristic greedy,True,6,14.946270227432253,61.08464770000003,29
142291_2.tex,non stop heuristic greedy,True,11,25.776307582855225,125.384832252605,34
142406_1.tex,non stop heuristic greedy,False,14,33.26280426979065,153.62186633575,45
142443_3.tex,non stop heuristic greedy,False,26,61.791869163513184,382.2367219020002,68
142453_1.tex,non stop heuristic greedy,True,13,23.089186668396,142.69259770000002,32
142515_2.tex,non stop heuristic greedy,False,14,36.47162866592407,162.56284140725026,51
142626_3.tex,non stop heuristic greedy,True,11,24.45434808731079,120.37879300114705,21
142661_3.tex,non stop heuristic greedy,True,3,5.959140062332153,30.01,20
142695_2.tex,non stop heuristic greedy,True,3,6.299628257751465,30.02,8
142878_3.tex,non stop heuristic greedy,False,27,62.146217346191406,369.348867905968,61
142906_3.tex,non stop heuristic greedy,False,9,22.910281896591187,97.40520260000078,24
142953_1.tex,non stop heuristic greedy,True,5,10.204339742660522,51.132831060000015,33
143134_1.tex,non stop heuristic greedy,False,6,14.162022113800049,61.32551519999994,12
143176_1.tex,non stop heuristic greedy,True,11,26.118529796600345,122.5811673925419,25
143181_1.tex,non stop heuristic greedy,False,6,17.049561500549316,60.42404743793728,30
143253_2.tex,non stop heuristic greedy,True,12,24.58828473091125,130.16532024799994,27
143264_1.tex,non stop heuristic greedy,True,5,10.415743112564089,50.16747551999993,35
143297_3.tex,non stop heuristic greedy,True,6,12.02274775505066,62.51393585599988,32
143310_2.tex,non stop heuristic greedy,True,19,49.26764369010925,226.1428812816563,45
143313_1.tex,non stop heuristic greedy,False,4,11.596139430999756,40.93983707600004,22
143313_2.tex,non stop heuristic greedy,True,11,24.587165355682373,139.47491508033397,36
143350_2.tex,non stop heuristic greedy,True,11,24.288299560546875,146.06182470000078,20
143378_2.tex,non stop heuristic greedy,True,11,24.57364654541016,120.45616506799976,40
143399_2.tex,non stop heuristic greedy,True,6,12.642432928085327,61.84657683882804,26
143403_1.tex,non stop heuristic greedy,True,5,12.9793438911438,50.04824769999994,34
143426_1.tex,non stop heuristic greedy,True,12,25.038465976715088,155.66077300000006,21
143454_1.tex,non stop heuristic greedy,True,13,32.31745100021362,209.20197960375071,25
143456_3.tex,non stop heuristic greedy,False,7,17.620747804641724,82.82176155000082,24
143466_2.tex,non stop heuristic greedy,True,4,9.299923658370972,40.56037028000006,21
143469_2.tex,non stop heuristic greedy,True,20,53.55748248100281,238.3866802868276,50
143513_1.tex,non stop heuristic greedy,True,7,17.49554753303528,72.20175577000033,35
143531_1.tex,non stop heuristic greedy,False,11,29.755248546600345,126.80208683199967,49
143542_1.tex,non stop heuristic greedy,True,2,3.6507279872894287,20.0285184,17
143559_3.tex,non stop heuristic greedy,True,32,73.34325504302979,521.26700535,47
143578_2.tex,non stop heuristic greedy,True,7,15.454108953475952,81.73542044000003,28
143737_3.tex,non stop heuristic greedy,True,10,23.03259754180908,101.8321331108281,39
143746_2.tex,non stop heuristic greedy,True,12,33.64730095863342,124.10906298632776,46
143764_2.tex,non stop heuristic greedy,True,11,24.56364226341248,150.69766200000086,21
143789_3.tex,non stop heuristic greedy,True,8,17.93578028678894,84.02408044799989,23
143790_2.tex,non stop heuristic greedy,True,10,24.195417642593384,139.77246231159,27
143836_3.tex,non stop heuristic greedy,True,10,24.202256202697757,108.55720040599984,29
143844_1.tex,non stop heuristic greedy,True,6,14.53853440284729,60.05824769999994,35
143905_2.tex,non stop heuristic greedy,True,9,20.836405038833615,93.1076400868279,25
143951_2.tex,non stop heuristic greedy,True,12,29.292556285858154,147.54175244475,38
143995_1.tex,non stop heuristic greedy,True,1,1.840395450592041,10.0,22
143996_2.tex,non stop heuristic greedy,False,7,18.606525182724,81.38421559999995,26
144045_2.tex,non stop heuristic greedy,False,7,18.892194986343384,74.22962528000004,24
144074_1.tex,non stop heuristic greedy,True,17,35.726179122924805,249.70532840000013,29
144094_1.tex,non stop heuristic greedy,True,11,24.100616931915283,116.08073225000032,39
144303_3.tex,non stop heuristic greedy,False,6,16.58465814590454,64.0176955,20
144389_2.tex,non stop heuristic greedy,True,6,17.501900911331177,60.61961797999996,41
144407_3.tex,non stop heuristic greedy,True,7,15.4629225730896,79.35415870000013,17
144422_1.tex,non stop heuristic greedy,False,9,22.216811895370483,99.3213496000001,24
144487_3.tex,non stop heuristic greedy,True,11,30.050846576690677,114.499667669656,56
144510_2.tex,non stop heuristic greedy,True,7,13.607007265090942,77.00902549999992,15
144696_3.tex,non stop heuristic greedy,False,12,28.290883541107178,131.082619642,35
144776_3.tex,non stop heuristic greedy,True,12,31.212781190872192,141.6222781715911,35
144833_2.tex,non stop heuristic greedy,True,9,20.01780581474304,97.89604375,17
144846_3.tex,non stop heuristic greedy,True,11,26.53626918792725,146.27613195625042,21
144856_3.tex,non stop heuristic greedy,True,4,9.371033668518066,40.02,10
144896_3.tex,non stop heuristic greedy,True,9,23.453445434570312,97.13477192682812,37
144919_2.tex,non stop heuristic greedy,True,3,7.477224826812744,30.04817028000003,29
144924_3.tex,non stop heuristic greedy,False,6,19.70246434211731,60.61969539999987,29
144930_2.tex,non stop heuristic greedy,True,15,42.49709391593933,162.35352062282763,51
144944_2.tex,non stop heuristic greedy,True,10,20.69482684135437,153.68282087500003,15
144959_2.tex,non stop heuristic greedy,True,17,41.64414167404175,251.9545849000008,37
144975_3.tex,non stop heuristic greedy,True,1,1.6115381717681885,10.0,12
144990_3.tex,non stop heuristic greedy,True,8,19.139731407165527,90.86686547799988,23
145113_2.tex,non stop heuristic greedy,True,8,19.48066759109497,81.91879007999994,37
145115_2.tex,non stop heuristic greedy,True,28,62.69066071510315,408.05759992600025,69
145145_2.tex,non stop heuristic greedy,False,19,48.63664269447327,255.91942001000064,58
145200_3.tex,non stop heuristic greedy,False,10,24.39802360534668,120.70697604,32
145239_1.tex,non stop heuristic greedy,False,36,91.82286047935486,2264.6934197195005,71
145257_3.tex,non stop heuristic greedy,True,25,66.34437942504883,339.91478385249985,65
145329_3.tex,non stop heuristic greedy,True,15,42.1719925403595,168.82764757400025,35
145333_3.tex,non stop heuristic greedy,True,9,21.033388137817383,100.37870798400002,28
145352_2.tex,non stop heuristic greedy,True,5,12.118574619293211,50.1160291199999,23
145356_3.tex,non stop heuristic greedy,True,5,12.63719367980957,51.08760715599996,24
145393_1.tex,non stop heuristic greedy,True,5,10.955020427703856,50.15998029999999,15
145410_1.tex,non stop heuristic greedy,True,9,21.24308681488037,111.75641467200002,22
145419_3.tex,non stop heuristic greedy,True,8,18.542598962783813,98.692194528,18
145452_2.tex,non stop heuristic greedy,True,9,22.079306840896606,95.04106018499184,40
145455_1.tex,non stop heuristic greedy,True,6,15.394227743148804,60.08641797999997,39
145474_1.tex,non stop heuristic greedy,True,9,23.029701709747314,95.23004679700004,41
145501_2.tex,non stop heuristic greedy,True,13,29.437337160110477,157.4847061500019,34
145512_1.tex,non stop heuristic greedy,True,14,33.54216241836548,191.761505159,29
145522_3.tex,non stop heuristic greedy,True,7,15.40323543548584,77.04356947799998,16
145548_2.tex,non stop heuristic greedy,True,13,31.50787878036499,138.79330823798418,38
145573_1.tex,non stop heuristic greedy,True,10,25.226045846939087,105.32824055199984,39
145597_3.tex,non stop heuristic greedy,True,14,30.681736707687374,178.24492050000063,26
145619_2.tex,non stop heuristic greedy,True,13,29.81710886955261,141.37948919999994,43
145665_1.tex,non stop heuristic greedy,True,8,20.67403769493103,83.3741311099999,36
145668_2.tex,non stop heuristic greedy,True,4,9.60176968574524,41.329725280000034,32
145698_1.tex,non stop heuristic greedy,True,10,24.550841331481934,103.4750863000001,34
145700_3.tex,non stop heuristic greedy,True,10,20.40855884552002,115.68408519999994,28
145724_2.tex,non stop heuristic greedy,True,4,8.79575800895691,40.9893397,37
145731_2.tex,non stop heuristic greedy,True,4,9.055008888244627,40.1010392,22
145733_2.tex,non stop heuristic greedy,True,10,22.96876096725464,102.37275704999988,38
145744_1.tex,non stop heuristic greedy,False,19,44.42760396003723,227.4432572419996,55
145750_3.tex,non stop heuristic greedy,True,8,16.00592041015625,85.52614050000001,29
145784_3.tex,non stop heuristic greedy,False,3,8.859128952026367,30.288232820000037,30
145879_3.tex,non stop heuristic greedy,True,11,27.040519952774048,120.6978220694363,33
145891_1.tex,non stop heuristic greedy,True,16,47.89148473739624,177.07329724100046,36
145892_1.tex,non stop heuristic greedy,True,9,23.96703720092773,93.47631829882796,49
145929_1.tex,non stop heuristic greedy,True,11,25.415085077285767,117.68924725000063,21
145952_3.tex,non stop heuristic greedy,True,5,11.70494532585144,53.09403519999978,20
145958_3.tex,non stop heuristic greedy,True,9,20.418964385986328,101.07856825540632,20
145964_1.tex,non stop heuristic greedy,True,9,21.822232961654663,96.79866988399996,25
145993_3.tex,non stop heuristic greedy,False,8,20.85494017601013,84.88630125600025,27
146032_3.tex,non stop heuristic greedy,True,4,8.46429991722107,42.15498030000004,12
146082_2.tex,non stop heuristic greedy,True,8,17.552915334701538,81.82832913882798,30
146104_1.tex,non stop heuristic greedy,True,13,32.76238203048706,141.01252353263567,44
146114_1.tex,non stop heuristic greedy,True,8,19.75103735923767,81.85657683882803,39
146114_2.tex,non stop heuristic greedy,True,2,4.368239164352417,20.04817028000003,29
146128_1.tex,non stop heuristic greedy,False,5,12.232491493225098,58.02158030000005,15
146138_1.tex,non stop heuristic greedy,False,9,20.621805906295776,93.57735090000024,22
146166_3.tex,non stop heuristic greedy,True,6,12.914003133773804,65.63629077104,20
146246_2.tex,non stop heuristic greedy,True,3,5.652990579605103,31.046399999999977,22
146404_1.tex,non stop heuristic greedy,True,7,17.082433700561523,74.28110529600002,27
146405_2.tex,non stop heuristic greedy,True,7,18.17310237884521,72.13713992800001,25
146422_2.tex,non stop heuristic greedy,True,9,24.03379893302917,98.95699649199994,26
146424_1.tex,non stop heuristic greedy,True,10,22.875656366348267,108.46410496943624,34
146441_2.tex,non stop heuristic greedy,False,9,25.201635360717773,93.04574101863548,36
146486_1.tex,non stop heuristic greedy,True,10,23.46555972099304,127.28418771799991,23
146493_1.tex,non stop heuristic greedy,True,11,26.56601095199585,120.24928869299193,33
146493_2.tex,non stop heuristic greedy,True,9,20.930864810943604,100.43246336299195,28
146502_2.tex,non stop heuristic greedy,True,9,20.83109211921692,94.38520645299184,27
146553_2.tex,non stop heuristic greedy,True,10,24.001280784606934,111.7775725050002,29
146623_1.tex,non stop heuristic greedy,False,7,18.507489681243896,80.23698532200096,28
146624_1.tex,non stop heuristic greedy,True,13,31.04704236984253,170.7487255025003,37
146632_3.tex,non stop heuristic greedy,True,4,8.655712604522705,40.62807423999983,37
146644_1.tex,non stop heuristic greedy,True,19,49.35060930252075,219.40876148682844,60
146652_3.tex,non stop heuristic greedy,True,5,11.397069931030272,50.280960600000014,26
146656_1.tex,non stop heuristic greedy,True,16,40.11129856109619,209.85477524875037,35
146738_2.tex,non stop heuristic greedy,True,30,71.8386242389679,781.2050277560002,52
146739_1.tex,non stop heuristic greedy,True,1,1.6312367916107178,10.0,15
146744_3.tex,non stop heuristic greedy,True,2,3.9724996089935294,20.038247700000056,22
146855_1.tex,non stop heuristic greedy,True,3,7.019249200820923,30.01544639999986,38
146861_1.tex,non stop heuristic greedy,True,32,79.97690796852112,938.9758216395004,62
146875_2.tex,non stop heuristic greedy,True,26,68.42620539665222,351.5793493070001,82
146893_2.tex,non stop heuristic greedy,True,10,23.03411173820496,159.43742236875005,17
146921_2.tex,non stop heuristic greedy,True,12,30.98929262161255,131.99723906159,31
146968_3.tex,non stop heuristic greedy,True,11,27.458413124084476,116.52682536399972,34
147070_3.tex,non stop heuristic greedy,True,1,1.7000601291656494,10.0,16
147111_1.tex,non stop heuristic greedy,True,7,15.690402030944824,77.5239738999999,21
147147_3.tex,non stop heuristic greedy,True,7,14.660619497299194,78.06824123999992,30
147153_2.tex,non stop heuristic greedy,True,13,29.81789708137512,157.25697819625003,38
147159_3.tex,non stop heuristic greedy,True,6,13.231845378875732,70.50319054000036,33
147160_1.tex,non stop heuristic greedy,True,23,65.05813765525818,1102.027558743872,45
147168_3.tex,non stop heuristic greedy,True,3,6.45490026473999,30.048558800000023,22
147178_3.tex,non stop heuristic greedy,True,18,48.97610306739807,210.055121927656,48
147192_2.tex,non stop heuristic greedy,True,9,22.745534896850582,101.5668577299998,41
147211_3.tex,non stop heuristic greedy,True,13,30.57728099822998,163.49321400000014,30
147225_1.tex,non stop heuristic greedy,True,9,19.87034559249878,94.78004049999986,34
147273_2.tex,non stop heuristic greedy,True,31,73.00180125236511,530.8389422447501,57
147299_2.tex,non stop heuristic greedy,False,30,95.03911662101746,1160.8914389195006,59
147301_1.tex,non stop heuristic greedy,False,5,15.219949007034302,50.15450317999995,34
147310_2.tex,non stop heuristic greedy,True,34,90.70543432235718,463.8178398040008,85
147358_1.tex,non stop heuristic greedy,True,9,18.96233034133911,93.07925625999977,34
147363_2.tex,non stop heuristic greedy,True,10,22.779334545135494,105.99069754800053,40
147454_1.tex,non stop heuristic greedy,True,4,8.564961194992065,41.13463230000004,15
147502_1.tex,non stop heuristic greedy,True,15,42.930968046188354,172.09377780224048,47
147570_1.tex,non stop heuristic greedy,True,5,12.744158029556274,51.442223988999885,23
147571_3.tex,non stop heuristic greedy,True,12,26.821653366088867,133.4260349839998,27
147572_3.tex,non stop heuristic greedy,True,12,28.807169198989868,133.76370278799976,43
147639_1.tex,non stop heuristic greedy,True,14,28.8866868019104,166.19909720000004,32
147689_1.tex,non stop heuristic greedy,True,4,8.822229623794556,40.04824769999994,33
147690_1.tex,non stop heuristic greedy,True,9,19.34174370765686,97.6759077371796,27
147732_1.tex,non stop heuristic greedy,True,11,25.82341170310974,113.46944851882805,51
147742_1.tex,non stop heuristic greedy,True,10,21.487711429595947,114.7659970419999,30
147753_3.tex,non stop heuristic greedy,False,12,27.332249641418457,148.99121345,32
147778_2.tex,non stop heuristic greedy,False,7,16.63803195953369,79.01306285000052,33
147786_1.tex,non stop heuristic greedy,True,2,3.951916694641113,20.0,19
147826_3.tex,non stop heuristic greedy,True,7,16.770351886749268,72.29408207759984,42
147897_3.tex,non stop heuristic greedy,False,2,6.388306140899658,20.01298029999998,25
147913_3.tex,non stop heuristic greedy,False,15,34.53668189048767,180.42441277599968,46
147918_3.tex,non stop heuristic greedy,False,14,32.79749083518982,157.27718108592632,41
147934_1.tex,non stop heuristic greedy,True,8,19.138125896453857,86.14346428000003,35
147941_1.tex,non stop heuristic greedy,False,7,20.39048719406128,71.9164183800001,39
147985_2.tex,non stop heuristic greedy,False,16,38.04917120933533,177.47423247500188,33
148042_1.tex,non stop heuristic greedy,True,7,19.48090076446533,73.79448172799985,30
148132_3.tex,non stop heuristic greedy,True,7,17.674328565597534,71.05150649999987,45
148148_2.tex,non stop heuristic greedy,True,5,11.094483613967896,50.12453603999995,37
148170_1.tex,non stop heuristic greedy,True,8,19.560023307800293,81.57342483882806,34
148173_2.tex,non stop heuristic greedy,True,10,25.53491234779358,118.1810918803332,40
148204_3.tex,non stop heuristic greedy,True,13,31.955706357955933,148.10681054999992,31
148215_1.tex,non stop heuristic greedy,True,7,15.902032136917114,72.90315322800001,28
148247_2.tex,non stop heuristic greedy,True,8,21.178837299346924,88.86606945919985,41
148278_1.tex,non stop heuristic greedy,True,14,33.801985025405884,184.8125745300005,35
148292_3.tex,non stop heuristic greedy,True,12,24.932581663131717,150.80257138000002,36
148353_3.tex,non stop heuristic greedy,True,11,25.59162998199463,120.02098662599975,41
148355_3.tex,non stop heuristic greedy,True,14,31.25958657264709,176.25648541975005,46
148360_2.tex,non stop heuristic greedy,True,10,23.980597257614136,102.72569917999982,49
148366_1.tex,non stop heuristic greedy,True,1,1.6164820194244385,10.0,19
148374_2.tex,non stop heuristic greedy,True,9,21.3482677936554,97.08400426200002,38
148378_1.tex,non stop heuristic greedy,True,7,15.661169290542604,70.69393600999992,33
148379_1.tex,non stop heuristic greedy,True,10,22.9773108959198,105.67473016000012,31
148396_3.tex,non stop heuristic greedy,True,14,32.086421728134155,177.4544170999999,38
148432_3.tex,non stop heuristic greedy,True,13,27.68900895118713,179.01229384,25
148434_3.tex,non stop heuristic greedy,True,9,21.06615519523621,108.97231313999995,30
148540_3.tex,non stop heuristic greedy,False,6,17.13941788673401,62.13188886000012,27
148551_1.tex,non stop heuristic greedy,True,13,30.675945520401,140.78319891299185,44
148564_2.tex,non stop heuristic greedy,True,8,19.05254292488098,80.74431712799992,34
148577_2.tex,non stop heuristic greedy,True,12,28.81373429298401,135.92591382400283,35
148605_3.tex,non stop heuristic greedy,True,7,16.958320379257202,72.1913276470001,41
148662_1.tex,non stop heuristic greedy,True,17,41.50877737998962,214.8169370280003,48
148683_2.tex,non stop heuristic greedy,True,18,44.3357515335083,194.15416422499217,46
148684_3.tex,non stop heuristic greedy,True,11,27.770697593688965,118.7883087720008,35
148719_3.tex,non stop heuristic greedy,True,9,20.221909284591675,101.6225944999999,28
148727_1.tex,non stop heuristic greedy,True,10,25.85932326316833,105.1059941499999,43
148736_3.tex,non stop heuristic greedy,True,15,43.41929054260254,177.04207260000015,31
148759_3.tex,non stop heuristic greedy,True,15,38.3799934387207,161.71048963682813,47
148763_2.tex,non stop heuristic greedy,True,2,4.016281843185425,20.48833324000004,16
148830_2.tex,non stop heuristic greedy,True,11,24.60314178466797,126.70095139999984,31
148847_1.tex,non stop heuristic greedy,True,7,17.45658779144287,72.71916459999993,32
148867_2.tex,non stop heuristic greedy,False,21,49.450129985809326,567.9824298212502,36
148868_1.tex,non stop heuristic greedy,True,14,35.523722648620605,151.98092848182802,46
148891_1.tex,non stop heuristic greedy,True,4,10.54890775680542,41.20428982999999,32
148900_2.tex,non stop heuristic greedy,True,13,35.286632776260376,135.67583834965586,54
148934_3.tex,non stop heuristic greedy,False,9,22.347902059555054,100.24076594999998,25
148966_3.tex,non stop heuristic greedy,False,7,18.60303997993469,78.94064093999984,33
148975_3.tex,non stop heuristic greedy,True,6,12.58609127998352,60.36349514999995,40
148976_2.tex,non stop heuristic greedy,True,3,6.2851972579956055,30.537596659999977,24
149097_1.tex,non stop heuristic greedy,True,5,9.970992088317873,51.57756831999991,16
149143_3.tex,non stop heuristic greedy,True,10,23.73167657852173,103.7991215259998,35
149159_2.tex,non stop heuristic greedy,True,13,30.1274836063385,164.45467129999994,19
149214_2.tex,non stop heuristic greedy,True,9,19.040616989135746,96.88578692799985,21
149242_1.tex,non stop heuristic greedy,True,9,21.06076669692993,93.47788068499187,30
149274_2.tex,non stop heuristic greedy,False,3,9.041622877120972,30.01,6
149280_1.tex,non stop heuristic greedy,True,13,27.24079728126526,170.2103392000003,18
149297_3.tex,non stop heuristic greedy,False,3,8.535673379898071,31.357952319999868,18
149302_3.tex,non stop heuristic greedy,True,9,17.488120317459106,103.58982878400002,19
149330_3.tex,non stop heuristic greedy,True,12,26.550931453704838,147.33309293500002,31
149347_3.tex,non stop heuristic greedy,True,8,17.67487907409668,81.42105827765597,34
149356_2.tex,non stop heuristic greedy,True,11,24.22139811515808,113.87064664565602,39
149376_1.tex,non stop heuristic greedy,True,11,21.97565340995789,122.9526088,22
149395_1.tex,non stop heuristic greedy,True,9,17.530412197113037,106.95372605,32
149447_3.tex,non stop heuristic greedy,False,9,22.15090012550354,101.02318168000004,31
149460_1.tex,non stop heuristic greedy,False,13,51.60236048698425,143.9559965739998,38
149472_2.tex,non stop heuristic greedy,True,1,1.2720746994018557,10.0,12
149473_1.tex,non stop heuristic greedy,True,8,14.658922672271729,95.44357839999992,18
149500_1.tex,non stop heuristic greedy,True,12,23.36870789527893,129.41601874999992,27
149540_2.tex,non stop heuristic greedy,True,20,54.28646731376648,267.141539151,50
149633_2.tex,non stop heuristic greedy,True,12,27.26257634162903,136.77737761600002,29
149708_2.tex,non stop heuristic greedy,True,10,20.445676803588867,140.8518218,21
149726_2.tex,non stop heuristic greedy,True,10,22.95826506614685,111.91496640499992,24
149771_3.tex,non stop heuristic greedy,True,3,6.3005194664001465,30.988667027999988,15
149780_3.tex,non stop heuristic greedy,True,5,11.025246381759644,50.986358656,24
149801_3.tex,non stop heuristic greedy,True,8,15.362102031707764,100.15984399999992,13
149842_1.tex,non stop heuristic greedy,True,8,15.665671348571776,85.70496105299178,23
149862_1.tex,non stop heuristic greedy,True,7,14.389958381652832,81.55202830148022,33
149885_3.tex,non stop heuristic greedy,True,6,12.01884627342224,62.15913912999986,34
149886_3.tex,non stop heuristic greedy,True,13,31.779899835586548,135.14283820965608,45
149929_1.tex,non stop heuristic greedy,False,7,19.021201372146606,77.37121114375003,24
149952_3.tex,non stop heuristic greedy,True,13,26.668321132659912,139.28936346800015,32
150006_1.tex,non stop heuristic greedy,True,23,51.19290971755981,308.74716065940066,61
150030_3.tex,non stop heuristic greedy,True,6,12.378427505493164,62.93085760000011,29
150066_1.tex,non stop heuristic greedy,False,8,20.232978343963623,87.43840172719992,30
150072_2.tex,non stop heuristic greedy,True,2,4.069454193115234,20.0,23
150112_3.tex,non stop heuristic greedy,True,13,31.75047755241394,146.53741916324992,58
150255_1.tex,non stop heuristic greedy,True,11,24.9648334980011,122.16006530000142,35
150263_3.tex,non stop heuristic greedy,True,7,14.666003704071043,84.49281745000081,28
150268_3.tex,non stop heuristic greedy,True,12,29.154661417007446,185.99864128199977,28
150277_1.tex,non stop heuristic greedy,True,9,20.012078523635864,114.38302062174998,22
150330_1.tex,non stop heuristic greedy,True,9,35.362550497055054,92.37606261082789,42
150338_2.tex,non stop heuristic greedy,True,10,19.303935766220093,167.4867231,19
150353_2.tex,non stop heuristic greedy,True,9,19.31382966041565,94.7912678,23
150364_3.tex,non stop heuristic greedy,True,8,15.263561725616457,85.89546449999992,24
150369_2.tex,non stop heuristic greedy,True,10,19.302589893341064,139.32238145000076,31
150375_2.tex,non stop heuristic greedy,True,1,1.379051923751831,10.0,12
150397_2.tex,non stop heuristic greedy,True,10,21.4516339302063,109.2871760900004,35
150406_2.tex,non stop heuristic greedy,True,3,5.481853008270264,30.0,24
150485_1.tex,non stop heuristic greedy,True,8,14.92192029953003,90.74944844000004,20
150538_3.tex,non stop heuristic greedy,True,10,22.63862013816833,104.68632030165,53
150545_3.tex,non stop heuristic greedy,True,28,61.55282139778137,549.9487015975003,58
150563_3.tex,non stop heuristic greedy,True,4,6.688705921173096,41.04639999999998,16
150627_1.tex,non stop heuristic greedy,True,12,24.764232873916622,130.11743674199977,45
150636_3.tex,non stop heuristic greedy,False,11,23.897567987442017,118.56582315599977,44
150648_3.tex,non stop heuristic greedy,False,13,29.81580114364624,139.56699579200017,51
150694_3.tex,non stop heuristic greedy,True,13,26.228711128234863,179.48812358750078,34
150727_3.tex,non stop heuristic greedy,True,4,7.933592081069946,40.02,20
150733_2.tex,non stop heuristic greedy,True,11,24.41867017745972,127.96973783893604,38
150744_2.tex,non stop heuristic greedy,True,9,17.578728675842285,96.41447809554153,28
150752_1.tex,non stop heuristic greedy,True,10,22.991397380828857,104.55784362000044,40
150837_1.tex,non stop heuristic greedy,True,14,33.79659843444824,147.22529540017302,47
150864_3.tex,non stop heuristic greedy,True,5,10.884550094604492,50.50833323999997,25
150868_3.tex,non stop heuristic greedy,True,12,27.230766534805294,134.17868807063553,36
150953_2.tex,non stop heuristic greedy,True,7,14.224474430084229,76.54032407999988,22
151008_1.tex,non stop heuristic greedy,True,13,26.479804277420044,151.5446259750001,26
151018_2.tex,non stop heuristic greedy,True,3,6.822087526321411,30.435980299999983,21
151067_1.tex,non stop heuristic greedy,True,7,13.492990016937256,71.44135954000006,30
151133_3.tex,non stop heuristic greedy,False,4,9.836918354034424,43.50558099,17
151189_1.tex,non stop heuristic greedy,True,20,46.34355211257935,274.2754529492502,56
151233_1.tex,non stop heuristic greedy,True,7,14.496328830718994,72.77201069999991,29
151276_2.tex,non stop heuristic greedy,True,9,31.20909190177917,95.55018538779802,31
151307_3.tex,non stop heuristic greedy,True,17,45.81688570976257,183.1197794748286,54
151339_1.tex,non stop heuristic greedy,True,14,34.29482865333557,161.27804165,37
151351_3.tex,non stop heuristic greedy,True,17,37.06590986251831,202.00839360899977,43
151383_2.tex,non stop heuristic greedy,True,11,26.554765939712524,121.34950959999998,28
151428_2.tex,non stop heuristic greedy,True,8,15.644938230514526,90.593890575,18
151454_3.tex,non stop heuristic greedy,True,10,20.70339322090149,113.0612698839999,26
151459_1.tex,non stop heuristic greedy,True,11,24.833139419555664,145.20495812800002,28
151518_3.tex,non stop heuristic greedy,True,2,3.689589023590088,20.0,32
151520_2.tex,non stop heuristic greedy,True,23,55.25788426399231,331.46062574321013,50
151622_1.tex,non stop heuristic greedy,False,15,39.11392307281494,169.15345266999984,49
151648_2.tex,non stop heuristic greedy,True,15,29.2993221282959,203.4298509,46
151812_3.tex,non stop heuristic greedy,True,5,9.821179151535034,50.389108705000055,20
151835_1.tex,non stop heuristic greedy,True,8,21.081430673599243,81.86611341082791,41
151835_2.tex,non stop heuristic greedy,True,14,34.95190072059631,145.8545598651561,53
151861_2.tex,non stop heuristic greedy,True,9,19.50606632232666,105.68451519999996,21
151900_2.tex,non stop heuristic greedy,True,6,12.66364860534668,60.85161741999993,29
151901_3.tex,non stop heuristic greedy,True,9,20.18762588500977,116.10839582800028,33
151943_3.tex,non stop heuristic greedy,True,3,6.9711854457855225,30.627051104000067,20
152060_3.tex,non stop heuristic greedy,True,6,12.917641639709473,60.69297361999999,34
152095_2.tex,non stop heuristic greedy,True,5,10.459644556045532,50.80731580000008,34
152179_2.tex,non stop heuristic greedy,True,3,6.224794864654541,31.046399999999977,25
152244_2.tex,non stop heuristic greedy,False,8,18.363513469696045,86.56420567999996,30
152247_2.tex,non stop heuristic greedy,True,2,3.9655895233154297,20.0,35
152278_2.tex,non stop heuristic greedy,True,19,45.72794342041016,237.69091976177023,57
152337_1.tex,non stop heuristic greedy,False,15,36.993287563323975,185.63679415700145,42
152361_2.tex,non stop heuristic greedy,False,4,12.101594924926758,40.41161526999997,29
152413_3.tex,non stop heuristic greedy,True,4,7.451789617538452,40.02,15
152419_1.tex,non stop heuristic greedy,True,9,18.429526329040527,108.5047041999998,21
152458_3.tex,non stop heuristic greedy,True,20,46.95065426826477,234.9661505215779,48
152476_3.tex,non stop heuristic greedy,True,8,17.18374752998352,83.99779446399997,23
152490_1.tex,non stop heuristic greedy,True,15,39.57121372222901,156.3241151426559,48
152529_1.tex,non stop heuristic greedy,True,17,34.12610125541687,229.39873749375127,36
152530_1.tex,non stop heuristic greedy,False,10,25.23985910415649,107.82609640000032,24
152534_3.tex,non stop heuristic greedy,True,15,30.690411806106567,180.49739174199985,35
152538_2.tex,non stop heuristic greedy,True,11,22.793119430541992,122.51347568399996,34
152545_1.tex,non stop heuristic greedy,True,11,22.34642457962036,118.1337954029999,40
152583_2.tex,non stop heuristic greedy,True,5,12.442449808120728,50.08541798,47
152606_1.tex,non stop heuristic greedy,False,9,21.272337913513184,100.22206120000006,23
152632_2.tex,non stop heuristic greedy,True,8,16.83112144470215,92.57266760000007,32
152655_3.tex,non stop heuristic greedy,True,7,15.805130243301392,78.28067084000034,34
152721_3.tex,non stop heuristic greedy,True,15,33.23189854621887,184.2073339000002,38
152793_3.tex,non stop heuristic greedy,True,3,6.565805435180664,30.01439665999999,36
152865_2.tex,non stop heuristic greedy,True,12,26.2352454662323,141.16080628399996,28
152905_3.tex,non stop heuristic greedy,True,14,31.782800912857056,154.70226366800026,38
152937_3.tex,non stop heuristic greedy,True,11,21.51505184173584,138.94180910000017,15
152972_2.tex,non stop heuristic greedy,True,11,22.88157296180725,123.45455958399984,33
153008_3.tex,non stop heuristic greedy,True,10,21.834846019744877,111.13381407199977,27
153052_3.tex,non stop heuristic greedy,True,9,19.316908597946167,95.63017800000006,32
153067_2.tex,non stop heuristic greedy,True,3,5.275751113891602,33.07307165000009,19
153074_2.tex,non stop heuristic greedy,True,11,21.485533714294437,122.3016035719999,33
153122_3.tex,non stop heuristic greedy,True,14,30.14619207382202,160.00389595600058,48
153145_2.tex,non stop heuristic greedy,True,8,13.854298830032349,89.63890084999984,24
153155_3.tex,non stop heuristic greedy,False,9,21.25190281867981,93.75798299999995,25
153173_2.tex,non stop heuristic greedy,True,2,3.6509389877319336,20.0,22
153237_2.tex,non stop heuristic greedy,True,5,10.482974290847778,50.07795090999991,50
153246_3.tex,non stop heuristic greedy,True,24,54.32770371437073,332.9816595800009,58
153283_1.tex,non stop heuristic greedy,True,4,8.410187244415283,43.67459550000012,34
153288_3.tex,non stop heuristic greedy,False,13,28.2811815738678,141.18936587482767,42
153351_2.tex,non stop heuristic greedy,False,6,17.68268609046936,61.69892512375003,40
153371_2.tex,non stop heuristic greedy,True,17,36.63925099372864,346.4582691250003,36
153375_3.tex,non stop heuristic greedy,True,10,22.65056681632996,110.270499,35
153456_2.tex,non stop heuristic greedy,True,8,20.975236654281616,85.85565972799998,28
153493_3.tex,non stop heuristic greedy,True,10,21.16565704345703,106.5745575999998,31
153496_1.tex,non stop heuristic greedy,True,11,23.60519123077393,126.75597330000048,29
153552_1.tex,non stop heuristic greedy,True,11,25.330157995224,115.30776316599996,31
153614_2.tex,non stop heuristic greedy,True,5,10.327686786651611,51.0988371199999,27
153650_1.tex,non stop heuristic greedy,True,14,31.93212842941284,172.54048205600094,36
153772_1.tex,non stop heuristic greedy,True,6,12.748233318328856,61.34986495800004,43
153803_1.tex,non stop heuristic greedy,True,3,5.79925799369812,31.046399999999977,20
153807_3.tex,non stop heuristic greedy,True,14,28.98728108406067,153.6988371,33
153837_3.tex,non stop heuristic greedy,True,8,16.43316078186035,81.30827419999981,34
153966_2.tex,non stop heuristic greedy,True,8,17.952345609664917,86.18488089399987,27
153985_1.tex,non stop heuristic greedy,True,2,4.1008734703063965,20.00705311999991,22
154023_1.tex,non stop heuristic greedy,True,13,29.74922013282776,171.74407250000078,24
154039_2.tex,non stop heuristic greedy,True,9,21.190820455551147,104.9656882000001,34
154065_2.tex,non stop heuristic greedy,True,7,16.760706186294556,76.47323205300044,36
154132_2.tex,non stop heuristic greedy,True,16,34.582682609558105,236.5046403000003,37
154191_2.tex,non stop heuristic greedy,True,6,13.420999765396118,64.716604838,29
154210_1.tex,non stop heuristic greedy,True,10,26.73234605789185,102.80674842765612,42
154224_2.tex,non stop heuristic greedy,True,8,13.4288330078125,88.46457044999991,20
154239_1.tex,non stop heuristic greedy,True,5,11.29661250114441,51.54745880000002,33
154239_3.tex,non stop heuristic greedy,True,3,6.296746492385864,30.823180299999898,22
154263_3.tex,non stop heuristic greedy,True,8,18.624968767166138,83.70414565882801,31
154289_2.tex,non stop heuristic greedy,False,7,19.06073570251465,73.02949216,39
154293_1.tex,non stop heuristic greedy,False,15,33.47925448417664,180.3066548230001,41
154302_2.tex,non stop heuristic greedy,True,6,13.40737009048462,60.73859828000003,37
154339_2.tex,non stop heuristic greedy,True,18,35.913885831832886,248.5637777937501,49
154343_2.tex,non stop heuristic greedy,True,8,14.473806381225586,89.59963469999988,27
154354_3.tex,non stop heuristic greedy,True,11,20.925958156585693,118.91630788749993,25
154356_1.tex,non stop heuristic greedy,True,16,29.7768189907074,178.64482042499975,44
154362_2.tex,non stop heuristic greedy,True,4,6.746929168701172,41.04639999999998,23
154377_2.tex,non stop heuristic greedy,True,35,81.92692136764526,962.9807769632504,65
154407_2.tex,non stop heuristic greedy,True,12,24.246635675430294,128.77097204199993,42
154431_1.tex,non stop heuristic greedy,False,20,49.062132120132446,244.9878488400004,63
154457_1.tex,non stop heuristic greedy,False,12,28.20644235610962,132.53391080000006,35
154536_1.tex,non stop heuristic greedy,True,9,20.03472352027893,94.495835012992,40
154547_2.tex,non stop heuristic greedy,True,3,7.225801467895508,30.63307926400005,35
154576_1.tex,non stop heuristic greedy,True,12,26.885167121887207,139.64232675000028,31
154643_3.tex,non stop heuristic greedy,True,10,23.302056789398197,104.24863879982811,39
154670_1.tex,non stop heuristic greedy,True,5,10.195600986480711,51.04118029999997,28
154690_3.tex,non stop heuristic greedy,True,3,5.754343748092651,32.03296059999997,29
154732_1.tex,non stop heuristic greedy,True,12,25.34515953063965,132.2069853810001,40
154742_2.tex,non stop heuristic greedy,True,13,31.29310822486877,135.06444087882792,49
154758_2.tex,non stop heuristic greedy,True,12,28.54583716392517,128.40251908000027,52
154765_1.tex,non stop heuristic greedy,True,11,20.48887848854065,124.29103417499984,32
154765_3.tex,non stop heuristic greedy,False,9,17.72020936012268,103.49576264999992,27
154768_1.tex,non stop heuristic greedy,True,10,18.50302052497864,110.792640275,21
154853_1.tex,non stop heuristic greedy,True,12,26.08798599243164,132.68190090199988,44
154883_3.tex,non stop heuristic greedy,True,6,10.757568359375,61.32136060000008,20
154961_2.tex,non stop heuristic greedy,False,20,50.807594776153564,253.9674076020002,60
155013_1.tex,non stop heuristic greedy,True,13,31.235249042510983,177.85103157500066,34
155032_1.tex,non stop heuristic greedy,True,9,19.90705370903015,98.43842379399996,31
155064_3.tex,non stop heuristic greedy,True,9,19.423280239105225,94.04757218999988,32
155068_1.tex,non stop heuristic greedy,True,13,31.88026452064514,139.05312893299174,47
155086_2.tex,non stop heuristic greedy,True,15,39.37255311012268,155.19996159365593,46
155113_1.tex,non stop heuristic greedy,True,6,12.81651210784912,60.8241606,26
155121_2.tex,non stop heuristic greedy,True,6,11.596731185913086,62.98580260000023,30
155151_2.tex,non stop heuristic greedy,True,4,8.788313865661621,40.10299015000004,30
155160_3.tex,non stop heuristic greedy,True,10,23.134417295455933,108.63414441399966,37
155191_3.tex,non stop heuristic greedy,False,21,49.723124742507935,286.4646447803335,55
155245_3.tex,non stop heuristic greedy,True,12,25.524299144744877,136.51215076499986,40
155256_2.tex,non stop heuristic greedy,True,10,21.544018983840942,106.74055599000032,40
155266_2.tex,non stop heuristic greedy,True,10,21.26242470741272,107.59319624999998,30
155296_1.tex,non stop heuristic greedy,True,3,6.872877359390259,30.015359049999915,31
155328_2.tex,non stop heuristic greedy,True,8,16.8122878074646,89.3539141999999,34
155351_3.tex,non stop heuristic greedy,True,10,21.968056440353397,106.15044814000002,45
155361_1.tex,non stop heuristic greedy,True,4,8.544189453125,40.53855905000002,40
155361_2.tex,non stop heuristic greedy,True,22,45.32625865936279,294.81719622950027,50
155452_2.tex,non stop heuristic greedy,True,4,7.657575845718384,40.538559049999904,28
155455_1.tex,non stop heuristic greedy,True,8,16.25311017036438,81.98359007999997,48
155493_3.tex,non stop heuristic greedy,True,8,19.830617427825928,87.72964524400012,43
155577_2.tex,non stop heuristic greedy,True,9,18.80831623077393,100.38116746000296,18
155588_1.tex,non stop heuristic greedy,True,6,12.19513177871704,61.85193049599993,16
155590_2.tex,non stop heuristic greedy,True,2,4.444675922393799,20.01,16
155657_3.tex,non stop heuristic greedy,True,8,17.617514848709106,87.23306180000026,19
155665_3.tex,non stop heuristic greedy,True,14,30.672255754470825,174.5621139203359,21
155692_1.tex,non stop heuristic greedy,True,10,21.48411226272583,125.80186380000036,26
155695_3.tex,non stop heuristic greedy,True,5,10.800818920135498,50.02,27
155723_1.tex,non stop heuristic greedy,False,11,31.332770586013797,113.91515357482788,34
155749_2.tex,non stop heuristic greedy,True,11,21.80066442489624,151.76136180000165,14
155817_2.tex,non stop heuristic greedy,True,8,16.756328344345093,85.78829705599992,25
155830_3.tex,non stop heuristic greedy,True,14,34.045045614242554,145.04093324817347,45
155941_3.tex,non stop heuristic greedy,False,8,19.498867988586422,86.8374074419998,31
155968_2.tex,non stop heuristic greedy,False,2,5.5384838581085205,20.0,7
156048_3.tex,non stop heuristic greedy,True,7,14.674928188323976,75.89651577599973,32
156082_2.tex,non stop heuristic greedy,True,9,42.30425381660461,171.74994447500077,17
156119_2.tex,non stop heuristic greedy,True,4,8.940876722335815,40.01,15
156127_1.tex,non stop heuristic greedy,False,6,17.10494637489319,61.284799013999866,21
156166_1.tex,non stop heuristic greedy,True,12,27.872573137283325,140.41433472015024,33
156230_3.tex,non stop heuristic greedy,True,9,32.40894174575806,102.6685542280001,16
156256_3.tex,non stop heuristic greedy,True,7,15.60954976081848,72.23744063699186,23
156274_1.tex,non stop heuristic greedy,True,6,13.317693948745728,61.18222364700012,35
156278_3.tex,non stop heuristic greedy,True,7,13.983116149902344,77.1038706,12
156360_2.tex,non stop heuristic greedy,False,9,22.7238872051239,97.76495865599992,22
156480_2.tex,non stop heuristic greedy,False,12,29.216627836227417,129.7769186679999,37
156545_3.tex,non stop heuristic greedy,False,12,25.84320878982544,128.36383806975005,26
156552_3.tex,non stop heuristic greedy,False,11,24.006028175354004,122.75259768399972,38
156587_3.tex,non stop heuristic greedy,True,26,62.35032677650452,368.7796373315,60
156622_2.tex,non stop heuristic greedy,True,7,14.390724182128906,107.96501980000068,25
156635_2.tex,non stop heuristic greedy,True,14,31.938501834869385,207.60682374375028,28
156646_3.tex,non stop heuristic greedy,False,6,13.008678674697876,66.65876326159002,16
156729_1.tex,non stop heuristic greedy,True,13,30.59787344932556,161.99084054999958,21
156769_3.tex,non stop heuristic greedy,True,13,30.01958394050598,143.68344008682777,26
156830_2.tex,non stop heuristic greedy,True,11,25.225378274917603,178.9592698000001,21
156846_2.tex,non stop heuristic greedy,True,8,16.51222848892212,90.24787725000112,20
156974_2.tex,non stop heuristic greedy,True,10,20.762778997421265,123.37397594000038,21
156992_2.tex,non stop heuristic greedy,True,9,21.394871473312374,93.07179605999998,37
156998_2.tex,non stop heuristic greedy,True,4,8.147006511688232,41.43247527999999,18
157054_3.tex,non stop heuristic greedy,True,4,8.035006999969482,40.68275880000003,29
157087_3.tex,non stop heuristic greedy,True,5,11.2216637134552,51.09691839999999,38
157112_2.tex,non stop heuristic greedy,True,15,46.32328701019287,182.03867846399984,39
157123_2.tex,non stop heuristic greedy,True,33,71.30754256248474,947.1203228145006,68
157166_2.tex,non stop heuristic greedy,True,1,1.3076939582824707,10.0,4
157183_1.tex,non stop heuristic greedy,False,4,11.58907914161682,40.40079222000003,17
157195_1.tex,non stop heuristic greedy,True,7,13.995415210723875,77.55017438399994,17
157200_1.tex,non stop heuristic greedy,True,3,5.688955307006836,30.01,14
157207_1.tex,non stop heuristic greedy,True,4,8.599707126617432,40.508179327999976,21
157240_1.tex,non stop heuristic greedy,True,5,10.497735261917114,50.126029119999785,24
157281_1.tex,non stop heuristic greedy,True,13,29.23186445236206,171.44042559999997,23
157285_2.tex,non stop heuristic greedy,True,10,19.13245320320129,108.75375056958993,22
157293_2.tex,non stop heuristic greedy,True,16,31.242696285247803,196.02037128399976,32
157386_2.tex,non stop heuristic greedy,True,8,17.097352981567383,81.78187829999992,28
157410_2.tex,non stop heuristic greedy,True,8,15.012332201004028,98.48248715199998,13
157443_3.tex,non stop heuristic greedy,True,5,9.502634525299072,50.08541797999988,24
157459_2.tex,non stop heuristic greedy,True,10,21.552999019622803,108.15116769000016,39
157464_2.tex,non stop heuristic greedy,False,3,6.644704580307007,33.14125879999992,11
157475_1.tex,non stop heuristic greedy,True,13,26.02958917617798,173.08235429999996,25
157481_1.tex,non stop heuristic greedy,True,6,10.517024993896484,61.89089870000001,17
157509_3.tex,non stop heuristic greedy,True,8,20.63028025627136,82.58950943882807,34
157622_1.tex,non stop heuristic greedy,True,4,7.830365896224976,40.488333240000046,23
157652_2.tex,non stop heuristic greedy,True,3,5.408474445343018,30.97666648000005,23
157663_3.tex,non stop heuristic greedy,False,11,24.517905950546265,125.63895495127586,39
157695_1.tex,non stop heuristic greedy,False,9,20.806841373443604,96.5706421000012,15
157867_1.tex,non stop heuristic greedy,True,10,22.10755681991577,120.97036292799989,24
157897_3.tex,non stop heuristic greedy,True,8,14.5377676486969,84.28304210000009,14
157942_2.tex,non stop heuristic greedy,True,8,16.541990280151367,100.35899862800008,23
157972_1.tex,non stop heuristic greedy,True,4,7.999868392944336,40.35684719999992,18
158098_3.tex,non stop heuristic greedy,False,17,39.38797736167908,193.92738131075268,53
158142_2.tex,non stop heuristic greedy,True,10,18.452927589416504,104.73807085000033,30
158144_2.tex,non stop heuristic greedy,True,8,15.081363201141356,90.94326644999974,27
158165_2.tex,non stop heuristic greedy,True,13,29.29168510437012,142.9777704419999,43
158192_2.tex,non stop heuristic greedy,True,4,7.951929092407227,40.55101590999999,30
158215_1.tex,non stop heuristic greedy,True,18,50.66975951194763,250.84901895400031,48
158246_2.tex,non stop heuristic greedy,True,3,5.976987600326538,30.01,14
158277_3.tex,non stop heuristic greedy,True,13,30.352999210357662,191.7541552780027,29
158334_1.tex,non stop heuristic greedy,True,5,10.290371894836426,65.3568,10
158334_3.tex,non stop heuristic greedy,True,10,22.10676622390747,147.45274490000003,25
158344_2.tex,non stop heuristic greedy,True,6,13.090133905410768,60.53319999999999,12
158404_3.tex,non stop heuristic greedy,True,11,25.708128452301025,116.738916857984,34
158504_3.tex,non stop heuristic greedy,True,13,31.67579817771912,179.3677553400001,33
158522_3.tex,non stop heuristic greedy,False,2,7.002412557601929,20.01,30
158563_1.tex,non stop heuristic greedy,True,6,11.847491979599,61.18638029999997,27
158576_2.tex,non stop heuristic greedy,True,11,22.45504784584045,124.02789269999997,22
158616_2.tex,non stop heuristic greedy,True,6,13.6624174118042,60.53722677999983,31
158623_3.tex,non stop heuristic greedy,False,31,72.86939334869385,733.6604117324958,65
158625_2.tex,non stop heuristic greedy,True,10,24.84759998321533,107.83218579,40
158627_2.tex,non stop heuristic greedy,False,7,19.183635234832764,71.92665352,36
158634_1.tex,non stop heuristic greedy,True,2,3.910820722579956,20.0,28
158638_1.tex,non stop heuristic greedy,True,1,2.356022596359253,10.024808127200004,32
158640_2.tex,non stop heuristic greedy,False,16,38.52005624771118,177.30906670799982,51
158679_2.tex,non stop heuristic greedy,True,2,3.821978330612183,20.0,29
158694_3.tex,non stop heuristic greedy,True,4,7.205443382263184,41.188823399999976,31
158706_2.tex,non stop heuristic greedy,True,12,23.471108198165894,132.05798475600017,34
158721_3.tex,non stop heuristic greedy,False,7,17.5216007232666,75.98409257599997,32
158748_1.tex,non stop heuristic greedy,False,9,22.617597103118896,97.16519635199975,41
158886_1.tex,non stop heuristic greedy,True,8,15.683029174804688,102.53453917500048,14
158890_3.tex,non stop heuristic greedy,True,8,16.791645050048828,111.8688369000002,16
158927_2.tex,non stop heuristic greedy,True,12,29.099844455718998,125.15249941082811,42
158945_2.tex,non stop heuristic greedy,True,9,19.171302318573,95.37984366299187,30
158950_2.tex,non stop heuristic greedy,True,12,25.98831033706665,133.65495079999982,29
159016_2.tex,non stop heuristic greedy,True,4,7.108890533447266,44.06880989999985,15
159031_2.tex,non stop heuristic greedy,True,10,21.57365655899048,103.82284110082796,35
159034_3.tex,non stop heuristic greedy,True,6,13.722407817840576,61.09357028000003,23
159060_2.tex,non stop heuristic greedy,True,16,35.06079459190369,177.3460105159919,38
159071_3.tex,non stop heuristic greedy,True,5,9.924538850784302,51.40234287199979,25
159157_3.tex,non stop heuristic greedy,True,3,5.433416604995728,30.03817028000003,28
159186_1.tex,non stop heuristic greedy,False,17,39.32834577560425,191.8735171175004,44
159206_3.tex,non stop heuristic greedy,True,13,25.394997119903564,137.46472440000014,32
159214_2.tex,non stop heuristic greedy,True,3,6.080060720443726,30.52319999999999,9
159235_1.tex,non stop heuristic greedy,False,9,21.789443731307983,93.84438680999988,28
159236_1.tex,non stop heuristic greedy,True,2,3.3479764461517334,20.242210960000108,18
159263_1.tex,non stop heuristic greedy,True,39,83.53814005851746,607.9675449615605,75
159291_2.tex,non stop heuristic greedy,False,8,20.72858214378357,88.35467329146815,44
159387_2.tex,non stop heuristic greedy,True,4,8.399767398834229,40.0,18
159393_2.tex,non stop heuristic greedy,True,4,8.48259973526001,40.49817932799998,24
159418_2.tex,non stop heuristic greedy,True,7,13.451995134353638,118.59919100000003,14
159449_1.tex,non stop heuristic greedy,True,8,17.490394830703735,84.32991639299193,24
159497_3.tex,non stop heuristic greedy,True,7,19.16995477676392,70.96059827999969,39
159536_3.tex,non stop heuristic greedy,True,13,29.50421166419983,155.7962760000006,27
159573_2.tex,non stop heuristic greedy,False,4,12.98058819770813,45.45806525147993,24
159593_2.tex,non stop heuristic greedy,True,11,28.616807460784912,112.84116115765588,38
159598_3.tex,non stop heuristic greedy,True,17,42.09445023536682,193.623053731656,50
159605_1.tex,non stop heuristic greedy,True,6,13.477892398834229,64.21458133000004,34
159623_1.tex,non stop heuristic greedy,True,10,23.78413820266724,107.85638977000004,48
159625_3.tex,non stop heuristic greedy,True,8,13.749610662460327,89.73062925,16
159653_2.tex,non stop heuristic greedy,True,9,18.51353454589844,94.27224215000037,28
159678_3.tex,non stop heuristic greedy,False,10,25.47169327735901,108.17975846500016,32
159743_2.tex,non stop heuristic greedy,True,8,14.184624195098875,82.67704049999985,23
159756_2.tex,non stop heuristic greedy,True,11,20.24702095985413,120.08308299999992,25
159795_1.tex,non stop heuristic greedy,False,7,16.438948392868042,76.81848407599999,37
159823_3.tex,non stop heuristic greedy,False,9,22.149367332458496,95.54689099999996,45
159826_2.tex,non stop heuristic greedy,False,3,9.062774419784546,30.01544639999986,32
159880_2.tex,non stop heuristic greedy,True,9,19.76797366142273,118.56474053703498,31
159895_2.tex,non stop heuristic greedy,True,3,5.9622642993927,30.01,24
159906_1.tex,non stop heuristic greedy,True,15,35.22815918922424,284.7523755280025,39
159917_1.tex,non stop heuristic greedy,False,16,38.00786304473877,187.3438942794924,42
159935_3.tex,non stop heuristic greedy,False,11,30.7349112033844,111.70141261882809,47
159951_3.tex,non stop heuristic greedy,True,8,17.385430574417114,85.37916060000006,15
159963_1.tex,non stop heuristic greedy,True,2,3.4827725887298584,20.0,10
160020_2.tex,non stop heuristic greedy,False,6,15.393139123916626,60.10587424000005,33
160178_2.tex,non stop heuristic greedy,True,11,23.034085988998413,118.4027083000001,28
160235_3.tex,non stop heuristic greedy,True,7,17.66475248336792,73.77263779999987,45
160240_2.tex,non stop heuristic greedy,False,26,59.095234394073486,1104.9502121925002,44
160266_3.tex,non stop heuristic greedy,False,13,34.816211223602295,141.99457585199963,51
160295_3.tex,non stop heuristic greedy,True,12,25.800743103027344,140.5587567,42
160459_2.tex,non stop heuristic greedy,True,18,44.6763231754303,201.26514048018024,49
160613_3.tex,non stop heuristic greedy,True,10,21.80405306816101,106.81470270000054,43
160653_2.tex,non stop heuristic greedy,True,16,38.72624087333679,185.52981560682844,41
160760_3.tex,non stop heuristic greedy,True,4,8.578136920928955,40.488333240000046,20
160859_2.tex,non stop heuristic greedy,True,5,11.06322741508484,50.67857696,19
161056_3.tex,non stop heuristic greedy,True,11,25.552976608276367,122.43501377500104,38
161060_2.tex,non stop heuristic greedy,True,10,23.760941982269287,110.73242765000018,22
161077_1.tex,non stop heuristic greedy,True,14,32.243083000183105,166.43856050300025,32
161121_2.tex,non stop heuristic greedy,True,11,29.81455969810486,113.52534851882794,42
161124_2.tex,non stop heuristic greedy,True,18,43.90273928642273,188.51389784365705,50
161222_1.tex,non stop heuristic greedy,True,9,23.72550892829895,92.13546001882789,36
161263_3.tex,non stop heuristic greedy,False,2,6.448853015899658,20.06598029999998,17
161307_3.tex,non stop heuristic greedy,True,19,41.35637283325195,276.2748686260003,47
161323_3.tex,non stop heuristic greedy,True,9,21.192691564559937,100.27344663699984,37
161342_3.tex,non stop heuristic greedy,True,23,50.254875898361206,327.1302699214998,58
161373_1.tex,non stop heuristic greedy,True,16,29.783344984054565,176.75669525000114,37
161376_1.tex,non stop heuristic greedy,True,6,10.470239162445068,61.569599999999966,26
161390_3.tex,non stop heuristic greedy,True,3,5.433069944381714,30.56531354000001,22
161446_3.tex,non stop heuristic greedy,True,35,86.74938917160034,587.5895222570002,77
161473_1.tex,non stop heuristic greedy,True,3,5.83329176902771,30.0,19
161495_2.tex,non stop heuristic greedy,True,9,21.330092906951904,102.52527019999997,44
161567_3.tex,non stop heuristic greedy,True,13,28.833755493164062,139.95485406649465,43
161580_3.tex,non stop heuristic greedy,True,5,10.247488498687744,50.53319999999999,18
161583_2.tex,non stop heuristic greedy,True,11,24.522622108459476,151.71604110000058,28
161608_1.tex,non stop heuristic greedy,True,7,13.950205326080322,74.6503734929921,23
161693_3.tex,non stop heuristic greedy,False,7,18.24990725517273,72.32338030000008,22
161755_3.tex,non stop heuristic greedy,True,4,7.81997799873352,40.713661172000016,19
161759_2.tex,non stop heuristic greedy,True,6,13.914054870605469,61.20716518000005,28
161779_1.tex,non stop heuristic greedy,True,5,10.85938286781311,50.44613501999993,38
161867_2.tex,non stop heuristic greedy,True,13,29.55782103538513,141.8713359599999,49
161877_3.tex,non stop heuristic greedy,True,5,11.1134295463562,50.01544640000009,42
161921_1.tex,non stop heuristic greedy,False,4,10.218937873840332,41.47696059999993,36
161926_2.tex,non stop heuristic greedy,True,11,22.37719774246216,134.6005048,40
161955_3.tex,non stop heuristic greedy,False,7,17.183143377304077,76.8676840759998,40
162030_3.tex,non stop heuristic greedy,False,8,20.767220497131348,92.51927900000064,20
162053_3.tex,non stop heuristic greedy,False,8,20.14569401741028,102.1971190359999,15
162058_3.tex,non stop heuristic greedy,True,12,27.57276606559753,146.2184314794777,32
162081_1.tex,non stop heuristic greedy,True,12,28.256128787994385,135.05080290850557,32
162137_2.tex,non stop heuristic greedy,True,9,18.856773614883423,101.15632680000144,19
162154_3.tex,non stop heuristic greedy,False,9,24.55317783355713,100.5100416569999,23
162155_1.tex,non stop heuristic greedy,True,7,15.516098260879517,72.41240796499177,23
162163_1.tex,non stop heuristic greedy,True,4,8.013233661651611,43.12537932799998,13
162176_1.tex,non stop heuristic greedy,True,12,26.703683376312256,148.74617011400034,27
162189_3.tex,non stop heuristic greedy,True,12,25.998140573501587,129.37696140149177,31
162209_1.tex,non stop heuristic greedy,True,5,10.35005807876587,51.33259281200009,30
162209_2.tex,non stop heuristic greedy,True,4,8.357129335403442,42.33909741200055,26
162271_1.tex,non stop heuristic greedy,True,17,41.61903214454651,180.6654784868276,40
162362_2.tex,non stop heuristic greedy,True,4,7.344300270080566,41.06969591999997,16
162366_1.tex,non stop heuristic greedy,True,4,8.363981485366821,40.56144769999993,21
162459_2.tex,non stop heuristic greedy,True,14,29.137591123580933,160.25232240000022,32
162475_1.tex,non stop heuristic greedy,True,2,3.3899710178375244,20.419518400000012,19
162493_1.tex,non stop heuristic greedy,False,13,30.05805492401123,159.86714369175036,39
162495_3.tex,non stop heuristic greedy,False,5,12.184129238128662,56.41602897600004,29
162517_3.tex,non stop heuristic greedy,False,13,30.472991466522217,143.1388349940002,41
162568_1.tex,non stop heuristic greedy,True,5,9.733179092407228,50.02,16
162613_3.tex,non stop heuristic greedy,True,11,22.8872389793396,120.56398812282768,27
162723_2.tex,non stop heuristic greedy,True,7,14.809024810791016,73.13916700499193,31
162764_2.tex,non stop heuristic greedy,True,5,10.03673529624939,51.04639999999998,13
162782_1.tex,non stop heuristic greedy,True,8,17.08372950553894,81.35359999999996,17
162788_1.tex,non stop heuristic greedy,True,8,14.402781009674072,84.57805730000064,34
162788_2.tex,non stop heuristic greedy,True,1,1.4757566452026367,10.0,11
162788_3.tex,non stop heuristic greedy,True,7,13.414139986038208,83.31380345000076,24
162813_1.tex,non stop heuristic greedy,True,12,24.484659910202023,147.53950474000044,31
162836_2.tex,non stop heuristic greedy,True,10,23.02535843849182,115.28449994975,21
162848_3.tex,non stop heuristic greedy,True,8,17.32043194770813,82.87138625499998,29
162854_2.tex,non stop heuristic greedy,True,3,6.296205043792725,30.75641117200008,25
162871_3.tex,non stop heuristic greedy,True,15,33.96589517593384,185.8277083999997,29
162879_3.tex,non stop heuristic greedy,True,7,15.056466817855837,84.45877110000093,22
162924_1.tex,non stop heuristic greedy,False,8,19.42553758621216,93.82784744000026,28
162955_2.tex,non stop heuristic greedy,True,5,11.484545469284058,50.551993319999966,39
162971_2.tex,non stop heuristic greedy,True,37,85.737863779068,632.2060076402968,66
163111_3.tex,non stop heuristic greedy,True,12,26.65831160545349,134.82735960000105,29
163158_1.tex,non stop heuristic greedy,True,9,19.135552406311035,101.60223769999992,27
163158_2.tex,non stop heuristic greedy,True,9,20.190378189086918,99.91821750399993,23
163181_2.tex,non stop heuristic greedy,True,4,8.04430365562439,40.939837076,18
163187_2.tex,non stop heuristic greedy,True,7,15.923745155334473,81.85965227599993,22
163206_1.tex,non stop heuristic greedy,True,5,33.413957834243774,50.01,11
163214_1.tex,non stop heuristic greedy,True,9,19.101314067840576,99.75613500000128,24
163237_3.tex,non stop heuristic greedy,True,7,14.818961143493652,72.30708541082814,29
163301_2.tex,non stop heuristic greedy,True,4,7.515459299087524,47.3609152,10
163315_3.tex,non stop heuristic greedy,True,5,9.783934116363524,67.45864470000039,17
163344_1.tex,non stop heuristic greedy,True,13,40.49315333366394,164.62736182799978,32
163360_3.tex,non stop heuristic greedy,True,7,14.513168573379517,82.76416417200062,21
163392_1.tex,non stop heuristic greedy,True,20,46.923107385635376,267.45602739200024,48
163412_2.tex,non stop heuristic greedy,True,11,24.16721820831299,129.51821200000006,29
163418_2.tex,non stop heuristic greedy,True,12,24.67568254470825,132.3450224812506,31
163447_3.tex,non stop heuristic greedy,True,2,3.560349941253662,20.0,18
163489_1.tex,non stop heuristic greedy,True,8,16.179267644882202,81.07519331999995,42
163498_3.tex,non stop heuristic greedy,True,15,32.67821145057678,160.49106603574992,51
163527_3.tex,non stop heuristic greedy,False,11,25.250782012939453,116.00913944999988,31
163602_1.tex,non stop heuristic greedy,True,32,69.60548734664917,432.3805223417704,66
163613_3.tex,non stop heuristic greedy,False,10,26.178651809692383,115.47005205600028,41
163647_1.tex,non stop heuristic greedy,True,3,6.614433765411377,30.01,20
163712_2.tex,non stop heuristic greedy,True,11,27.298119068145752,129.23977774099967,38
163761_3.tex,non stop heuristic greedy,True,8,18.1460440158844,87.99076190000096,18
163765_1.tex,non stop heuristic greedy,True,12,24.83753633499145,129.3303122839999,25
163793_1.tex,non stop heuristic greedy,True,15,35.43197798728943,163.5616028568276,41
163850_2.tex,non stop heuristic greedy,True,6,12.9314546585083,65.14840800000025,15
163888_3.tex,non stop heuristic greedy,True,3,6.370305776596069,30.01,21
163897_2.tex,non stop heuristic greedy,False,12,44.61788249015808,128.6087666568278,40
163904_1.tex,non stop heuristic greedy,True,3,5.99344801902771,30.488102372,27
163947_3.tex,non stop heuristic greedy,True,9,17.097368478775024,117.77385240000002,15
163958_1.tex,non stop heuristic greedy,True,12,23.89544796943665,143.91964350000046,23
163997_1.tex,non stop heuristic greedy,True,9,17.280686378479004,116.11387299000016,25
164003_2.tex,non stop heuristic greedy,True,2,3.393273115158081,20.0,21
164012_1.tex,non stop heuristic greedy,True,6,13.770994186401367,62.84487493125009,60
164048_2.tex,non stop heuristic greedy,True,14,28.871235370635983,157.33981377999973,41
164060_2.tex,non stop heuristic greedy,True,6,10.050960779190063,60.73157829999997,13
164063_2.tex,non stop heuristic greedy,True,8,14.913329124450684,99.16263375000008,26
164089_1.tex,non stop heuristic greedy,True,1,1.4371788501739502,10.0,18
164096_2.tex,non stop heuristic greedy,True,5,9.171982526779177,52.79301354000004,22
164187_2.tex,non stop heuristic greedy,True,4,7.643819332122803,40.01,26
164188_2.tex,non stop heuristic greedy,True,10,20.721131086349487,268.1200259250006,20
164239_1.tex,non stop heuristic greedy,True,8,16.822890043258667,85.87673107798398,32
164264_2.tex,non stop heuristic greedy,True,12,25.721436738967896,182.1559977560017,35
164264_3.tex,non stop heuristic greedy,True,15,32.53870725631714,171.02300906518047,35
164278_3.tex,non stop heuristic greedy,True,7,12.517366647720335,77.00589549999994,15
164279_1.tex,non stop heuristic greedy,True,10,21.17111730575561,109.80997510000006,35
164341_2.tex,non stop heuristic greedy,True,9,16.465866565704346,95.1876111129918,28
164363_2.tex,non stop heuristic greedy,True,13,28.330273628234863,160.34080481200004,37
164435_3.tex,non stop heuristic greedy,True,6,14.662505388259888,63.24051354000007,28
164498_2.tex,non stop heuristic greedy,True,1,1.3808276653289795,10.0,11
164507_3.tex,non stop heuristic greedy,True,6,11.321502923965454,61.3206405,22
164518_1.tex,non stop heuristic greedy,True,11,20.946807146072388,119.69698059999982,30
164518_2.tex,non stop heuristic greedy,True,10,19.96193552017212,104.46165949999995,37
164519_3.tex,non stop heuristic greedy,True,6,11.83487868309021,61.42957550000008,36
164533_3.tex,non stop heuristic greedy,True,11,22.327074766159058,140.5424240500008,33
164539_3.tex,non stop heuristic greedy,True,15,30.328699350357056,182.74060894200036,32
164544_3.tex,non stop heuristic greedy,False,12,27.3655788898468,139.1739000547504,33
164569_3.tex,non stop heuristic greedy,True,10,23.8618266582489,101.79841281999988,36
164574_3.tex,non stop heuristic greedy,True,2,3.911255836486816,20.01439665999999,23
164578_2.tex,non stop heuristic greedy,True,19,42.03371500968933,219.61426526066836,63
164597_1.tex,non stop heuristic greedy,True,10,19.680699825286865,129.93447600000005,26
164635_3.tex,non stop heuristic greedy,True,8,15.385047912597656,81.52636565999998,27
164637_3.tex,non stop heuristic greedy,True,9,28.11349558830261,92.07637215999992,37
164684_1.tex,non stop heuristic greedy,True,35,82.51760244369507,537.2102184769994,72
164738_3.tex,non stop heuristic greedy,False,5,13.878311157226562,51.68220182000016,18
164816_3.tex,non stop heuristic greedy,True,7,14.001186609268188,88.65620210000002,19
164831_3.tex,non stop heuristic greedy,True,4,8.127274990081787,40.26351839999996,20
164841_1.tex,non stop heuristic greedy,True,6,14.067398071289062,64.22035795000042,24
164920_3.tex,non stop heuristic greedy,True,4,9.044599294662476,40.71493980000004,17
165079_3.tex,non stop heuristic greedy,True,2,4.495482921600342,20.01439665999999,23
165101_3.tex,non stop heuristic greedy,True,8,17.57557225227356,82.19193241999999,37
165132_2.tex,non stop heuristic greedy,True,6,10.6716730594635,62.092799999999954,18
165142_2.tex,non stop heuristic greedy,True,8,16.271044969558716,106.52487390000005,24
165156_1.tex,non stop heuristic greedy,False,11,25.41955065727234,117.41139550000015,33
165172_1.tex,non stop heuristic greedy,True,7,14.340187549591064,72.88608677200004,30
165272_1.tex,non stop heuristic greedy,True,10,21.441664457321167,185.0051126,26
165291_3.tex,non stop heuristic greedy,True,7,14.830093145370483,71.87254862000003,22
165297_3.tex,non stop heuristic greedy,True,8,19.595813274383545,84.71769669299184,22
165298_2.tex,non stop heuristic greedy,True,8,18.47581124305725,88.86929471199997,23
165331_2.tex,non stop heuristic greedy,True,3,6.342966794967651,30.01,20
165338_3.tex,non stop heuristic greedy,True,9,21.24896049499512,94.27594728499191,39
165380_1.tex,non stop heuristic greedy,True,12,26.41321039199829,137.59237400000137,28
165433_2.tex,non stop heuristic greedy,True,7,14.388263463974,71.07729933200007,25
165485_1.tex,non stop heuristic greedy,True,10,19.480487823486328,129.9127982937503,29
165651_3.tex,non stop heuristic greedy,True,3,5.726281642913818,30.01535905000003,30
165712_2.tex,non stop heuristic greedy,True,8,17.833433151245117,82.20120629999985,30
165727_3.tex,non stop heuristic greedy,False,6,14.64566707611084,62.12509869999981,40
165791_3.tex,non stop heuristic greedy,False,13,30.23948550224304,238.11491065000024,28
165804_1.tex,non stop heuristic greedy,True,5,9.806313037872314,50.02,25
165891_2.tex,non stop heuristic greedy,True,8,17.308526515960693,87.75379290000001,20
165898_2.tex,non stop heuristic greedy,True,9,17.35356640815735,117.2292990000002,26
165934_2.tex,non stop heuristic greedy,True,11,22.980612754821777,153.93199694000015,31
165982_3.tex,non stop heuristic greedy,True,16,40.41169762611389,171.53742667967333,46
165990_2.tex,non stop heuristic greedy,False,22,51.78313994407654,345.7049352120016,54
166001_3.tex,non stop heuristic greedy,True,8,15.263771295547484,101.70489099999996,20
166033_1.tex,non stop heuristic greedy,True,4,6.803588151931763,40.586159628,21
166091_2.tex,non stop heuristic greedy,True,11,24.04702377319336,123.02786292399992,38
166142_3.tex,non stop heuristic greedy,True,14,29.722336053848267,189.40054736300004,32
166156_1.tex,non stop heuristic greedy,True,7,16.22411584854126,77.22372722600059,31
166174_2.tex,non stop heuristic greedy,True,14,30.69923162460327,155.25635064199977,51
166175_1.tex,non stop heuristic greedy,False,16,37.431771993637085,179.01878614199998,46
166175_3.tex,non stop heuristic greedy,True,20,43.33789920806885,257.6432709569999,50
166221_1.tex,non stop heuristic greedy,True,8,15.480566501617432,81.93464929999998,29
166256_1.tex,non stop heuristic greedy,True,7,14.721064567565918,85.44380714000003,25
166335_2.tex,non stop heuristic greedy,True,8,16.744797468185425,93.25181267500076,33
166336_3.tex,non stop heuristic greedy,True,8,19.02157497406006,134.2208825437501,18
166478_2.tex,non stop heuristic greedy,False,10,26.9992949962616,106.65454912800034,26
166526_2.tex,non stop heuristic greedy,True,6,13.52566647529602,63.00651267600009,31
166561_1.tex,non stop heuristic greedy,True,13,30.18779444694519,167.29343935000122,44
166575_2.tex,non stop heuristic greedy,True,10,24.338881015777588,105.898499068,38
166582_1.tex,non stop heuristic greedy,True,13,29.91507625579834,149.5248918068279,30
166584_3.tex,non stop heuristic greedy,True,5,10.275714874267578,51.09464769999992,28
166589_1.tex,non stop heuristic greedy,True,8,17.10100531578064,84.72707994000008,34
166604_3.tex,non stop heuristic greedy,False,12,28.97378206253052,141.50658094000096,37
166705_1.tex,non stop heuristic greedy,True,3,7.476978063583374,30.0,37
166722_3.tex,non stop heuristic greedy,True,6,12.440062522888184,65.01501271200009,28
166793_1.tex,non stop heuristic greedy,True,10,21.46651005744934,102.77179145000008,36
166819_1.tex,non stop heuristic greedy,False,6,13.872164487838743,65.30552697799996,31
166853_1.tex,non stop heuristic greedy,True,21,46.91789793968201,285.294209756,65
166891_3.tex,non stop heuristic greedy,True,4,7.885373592376709,40.01,14
166951_1.tex,non stop heuristic greedy,True,16,38.36842632293701,174.19277302598428,48
166984_2.tex,non stop heuristic greedy,True,11,23.51200819015503,132.5120881249997,26
167001_1.tex,non stop heuristic greedy,True,12,25.9562771320343,147.11400640000107,35
167068_2.tex,non stop heuristic greedy,True,16,41.253719329833984,165.72340155700138,58
167078_1.tex,non stop heuristic greedy,True,12,25.957600355148315,182.67883147499992,22
167096_2.tex,non stop heuristic greedy,True,7,13.953206539154053,75.43427572500005,18
167102_3.tex,non stop heuristic greedy,True,13,28.442440271377563,163.52683770000067,34
167144_2.tex,non stop heuristic greedy,True,12,27.784864902496334,153.00023809000086,31
167149_2.tex,non stop heuristic greedy,True,13,29.105387926101685,209.290214756,33
167180_2.tex,non stop heuristic greedy,True,13,31.110912799835205,146.06696920350004,50
167191_1.tex,non stop heuristic greedy,True,15,33.75877833366394,165.40447004999987,38
167352_2.tex,non stop heuristic greedy,False,14,33.12246346473694,162.37323795274978,41
167384_3.tex,non stop heuristic greedy,True,34,76.56793403625488,526.735812737432,67
167420_1.tex,non stop heuristic greedy,True,12,26.608468770980835,203.2638035750011,19
167461_2.tex,non stop heuristic greedy,True,10,23.49726271629333,105.41782677800074,31
167463_2.tex,non stop heuristic greedy,True,7,16.557650327682495,70.47734309999989,29
167507_1.tex,non stop heuristic greedy,True,11,26.034299850463867,163.7365725306057,34
167512_1.tex,non stop heuristic greedy,True,7,15.93322253227234,80.4565245,17
167571_1.tex,non stop heuristic greedy,True,7,15.774028778076172,75.72529658600035,33
167621_1.tex,non stop heuristic greedy,True,6,11.558775663375854,64.50433190000005,22
167630_3.tex,non stop heuristic greedy,True,9,19.231203079223636,101.87686419999991,24
167684_3.tex,non stop heuristic greedy,True,5,9.962855815887451,51.06175904999989,24
167703_1.tex,non stop heuristic greedy,True,7,17.24729561805725,71.32689117500007,39
167777_1.tex,non stop heuristic greedy,True,16,38.66903710365296,185.2426047419997,55
167856_3.tex,non stop heuristic greedy,True,8,16.824301958084106,83.97435218750003,25
167860_2.tex,non stop heuristic greedy,True,3,5.955181121826172,30.455539100000067,32
167864_2.tex,non stop heuristic greedy,True,6,12.525381565093994,64.3061711412501,35
167895_2.tex,non stop heuristic greedy,False,14,35.118513107299805,167.9223500005498,50
167896_2.tex,non stop heuristic greedy,False,2,6.731582880020142,20.15811808880005,38
167918_2.tex,non stop heuristic greedy,False,10,25.320785522460938,104.32782219999991,56
168031_3.tex,non stop heuristic greedy,True,14,34.36216115951538,145.00448827632792,46
168033_2.tex,non stop heuristic greedy,True,5,10.155350923538208,50.08541798,31
168038_3.tex,non stop heuristic greedy,True,10,22.787591457366943,104.15567921082786,52
168050_3.tex,non stop heuristic greedy,True,9,16.649298906326294,126.53801452500008,22
168144_3.tex,non stop heuristic greedy,True,10,20.36679220199585,102.3345085800003,38
168162_1.tex,non stop heuristic greedy,True,10,30.120562314987183,120.86147230000007,29
168208_2.tex,non stop heuristic greedy,True,6,13.058071851730348,61.39951444000009,40
168239_3.tex,non stop heuristic greedy,False,25,55.78531551361084,766.8339965925001,49
168287_2.tex,non stop heuristic greedy,True,2,3.828727960586548,20.52319999999999,23
168349_1.tex,non stop heuristic greedy,True,17,34.25702381134033,209.46631400875012,43
168368_1.tex,non stop heuristic greedy,True,33,77.97632169723511,576.5513636450007,74
168407_3.tex,non stop heuristic greedy,True,13,26.66409969329834,158.61918424999988,50
168414_3.tex,non stop heuristic greedy,True,13,25.66507339477539,156.2206886400001,38
168419_3.tex,non stop heuristic greedy,True,11,22.267204761505127,113.06756894999997,37
168443_1.tex,non stop heuristic greedy,False,10,26.31882095336914,105.6164537279999,46
168513_2.tex,non stop heuristic greedy,True,5,10.24227523803711,50.02,13
168565_1.tex,non stop heuristic greedy,True,18,39.49778962135315,202.02299944100028,36
168672_1.tex,non stop heuristic greedy,True,6,12.55663537979126,66.0604704639998,23
168675_3.tex,non stop heuristic greedy,True,1,2.068930387496948,10.01,21
168680_2.tex,non stop heuristic greedy,True,8,16.41154408454895,87.59928124663548,20
168683_3.tex,non stop heuristic greedy,True,16,40.769105434417725,166.75164798282884,52
168705_3.tex,non stop heuristic greedy,True,1,1.9910054206848145,10.0,6
168714_3.tex,non stop heuristic greedy,True,9,19.11795139312744,104.79123900000025,24
14553_3.tex,non stop heuristic greedy,True,1,2.049125909805298,10.063144803200087,31
15507_1.tex,non stop heuristic greedy,True,13,27.90345978736877,150.63743075600064,35
16152_2.tex,non stop heuristic greedy,True,5,9.60656189918518,50.35069436999986,22
10043_3.tex,non stop heuristic greedy,True,12,29.01847219467163,135.76780242700065,27
10097_3.tex,non stop heuristic greedy,True,10,20.28935217857361,116.04477086450008,23
10128_3.tex,non stop heuristic greedy,False,8,16.771000146865845,85.86203374723092,24
10134_3.tex,non stop heuristic greedy,True,4,7.471266508102417,42.180075071999816,18
10184_2.tex,non stop heuristic greedy,False,2,4.950780391693115,21.427330900000022,6
10186_2.tex,non stop heuristic greedy,True,13,25.215126752853397,167.0791557749999,19
10213_2.tex,non stop heuristic greedy,True,2,3.653130531311035,20.02,16
10227_2.tex,non stop heuristic greedy,False,6,13.339924335479736,65.69032257477701,22
10235_3.tex,non stop heuristic greedy,True,6,12.01349925994873,64.74437867793739,32
10249_2.tex,non stop heuristic greedy,True,6,12.0759699344635,61.14281798000006,30
10546_1.tex,non stop heuristic greedy,True,7,15.019692420959473,88.77973729363597,18
10583_1.tex,non stop heuristic greedy,True,15,32.87374567985535,172.38217086200004,33
10603_3.tex,non stop heuristic greedy,True,3,6.248070955276489,33.30968029999992,8
10666_2.tex,non stop heuristic greedy,True,13,28.84871482849121,156.7378370081421,30
10735_1.tex,non stop heuristic greedy,True,7,15.04601240158081,83.54267693019997,30
11008_3.tex,non stop heuristic greedy,True,5,10.807807445526125,50.68775991599975,25
11099_2.tex,non stop heuristic greedy,True,29,68.10546135902405,460.0901122831313,51
11120_2.tex,non stop heuristic greedy,True,15,36.56893062591553,201.54848945887505,38
11135_2.tex,non stop heuristic greedy,True,8,16.33913230895996,102.41436847499996,16
11283_2.tex,non stop heuristic greedy,True,10,20.01419949531555,105.57146074799986,29
11303_3.tex,non stop heuristic greedy,True,19,37.913148164749146,271.63124566389985,39
11625_1.tex,non stop heuristic greedy,True,16,35.04588198661804,209.2558915947503,30
11660_2.tex,non stop heuristic greedy,True,17,38.40319061279297,212.45595056222857,43
11734_2.tex,non stop heuristic greedy,True,5,10.09372615814209,53.71694702958981,19
11765_2.tex,non stop heuristic greedy,True,1,1.8223669528961184,10.01,18
11806_2.tex,non stop heuristic greedy,True,18,34.6253604888916,284.0542976375,24
11838_1.tex,non stop heuristic greedy,True,15,28.911625623703003,181.31327864908997,35
11856_3.tex,non stop heuristic greedy,False,19,36.76636528968811,268.26645104225,42
11870_2.tex,non stop heuristic greedy,False,26,55.96815323829651,369.31126767483977,48
12195_3.tex,non stop heuristic greedy,True,19,39.641788482666016,237.1052253547504,38
12259_1.tex,non stop heuristic greedy,True,5,9.414801836013794,55.57898614399993,20
12262_1.tex,non stop heuristic greedy,True,6,12.59437108039856,69.52273001575094,21
12284_2.tex,non stop heuristic greedy,True,10,20.760568141937256,116.25991638999966,36
12301_3.tex,non stop heuristic greedy,True,20,41.73874640464783,235.47363743865577,46
12344_1.tex,non stop heuristic greedy,True,7,13.281511068344116,77.06578900000007,18
12370_2.tex,non stop heuristic greedy,True,11,20.96553945541382,139.69913118400007,22
12397_2.tex,non stop heuristic greedy,True,12,24.34446668624878,128.52671214982803,43
12410_1.tex,non stop heuristic greedy,True,4,8.152474880218506,40.0964954,27
12597_2.tex,non stop heuristic greedy,True,12,26.928118467330933,136.0059289500001,33
12728_2.tex,non stop heuristic greedy,True,3,6.264235734939575,30.209242239999988,26
12736_3.tex,non stop heuristic greedy,True,21,46.5421793460846,313.4593217230009,48
12847_3.tex,non stop heuristic greedy,False,5,12.863193273544312,54.48409147200026,30
12937_1.tex,non stop heuristic greedy,False,17,38.444857597351074,178.310209926656,51
13273_3.tex,non stop heuristic greedy,True,12,22.73348498344421,137.94704591665553,26
13431_2.tex,non stop heuristic greedy,True,5,9.963670253753662,58.16989838079199,15
13444_2.tex,non stop heuristic greedy,True,13,26.73697662353516,166.30607199658988,25
13846_3.tex,non stop heuristic greedy,True,19,39.55376815795898,296.6520132937497,30
13884_1.tex,non stop heuristic greedy,False,9,18.69904613494873,101.95838162454208,21
13911_3.tex,non stop heuristic greedy,True,18,35.139561891555786,208.3099805505337,33
13920_2.tex,non stop heuristic greedy,True,8,15.309235334396362,87.31926259499998,33
13949_1.tex,non stop heuristic greedy,True,18,35.222354888916016,257.35673361875007,36
13955_2.tex,non stop heuristic greedy,True,9,17.594101667404175,102.66833020000016,22
13990_3.tex,non stop heuristic greedy,True,17,42.330727338790894,194.2503055428401,55
14003_2.tex,non stop heuristic greedy,True,7,13.199759006500244,99.76717203999996,24
14007_2.tex,non stop heuristic greedy,True,9,19.834426641464237,103.46072703400006,27
14010_1.tex,non stop heuristic greedy,True,2,3.8182876110076895,20.039189419799985,24
14018_2.tex,non stop heuristic greedy,True,10,19.29930591583252,124.34630345199992,21
14146_1.tex,non stop heuristic greedy,True,3,5.982661008834839,30.02,14
14252_3.tex,non stop heuristic greedy,True,14,31.67966866493225,166.31505327541396,40
14310_3.tex,non stop heuristic greedy,True,1,1.5266871452331543,10.01,15
14335_3.tex,non stop heuristic greedy,True,15,33.444727420806885,166.73871738721397,40
14416_2.tex,non stop heuristic greedy,True,21,42.9048912525177,375.9534709813056,36
14423_2.tex,non stop heuristic greedy,True,4,8.007867097854614,40.58563711999991,19
14445_2.tex,non stop heuristic greedy,True,14,29.926671504974365,159.54715500518014,41
14466_3.tex,non stop heuristic greedy,True,20,42.361024141311646,246.14958165998436,47
14506_2.tex,non stop heuristic greedy,True,8,16.866530179977417,98.67111519999996,23
14521_3.tex,non stop heuristic greedy,True,11,21.79454588890076,131.06734446399992,28
14524_3.tex,non stop heuristic greedy,True,14,27.16007804870605,175.67071471159028,38
14963_3.tex,non stop heuristic greedy,True,4,8.442302942276001,44.770922415999976,15
15036_1.tex,non stop heuristic greedy,True,17,27.176589727401733,300.23000455625,25
15045_1.tex,non stop heuristic greedy,True,5,9.375694751739502,57.87623089999997,13
9718_2.tex,non stop heuristic greedy,True,2,4.0018627643585205,20.65850340148004,31
15059_2.tex,non stop heuristic greedy,True,6,11.18226671218872,72.14779323600015,16
15095_2.tex,non stop heuristic greedy,True,10,22.384864807128903,114.7364266900682,34
15097_2.tex,non stop heuristic greedy,True,9,26.59199833869934,101.16949571733318,29
15439_3.tex,non stop heuristic greedy,False,14,33.16565799713135,158.19983875293016,42
15633_3.tex,non stop heuristic greedy,True,4,7.31328272819519,47.56974171519991,25
15636_2.tex,non stop heuristic greedy,True,5,9.183330297470093,51.23770824999992,22
15657_2.tex,non stop heuristic greedy,True,20,42.78662896156311,274.1830513111,56
15837_1.tex,non stop heuristic greedy,True,7,14.216270208358765,75.51718294714502,20
15919_1.tex,non stop heuristic greedy,False,8,17.205625534057617,86.94588054623823,20
16033_2.tex,non stop heuristic greedy,True,10,18.626857042312626,120.8535998779999,22
16040_1.tex,non stop heuristic greedy,True,7,14.59360671043396,80.02319093500003,26
16183_1.tex,non stop heuristic greedy,True,7,14.5737624168396,85.87000188523011,28
16619_2.tex,non stop heuristic greedy,True,8,19.13879919052124,89.74297476808974,40
67467_2.tex,non stop heuristic greedy,True,3,6.630026578903198,30.076417979999803,27
67746_2.tex,non stop heuristic greedy,True,13,27.0517053604126,179.22659960000004,24
67820_3.tex,non stop heuristic greedy,True,15,32.110467195510864,201.59923145500056,40
67929_3.tex,non stop heuristic greedy,True,21,43.60695242881775,289.3786313615001,55
68037_3.tex,non stop heuristic greedy,True,19,42.270694732666016,264.0242254404203,55
68348_3.tex,non stop heuristic greedy,False,7,18.10153079032898,77.88537167500006,23
68381_3.tex,non stop heuristic greedy,True,1,1.4428534507751465,10.01,8
68458_3.tex,non stop heuristic greedy,True,20,48.68937087059021,234.4506135194926,52
68463_1.tex,non stop heuristic greedy,False,7,17.099243640899658,74.03830207999994,31
68491_2.tex,non stop heuristic greedy,True,12,22.691712379455566,147.28008175000014,36
68496_1.tex,non stop heuristic greedy,True,7,13.243469953536987,72.02911949999987,23
68523_3.tex,non stop heuristic greedy,True,6,11.385369300842283,61.81732913882801,20
68548_3.tex,non stop heuristic greedy,False,3,7.541015148162842,30.33333821439993,24
68559_1.tex,non stop heuristic greedy,False,7,17.32553720474243,75.26732617908016,32
68743_2.tex,non stop heuristic greedy,True,17,40.20834732055664,243.11002134274972,35
68854_1.tex,non stop heuristic greedy,True,14,49.6394636631012,181.72068655099983,36
68903_3.tex,non stop heuristic greedy,True,5,10.559263944625854,54.52872517999996,22
68910_1.tex,non stop heuristic greedy,True,8,16.07719612121582,102.18780652500004,19
68917_2.tex,non stop heuristic greedy,True,12,21.934239625930783,141.67872930000016,21
68949_3.tex,non stop heuristic greedy,True,1,1.489490270614624,10.063137875200027,21
68976_1.tex,non stop heuristic greedy,False,6,13.679792881011965,64.34119721293575,31
68989_1.tex,non stop heuristic greedy,True,4,7.785971164703369,41.496299331999886,29
69034_3.tex,non stop heuristic greedy,True,13,27.7134428024292,165.26144080000034,24
69061_2.tex,non stop heuristic greedy,True,2,4.272179841995239,20.01,21
69068_3.tex,non stop heuristic greedy,True,6,14.11412000656128,61.7578279999999,31
69113_3.tex,non stop heuristic greedy,True,12,26.319757223129272,134.7601128356,47
69211_1.tex,non stop heuristic greedy,True,3,7.0396888256073,30.17694063999989,29
69224_2.tex,non stop heuristic greedy,True,6,13.360214233398438,65.12200389146793,22
69245_3.tex,non stop heuristic greedy,True,1,1.879051923751831,10.01,6
69259_3.tex,non stop heuristic greedy,True,6,12.545842170715332,63.27479699999989,18
69287_2.tex,non stop heuristic greedy,False,15,38.75797700881958,165.84840111808984,43
69313_3.tex,non stop heuristic greedy,True,19,41.2254843711853,260.04500176700003,42
69351_1.tex,non stop heuristic greedy,True,16,48.178744077682495,221.05674259375095,36
69426_1.tex,non stop heuristic greedy,True,6,12.428624153137209,62.13280668499194,29
69454_1.tex,non stop heuristic greedy,True,11,24.65988230705261,162.4960426399998,25
69477_3.tex,non stop heuristic greedy,False,7,15.437614440917969,73.6759802249999,26
69488_2.tex,non stop heuristic greedy,True,11,21.769882440567017,173.79475747040016,22
69503_2.tex,non stop heuristic greedy,True,7,15.73568868637085,71.77386720000015,29
69513_3.tex,non stop heuristic greedy,True,3,5.895413160324097,30.537596659999977,32
69561_2.tex,non stop heuristic greedy,True,9,16.740216732025146,104.98117359999996,25
69574_1.tex,non stop heuristic greedy,True,16,37.17106771469116,181.11089065000056,42
69634_2.tex,non stop heuristic greedy,False,10,25.552330255508423,103.11766358000004,42
69953_1.tex,non stop heuristic greedy,True,17,35.23211407661438,204.36447372001695,37
69975_2.tex,non stop heuristic greedy,False,10,35.39087247848511,108.32369245599985,37
69976_1.tex,non stop heuristic greedy,True,12,27.5815544128418,133.0689298206799,40
70056_2.tex,non stop heuristic greedy,True,15,26.90060806274414,203.9780032461836,34
70058_1.tex,non stop heuristic greedy,False,5,11.891920566558838,51.41561780500004,26
70143_1.tex,non stop heuristic greedy,True,15,33.00093913078308,171.60526988282788,34
70168_3.tex,non stop heuristic greedy,False,12,26.01361632347107,129.1027110079839,41
70302_2.tex,non stop heuristic greedy,True,11,25.416134357452396,131.77724117274926,26
70329_3.tex,non stop heuristic greedy,True,5,10.003989934921265,54.96059550000008,21
70395_1.tex,non stop heuristic greedy,True,3,6.849761486053467,30.02418271999978,23
70402_2.tex,non stop heuristic greedy,False,7,19.59183406829834,72.49428757027667,28
70448_3.tex,non stop heuristic greedy,True,8,15.929194688796995,88.24838740000017,24
70519_2.tex,non stop heuristic greedy,True,18,46.23178291320801,188.0821122748278,57
70538_3.tex,non stop heuristic greedy,True,9,18.33782458305359,105.43106430000064,21
70622_1.tex,non stop heuristic greedy,True,18,39.9604606628418,237.2754664984797,52
70622_2.tex,non stop heuristic greedy,True,1,1.7025642395019531,10.488243201480008,21
70657_2.tex,non stop heuristic greedy,True,8,15.354489088058472,87.0655506500001,35
70666_3.tex,non stop heuristic greedy,True,12,24.39277744293213,171.53603077499997,32
70675_2.tex,non stop heuristic greedy,True,8,17.69522523880005,83.2325692368281,35
70681_2.tex,non stop heuristic greedy,True,4,8.406400680541992,43.09797534000008,27
70707_3.tex,non stop heuristic greedy,True,14,32.743560791015625,151.91650290242814,42
70719_1.tex,non stop heuristic greedy,False,16,38.37838983535767,177.1647187319996,50
70918_3.tex,non stop heuristic greedy,True,13,26.7644259929657,151.74557250300688,29
70939_1.tex,non stop heuristic greedy,True,8,17.07601022720337,88.55911176200006,26
70949_1.tex,non stop heuristic greedy,True,5,11.405074834823608,51.473338955999886,23
70951_2.tex,non stop heuristic greedy,True,9,21.649545669555664,95.16183874663552,38
70983_2.tex,non stop heuristic greedy,True,12,24.58836245536804,163.8863599750014,28
70987_2.tex,non stop heuristic greedy,True,6,12.514243125915527,61.40333920000003,27
71026_1.tex,non stop heuristic greedy,True,9,21.046649932861328,92.79937700882776,39
71064_3.tex,non stop heuristic greedy,True,11,19.517539978027344,157.89680189375008,22
71068_3.tex,non stop heuristic greedy,False,5,26.637486934661865,54.1943503000002,17
71122_2.tex,non stop heuristic greedy,True,14,31.888251543045044,191.05665340299987,43
71149_1.tex,non stop heuristic greedy,True,12,26.34303307533264,124.95639345982816,47
71172_3.tex,non stop heuristic greedy,False,5,10.640753984451294,56.84109111000021,14
71250_1.tex,non stop heuristic greedy,True,11,22.50243306159973,115.7511616798562,40
71271_2.tex,non stop heuristic greedy,True,10,22.53044319152832,109.35158800600018,52
71551_3.tex,non stop heuristic greedy,True,11,23.03439497947693,123.58923323574994,24
71628_1.tex,non stop heuristic greedy,True,5,8.339693784713745,54.369030899999984,8
71632_1.tex,non stop heuristic greedy,True,11,22.874298810958862,132.49032099999977,23
71648_3.tex,non stop heuristic greedy,True,11,23.264395236968998,148.2711427045989,23
71667_2.tex,non stop heuristic greedy,True,8,16.456552267074585,83.63191750682799,28
71682_1.tex,non stop heuristic greedy,True,11,24.560546159744263,138.14572505200002,32
71733_1.tex,non stop heuristic greedy,True,4,7.556459665298462,41.57959999999997,17
71891_3.tex,non stop heuristic greedy,True,6,13.038942098617554,63.10142561999989,23
71917_2.tex,non stop heuristic greedy,True,3,5.921936273574829,30.02,15
71927_2.tex,non stop heuristic greedy,True,4,8.72656798362732,40.780565728,18
72118_3.tex,non stop heuristic greedy,True,7,15.029027462005615,78.58030437599992,28
72127_1.tex,non stop heuristic greedy,True,10,21.778400182724,108.10221449299182,33
72128_2.tex,non stop heuristic greedy,True,12,29.31300091743469,132.66490473958956,47
72164_1.tex,non stop heuristic greedy,True,9,18.70218706130981,109.46235639999996,17
72198_3.tex,non stop heuristic greedy,True,9,28.172653675079346,100.55863689299208,25
72202_1.tex,non stop heuristic greedy,True,5,9.793559551239014,51.17826260000009,25
72210_3.tex,non stop heuristic greedy,False,14,34.630505323410034,157.27850501913923,35
72250_1.tex,non stop heuristic greedy,False,11,26.06246304512024,154.63710254147995,34
72325_2.tex,non stop heuristic greedy,True,2,3.4015746116638184,20.48817932799998,19
72328_2.tex,non stop heuristic greedy,True,5,9.967426776885986,51.68632126080006,29
72431_3.tex,non stop heuristic greedy,True,13,29.239929676055908,161.1801820035016,29
72554_2.tex,non stop heuristic greedy,True,22,49.36969971656799,304.83581208371703,44
9039_2.tex,non stop heuristic greedy,False,3,8.209752798080444,31.26124119550008,21
9119_3.tex,non stop heuristic greedy,True,14,29.97311043739319,161.83595247041552,37
9150_2.tex,non stop heuristic greedy,True,13,25.46831178665161,179.0228368330002,28
9443_2.tex,non stop heuristic greedy,True,9,19.166592836380005,115.15123028515973,20
9548_3.tex,non stop heuristic greedy,True,8,15.702134847640991,101.53087291374985,23
9591_2.tex,non stop heuristic greedy,True,23,51.46147608757019,383.0027737240002,55
9594_2.tex,non stop heuristic greedy,True,10,22.660043478012085,119.96925332700005,29
9608_3.tex,non stop heuristic greedy,True,30,67.29671597480774,503.03949125915005,53
9707_1.tex,non stop heuristic greedy,True,23,47.50496673583984,347.47196609046506,41
9708_3.tex,non stop heuristic greedy,True,10,19.8925678730011,112.42889655599996,29
168749_1.tex,non stop heuristic greedy,True,16,37.631866455078125,192.44959580082792,41
168764_2.tex,non stop heuristic greedy,True,8,16.203333377838135,100.55397657200082,28
168780_1.tex,non stop heuristic greedy,False,3,8.602200746536255,30.413301839999924,23
168802_2.tex,non stop heuristic greedy,True,1,1.6384766101837158,10.0,31
168813_3.tex,non stop heuristic greedy,True,14,28.91154408454895,168.05435679999988,25
168826_3.tex,non stop heuristic greedy,False,7,19.530420780181885,73.21779999999995,22
168835_2.tex,non stop heuristic greedy,False,27,56.64484214782715,600.6515579937517,42
168839_1.tex,non stop heuristic greedy,True,6,10.969698190689089,62.473139199999935,22
168846_1.tex,non stop heuristic greedy,True,13,27.29412031173706,178.19554412799988,23
168850_2.tex,non stop heuristic greedy,True,17,37.18837094306946,206.00609346799976,43
168906_1.tex,non stop heuristic greedy,False,12,26.909656286239624,133.22517982400035,39
168934_3.tex,non stop heuristic greedy,False,8,18.98895478248596,83.98557539999992,24
168939_2.tex,non stop heuristic greedy,False,10,23.19251823425293,107.05837699999996,31
168953_2.tex,non stop heuristic greedy,False,6,16.426305055618286,61.55964963999998,29
169004_1.tex,non stop heuristic greedy,True,28,62.26436686515808,377.2173726457501,62
169046_2.tex,non stop heuristic greedy,True,9,18.752684116363525,95.90059680000114,21
169050_1.tex,non stop heuristic greedy,True,7,13.85101556777954,76.70569220000063,24
169063_1.tex,non stop heuristic greedy,True,14,33.04079842567444,179.3961644819999,30
169073_1.tex,non stop heuristic greedy,True,2,3.452983856201172,20.0,18
169080_2.tex,non stop heuristic greedy,True,10,22.49711322784424,107.35566054399986,37
169168_3.tex,non stop heuristic greedy,True,13,30.84257483482361,213.5016333509997,35
169169_3.tex,non stop heuristic greedy,True,5,11.890556573867798,53.39788044799992,19
169216_3.tex,non stop heuristic greedy,True,12,29.145186185836792,157.5158802559999,26
169217_3.tex,non stop heuristic greedy,True,9,25.580591917037964,92.37926821882787,33
169228_1.tex,non stop heuristic greedy,True,13,32.11158752441406,133.96091434565594,44
169254_2.tex,non stop heuristic greedy,True,9,18.99861478805542,138.2365198000004,17
169269_2.tex,non stop heuristic greedy,True,7,13.7147319316864,88.47473040000035,22
169274_1.tex,non stop heuristic greedy,True,6,12.111462831497192,62.90355852799991,21
169290_1.tex,non stop heuristic greedy,True,5,10.537611246109009,50.57137028000002,24
169322_1.tex,non stop heuristic greedy,True,8,18.99896502494812,83.5922919696557,39
169447_3.tex,non stop heuristic greedy,True,32,74.8093626499176,916.7322880332504,76
169460_1.tex,non stop heuristic greedy,False,6,13.2081458568573,67.83118849999994,27
169473_1.tex,non stop heuristic greedy,True,5,9.287136316299438,53.008110399999936,38
169505_2.tex,non stop heuristic greedy,True,5,9.635696411132812,52.78461839999992,41
169611_1.tex,non stop heuristic greedy,True,6,12.411622285842896,63.36073609299199,26
169630_3.tex,non stop heuristic greedy,True,14,32.77451515197754,154.43949116800053,36
169637_1.tex,non stop heuristic greedy,True,10,23.052515745162964,109.025664185984,34
169733_2.tex,non stop heuristic greedy,True,4,8.789368629455566,42.83470602199992,29
169786_2.tex,non stop heuristic greedy,True,10,21.9990348815918,111.38833999999972,34
169820_3.tex,non stop heuristic greedy,True,6,13.427387952804564,61.96913793882797,32
169867_3.tex,non stop heuristic greedy,True,23,51.8797709941864,313.87684377400086,46
169871_2.tex,non stop heuristic greedy,True,1,2.557360887527466,10.0,66
169884_3.tex,non stop heuristic greedy,True,13,24.508164882659912,167.26085679999994,25
169949_3.tex,non stop heuristic greedy,True,8,18.373042583465576,85.51378024999994,40
169955_1.tex,non stop heuristic greedy,False,8,23.815247058868408,85.49272377599992,35
170022_1.tex,non stop heuristic greedy,True,6,13.114356756210327,69.60461620000024,35
170060_2.tex,non stop heuristic greedy,True,27,59.995816469192505,381.6621687668861,64
170093_3.tex,non stop heuristic greedy,False,9,24.44220280647278,100.60295380599982,39
170155_1.tex,non stop heuristic greedy,False,9,23.785861253738403,97.40336988399989,23
170289_3.tex,non stop heuristic greedy,True,5,10.16916298866272,51.28033895600004,19
170322_3.tex,non stop heuristic greedy,True,7,14.391308546066284,78.97861069999985,17
170332_2.tex,non stop heuristic greedy,True,6,12.197421550750732,66.68223089999992,13
170386_2.tex,non stop heuristic greedy,True,4,8.130691051483154,41.75685274000004,21
170457_1.tex,non stop heuristic greedy,True,5,11.010334730148315,50.82428039999995,31
170548_2.tex,non stop heuristic greedy,True,8,15.524734020233154,91.68947820000038,27
170594_3.tex,non stop heuristic greedy,True,19,43.58796691894531,268.4795170260003,41
170607_3.tex,non stop heuristic greedy,True,2,3.940781354904175,20.0,26
170610_2.tex,non stop heuristic greedy,True,17,37.72554421424866,232.18415873000004,40
170662_2.tex,non stop heuristic greedy,True,12,27.427019357681274,184.4074485750004,24
170783_1.tex,non stop heuristic greedy,True,4,8.738637447357178,43.47521519999981,19
170790_3.tex,non stop heuristic greedy,True,12,27.857581853866577,158.5732593840002,31
170807_1.tex,non stop heuristic greedy,True,14,34.3752703666687,170.6392316338621,41
170810_2.tex,non stop heuristic greedy,True,10,23.71072268486023,106.58634469899992,27
170844_3.tex,non stop heuristic greedy,True,12,28.99600911140442,122.98781513882786,42
170862_1.tex,non stop heuristic greedy,True,3,5.648894309997559,31.046399999999977,11
170907_2.tex,non stop heuristic greedy,True,12,27.46655321121216,131.50187368682788,40
170909_3.tex,non stop heuristic greedy,True,11,26.119336128234863,122.81272289000025,36
170911_2.tex,non stop heuristic greedy,True,12,24.80456018447876,152.28615122825022,27
170962_1.tex,non stop heuristic greedy,True,13,29.0971999168396,145.50545642400027,45
170971_1.tex,non stop heuristic greedy,True,4,7.490602493286133,41.04639999999998,22
170989_3.tex,non stop heuristic greedy,False,6,12.919438123703005,62.04059152999997,27
170999_1.tex,non stop heuristic greedy,True,4,7.27057957649231,40.57618029999999,32
171019_2.tex,non stop heuristic greedy,False,8,18.72435188293457,84.92585846000024,29
171027_1.tex,non stop heuristic greedy,True,27,67.73259353637695,395.08225675599954,56
171049_3.tex,non stop heuristic greedy,True,1,2.1101200580596924,10.0,29
171052_3.tex,non stop heuristic greedy,False,18,43.48445105552673,238.88649816199975,51
171078_1.tex,non stop heuristic greedy,False,9,21.13011765480041,95.39208160000013,24
171109_3.tex,non stop heuristic greedy,True,9,18.394684314727783,102.02488427200004,28
171122_1.tex,non stop heuristic greedy,True,20,40.49434161186218,283.07727834799977,37
171145_1.tex,non stop heuristic greedy,True,2,3.650834321975708,20.007723199999987,22
171159_2.tex,non stop heuristic greedy,False,13,33.56505584716797,149.82982746000002,49
171224_2.tex,non stop heuristic greedy,False,7,15.460028171539308,75.97078698399989,29
171227_3.tex,non stop heuristic greedy,True,1,1.3852534294128418,10.0,10
171242_1.tex,non stop heuristic greedy,True,10,21.837527751922607,105.63045787800002,31
171276_3.tex,non stop heuristic greedy,True,7,14.749420166015623,70.0964954,37
171280_1.tex,non stop heuristic greedy,True,9,23.771040439605716,93.68119920982804,43
171292_1.tex,non stop heuristic greedy,True,6,11.761140823364258,66.27923039999995,14
171293_2.tex,non stop heuristic greedy,True,4,8.651973009109497,40.38098030000003,14
171313_3.tex,non stop heuristic greedy,True,11,24.027822256088257,132.82946130000045,30
171393_2.tex,non stop heuristic greedy,True,15,33.148821115493774,166.36715360200003,58
171395_3.tex,non stop heuristic greedy,True,5,11.202293157577516,50.551993319999966,34
171446_3.tex,non stop heuristic greedy,True,8,17.31135368347168,82.10760397199992,31
171456_2.tex,non stop heuristic greedy,True,9,18.14167308807373,104.32464612750007,35
171493_2.tex,non stop heuristic greedy,True,17,40.08232975006104,222.42688136775047,49
171526_3.tex,non stop heuristic greedy,True,10,21.11204242706299,125.28930220000032,39
171534_3.tex,non stop heuristic greedy,True,8,15.943522214889526,86.7168974437499,26
171570_2.tex,non stop heuristic greedy,True,15,32.38887119293213,175.11669734800017,38
171661_1.tex,non stop heuristic greedy,False,9,20.558486223220825,105.17190200100032,33
171778_2.tex,non stop heuristic greedy,True,6,13.8959481716156,64.53018814399984,15
171783_2.tex,non stop heuristic greedy,True,6,12.950754880905151,60.508487151999965,23
171842_1.tex,non stop heuristic greedy,True,9,19.84020447731018,103.29640109999995,28
171845_1.tex,non stop heuristic greedy,True,9,19.57869791984558,98.74327950000182,25
171875_3.tex,non stop heuristic greedy,True,5,9.947157144546509,55.10056412799995,20
171892_1.tex,non stop heuristic greedy,True,5,10.975838899612429,50.19815057999996,28
171971_3.tex,non stop heuristic greedy,True,13,29.58252739906311,149.24919585000083,45
172002_2.tex,non stop heuristic greedy,True,8,17.587446928024292,89.10874198600052,36
172021_3.tex,non stop heuristic greedy,True,7,15.00878095626831,71.8604153760001,33
172061_3.tex,non stop heuristic greedy,False,5,13.279717922210692,54.49411780000034,17
172069_2.tex,non stop heuristic greedy,False,5,13.131581783294678,55.54101424999996,31
172115_2.tex,non stop heuristic greedy,False,14,33.452752113342285,173.64871045899977,50
172122_1.tex,non stop heuristic greedy,True,11,25.13025140762329,113.37539337999996,42
172142_2.tex,non stop heuristic greedy,False,17,41.4627480506897,195.286989124,61
172173_2.tex,non stop heuristic greedy,False,14,32.81059408187866,157.678769725,36
172215_3.tex,non stop heuristic greedy,False,13,31.620370149612427,141.83921082599997,59
172222_1.tex,non stop heuristic greedy,False,6,16.32782530784607,67.95476647599985,33
172229_1.tex,non stop heuristic greedy,True,5,10.77077865600586,50.53499620999992,40
172248_1.tex,non stop heuristic greedy,False,11,28.30630826950073,129.9359475520002,46
172319_3.tex,non stop heuristic greedy,True,4,9.274158477783203,40.04098030000001,23
172328_3.tex,non stop heuristic greedy,True,12,28.43738031387329,135.33420712799986,37
172329_1.tex,non stop heuristic greedy,True,13,31.81097936630249,146.1313809568282,38
172365_1.tex,non stop heuristic greedy,True,14,30.90507698059082,165.9389499376056,40
172409_2.tex,non stop heuristic greedy,True,10,21.16000747680664,108.11731323177943,31
172429_3.tex,non stop heuristic greedy,False,10,25.00012445449829,104.66007903282797,39
172473_1.tex,non stop heuristic greedy,True,13,41.087666511535645,142.91243953424996,40
172507_3.tex,non stop heuristic greedy,True,8,17.55228543281555,94.7817770000004,26
172538_2.tex,non stop heuristic greedy,True,7,15.770326852798462,78.05857649000002,29
172684_2.tex,non stop heuristic greedy,True,33,74.45693612098694,571.0325416260465,65
172686_2.tex,non stop heuristic greedy,False,6,16.867953777313232,61.29268347999973,41
172702_3.tex,non stop heuristic greedy,True,5,9.288798809051514,56.45755419999995,25
172717_3.tex,non stop heuristic greedy,True,22,43.26006984710693,294.9244248937499,48
172728_1.tex,non stop heuristic greedy,True,14,27.788249731063843,148.5638945068281,38
172738_1.tex,non stop heuristic greedy,True,14,29.87948226928711,161.07164239199992,30
172811_1.tex,non stop heuristic greedy,False,6,14.532144784927368,63.87898030000015,11
172882_3.tex,non stop heuristic greedy,True,13,49.50793933868408,138.96323507949188,54
172890_1.tex,non stop heuristic greedy,True,14,35.89373970031738,168.52376692800055,39
172901_1.tex,non stop heuristic greedy,True,7,15.975301504135132,73.87266478033337,29
172903_1.tex,non stop heuristic greedy,True,8,19.35985565185547,82.86102716200031,32
172961_3.tex,non stop heuristic greedy,True,11,25.93562483787537,114.294650461346,34
172966_1.tex,non stop heuristic greedy,True,13,30.300482988357544,134.12330581082765,42
172982_2.tex,non stop heuristic greedy,True,8,18.575493812561035,83.25961240499198,40
172998_3.tex,non stop heuristic greedy,True,5,12.476480484008787,50.04824769999994,34
173004_2.tex,non stop heuristic greedy,True,12,29.950671911239624,133.05993808900052,46
173006_1.tex,non stop heuristic greedy,True,3,6.457857131958008,30.098980299999997,30
173057_1.tex,non stop heuristic greedy,True,7,15.705700874328612,71.50249589999986,26
173102_1.tex,non stop heuristic greedy,True,7,15.209665060043337,77.23214897599996,27
173112_1.tex,non stop heuristic greedy,True,9,20.948426008224487,96.21710364399992,45
173122_2.tex,non stop heuristic greedy,True,35,78.60760140419006,628.6788140388808,66
173138_2.tex,non stop heuristic greedy,True,11,21.33187174797058,119.19037975000114,30
173142_2.tex,non stop heuristic greedy,False,8,17.894489288330078,87.8225694999999,30
173162_3.tex,non stop heuristic greedy,True,16,33.8357675075531,173.3324044328279,41
173225_3.tex,non stop heuristic greedy,True,36,92.86262083053587,561.4684668270003,94
173226_3.tex,non stop heuristic greedy,True,31,77.77903747558594,756.9246138070001,79
173237_3.tex,non stop heuristic greedy,True,4,8.405884265899658,40.7801803,19
173315_2.tex,non stop heuristic greedy,True,19,44.25052547454834,239.2074401944,62
173322_2.tex,non stop heuristic greedy,True,38,91.47879886627196,646.2673186707501,88
173324_3.tex,non stop heuristic greedy,False,19,49.28298354148865,238.70537750575,60
173332_2.tex,non stop heuristic greedy,True,14,33.20023059844971,158.01695473374988,51
173366_1.tex,non stop heuristic greedy,True,11,22.634695053100582,132.26258587500155,29
173394_3.tex,non stop heuristic greedy,True,11,25.49704480171204,119.46982118850002,22
173408_2.tex,non stop heuristic greedy,True,6,11.955631732940674,60.02,25
173415_2.tex,non stop heuristic greedy,True,13,31.761414051055908,138.91605412257755,49
173483_2.tex,non stop heuristic greedy,True,11,23.0347421169281,136.36120270000032,31
173520_2.tex,non stop heuristic greedy,True,9,18.6611065864563,93.82728033765582,38
173568_3.tex,non stop heuristic greedy,True,11,22.70558452606201,121.63647739999972,35
173605_1.tex,non stop heuristic greedy,True,7,14.824437618255615,72.10760397199992,26
173661_1.tex,non stop heuristic greedy,True,4,8.398061990737915,40.02875570999993,31
173667_2.tex,non stop heuristic greedy,True,10,20.27147436141968,105.2811573,27
173669_2.tex,non stop heuristic greedy,True,13,26.558106660842896,145.5078951249999,35
173677_3.tex,non stop heuristic greedy,True,9,19.04878854751587,94.3662675,25
173702_3.tex,non stop heuristic greedy,True,10,20.55276370048523,108.53783662799988,28
173708_1.tex,non stop heuristic greedy,True,20,44.594794034957886,250.5751350280001,49
173754_1.tex,non stop heuristic greedy,True,13,28.28181862831116,144.1178690679999,44
173781_1.tex,non stop heuristic greedy,True,14,28.205116510391235,179.3514031749997,36
173784_2.tex,non stop heuristic greedy,True,7,14.458261251449583,75.64616610000019,30
173787_2.tex,non stop heuristic greedy,False,10,22.192153215408325,106.45242925000002,31
173793_1.tex,non stop heuristic greedy,True,3,5.892288684844971,30.66318030000004,20
173803_2.tex,non stop heuristic greedy,True,19,41.18989133834839,256.5590680250001,50
173858_2.tex,non stop heuristic greedy,True,35,82.44390940666199,487.9547913367501,78
173872_1.tex,non stop heuristic greedy,True,14,39.49324011802673,163.9174549629998,59
173909_1.tex,non stop heuristic greedy,True,8,18.946473836898804,82.3396831999999,31
173946_1.tex,non stop heuristic greedy,True,8,18.150017738342285,86.65581256550001,45
173991_3.tex,non stop heuristic greedy,True,12,25.96564245223999,144.02777129999993,28
174002_3.tex,non stop heuristic greedy,True,4,8.989550352096558,40.01,22
174010_1.tex,non stop heuristic greedy,True,7,15.364957332611084,71.70065299999987,28
174108_1.tex,non stop heuristic greedy,True,15,31.7574565410614,190.55336530000005,29
174146_1.tex,non stop heuristic greedy,True,12,27.68951106071472,131.27740596799993,36
174182_1.tex,non stop heuristic greedy,False,32,78.51658272743225,1275.1863508136576,61
174204_1.tex,non stop heuristic greedy,True,12,22.991846561431885,136.43740849999995,31
174206_3.tex,non stop heuristic greedy,False,9,21.89228773117065,93.0288015999998,33
174239_1.tex,non stop heuristic greedy,True,8,17.897129774093628,84.21229955000013,40
174260_2.tex,non stop heuristic greedy,False,8,20.404503107070923,86.9524340899999,43
174284_3.tex,non stop heuristic greedy,True,5,11.11738419532776,51.25762708000012,30
174293_2.tex,non stop heuristic greedy,True,16,36.025023221969604,181.02272015000003,50
174294_3.tex,non stop heuristic greedy,True,10,22.90217423439026,103.90069960165005,42
174381_3.tex,non stop heuristic greedy,False,10,24.58580207824707,111.11592727800036,45
174394_3.tex,non stop heuristic greedy,True,7,13.957569599151611,71.25004159999989,44
174397_3.tex,non stop heuristic greedy,False,15,35.17402172088623,183.7341844270003,49
174447_2.tex,non stop heuristic greedy,True,10,23.15334129333496,104.40837960000056,40
16658_3.tex,non stop heuristic greedy,True,15,26.9181866645813,224.37357159375077,19
16705_2.tex,non stop heuristic greedy,True,4,6.35930061340332,41.95678191290003,23
16726_3.tex,non stop heuristic greedy,True,13,28.99492192268372,146.4333548516166,48
17015_1.tex,non stop heuristic greedy,True,9,19.663057327270508,104.7004776449362,22
17137_1.tex,non stop heuristic greedy,True,6,10.650590181350708,63.88484969599996,26
17153_1.tex,non stop heuristic greedy,True,18,38.71821045875549,210.9581142575259,45
17179_3.tex,non stop heuristic greedy,False,4,9.195854902267456,44.07141251499999,17
17209_3.tex,non stop heuristic greedy,True,2,3.116049766540528,20.66723556000011,12
17231_2.tex,non stop heuristic greedy,True,6,12.794988870620728,62.250324838828014,27
17261_1.tex,non stop heuristic greedy,True,5,10.455587148666382,52.54841745599992,20
17265_2.tex,non stop heuristic greedy,True,21,45.99041557312012,282.75500284857844,47
17266_1.tex,non stop heuristic greedy,False,16,34.12387037277222,179.52822987112614,46
17549_3.tex,non stop heuristic greedy,True,1,1.494140386581421,10.01,13
17650_3.tex,non stop heuristic greedy,True,3,5.775569200515747,30.546011499000087,16
17664_2.tex,non stop heuristic greedy,False,9,19.147993087768555,102.99597152600047,20
17677_3.tex,non stop heuristic greedy,True,17,29.23745608329773,199.20355686848,48
17687_1.tex,non stop heuristic greedy,True,12,26.414841175079346,139.9175658935901,36
17698_1.tex,non stop heuristic greedy,True,18,37.88869094848633,223.37331434750297,45
17711_1.tex,non stop heuristic greedy,True,27,61.1354067325592,578.7830612602304,58
17716_2.tex,non stop heuristic greedy,False,14,26.92218017578125,213.8939574187501,22
17759_2.tex,non stop heuristic greedy,True,6,11.48721408843994,62.01622444479999,29
17809_1.tex,non stop heuristic greedy,True,19,40.29118466377258,258.4642700549997,46
17812_1.tex,non stop heuristic greedy,True,20,42.59550714492798,232.155388295656,56
18031_3.tex,non stop heuristic greedy,True,15,32.81114077568054,167.96929612054194,42
18035_1.tex,non stop heuristic greedy,False,17,41.21720623970032,216.3683976661999,43
73237_3.tex,non stop heuristic greedy,True,1,1.436140537261963,10.01,9
73350_1.tex,non stop heuristic greedy,True,2,3.3781769275665283,20.01,13
73374_1.tex,non stop heuristic greedy,True,8,16.66195321083069,87.47343630719995,32
73815_1.tex,non stop heuristic greedy,True,8,15.465389013290403,83.13387228499192,22
74893_3.tex,non stop heuristic greedy,True,2,3.765154838562012,20.01705312000002,19
74939_2.tex,non stop heuristic greedy,True,22,46.98044562339783,540.9882729987502,43
75373_1.tex,non stop heuristic greedy,True,3,5.929644346237183,30.02,29
75431_3.tex,non stop heuristic greedy,True,8,14.907114267349243,85.9649839029999,22
75513_3.tex,non stop heuristic greedy,True,12,24.35514259338379,127.2088148499998,30
77053_1.tex,non stop heuristic greedy,True,16,33.75554013252258,175.17871988799212,41
77170_2.tex,non stop heuristic greedy,True,13,23.972742319107056,185.97971410148045,40
77209_3.tex,non stop heuristic greedy,True,5,10.186242818832396,50.68893600999992,51
18140_2.tex,non stop heuristic greedy,True,15,31.813191652297974,167.5818050931385,40
18246_3.tex,non stop heuristic greedy,True,7,14.325999021530151,79.39132382100003,28
18323_3.tex,non stop heuristic greedy,True,7,13.590927839279177,72.86372913882798,26
18358_2.tex,non stop heuristic greedy,True,5,11.915556192398071,50.618617980000096,36
18573_3.tex,non stop heuristic greedy,True,7,15.337641716003418,71.73257405500016,31
18669_1.tex,non stop heuristic greedy,True,14,31.666110277175903,159.02621542999992,47
18860_2.tex,non stop heuristic greedy,True,13,25.48585867881775,155.13231195875028,37
19093_2.tex,non stop heuristic greedy,True,3,5.388144493103027,30.44023540489895,22
19103_3.tex,non stop heuristic greedy,True,3,6.973901271820068,30.085822679999872,25
19139_1.tex,non stop heuristic greedy,True,10,21.435144901275635,111.8979562499997,26
19274_2.tex,non stop heuristic greedy,True,3,5.992557764053345,30.925980000000276,20
19295_2.tex,non stop heuristic greedy,True,12,24.544090509414676,129.61319770682795,38
19335_1.tex,non stop heuristic greedy,True,9,17.37320852279663,102.64116856500011,28
19428_2.tex,non stop heuristic greedy,True,9,18.62015581130981,93.0205134108279,39
19691_1.tex,non stop heuristic greedy,True,1,1.5134084224700928,10.01,3
19754_1.tex,non stop heuristic greedy,True,17,35.051109790802,244.77146518597507,29
19758_2.tex,non stop heuristic greedy,True,22,47.5411102771759,330.5355406265708,42
19828_2.tex,non stop heuristic greedy,True,1,1.6974287033081057,10.01,17
19838_1.tex,non stop heuristic greedy,True,17,30.096989393234253,281.6117388359329,28
19867_3.tex,non stop heuristic greedy,True,3,6.046119213104248,30.058247699999946,24
19877_1.tex,non stop heuristic greedy,True,14,24.081782817840576,232.7212578587501,16
19907_1.tex,non stop heuristic greedy,True,11,22.17006516456604,132.97438980000027,26
19907_2.tex,non stop heuristic greedy,True,5,9.416640520095823,51.36545880000004,11
19935_3.tex,non stop heuristic greedy,True,15,39.658655881881714,182.7571872068279,31
19945_1.tex,non stop heuristic greedy,True,2,3.12879490852356,20.024861142400027,21
19951_1.tex,non stop heuristic greedy,True,22,42.98741698265076,296.5894203116801,50
20189_1.tex,non stop heuristic greedy,False,9,21.74500012397766,96.98478870000012,26
20245_3.tex,non stop heuristic greedy,False,9,17.479753494262695,100.62406305600008,18
20300_2.tex,non stop heuristic greedy,True,6,12.018196105957031,64.75181416399981,22
20321_1.tex,non stop heuristic greedy,True,2,3.3417136669158936,20.45422422500005,8
20334_1.tex,non stop heuristic greedy,True,5,8.353229522705078,57.9016,11
20375_1.tex,non stop heuristic greedy,True,7,13.0410635471344,88.75992033200025,23
20410_2.tex,non stop heuristic greedy,True,16,34.896613121032715,227.88578412789977,35
20425_2.tex,non stop heuristic greedy,True,15,26.014095306396484,236.23309810625005,21
20451_3.tex,non stop heuristic greedy,False,1,3.442324161529541,10.017158160000008,15
20464_1.tex,non stop heuristic greedy,True,9,19.0447838306427,114.43046035600042,20
20723_2.tex,non stop heuristic greedy,True,22,53.641037702560425,298.750269460607,49
20727_3.tex,non stop heuristic greedy,True,8,18.709167957305908,90.0308555115904,28
20765_2.tex,non stop heuristic greedy,True,9,18.42780303955078,106.29888545000004,15
20796_3.tex,non stop heuristic greedy,True,3,5.192184209823608,30.086578281250087,15
20829_2.tex,non stop heuristic greedy,True,15,34.90703773498535,169.87184223318002,46
20915_2.tex,non stop heuristic greedy,True,23,60.15303182601929,317.42878439196795,50
20961_2.tex,non stop heuristic greedy,False,17,35.35264444351196,257.25017353500004,30
20986_1.tex,non stop heuristic greedy,True,14,29.72950053215027,158.4953991000005,28
21534_2.tex,non stop heuristic greedy,True,8,15.203568696975708,110.79603008300526,20
21546_1.tex,non stop heuristic greedy,True,14,27.667702198028564,196.5649795760005,24
21566_3.tex,non stop heuristic greedy,True,14,27.345069408416748,183.6899190379804,34
21580_2.tex,non stop heuristic greedy,True,8,17.513603925704956,95.79523018200004,24
21592_2.tex,non stop heuristic greedy,True,4,7.870514392852783,40.0964179799998,23
21848_2.tex,non stop heuristic greedy,True,9,34.00551915168762,155.26064859375006,15
21917_2.tex,non stop heuristic greedy,True,12,25.031144857406616,171.52000580975,29
21974_1.tex,non stop heuristic greedy,True,16,31.55086851119995,244.58900849104052,31
21976_1.tex,non stop heuristic greedy,True,10,19.6469521522522,140.55679023000494,21
21988_3.tex,non stop heuristic greedy,True,8,16.0373055934906,90.18717544975,23
22046_2.tex,non stop heuristic greedy,True,1,1.4925789833068848,10.01,6
22046_3.tex,non stop heuristic greedy,True,1,1.6197388172149658,10.01,7
22075_3.tex,non stop heuristic greedy,True,2,3.800642728805542,20.167716960000007,19
22118_1.tex,non stop heuristic greedy,True,5,10.78435206413269,50.12543304000014,27
22318_1.tex,non stop heuristic greedy,True,7,15.518122434616089,77.72552616204662,27
22458_1.tex,non stop heuristic greedy,False,16,41.15514445304871,206.3824552445,37
22554_1.tex,non stop heuristic greedy,True,11,22.695842266082764,122.08144695199996,27
22567_2.tex,non stop heuristic greedy,True,1,1.6897592544555664,10.0,20
22638_3.tex,non stop heuristic greedy,True,13,25.61446189880371,192.03165353999995,34
22640_3.tex,non stop heuristic greedy,True,7,13.718656301498411,94.65245893273008,32
22663_1.tex,non stop heuristic greedy,True,11,23.28832054138184,138.60627286785493,43
22943_3.tex,non stop heuristic greedy,True,11,22.5771586894989,154.5746599337502,20
23070_1.tex,non stop heuristic greedy,True,11,22.436524152755737,133.90114348966085,26
23190_3.tex,non stop heuristic greedy,True,3,19.07138061523437,31.610298800192027,23
23217_1.tex,non stop heuristic greedy,True,7,15.136868000030518,71.85944511690002,36
23319_3.tex,non stop heuristic greedy,True,3,6.391122341156006,30.02,21
23463_1.tex,non stop heuristic greedy,True,1,1.60701322555542,10.01,11
23643_3.tex,non stop heuristic greedy,True,3,7.236856460571289,30.029966852639987,21
23645_3.tex,non stop heuristic greedy,True,10,19.8618106842041,112.31250145000035,35
72618_1.tex,non stop heuristic greedy,True,13,29.21624779701233,148.69987543454187,42
72659_3.tex,non stop heuristic greedy,True,10,20.227871656417847,107.115821657984,31
72670_1.tex,non stop heuristic greedy,True,6,12.945285320281982,61.82944168499203,31
72673_3.tex,non stop heuristic greedy,True,11,25.50995421409607,113.9442803263279,42
72694_2.tex,non stop heuristic greedy,True,13,29.66189765930176,171.57117357499985,37
72803_3.tex,non stop heuristic greedy,True,2,3.3510656356811523,20.52319999999999,9
72835_1.tex,non stop heuristic greedy,True,10,20.148233652114868,103.83119513882784,28
73001_1.tex,non stop heuristic greedy,True,7,15.333319902420044,75.94120621293645,25
73090_1.tex,non stop heuristic greedy,True,14,40.14079761505127,178.4053592764139,38
73184_3.tex,non stop heuristic greedy,True,11,24.2432234287262,121.75510799459016,33
73294_2.tex,non stop heuristic greedy,True,6,12.694066286087036,60.51697272499997,26
73303_3.tex,non stop heuristic greedy,True,13,27.08971643447876,149.50262936858988,41
73379_3.tex,non stop heuristic greedy,True,3,6.107429027557373,32.728274371040015,19
73401_2.tex,non stop heuristic greedy,True,12,23.963315725326535,126.3240489750002,25
73421_1.tex,non stop heuristic greedy,False,11,25.278275966644287,128.87228342283,39
73432_2.tex,non stop heuristic greedy,True,6,11.959197759628296,61.85086671200013,33
73436_2.tex,non stop heuristic greedy,True,4,8.17182993888855,40.594335480400005,33
73601_2.tex,non stop heuristic greedy,True,4,9.242908477783203,42.451710888999855,16
73612_2.tex,non stop heuristic greedy,True,9,20.423678636550903,100.59683162047573,30
73631_2.tex,non stop heuristic greedy,True,7,17.34515142440796,73.2798926652918,34
73643_1.tex,non stop heuristic greedy,True,17,41.336708068847656,193.00885770509,64
73655_3.tex,non stop heuristic greedy,True,4,10.139546871185305,40.09541797999988,38
73686_2.tex,non stop heuristic greedy,True,16,34.16332793235779,264.26270021250065,26
73701_3.tex,non stop heuristic greedy,False,6,15.800391435623167,63.4936497263885,21
73799_1.tex,non stop heuristic greedy,True,3,5.704745054244995,30.959407200000044,23
73882_1.tex,non stop heuristic greedy,True,8,13.890684604644775,94.23799684000014,19
74141_1.tex,non stop heuristic greedy,True,10,21.793904066085812,111.20829777599994,25
74167_1.tex,non stop heuristic greedy,True,15,33.97443652153015,172.77370200957813,40
74213_1.tex,non stop heuristic greedy,True,8,16.026819229125977,92.88697389999996,21
74266_3.tex,non stop heuristic greedy,True,11,28.1716947555542,117.9737267613455,42
74276_3.tex,non stop heuristic greedy,True,7,16.891676902770996,81.05081427439988,27
74336_2.tex,non stop heuristic greedy,True,11,24.247390747070312,119.32021570000023,25
74351_3.tex,non stop heuristic greedy,True,12,26.81747770309448,162.07457434175004,31
74371_3.tex,non stop heuristic greedy,True,10,20.10521507263184,106.84127601700006,30
74408_3.tex,non stop heuristic greedy,True,21,44.96624183654785,276.7611991017371,58
74468_1.tex,non stop heuristic greedy,True,27,59.19767856597901,392.10170671182846,63
74691_3.tex,non stop heuristic greedy,True,9,33.98412108421326,97.68385587214487,31
74717_2.tex,non stop heuristic greedy,True,13,28.17245721817017,142.33827594200017,37
74795_3.tex,non stop heuristic greedy,True,9,20.696748733520508,101.17952128199995,26
74820_2.tex,non stop heuristic greedy,False,8,18.015233278274536,81.48365487489895,29
74829_1.tex,non stop heuristic greedy,True,25,55.71886897087097,377.90155602399983,46
74840_1.tex,non stop heuristic greedy,True,7,14.588165760040283,71.51578944000003,37
74873_3.tex,non stop heuristic greedy,True,3,5.892599582672119,30.74318029999997,25
74889_2.tex,non stop heuristic greedy,True,11,24.57829213142395,123.0020840875898,34
74901_3.tex,non stop heuristic greedy,True,7,14.390433073043823,79.60419589467958,31
74917_1.tex,non stop heuristic greedy,True,5,8.95639705657959,52.6212496224002,33
74956_2.tex,non stop heuristic greedy,True,5,9.874200344085692,65.30868297499997,12
74979_3.tex,non stop heuristic greedy,True,9,19.02538108825684,93.02937830000003,31
75022_2.tex,non stop heuristic greedy,False,14,29.22787046432495,174.71721996075,31
75027_2.tex,non stop heuristic greedy,True,4,8.34592890739441,41.29115865599997,33
75030_3.tex,non stop heuristic greedy,True,23,45.70839333534241,340.86960975576113,46
75337_2.tex,non stop heuristic greedy,True,13,27.03102779388428,146.47398700682777,33
75352_1.tex,non stop heuristic greedy,True,8,16.91096329689026,87.99541670354202,26
75415_3.tex,non stop heuristic greedy,True,17,46.94824814796448,208.9874452749997,32
75459_1.tex,non stop heuristic greedy,True,6,13.043363332748411,62.32530756720017,38
75521_2.tex,non stop heuristic greedy,True,2,3.7601277828216553,20.52319999999999,20
75550_2.tex,non stop heuristic greedy,True,7,13.707996129989624,72.51886660499993,27
75581_1.tex,non stop heuristic greedy,True,25,53.95196914672852,367.3990484219997,59
75785_3.tex,non stop heuristic greedy,True,7,14.348865032196043,77.07299865599994,29
75855_2.tex,non stop heuristic greedy,True,8,16.3915274143219,94.61141524599992,22
75954_1.tex,non stop heuristic greedy,True,7,15.316376447677612,71.7295802999999,31
75960_2.tex,non stop heuristic greedy,True,9,16.398008584976196,101.881092619,30
75960_3.tex,non stop heuristic greedy,True,10,17.794216871261597,117.95271227899984,30
76061_1.tex,non stop heuristic greedy,True,16,30.45958638191223,196.17394400625028,44
76076_1.tex,non stop heuristic greedy,True,9,18.301355123519897,105.95826080800006,33
76093_1.tex,non stop heuristic greedy,False,16,34.14576053619385,187.4022961170001,46
76109_3.tex,non stop heuristic greedy,False,16,36.40568375587464,203.69972706575027,50
76110_3.tex,non stop heuristic greedy,True,22,47.88713216781616,283.01085990542805,55
76345_2.tex,non stop heuristic greedy,True,11,22.610217571258545,123.5855154565743,28
76431_1.tex,non stop heuristic greedy,False,10,23.24824571609497,110.944238576259,32
76491_1.tex,non stop heuristic greedy,True,6,11.038051843643188,63.312254700000224,23
76513_1.tex,non stop heuristic greedy,True,7,12.945024728775024,77.71371342199991,23
76587_1.tex,non stop heuristic greedy,False,16,31.7314248085022,250.4478521875,29
76602_3.tex,non stop heuristic greedy,True,14,28.698358297348022,155.20429292499986,37
76627_1.tex,non stop heuristic greedy,True,10,20.32828688621521,104.15511750682792,34
76656_1.tex,non stop heuristic greedy,True,9,18.4111487865448,94.38623210499192,40
76850_1.tex,non stop heuristic greedy,True,15,30.76778817176819,208.60409411647592,31
76884_1.tex,non stop heuristic greedy,True,9,19.565205335617065,90.68882236388846,34
76891_2.tex,non stop heuristic greedy,True,2,4.099746942520142,20.02,26
76928_3.tex,non stop heuristic greedy,True,6,10.81829833984375,69.00222399999977,17
76956_3.tex,non stop heuristic greedy,True,20,40.46939849853516,299.818189944751,43
76982_3.tex,non stop heuristic greedy,True,7,14.880044221878052,76.62948267000019,32
76983_1.tex,non stop heuristic greedy,True,5,10.352370262145996,50.53360571999975,32
77020_3.tex,non stop heuristic greedy,True,1,1.4358878135681152,10.01,9
77032_2.tex,non stop heuristic greedy,True,6,11.981499671936035,62.396168199999934,26
77052_2.tex,non stop heuristic greedy,True,9,16.956496953964233,102.53707288399984,29
77054_1.tex,non stop heuristic greedy,True,8,15.767557621002195,87.68916003399998,28
77085_3.tex,non stop heuristic greedy,True,4,8.21063780784607,41.27005961600006,33
23693_1.tex,non stop heuristic greedy,True,5,10.845944166183472,56.275456660090086,27
23722_2.tex,non stop heuristic greedy,True,10,22.665984869003296,138.7832780945,29
23933_3.tex,non stop heuristic greedy,True,11,26.603740453720093,141.1060318259999,26
23938_1.tex,non stop heuristic greedy,True,5,12.4193594455719,50.616958969899045,25
23958_2.tex,non stop heuristic greedy,True,13,32.67658972740173,159.5894229562401,35
24043_2.tex,non stop heuristic greedy,True,8,17.068782567977905,87.1410804479999,19
24058_3.tex,non stop heuristic greedy,True,17,44.97760033607483,188.20493424250543,51
24064_2.tex,non stop heuristic greedy,False,7,20.15060329437256,74.1724461339202,31
24123_2.tex,non stop heuristic greedy,True,14,31.424476861953732,185.5371319187501,30
24159_3.tex,non stop heuristic greedy,False,12,31.52587509155273,135.0656666576998,36
24184_1.tex,non stop heuristic greedy,True,10,24.96451234817505,103.66811933082786,39
24206_3.tex,non stop heuristic greedy,True,18,40.77185940742493,291.26273761250013,33
24214_1.tex,non stop heuristic greedy,True,7,15.431489944458008,78.79318720000025,23
24275_2.tex,non stop heuristic greedy,True,4,9.956942081451416,41.13246367759999,29
24276_2.tex,non stop heuristic greedy,True,1,1.998344898223877,10.01,24
24281_2.tex,non stop heuristic greedy,True,14,31.9258816242218,198.7174837109999,37
24704_3.tex,non stop heuristic greedy,True,5,10.739477157592772,50.95158036989892,27
24739_2.tex,non stop heuristic greedy,True,7,14.06297779083252,78.66358379000003,17
24741_3.tex,non stop heuristic greedy,True,15,32.28373146057129,179.82900978125014,41
25127_1.tex,non stop heuristic greedy,True,1,1.8938829898834229,10.01,19
25133_3.tex,non stop heuristic greedy,True,2,4.728144884109497,20.17718171749993,24
25150_1.tex,non stop heuristic greedy,True,10,25.81823492050171,109.95025532763836,37
25150_3.tex,non stop heuristic greedy,True,8,21.52211022377014,91.32981538988838,28
25188_1.tex,non stop heuristic greedy,True,6,11.008233547210692,70.29274885000005,15
25220_3.tex,non stop heuristic greedy,True,8,19.14302444458008,90.17064286699994,27
25224_2.tex,non stop heuristic greedy,True,9,21.36707353591919,101.02814773399996,28
25229_1.tex,non stop heuristic greedy,True,1,2.0845282077789307,10.01,21
25251_1.tex,non stop heuristic greedy,True,15,35.28523659706116,175.1712906680002,38
25270_3.tex,non stop heuristic greedy,True,9,20.77901816368103,96.73460176390007,39
25305_2.tex,non stop heuristic greedy,True,6,12.062240839004517,62.92777348000047,30
25373_3.tex,non stop heuristic greedy,True,16,37.355456829071045,178.56032369619987,49
25547_2.tex,non stop heuristic greedy,True,5,12.147806882858276,53.32406457899992,24
25593_1.tex,non stop heuristic greedy,True,11,26.423290729522705,120.44653066799988,34
25685_3.tex,non stop heuristic greedy,True,12,29.789259433746334,153.0540431319999,28
25686_2.tex,non stop heuristic greedy,True,3,6.8546459674835205,30.53706667200009,22
25761_2.tex,non stop heuristic greedy,True,6,13.727725744247437,66.26978178800002,27
26227_1.tex,non stop heuristic greedy,False,11,28.33899712562561,118.7057754616,29
26303_2.tex,non stop heuristic greedy,True,2,3.973130702972412,20.063437120000124,14
26304_2.tex,non stop heuristic greedy,True,18,35.75485587120056,275.1333382552248,27
26323_2.tex,non stop heuristic greedy,True,18,44.83900427818298,247.81982189148,37
26392_1.tex,non stop heuristic greedy,True,2,3.9988648891448975,20.350595962000057,11
26397_3.tex,non stop heuristic greedy,True,6,13.229984045028688,70.19725288209,16
26670_2.tex,non stop heuristic greedy,True,6,14.3923921585083,64.00824592293573,20
26826_1.tex,non stop heuristic greedy,True,8,17.05014443397522,102.22080995785004,18
26846_3.tex,non stop heuristic greedy,True,9,20.267164945602417,109.4642874660004,20
26863_3.tex,non stop heuristic greedy,True,4,10.01790189743042,41.415286075,22
26911_2.tex,non stop heuristic greedy,True,12,27.202586889266968,137.84579759999974,26
26923_2.tex,non stop heuristic greedy,True,20,46.42038655281067,331.46801140000014,29
26943_1.tex,non stop heuristic greedy,True,1,1.6618096828460691,10.01,13
26972_1.tex,non stop heuristic greedy,True,7,18.500618934631348,80.82449033708997,42
27247_1.tex,non stop heuristic greedy,True,20,47.537919759750366,347.1642898562502,30
27271_3.tex,non stop heuristic greedy,True,18,64.8009340763092,280.5929110736871,38
27277_2.tex,non stop heuristic greedy,True,2,4.0885093212127686,20.017053119999908,16
27280_3.tex,non stop heuristic greedy,True,6,15.458176612854004,67.81103689200053,21
27351_1.tex,non stop heuristic greedy,True,7,16.690300226211548,80.43738639999998,20
27369_2.tex,non stop heuristic greedy,False,7,18.81788158416748,79.34515363386798,37
27427_1.tex,non stop heuristic greedy,False,29,76.16514945030212,394.2281251129059,64
27435_2.tex,non stop heuristic greedy,True,7,13.957159757614136,83.33377271000005,13
27473_2.tex,non stop heuristic greedy,True,16,34.44973587989807,207.5697364129921,31
27482_3.tex,non stop heuristic greedy,False,9,22.867640733718872,101.31325138400057,25
27498_1.tex,non stop heuristic greedy,False,2,7.709540128707886,22.03457641016001,20
27517_2.tex,non stop heuristic greedy,True,21,53.2984082698822,320.25123273000014,41
27837_2.tex,non stop heuristic greedy,True,5,11.488991498947144,50.99405007323108,22
27863_1.tex,non stop heuristic greedy,True,10,26.56309938430786,103.64776202965618,38
27941_2.tex,non stop heuristic greedy,True,6,14.1582453250885,64.5844936229137,24
27971_1.tex,non stop heuristic greedy,True,28,71.58824872970581,559.8919293220001,50
28025_1.tex,non stop heuristic greedy,True,4,8.271177053451538,43.43343812799994,21
28028_2.tex,non stop heuristic greedy,True,6,13.493160724639893,67.58688029400005,22
28032_1.tex,non stop heuristic greedy,True,11,24.33295583724976,132.20660644349974,23
28076_1.tex,non stop heuristic greedy,False,16,45.88908672332764,171.37530206143123,57
28079_3.tex,non stop heuristic greedy,True,8,18.73825478553772,88.15895056095093,32
28362_3.tex,non stop heuristic greedy,True,13,31.903172731399536,190.5698468947499,26
28379_1.tex,non stop heuristic greedy,True,13,31.44294595718384,156.1325643997469,31
28380_1.tex,non stop heuristic greedy,True,6,12.610158443450928,61.45590542989891,23
28451_1.tex,non stop heuristic greedy,True,15,49.895437717437744,237.93865546787475,29
28472_1.tex,non stop heuristic greedy,True,3,6.481814861297607,30.026641420000047,18
28532_2.tex,non stop heuristic greedy,True,8,18.67327046394348,87.69368729999997,30
28534_3.tex,non stop heuristic greedy,True,5,11.126521348953249,57.36245870000025,17
28546_3.tex,non stop heuristic greedy,True,9,22.45071291923523,102.96848422500004,26
28795_3.tex,non stop heuristic greedy,True,18,46.399797201156616,269.32052698875026,33
28964_2.tex,non stop heuristic greedy,True,9,20.659313917160038,143.18940060000008,15
28971_3.tex,non stop heuristic greedy,True,2,3.965631484985352,20.02,13
29153_2.tex,non stop heuristic greedy,True,14,35.73205208778381,164.83010310494416,51
29443_2.tex,non stop heuristic greedy,False,17,45.9021270275116,225.7476132857499,35
29538_2.tex,non stop heuristic greedy,True,2,4.66148042678833,20.242385189999943,13
29547_1.tex,non stop heuristic greedy,True,9,21.24678874015808,100.8878113160001,25
29549_3.tex,non stop heuristic greedy,True,6,13.80320429801941,63.27725308499183,24
29564_2.tex,non stop heuristic greedy,True,14,43.98075819015503,174.85070285510585,36
29570_1.tex,non stop heuristic greedy,False,9,21.686425924301147,103.60743953657784,26
29577_3.tex,non stop heuristic greedy,False,21,51.36689209938049,272.5346069740003,39
29616_3.tex,non stop heuristic greedy,True,5,9.421422481536863,54.20551119999993,11
29629_3.tex,non stop heuristic greedy,True,8,14.996976375579834,93.83649713949998,21
29662_2.tex,non stop heuristic greedy,True,8,19.035072803497314,81.77460338299993,30
29667_2.tex,non stop heuristic greedy,False,5,13.671313047409058,57.764054366,19
29668_2.tex,non stop heuristic greedy,True,6,21.471717357635494,67.47363671520009,29
29695_2.tex,non stop heuristic greedy,False,9,24.143394231796265,95.86392490199988,33
29699_2.tex,non stop heuristic greedy,True,3,6.794804334640503,30.56336717720002,29
77393_1.tex,non stop heuristic greedy,True,3,7.258151292800903,30.02,38
77468_3.tex,non stop heuristic greedy,True,7,24.51589298248291,75.65236980000032,23
77495_3.tex,non stop heuristic greedy,True,7,30.003546714782715,73.77211012682818,28
77538_1.tex,non stop heuristic greedy,True,8,22.672720193862915,80.90065600000005,47
77652_2.tex,non stop heuristic greedy,False,7,14.787183046340942,75.86602571,25
77675_2.tex,non stop heuristic greedy,True,5,10.59450387954712,61.10647459000029,24
77728_3.tex,non stop heuristic greedy,False,13,33.328893423080444,138.87881225782803,52
77741_2.tex,non stop heuristic greedy,True,16,39.41882252693176,184.92082335915,51
77961_2.tex,non stop heuristic greedy,True,9,23.724186420440677,95.88219827299194,33
78037_1.tex,non stop heuristic greedy,True,1,1.622788906097412,10.01,8
78115_1.tex,non stop heuristic greedy,True,4,9.314036846160889,41.06639999999997,15
78139_3.tex,non stop heuristic greedy,True,18,44.22774457931519,211.782192892992,37
78163_1.tex,non stop heuristic greedy,True,17,36.815492391586304,218.85474763200008,29
78165_2.tex,non stop heuristic greedy,True,12,26.863328218460083,167.54241609599995,29
78259_3.tex,non stop heuristic greedy,False,12,29.28048872947693,135.21076002883717,32
78271_3.tex,non stop heuristic greedy,False,25,62.43432903289795,347.0255693636564,50
78476_3.tex,non stop heuristic greedy,True,9,22.53867220878601,100.86155946158998,26
78535_3.tex,non stop heuristic greedy,True,14,32.873597383499146,176.46722588750032,27
78549_1.tex,non stop heuristic greedy,True,6,13.801910161972046,61.46020289999994,16
78562_1.tex,non stop heuristic greedy,True,7,16.699212789535522,79.59580034082788,22
78570_2.tex,non stop heuristic greedy,True,8,19.208014011383057,97.23490039199996,24
78581_2.tex,non stop heuristic greedy,True,2,4.327775955200195,20.02,10
78610_3.tex,non stop heuristic greedy,True,10,24.01003122329712,112.4955648960003,30
78620_1.tex,non stop heuristic greedy,True,16,39.758023262023926,174.55408737365588,40
78671_1.tex,non stop heuristic greedy,True,9,21.545217037200928,96.7109959068282,34
78683_2.tex,non stop heuristic greedy,True,5,10.349742650985718,51.09464769999992,19
78692_3.tex,non stop heuristic greedy,True,5,10.47593069076538,51.61777028,24
78709_1.tex,non stop heuristic greedy,True,5,11.668111324310305,50.68217678000001,29
78722_3.tex,non stop heuristic greedy,False,4,15.95597529411316,42.31604247880998,29
78742_1.tex,non stop heuristic greedy,True,1,1.5402145385742188,10.0,8
78789_3.tex,non stop heuristic greedy,True,5,10.205971240997314,51.04140545999998,17
78804_1.tex,non stop heuristic greedy,False,9,25.661359071731567,103.33362925599998,22
78816_2.tex,non stop heuristic greedy,False,7,18.35302233695984,75.91948009147987,26
78979_1.tex,non stop heuristic greedy,True,11,29.387277126312256,116.47151050000006,24
79002_1.tex,non stop heuristic greedy,False,7,21.459893941879272,76.73016739695993,25
79015_1.tex,non stop heuristic greedy,True,8,20.076497316360477,89.04296296399991,21
79015_2.tex,non stop heuristic greedy,True,10,25.17940378189087,126.93615782800052,22
79117_3.tex,non stop heuristic greedy,True,10,23.335903644561768,109.63883945057788,23
79155_2.tex,non stop heuristic greedy,False,23,56.94844388961792,1108.479042170842,41
79175_3.tex,non stop heuristic greedy,True,3,6.202891111373901,33.1497416399999,12
79189_3.tex,non stop heuristic greedy,True,13,28.377190113067627,178.06173960000035,28
79228_3.tex,non stop heuristic greedy,True,5,12.142721891403198,51.61784769999992,28
79231_1.tex,non stop heuristic greedy,False,7,19.698973178863525,77.0561335837501,32
79287_2.tex,non stop heuristic greedy,True,10,22.70218014717102,108.90381899999994,20
79294_2.tex,non stop heuristic greedy,True,10,21.68699884414673,114.79397770000055,25
79318_3.tex,non stop heuristic greedy,True,11,24.424721240997314,159.21901635950007,22
79357_1.tex,non stop heuristic greedy,True,4,8.391717910766602,40.04080789750009,25
79451_2.tex,non stop heuristic greedy,True,10,26.26350808143616,106.72577796400036,24
79651_2.tex,non stop heuristic greedy,False,11,29.922972440719604,119.79584363658982,28
79750_3.tex,non stop heuristic greedy,True,9,21.883087158203125,105.55273918200002,22
79769_2.tex,non stop heuristic greedy,True,6,15.295243740081789,61.10457027999989,26
79777_1.tex,non stop heuristic greedy,False,4,11.48564624786377,46.66737056,17
79805_3.tex,non stop heuristic greedy,True,16,40.4238543510437,212.08745743999987,48
79871_3.tex,non stop heuristic greedy,True,17,40.59325408935547,244.5600459312506,44
79875_3.tex,non stop heuristic greedy,False,3,9.589394092559814,31.68732339,25
79906_3.tex,non stop heuristic greedy,True,18,45.34854006767273,243.82959619730013,43
80021_2.tex,non stop heuristic greedy,True,13,35.16228771209717,138.34830413323374,35
80209_1.tex,non stop heuristic greedy,False,8,20.62879109382629,87.38127265638845,24
80234_2.tex,non stop heuristic greedy,True,5,11.718158960342407,50.279186619999976,30
80254_3.tex,non stop heuristic greedy,True,11,27.631606101989743,152.84661629375017,16
80335_3.tex,non stop heuristic greedy,True,28,81.64447116851807,367.4176298820945,59
80345_3.tex,non stop heuristic greedy,True,27,64.78633999824524,494.02108567774974,50
80356_3.tex,non stop heuristic greedy,True,4,8.266432285308838,45.45839014999999,6
80386_2.tex,non stop heuristic greedy,True,11,25.46978211402893,165.43695573999992,27
80432_1.tex,non stop heuristic greedy,True,25,62.91628074645996,365.898191997069,56
80433_1.tex,non stop heuristic greedy,True,33,91.64299464225768,821.0039774512499,57
80558_3.tex,non stop heuristic greedy,True,2,4.743626594543457,20.00705311999991,23
80562_2.tex,non stop heuristic greedy,True,8,21.24612784385681,81.43476194999984,36
80653_2.tex,non stop heuristic greedy,True,11,27.9407320022583,124.04247268933324,31
80665_2.tex,non stop heuristic greedy,True,1,1.835376739501953,10.0,19
80759_3.tex,non stop heuristic greedy,True,1,1.7517991065979004,10.0,16
80767_2.tex,non stop heuristic greedy,True,4,9.91581392288208,40.08541797999988,34
80780_1.tex,non stop heuristic greedy,True,20,49.6450424194336,227.6203432981734,55
80844_3.tex,non stop heuristic greedy,True,7,15.426791906356812,71.10464769999992,22
80881_3.tex,non stop heuristic greedy,False,14,35.65545964241028,159.40461898400008,46
80933_2.tex,non stop heuristic greedy,True,10,22.918678760528564,104.85883687199993,34
80960_3.tex,non stop heuristic greedy,True,10,21.258306980133057,115.28275829199994,31
80993_1.tex,non stop heuristic greedy,False,9,24.66711449623108,106.73799739440015,44
81336_2.tex,non stop heuristic greedy,True,5,9.40509843826294,56.238519699999976,9
81356_2.tex,non stop heuristic greedy,True,10,22.15116572380066,113.99698745000056,19
81383_2.tex,non stop heuristic greedy,True,11,28.84132504463196,114.752480572,37
81403_1.tex,non stop heuristic greedy,True,5,11.282306432724,50.88872698080009,34
81453_1.tex,non stop heuristic greedy,True,18,42.64379239082336,255.16705347500036,27
81509_1.tex,non stop heuristic greedy,True,7,16.585742473602295,72.37545236539988,35
81531_2.tex,non stop heuristic greedy,True,8,18.816515922546387,82.97954093499992,35
81634_3.tex,non stop heuristic greedy,False,14,41.3686089515686,161.48282829974193,38
81635_2.tex,non stop heuristic greedy,True,8,21.179183959960938,89.26867917769995,31
81745_2.tex,non stop heuristic greedy,True,10,24.292515754699707,102.66552580682816,35
81753_3.tex,non stop heuristic greedy,True,3,7.9943037033081055,30.05824769999983,34
81768_2.tex,non stop heuristic greedy,True,11,22.808102130889893,163.08479589375094,22
81816_1.tex,non stop heuristic greedy,True,6,14.142502546310425,64.36017438399995,23
81817_2.tex,non stop heuristic greedy,True,8,21.814144611358643,81.64259666799997,31
81837_3.tex,non stop heuristic greedy,True,10,24.648306131362915,114.731243464,31
81884_1.tex,non stop heuristic greedy,True,7,17.468472242355347,75.61727000000002,18
81887_2.tex,non stop heuristic greedy,True,3,7.537469863891602,30.533199999999987,17
81892_1.tex,non stop heuristic greedy,True,8,18.15819811820984,92.13244210000002,24
81913_2.tex,non stop heuristic greedy,True,16,39.30935955047608,176.39395296449217,39
81923_1.tex,non stop heuristic greedy,True,22,60.53338289260864,291.48221240732875,46
29971_2.tex,non stop heuristic greedy,True,19,34.456023931503296,240.7514191651844,42
29975_3.tex,non stop heuristic greedy,True,6,13.278339862823486,70.10826662600005,20
29979_2.tex,non stop heuristic greedy,True,26,50.95809197425842,359.717402283156,51
30003_1.tex,non stop heuristic greedy,True,1,1.5662024021148682,10.01,25
30055_2.tex,non stop heuristic greedy,True,9,14.550171852111816,100.2326971,21
30069_3.tex,non stop heuristic greedy,True,8,12.355002403259276,87.81886053010004,27
30077_2.tex,non stop heuristic greedy,False,6,11.666254043579102,65.14721348400019,20
30094_1.tex,non stop heuristic greedy,True,6,12.08039617538452,61.64203711999989,24
30151_1.tex,non stop heuristic greedy,True,8,15.42116641998291,85.53858975999991,23
30153_3.tex,non stop heuristic greedy,True,9,16.281830549240112,97.24582930000015,20
30311_2.tex,non stop heuristic greedy,True,7,13.213718175888062,75.53993161454181,25
30407_2.tex,non stop heuristic greedy,True,8,16.24392795562744,83.61659320489883,31
30419_1.tex,non stop heuristic greedy,True,20,38.14501070976257,281.129419347,38
30520_2.tex,non stop heuristic greedy,True,12,24.80978107452393,162.39229246000156,25
30584_3.tex,non stop heuristic greedy,True,5,9.071040868759155,55.343235899999975,25
30715_3.tex,non stop heuristic greedy,True,11,18.212740182876587,121.2132626105922,32
30751_2.tex,non stop heuristic greedy,False,18,32.2065634727478,282.771186416,38
30767_1.tex,non stop heuristic greedy,True,22,33.71726131439209,274.3136486845,63
31055_2.tex,non stop heuristic greedy,True,18,30.39799666404724,254.8451153507498,31
31089_2.tex,non stop heuristic greedy,False,18,35.35942983627319,213.3525494038128,42
31090_2.tex,non stop heuristic greedy,True,12,24.476370096206665,145.22683292845164,26
31135_2.tex,non stop heuristic greedy,True,14,23.78353786468506,165.10820985000026,31
31136_1.tex,non stop heuristic greedy,True,3,4.097546815872192,31.9239621499999,12
31168_2.tex,non stop heuristic greedy,True,13,23.012876987457275,153.85735046949986,38
31295_3.tex,non stop heuristic greedy,True,5,7.243364334106445,51.323346387200175,30
31310_2.tex,non stop heuristic greedy,True,4,6.782489538192749,40.0964954,24
31589_3.tex,non stop heuristic greedy,False,10,18.69452118873596,109.83585406454198,23
31632_1.tex,non stop heuristic greedy,True,14,27.038638830184937,181.0301917649357,40
31673_2.tex,non stop heuristic greedy,True,3,5.136896371841431,30.543199999999988,21
31677_3.tex,non stop heuristic greedy,True,15,33.27153396606445,177.86296275000055,31
31693_3.tex,non stop heuristic greedy,True,6,8.711058378219604,66.69523432599993,17
31704_2.tex,non stop heuristic greedy,True,12,18.153200387954712,155.26418588225005,30
31740_3.tex,non stop heuristic greedy,True,9,16.86302900314331,93.18920668499182,37
31753_2.tex,non stop heuristic greedy,True,1,1.236478567123413,10.086892160000048,12
31824_3.tex,non stop heuristic greedy,True,4,5.440843105316162,40.248561836617085,29
32015_1.tex,non stop heuristic greedy,True,5,8.616243362426758,56.81251468833212,20
32059_2.tex,non stop heuristic greedy,True,10,22.3291437625885,107.0032879965632,38
32136_3.tex,non stop heuristic greedy,False,15,27.30010199546814,190.72381556400035,43
32170_1.tex,non stop heuristic greedy,True,5,10.236582040786743,51.29842884375005,29
32216_3.tex,non stop heuristic greedy,True,5,9.787699699401855,51.58959999999996,23
32219_3.tex,non stop heuristic greedy,True,12,24.05311918258667,153.86340690000043,32
32239_3.tex,non stop heuristic greedy,True,8,11.953827142715454,89.1294263280001,25
32374_1.tex,non stop heuristic greedy,True,28,54.09647822380066,387.046965391784,61
32775_1.tex,non stop heuristic greedy,True,6,12.256811618804932,68.1435721520001,20
32786_1.tex,non stop heuristic greedy,True,12,21.10520720481873,161.14449886748972,26
32869_1.tex,non stop heuristic greedy,False,11,20.20731544494629,127.11625134896036,29
32889_3.tex,non stop heuristic greedy,True,10,18.57387638092041,125.23372551549998,25
32891_3.tex,non stop heuristic greedy,True,1,1.744175910949707,10.01,21
32892_1.tex,non stop heuristic greedy,True,20,33.35815906524658,266.761297376,38
32921_3.tex,non stop heuristic greedy,True,8,15.953686237335203,82.19968419999995,32
32931_1.tex,non stop heuristic greedy,False,7,17.065176486968994,79.42627767347994,31
32936_1.tex,non stop heuristic greedy,True,18,37.83989715576172,203.18403876165596,50
33154_1.tex,non stop heuristic greedy,True,12,25.658769845962524,142.04486922765608,33
33240_1.tex,non stop heuristic greedy,True,3,6.593418836593628,30.448389479999957,21
33317_2.tex,non stop heuristic greedy,True,16,29.880467176437374,224.02165204800008,39
33375_3.tex,non stop heuristic greedy,True,1,1.362025260925293,11.34390264000001,6
33396_1.tex,non stop heuristic greedy,True,20,36.61183714866638,313.56195319999995,33
33419_1.tex,non stop heuristic greedy,True,3,5.413087368011475,30.67463806080015,29
33577_2.tex,non stop heuristic greedy,True,18,31.999900341033936,208.5605269309517,33
33760_2.tex,non stop heuristic greedy,True,4,8.051605463027954,40.20333383500001,20
33841_3.tex,non stop heuristic greedy,True,11,12.550280809402466,123.9113579214086,25
33849_3.tex,non stop heuristic greedy,True,16,33.45001435279846,227.951536616,31
33857_2.tex,non stop heuristic greedy,True,13,27.21135711669922,150.38012558399993,33
33879_1.tex,non stop heuristic greedy,True,13,22.375527381896973,153.48087814899998,37
33907_1.tex,non stop heuristic greedy,True,13,26.359437465667725,200.47349281648007,33
33918_3.tex,non stop heuristic greedy,True,13,21.32840394973755,234.88019048375008,18
33944_1.tex,non stop heuristic greedy,True,6,9.479874849319458,62.11279999999995,19
34225_2.tex,non stop heuristic greedy,True,8,15.174321174621582,82.65873439399977,26
34405_1.tex,non stop heuristic greedy,True,11,20.778238773345947,125.01838712099988,30
34511_1.tex,non stop heuristic greedy,True,8,17.086955785751343,92.44054809363604,22
34520_1.tex,non stop heuristic greedy,True,3,6.697767972946167,30.50817932799998,25
34541_1.tex,non stop heuristic greedy,True,4,9.222397804260254,40.60969539999999,31
34736_2.tex,non stop heuristic greedy,True,1,2.091949224472046,10.01,13
34833_1.tex,non stop heuristic greedy,True,8,17.403385162353516,89.71971024000001,23
34861_2.tex,non stop heuristic greedy,False,7,13.812225580215454,78.49968193293597,22
34895_3.tex,non stop heuristic greedy,True,10,19.850897789001465,122.79666785999996,17
34939_3.tex,non stop heuristic greedy,True,2,3.784036159515381,20.01705312000002,18
34942_1.tex,non stop heuristic greedy,True,4,6.332138776779175,41.927624949999945,17
35021_2.tex,non stop heuristic greedy,True,15,24.680516719818115,219.63607600000037,23
35065_1.tex,non stop heuristic greedy,True,10,13.094421863555908,118.9747370288002,28
35378_3.tex,non stop heuristic greedy,False,13,23.30778694152832,161.9223760345779,29
35439_1.tex,non stop heuristic greedy,False,8,15.4366717338562,89.93041759999987,22
35456_3.tex,non stop heuristic greedy,True,1,1.2949914932250977,10.0,12
35458_3.tex,non stop heuristic greedy,True,2,3.9763474464416495,20.01,17
35471_2.tex,non stop heuristic greedy,True,17,28.229620933532715,222.3762624110322,50
35484_1.tex,non stop heuristic greedy,True,18,44.1906795501709,262.0295638590001,37
35591_1.tex,non stop heuristic greedy,True,3,5.484764099121094,31.035534200000097,30
35815_1.tex,non stop heuristic greedy,True,18,34.97721457481384,251.37079240775043,33
35926_1.tex,non stop heuristic greedy,True,15,31.11921453475952,207.14574922135543,29
35960_2.tex,non stop heuristic greedy,True,7,14.366212368011476,71.68298887765594,29
36039_3.tex,non stop heuristic greedy,True,16,28.53714418411255,194.8659933486863,31
36051_3.tex,non stop heuristic greedy,True,1,1.3534812927246094,10.01,12
36092_1.tex,non stop heuristic greedy,True,4,5.483093023300171,51.8674521875,7
36094_2.tex,non stop heuristic greedy,True,3,6.118156909942627,34.21953089999999,8
36132_3.tex,non stop heuristic greedy,True,8,12.897006273269652,90.78030777600009,22
36136_2.tex,non stop heuristic greedy,True,20,38.24846434593201,265.671581732992,36
36137_3.tex,non stop heuristic greedy,True,15,25.412309408187863,226.15921761000024,40
81946_1.tex,non stop heuristic greedy,True,1,1.121088981628418,10.055341364999949,23
81955_3.tex,non stop heuristic greedy,True,12,22.89184331893921,124.80112580682804,39
82002_1.tex,non stop heuristic greedy,True,9,14.148382663726808,109.21552580000012,33
82030_1.tex,non stop heuristic greedy,True,9,15.692756652832031,107.35046324533018,31
82052_3.tex,non stop heuristic greedy,True,7,14.758219480514526,72.36877683882784,35
82072_1.tex,non stop heuristic greedy,True,3,7.209918022155762,30.36130873510018,34
82072_3.tex,non stop heuristic greedy,True,15,24.81035113334656,179.9463763200006,45
82211_2.tex,non stop heuristic greedy,True,8,16.05649209022522,93.50984210000018,15
82275_2.tex,non stop heuristic greedy,True,14,21.801432847976685,155.3037087999998,38
82290_1.tex,non stop heuristic greedy,True,5,9.88474154472351,51.58502045599997,25
82316_2.tex,non stop heuristic greedy,True,8,14.280123949050903,101.14281119999995,15
82351_2.tex,non stop heuristic greedy,False,8,16.093519926071167,89.77714220299981,22
82374_3.tex,non stop heuristic greedy,True,16,29.285072803497314,215.5983865674677,43
82382_2.tex,non stop heuristic greedy,True,3,6.957808494567871,30.114874239999843,28
82398_3.tex,non stop heuristic greedy,True,8,17.33727741241455,82.17035399999988,42
82413_2.tex,non stop heuristic greedy,True,8,13.527319431304932,86.52582537499994,13
82425_1.tex,non stop heuristic greedy,True,5,9.090458154678345,51.1853803,18
82495_3.tex,non stop heuristic greedy,True,9,15.662248373031616,106.39327096574992,35
82514_3.tex,non stop heuristic greedy,True,5,8.590319395065308,52.99536059999994,17
82536_1.tex,non stop heuristic greedy,False,3,6.101951599121094,30.451519500000018,25
82605_2.tex,non stop heuristic greedy,True,28,48.46380376815796,403.6540953679998,62
82722_3.tex,non stop heuristic greedy,True,12,24.470138788223267,131.82783227454203,33
82865_2.tex,non stop heuristic greedy,True,6,9.64871907234192,65.62689014999995,17
82879_3.tex,non stop heuristic greedy,True,8,15.366935729980469,95.8592070797999,17
83012_2.tex,non stop heuristic greedy,False,13,22.939624786376957,134.37985840682776,35
83079_3.tex,non stop heuristic greedy,True,16,29.125640392303467,194.5738794250008,29
83095_2.tex,non stop heuristic greedy,True,8,14.631333827972412,83.08570559082787,28
83121_2.tex,non stop heuristic greedy,True,32,59.02495884895325,455.90547641075005,68
83227_3.tex,non stop heuristic greedy,True,10,17.79086709022522,111.0220139259998,28
83326_2.tex,non stop heuristic greedy,True,13,23.259446382522583,152.65887260799985,38
83403_1.tex,non stop heuristic greedy,True,10,18.068638801574707,114.31825497500074,25
83434_1.tex,non stop heuristic greedy,True,12,23.250408172607425,131.40993932000015,28
83446_3.tex,non stop heuristic greedy,True,12,21.05839252471924,128.91511754299995,29
83454_2.tex,non stop heuristic greedy,True,9,27.37525773048401,98.66512952599994,29
83469_1.tex,non stop heuristic greedy,True,25,67.08762288093567,411.43287194200025,54
83479_3.tex,non stop heuristic greedy,True,9,15.305156469345093,101.60106094148044,30
83496_2.tex,non stop heuristic greedy,False,6,22.28609681129456,67.16472085000024,18
83497_3.tex,non stop heuristic greedy,True,8,13.167277574539185,85.07174245000016,22
83536_2.tex,non stop heuristic greedy,True,8,14.32063102722168,83.40657528499219,29
83605_1.tex,non stop heuristic greedy,True,12,15.66297483444214,139.29787734999996,34
83623_2.tex,non stop heuristic greedy,True,6,8.618656396865845,62.18678029999995,28
83665_2.tex,non stop heuristic greedy,True,10,30.28605461120605,104.44649480662795,38
83694_2.tex,non stop heuristic greedy,True,13,24.03051733970642,146.8824250615,43
83698_3.tex,non stop heuristic greedy,True,18,38.15481305122376,210.27187525880052,71
83753_3.tex,non stop heuristic greedy,True,8,16.414312839508057,88.88088361454199,19
83837_1.tex,non stop heuristic greedy,True,11,19.458558559417725,141.60671130000046,27
83861_2.tex,non stop heuristic greedy,True,12,24.30692267417908,131.78180583200017,37
83895_2.tex,non stop heuristic greedy,False,21,43.9075140953064,238.6477988531801,53
83957_2.tex,non stop heuristic greedy,True,15,30.46106696128845,204.91903773659007,34
83963_2.tex,non stop heuristic greedy,True,8,11.26530146598816,85.86374871299216,26
84119_3.tex,non stop heuristic greedy,True,8,13.204302310943604,90.82784136199987,30
84135_1.tex,non stop heuristic greedy,True,6,10.672752618789673,67.26006060000003,22
84152_1.tex,non stop heuristic greedy,True,7,12.306008100509644,72.24808910000007,25
84203_3.tex,non stop heuristic greedy,True,20,35.97803473472595,303.10844221760016,48
84233_1.tex,non stop heuristic greedy,True,13,26.860748529434204,146.6156417582499,51
84237_2.tex,non stop heuristic greedy,False,4,8.746965646743774,40.432939542399936,46
84451_3.tex,non stop heuristic greedy,True,21,41.57844805717468,260.61098610598384,45
84547_3.tex,non stop heuristic greedy,True,5,6.595171689987183,50.30776892000007,30
84550_1.tex,non stop heuristic greedy,True,13,23.77237868309021,154.35264172317994,33
84575_2.tex,non stop heuristic greedy,True,9,16.158052682876587,108.30959519999996,20
84588_1.tex,non stop heuristic greedy,True,2,4.107032299041748,20.01,5
84589_2.tex,non stop heuristic greedy,True,2,2.9732823371887207,20.01,12
84592_2.tex,non stop heuristic greedy,True,2,2.5378925800323486,20.01,12
84597_1.tex,non stop heuristic greedy,True,13,25.914172887802124,144.16883920000043,29
84600_1.tex,non stop heuristic greedy,True,4,6.019750595092773,46.844557679199966,11
84605_3.tex,non stop heuristic greedy,True,6,10.897927045822144,68.59865017599986,17
84632_2.tex,non stop heuristic greedy,True,7,13.069026947021484,71.41045649999992,30
84639_2.tex,non stop heuristic greedy,True,10,15.500142097473145,116.23294876800009,24
84655_1.tex,non stop heuristic greedy,True,23,44.75428557395935,292.8847240796558,51
84691_2.tex,non stop heuristic greedy,True,7,13.178255796432495,73.43241059999988,25
84705_1.tex,non stop heuristic greedy,True,11,17.48547673225403,146.93284609375073,32
84714_3.tex,non stop heuristic greedy,True,8,11.81745719909668,92.6787895839999,23
84746_3.tex,non stop heuristic greedy,False,2,6.058642148971558,20.025219120000088,16
84748_3.tex,non stop heuristic greedy,True,20,33.484888792037964,264.6249658499841,43
84753_3.tex,non stop heuristic greedy,True,24,46.591121196746826,321.1774695936556,51
84764_3.tex,non stop heuristic greedy,True,11,20.786209106445312,138.75710196750023,29
84871_2.tex,non stop heuristic greedy,True,6,11.077728271484377,63.45834545293611,20
84875_3.tex,non stop heuristic greedy,False,4,9.211551427841188,40.44270270999994,21
85022_1.tex,non stop heuristic greedy,True,9,17.180450201034546,107.72521419999988,22
85068_2.tex,non stop heuristic greedy,True,17,25.809240102767944,273.91617332947465,32
85072_3.tex,non stop heuristic greedy,False,4,6.0614845752716064,44.77268147549992,22
85079_1.tex,non stop heuristic greedy,True,11,18.699357986450195,126.68479285000002,33
85103_2.tex,non stop heuristic greedy,True,10,14.884761810302734,126.3486218800004,30
85140_2.tex,non stop heuristic greedy,True,9,14.79096007347107,115.1391322919999,22
85161_1.tex,non stop heuristic greedy,True,11,20.121983528137207,115.54801932674974,32
85207_3.tex,non stop heuristic greedy,True,32,57.605334520339966,600.1035824064497,56
85242_1.tex,non stop heuristic greedy,True,6,9.615422248840332,65.63172725000047,20
85298_3.tex,non stop heuristic greedy,True,18,32.34861969947815,262.94608778,44
85387_3.tex,non stop heuristic greedy,True,15,30.380412817001343,210.09727583978216,31
85451_2.tex,non stop heuristic greedy,True,6,12.360185861587524,65.8372,7
85486_3.tex,non stop heuristic greedy,False,8,23.627445459365845,110.050866176,27
85525_1.tex,non stop heuristic greedy,False,9,23.74115777015686,94.9368358209919,36
85612_3.tex,non stop heuristic greedy,True,12,29.671286582946777,142.91403379881285,36
85641_3.tex,non stop heuristic greedy,True,3,6.569833993911743,30.423738296899955,32
85656_2.tex,non stop heuristic greedy,True,8,15.701990604400637,108.85138798750089,14
85669_2.tex,non stop heuristic greedy,False,1,3.788069248199463,10.0,12
85716_3.tex,non stop heuristic greedy,False,8,18.66937279701233,89.43533918399982,26
85748_3.tex,non stop heuristic greedy,True,18,40.84977054595947,238.522104234,50
85767_2.tex,non stop heuristic greedy,False,8,19.80782151222229,84.18658200000024,19
36165_2.tex,non stop heuristic greedy,True,15,31.45294737815857,197.7454326668133,41
36359_3.tex,non stop heuristic greedy,True,15,35.60303354263306,177.415382213636,41
36385_1.tex,non stop heuristic greedy,True,15,31.42974853515625,162.75932413964514,39
36455_1.tex,non stop heuristic greedy,False,8,21.14635396003723,93.46370307599985,24
36485_3.tex,non stop heuristic greedy,True,19,41.75287580490112,223.3803816319528,48
36522_2.tex,non stop heuristic greedy,True,14,27.744436740875244,221.81186714375025,25
36581_1.tex,non stop heuristic greedy,False,13,30.711929082870483,156.682380910686,36
36672_1.tex,non stop heuristic greedy,True,23,45.52430462837219,318.1730994239921,41
36680_3.tex,non stop heuristic greedy,True,4,7.800035953521728,42.71807213328003,30
36701_1.tex,non stop heuristic greedy,True,19,39.49263334274292,256.39087439250005,47
36879_3.tex,non stop heuristic greedy,True,1,1.5789382457733154,10.01,14
36925_2.tex,non stop heuristic greedy,True,10,22.37023615837097,107.81951975798414,42
37061_3.tex,non stop heuristic greedy,True,9,17.64382028579712,98.82588519999992,23
37067_3.tex,non stop heuristic greedy,True,1,1.7288224697113037,10.01,19
37091_3.tex,non stop heuristic greedy,True,19,41.03350830078125,243.9753438225901,45
37148_2.tex,non stop heuristic greedy,True,19,42.68528819084168,204.51712760582808,61
37155_3.tex,non stop heuristic greedy,True,12,23.01569628715515,139.7613735600001,31
37164_2.tex,non stop heuristic greedy,True,3,5.033440589904785,30.670289100000083,15
37219_3.tex,non stop heuristic greedy,True,20,42.05912399291992,301.75562960880006,43
37439_3.tex,non stop heuristic greedy,True,3,6.287110328674316,30.14942399999997,10
37547_3.tex,non stop heuristic greedy,True,9,17.654816150665283,102.60109168399998,23
37580_1.tex,non stop heuristic greedy,True,22,49.38475918769837,309.6681074906799,48
37640_1.tex,non stop heuristic greedy,True,6,12.467929124832152,70.08387532600011,21
37662_2.tex,non stop heuristic greedy,True,9,17.535629749298096,95.91044481307505,31
37721_1.tex,non stop heuristic greedy,True,8,15.395181655883787,87.37350075000002,25
37742_3.tex,non stop heuristic greedy,True,7,12.941739082336426,81.93114172300017,25
37748_3.tex,non stop heuristic greedy,True,13,26.03899025917053,165.9959411319997,27
37755_2.tex,non stop heuristic greedy,True,12,23.993162155151367,165.5834564764802,33
37796_2.tex,non stop heuristic greedy,True,25,54.87996697425842,345.39080901382806,60
38103_1.tex,non stop heuristic greedy,True,7,14.63753581047058,75.12565473000014,29
38111_1.tex,non stop heuristic greedy,True,27,58.66482710838318,399.2912006626736,59
38139_1.tex,non stop heuristic greedy,True,7,13.435510396957396,78.76315524999991,17
38184_2.tex,non stop heuristic greedy,True,17,33.6174373626709,238.8670025435001,34
38194_3.tex,non stop heuristic greedy,True,12,23.57095241546631,131.35761740682804,28
38205_1.tex,non stop heuristic greedy,False,6,13.718085289001465,66.87329281750004,23
38207_1.tex,non stop heuristic greedy,True,9,18.97995519638061,101.21512676617988,37
38222_2.tex,non stop heuristic greedy,True,28,59.249072551727295,421.8454633993261,48
38249_3.tex,non stop heuristic greedy,False,7,15.209373712539673,75.20519987500006,27
38263_3.tex,non stop heuristic greedy,True,14,28.069452047348022,167.61432557499978,42
38281_3.tex,non stop heuristic greedy,True,16,31.58903312683105,212.4866477680003,33
38319_1.tex,non stop heuristic greedy,False,25,58.13645052909851,296.3073706349893,59
38712_2.tex,non stop heuristic greedy,True,7,13.014456272125244,81.6819339759997,18
38719_3.tex,non stop heuristic greedy,True,4,8.405910730361938,42.88095037800001,43
38733_3.tex,non stop heuristic greedy,False,10,23.65838646888733,128.9246429220002,32
38771_3.tex,non stop heuristic greedy,False,14,32.60518264770508,156.83167081870067,47
38814_2.tex,non stop heuristic greedy,True,9,16.211185455322266,102.20641902040028,28
38819_3.tex,non stop heuristic greedy,False,8,19.51560616493225,84.82381108842807,41
38839_2.tex,non stop heuristic greedy,True,15,30.40864562988281,165.27006661469994,46
39141_3.tex,non stop heuristic greedy,True,9,17.455672025680542,112.6611981072474,14
39225_1.tex,non stop heuristic greedy,True,20,42.93143343925476,290.28579104375035,34
39246_1.tex,non stop heuristic greedy,True,11,20.985212564468384,155.08873341274997,20
39334_1.tex,non stop heuristic greedy,True,12,24.574161052703857,175.13225056875007,14
39340_1.tex,non stop heuristic greedy,True,5,9.296309471130373,53.699439200000015,9
39354_1.tex,non stop heuristic greedy,False,7,15.382169485092165,90.653345156005,17
39395_2.tex,non stop heuristic greedy,True,24,53.925323724746704,345.35597534025624,51
39736_1.tex,non stop heuristic greedy,True,33,74.98660898208618,1025.1320046010003,53
39824_3.tex,non stop heuristic greedy,True,16,33.66705274581909,194.50471597650557,40
39835_2.tex,non stop heuristic greedy,True,12,25.83991765975952,128.4101968779839,38
39858_3.tex,non stop heuristic greedy,True,6,10.753230094909668,79.59201069999997,15
39879_3.tex,non stop heuristic greedy,True,7,13.11238145828247,116.70001558125016,22
39929_2.tex,non stop heuristic greedy,True,2,3.957313537597656,20.08606326539996,27
39956_1.tex,non stop heuristic greedy,False,10,23.402807235717773,112.19433549923002,32
40066_3.tex,non stop heuristic greedy,True,9,21.21038699150085,106.16894395622911,31
40155_3.tex,non stop heuristic greedy,False,8,19.545027494430546,86.9479301331139,23
40236_2.tex,non stop heuristic greedy,True,3,5.8014678955078125,30.027053119999906,13
40299_3.tex,non stop heuristic greedy,True,14,28.643584728240967,169.63389890000002,24
40325_2.tex,non stop heuristic greedy,True,5,9.19164228439331,56.83435894479996,19
40356_1.tex,non stop heuristic greedy,True,14,24.82234787940979,219.77930765199991,24
40487_2.tex,non stop heuristic greedy,True,16,31.683350324630737,189.8605636240009,36
40813_3.tex,non stop heuristic greedy,False,23,51.617100954055786,293.8978396030003,46
40867_3.tex,non stop heuristic greedy,True,10,20.042883157730103,118.09471708351414,21
40881_2.tex,non stop heuristic greedy,True,2,3.695544719696045,20.017053119999908,23
40911_3.tex,non stop heuristic greedy,False,24,51.33970856666565,325.4948548309996,45
40920_2.tex,non stop heuristic greedy,True,7,13.450170993804932,75.61288407599969,23
40924_1.tex,non stop heuristic greedy,True,18,36.91887831687927,269.56030045599994,37
41029_1.tex,non stop heuristic greedy,True,8,16.61574935913086,82.29195058000003,36
41145_3.tex,non stop heuristic greedy,True,6,14.135029792785645,60.56101630489896,26
41277_3.tex,non stop heuristic greedy,True,1,1.4941911697387695,10.01,9
41311_1.tex,non stop heuristic greedy,True,9,19.00673055648804,103.32921309199992,27
41323_1.tex,non stop heuristic greedy,True,11,23.98509907722473,117.59307877299209,36
41324_1.tex,non stop heuristic greedy,True,18,39.65957164764404,234.0784580677196,40
41398_3.tex,non stop heuristic greedy,True,11,21.37412929534912,155.31596477500017,22
41435_2.tex,non stop heuristic greedy,True,11,22.79571485519409,117.92884095682795,36
41448_2.tex,non stop heuristic greedy,True,2,3.3700735569000244,20.017053119999908,21
41452_3.tex,non stop heuristic greedy,True,1,1.720649480819702,10.01,23
41453_2.tex,non stop heuristic greedy,True,8,16.831653594970703,89.2017265439999,33
41532_1.tex,non stop heuristic greedy,True,10,19.32995581626892,103.79405365882828,30
41574_2.tex,non stop heuristic greedy,True,8,16.74209451675415,94.9638498484802,28
41938_2.tex,non stop heuristic greedy,True,9,18.34621524810791,100.42835195000004,36
41952_1.tex,non stop heuristic greedy,True,10,19.22505760192871,111.50447589482827,31
41996_1.tex,non stop heuristic greedy,True,5,10.679938554763794,51.16227424000002,34
42000_1.tex,non stop heuristic greedy,True,12,25.1143901348114,136.7033613060005,28
42035_1.tex,non stop heuristic greedy,True,15,28.238603591918945,210.4236908625,24
42050_1.tex,non stop heuristic greedy,True,11,21.63137459754944,178.21497841839997,25
42082_3.tex,non stop heuristic greedy,True,14,27.375725030899048,189.39690386173703,32
42103_1.tex,non stop heuristic greedy,True,22,45.54512023925781,310.11503642199995,56
42112_3.tex,non stop heuristic greedy,True,1,1.716759204864502,10.014689537499976,24
85812_1.tex,non stop heuristic greedy,True,18,34.74771785736084,225.72983948199987,38
85850_2.tex,non stop heuristic greedy,True,22,46.217732191085815,290.8171204095001,48
86037_2.tex,non stop heuristic greedy,True,1,1.57216215133667,10.0,15
86051_1.tex,non stop heuristic greedy,True,5,11.211323738098145,52.40469145699994,24
86060_1.tex,non stop heuristic greedy,True,9,19.922820329666138,96.22740231929014,25
86127_3.tex,non stop heuristic greedy,False,10,23.8122992515564,111.99946922600002,23
86137_2.tex,non stop heuristic greedy,True,2,3.624347448348999,20.02,19
86152_2.tex,non stop heuristic greedy,True,12,24.277434825897217,146.96429163595127,26
86194_1.tex,non stop heuristic greedy,True,8,16.18248462677002,88.16764475,21
86202_2.tex,non stop heuristic greedy,False,8,19.13933801651001,116.9421954999998,20
86204_1.tex,non stop heuristic greedy,True,11,21.57296824455261,146.86380540000013,20
86208_3.tex,non stop heuristic greedy,True,6,10.907177686691284,68.10317320000023,14
86282_2.tex,non stop heuristic greedy,True,11,25.441293001174927,114.4486552428278,39
86287_1.tex,non stop heuristic greedy,False,18,41.68822169303894,221.79514248399957,56
86292_2.tex,non stop heuristic greedy,True,3,4.559685230255127,32.89023789999999,10
86325_1.tex,non stop heuristic greedy,True,6,11.062952995300291,61.77155960000003,15
86340_3.tex,non stop heuristic greedy,True,5,9.568769931793211,51.52714591999996,26
86352_2.tex,non stop heuristic greedy,False,5,12.163406372070312,53.85720909375003,27
86389_1.tex,non stop heuristic greedy,False,6,15.1266770362854,62.432562627,29
86498_2.tex,non stop heuristic greedy,True,11,24.999735832214355,116.7633079878988,27
86571_2.tex,non stop heuristic greedy,True,11,23.72909474372864,126.90397078399988,29
86608_3.tex,non stop heuristic greedy,True,10,21.23505163192749,109.70312083200002,30
86678_1.tex,non stop heuristic greedy,True,10,20.31520915031433,113.9643983340002,22
86744_2.tex,non stop heuristic greedy,True,10,19.304280519485477,115.23343519999992,21
86768_3.tex,non stop heuristic greedy,True,6,11.261239051818848,66.69271348399988,17
86814_3.tex,non stop heuristic greedy,False,12,28.57094359397888,141.37198727800012,31
86816_3.tex,non stop heuristic greedy,True,9,20.869260787963867,93.36524347982788,38
86827_1.tex,non stop heuristic greedy,True,18,37.50057578086853,239.5808731160003,51
86887_1.tex,non stop heuristic greedy,True,2,3.5381383895874023,20.014396659999875,21
86890_1.tex,non stop heuristic greedy,True,23,46.40406060218811,330.9991116837503,42
86929_1.tex,non stop heuristic greedy,True,18,38.15499448776245,221.96124902699972,49
87033_2.tex,non stop heuristic greedy,True,13,31.876756191253666,146.28156337617986,43
87038_3.tex,non stop heuristic greedy,True,12,27.823164463043213,147.87048534993673,31
87125_1.tex,non stop heuristic greedy,True,14,34.12776184082031,152.3896969539363,51
87128_3.tex,non stop heuristic greedy,True,10,22.79081678390503,116.71593816750982,38
87167_2.tex,non stop heuristic greedy,True,14,27.186414003372192,208.80981718500067,25
87196_3.tex,non stop heuristic greedy,True,8,16.506566762924194,103.633613055005,21
87251_1.tex,non stop heuristic greedy,True,11,23.20761752128601,138.7327449300005,28
87335_3.tex,non stop heuristic greedy,True,8,16.30013942718506,83.30644756000002,35
87348_3.tex,non stop heuristic greedy,False,11,25.7207133769989,121.96019435600016,37
87355_2.tex,non stop heuristic greedy,True,15,32.61673355102539,187.8481739053335,43
87387_1.tex,non stop heuristic greedy,True,14,28.826839447021484,167.08385253749992,32
87397_1.tex,non stop heuristic greedy,True,10,19.94724941253662,131.72398320000002,39
87421_1.tex,non stop heuristic greedy,False,6,14.732532262802124,71.43478604699987,30
87465_2.tex,non stop heuristic greedy,True,27,57.42073202133179,368.5265110115001,57
87478_2.tex,non stop heuristic greedy,True,26,59.95139694213867,368.5043676587499,65
87587_3.tex,non stop heuristic greedy,True,12,27.704315662384037,131.6939392659999,34
87726_1.tex,non stop heuristic greedy,True,9,19.701080322265625,103.6316831,27
87737_3.tex,non stop heuristic greedy,True,11,23.0381338596344,129.91120946659984,25
87743_3.tex,non stop heuristic greedy,True,6,12.899613857269289,67.4750260184,24
87810_1.tex,non stop heuristic greedy,True,6,11.644189596176147,78.05922105000002,10
87871_2.tex,non stop heuristic greedy,True,11,23.80952191352844,136.31949146500006,33
87935_3.tex,non stop heuristic greedy,True,13,25.339877128601078,167.32278175000096,24
87968_1.tex,non stop heuristic greedy,True,21,47.34274220466614,251.2901198623284,47
87988_3.tex,non stop heuristic greedy,True,5,9.695561408996582,56.097280815999966,21
88115_3.tex,non stop heuristic greedy,True,6,15.10003662109375,60.603387960505366,32
88292_1.tex,non stop heuristic greedy,True,8,16.762082815170288,93.46625681499977,17
88311_1.tex,non stop heuristic greedy,True,10,22.49836087226868,110.10470699118004,36
88327_3.tex,non stop heuristic greedy,True,3,6.861967086791992,30.086417979999855,28
88335_3.tex,non stop heuristic greedy,False,16,40.59104609489441,167.92959071965615,47
88368_3.tex,non stop heuristic greedy,False,10,23.3272807598114,107.05758177499982,29
88445_1.tex,non stop heuristic greedy,True,14,30.26716041564941,151.52669741000014,42
88459_1.tex,non stop heuristic greedy,True,7,14.448976516723633,79.78822944999999,19
88465_2.tex,non stop heuristic greedy,False,6,14.33889651298523,62.60778030000001,26
88467_3.tex,non stop heuristic greedy,True,16,34.630162715911865,223.8732600750006,27
88508_3.tex,non stop heuristic greedy,False,16,36.91712403297424,215.22200393374985,38
88510_1.tex,non stop heuristic greedy,True,4,8.127125978469849,41.49829084000002,27
88533_1.tex,non stop heuristic greedy,True,18,38.038076639175415,230.90011164999223,45
88557_3.tex,non stop heuristic greedy,False,21,53.971745014190674,261.5796750649999,59
88591_1.tex,non stop heuristic greedy,True,11,27.14950132369995,118.30217700000034,28
88652_1.tex,non stop heuristic greedy,True,7,17.692033290863037,72.90362574579811,27
88659_2.tex,non stop heuristic greedy,True,10,24.20754623413086,106.53571542400007,36
88660_3.tex,non stop heuristic greedy,True,14,35.07846236228943,159.1382276341642,38
88662_2.tex,non stop heuristic greedy,True,9,22.96586298942566,96.03516712958977,34
88728_3.tex,non stop heuristic greedy,False,4,11.366469621658323,40.27003342000002,23
88755_2.tex,non stop heuristic greedy,True,8,18.566080570220947,87.79362750400007,28
88783_1.tex,non stop heuristic greedy,False,6,14.557706117630005,65.54430030000002,18
88810_2.tex,non stop heuristic greedy,True,24,57.30820369720459,348.19725506249983,46
88828_2.tex,non stop heuristic greedy,True,11,23.835179328918457,131.8568375340003,28
88859_2.tex,non stop heuristic greedy,True,7,15.14704132080078,76.52564969581519,23
88871_2.tex,non stop heuristic greedy,True,14,33.61898350715637,145.02011762182784,48
88905_3.tex,non stop heuristic greedy,False,8,20.879571199417114,84.03065870000006,27
88917_2.tex,non stop heuristic greedy,True,1,1.6575453281402588,10.0,15
88960_2.tex,non stop heuristic greedy,True,2,4.069608926773071,20.05243711999992,29
89003_2.tex,non stop heuristic greedy,True,4,7.517636775970459,41.38518029999992,17
89003_3.tex,non stop heuristic greedy,True,3,5.605721473693848,30.360697600000023,24
89020_1.tex,non stop heuristic greedy,True,7,14.095204830169678,89.87443101000123,26
89039_3.tex,non stop heuristic greedy,False,13,30.918413400650024,165.6569732101602,39
89067_2.tex,non stop heuristic greedy,True,2,3.800701856613159,20.46330880000002,23
89090_3.tex,non stop heuristic greedy,False,11,26.55296778678894,117.31335360999994,45
89202_3.tex,non stop heuristic greedy,True,14,34.441219329833984,155.03996078747815,44
89265_1.tex,non stop heuristic greedy,True,13,31.361637592315677,157.68129450893608,31
89312_3.tex,non stop heuristic greedy,True,8,17.919711589813232,85.75172492399999,29
89376_2.tex,non stop heuristic greedy,True,6,12.39894676208496,63.84189257599985,27
89439_2.tex,non stop heuristic greedy,True,4,7.941237688064575,41.05838029999999,18
89445_3.tex,non stop heuristic greedy,True,7,14.225509643554688,76.48953329999989,24
89466_2.tex,non stop heuristic greedy,True,10,21.062132835388184,146.6542100219001,28
89574_2.tex,non stop heuristic greedy,True,4,7.918532371520996,40.867610977599966,27
89577_1.tex,non stop heuristic greedy,True,5,10.75260615348816,51.56866567999978,27
42299_1.tex,non stop heuristic greedy,True,6,7.130680799484253,64.71005553293595,22
42465_3.tex,non stop heuristic greedy,True,7,7.380151510238647,78.12986550000012,16
42474_2.tex,non stop heuristic greedy,True,4,5.200157880783081,42.6472,11
42478_3.tex,non stop heuristic greedy,True,21,20.729405164718628,419.41189805625015,31
42493_3.tex,non stop heuristic greedy,True,9,9.071210384368896,100.56764122959,28
42521_3.tex,non stop heuristic greedy,True,1,0.8630216121673584,10.02479386899995,19
42522_3.tex,non stop heuristic greedy,True,1,0.820148229598999,10.0,14
42525_2.tex,non stop heuristic greedy,True,22,24.96617126464844,343.83410261255005,38
42534_3.tex,non stop heuristic greedy,False,9,11.475436210632324,102.78523548949995,29
42590_3.tex,non stop heuristic greedy,True,7,6.578860759735107,81.42870980454198,21
42598_1.tex,non stop heuristic greedy,True,8,8.246342420578003,94.13447011959012,27
42632_1.tex,non stop heuristic greedy,True,12,12.750202417373655,140.96373856768025,29
42645_2.tex,non stop heuristic greedy,True,13,13.76153802871704,193.6346648298054,33
42939_1.tex,non stop heuristic greedy,True,7,7.292747259140015,74.87144676999988,25
43036_2.tex,non stop heuristic greedy,True,7,7.405458688735962,79.6300146139998,22
43066_1.tex,non stop heuristic greedy,True,8,9.041067361831663,89.76133676319986,29
43159_1.tex,non stop heuristic greedy,True,17,17.26840305328369,221.62400402350025,40
43393_1.tex,non stop heuristic greedy,False,8,9.742531538009644,84.08241003000037,29
43487_3.tex,non stop heuristic greedy,True,7,7.47387170791626,74.84198413283015,28
43512_2.tex,non stop heuristic greedy,True,6,6.518613576889038,60.87060334000036,26
43546_3.tex,non stop heuristic greedy,True,10,9.981401443481444,115.84707930000047,18
43548_2.tex,non stop heuristic greedy,True,3,2.7355966567993164,30.02,12
43600_3.tex,non stop heuristic greedy,True,9,9.84213089942932,105.19360419999984,29
43687_3.tex,non stop heuristic greedy,True,10,10.466526746749878,118.39565250700004,32
43946_2.tex,non stop heuristic greedy,True,5,5.384460210800171,50.68934234999986,22
43983_1.tex,non stop heuristic greedy,True,1,0.8202683925628662,10.01,5
44025_3.tex,non stop heuristic greedy,True,10,10.926508903503418,111.31739928399976,34
44115_2.tex,non stop heuristic greedy,True,6,6.159045457839966,69.52951769099978,17
44132_3.tex,non stop heuristic greedy,True,8,8.141096591949463,89.75473901999987,26
44176_3.tex,non stop heuristic greedy,False,8,8.660568237304688,107.747764875,16
44224_3.tex,non stop heuristic greedy,False,14,16.257624626159668,164.6151810085001,34
44261_3.tex,non stop heuristic greedy,True,12,12.406344413757324,139.41064807749996,30
44653_1.tex,non stop heuristic greedy,True,11,12.600140810012816,126.18973498399998,26
44703_3.tex,non stop heuristic greedy,True,23,26.391408443450928,398.417837257001,50
44747_1.tex,non stop heuristic greedy,True,5,4.795488119125366,51.645281100000005,24
44750_1.tex,non stop heuristic greedy,False,6,7.109736442565918,77.81299362266004,18
44805_2.tex,non stop heuristic greedy,True,19,19.89549446105957,242.46234534979985,50
44817_2.tex,non stop heuristic greedy,True,12,13.711364030838013,135.0980593062,46
44915_2.tex,non stop heuristic greedy,True,7,8.524554252624512,76.72380735682424,26
45023_3.tex,non stop heuristic greedy,True,14,17.766075611114502,158.89846449358996,50
45026_1.tex,non stop heuristic greedy,True,13,14.532144784927368,143.29741751199938,34
45057_2.tex,non stop heuristic greedy,True,14,15.63476848602295,191.73856550000045,30
45063_1.tex,non stop heuristic greedy,True,11,11.468116283416748,121.06570830000028,30
45210_3.tex,non stop heuristic greedy,True,11,12.90541410446167,114.8622428108282,41
45319_2.tex,non stop heuristic greedy,True,24,25.754413843154907,327.98563322995204,60
45643_3.tex,non stop heuristic greedy,True,17,19.507771730422974,289.5049646697497,24
45717_2.tex,non stop heuristic greedy,False,10,12.650028228759766,121.82165498749978,21
45768_1.tex,non stop heuristic greedy,True,18,17.715142965316772,253.17823251517257,33
45848_1.tex,non stop heuristic greedy,True,1,0.8195242881774902,10.01,9
45877_3.tex,non stop heuristic greedy,True,18,18.861180782318115,195.05041441365583,46
46165_3.tex,non stop heuristic greedy,True,22,22.001011848449707,417.58098549600015,31
46195_2.tex,non stop heuristic greedy,True,14,16.15727663040161,167.08915841320655,38
46241_1.tex,non stop heuristic greedy,True,10,10.347512245178224,118.65856470000011,16
46284_1.tex,non stop heuristic greedy,True,8,7.912227630615234,89.86473897200013,19
46289_1.tex,non stop heuristic greedy,True,3,2.840376377105713,31.01153324000003,15
46294_1.tex,non stop heuristic greedy,True,3,4.760902166366577,30.058247699999946,21
46317_1.tex,non stop heuristic greedy,True,6,6.624212265014648,65.31689345599989,27
46373_3.tex,non stop heuristic greedy,False,7,8.03443717956543,81.61817792400005,19
46381_1.tex,non stop heuristic greedy,True,29,32.321701526641846,408.28298435049214,49
46396_3.tex,non stop heuristic greedy,True,3,2.96034836769104,33.40495840147999,22
46409_3.tex,non stop heuristic greedy,True,2,1.9621961116790767,20.08598332160011,25
46411_1.tex,non stop heuristic greedy,True,9,9.354357242584229,104.38013181374986,27
46641_1.tex,non stop heuristic greedy,True,4,4.3611741065979,41.32562143999986,24
46650_2.tex,non stop heuristic greedy,True,13,17.427655458450317,153.84046733950015,27
46655_2.tex,non stop heuristic greedy,True,2,1.991215944290161,20.02,18
46773_2.tex,non stop heuristic greedy,True,9,9.532459259033203,109.17843874,20
46822_2.tex,non stop heuristic greedy,True,4,4.032280921936035,40.58679200000002,18
46836_3.tex,non stop heuristic greedy,True,13,12.654491186141968,207.53760198094983,32
46846_2.tex,non stop heuristic greedy,True,5,5.05157208442688,54.57818326400013,23
46874_1.tex,non stop heuristic greedy,False,2,3.020828485488892,20.38072771000003,10
46908_2.tex,non stop heuristic greedy,True,3,2.668156862258911,31.977696707199986,16
46918_1.tex,non stop heuristic greedy,True,1,0.8068652153015137,10.063129260800054,15
46929_3.tex,non stop heuristic greedy,True,8,8.669492959976196,99.79076613898005,30
46938_3.tex,non stop heuristic greedy,True,16,16.69681715965271,237.28190059766047,36
46976_1.tex,non stop heuristic greedy,True,10,11.223655700683594,107.2341008871999,43
47264_1.tex,non stop heuristic greedy,True,11,12.83266830444336,141.7808911060005,29
47279_2.tex,non stop heuristic greedy,True,11,13.193670749664308,121.4944148331319,36
47286_1.tex,non stop heuristic greedy,True,18,20.455654621124268,268.9172824454753,31
47433_3.tex,non stop heuristic greedy,True,11,11.063392400741575,159.29154940000012,18
47448_3.tex,non stop heuristic greedy,True,11,9.752884864807127,143.04112341779916,27
47468_1.tex,non stop heuristic greedy,True,10,10.411761045455933,110.91458197200012,30
47479_1.tex,non stop heuristic greedy,False,8,9.58908200263977,94.14130472648014,37
47499_1.tex,non stop heuristic greedy,True,2,1.942992925643921,20.252039200000247,19
47622_3.tex,non stop heuristic greedy,True,2,2.067864179611206,20.01,20
47685_2.tex,non stop heuristic greedy,True,13,15.181636333465576,161.67667541974993,25
47723_3.tex,non stop heuristic greedy,True,8,10.12445330619812,86.17036368899997,30
47831_1.tex,non stop heuristic greedy,True,6,7.034090518951416,60.83096891999983,33
47893_2.tex,non stop heuristic greedy,True,13,13.322566747665403,146.6703266320004,30
48051_3.tex,non stop heuristic greedy,False,16,18.53055715560913,184.57633584500005,42
48157_2.tex,non stop heuristic greedy,False,3,4.546875715255737,30.244258349899003,22
48256_2.tex,non stop heuristic greedy,True,4,4.507219314575195,40.78167101999998,26
48263_1.tex,non stop heuristic greedy,True,17,25.38678979873657,205.87229943930996,46
48291_1.tex,non stop heuristic greedy,True,2,1.83109712600708,20.01,12
48317_2.tex,non stop heuristic greedy,False,12,14.225937843322754,151.71960575213603,29
48340_3.tex,non stop heuristic greedy,True,12,14.062424421310425,145.16121837600014,28
48354_1.tex,non stop heuristic greedy,False,8,10.352181434631348,87.97596335758588,26
48358_1.tex,non stop heuristic greedy,True,19,22.508643865585327,232.61356613779216,45
48393_3.tex,non stop heuristic greedy,True,11,12.13576364517212,126.72590147499996,29
89604_3.tex,non stop heuristic greedy,True,7,6.886412858963013,75.72397236400002,28
89626_1.tex,non stop heuristic greedy,True,25,27.883517265319824,339.29371243703696,60
89782_1.tex,non stop heuristic greedy,True,10,11.371038913726808,120.28884657500096,23
89855_1.tex,non stop heuristic greedy,True,17,20.919416427612305,184.8570885796732,53
89909_2.tex,non stop heuristic greedy,True,11,12.40440797805786,119.866964712992,37
89976_2.tex,non stop heuristic greedy,False,7,7.949786186218262,75.21656715,22
89990_1.tex,non stop heuristic greedy,True,11,11.53009867668152,120.60395029999992,25
89996_3.tex,non stop heuristic greedy,True,11,12.3976628780365,114.85234207500014,27
90061_1.tex,non stop heuristic greedy,True,23,25.4671847820282,308.28674239900005,59
90065_3.tex,non stop heuristic greedy,True,24,27.053308725357056,354.4559367174997,59
90235_1.tex,non stop heuristic greedy,True,12,14.622259855270386,128.69591067900006,31
90342_3.tex,non stop heuristic greedy,True,10,11.969166278839111,111.60861863882796,34
90361_3.tex,non stop heuristic greedy,True,14,15.330817937850952,152.43704035145615,41
90491_1.tex,non stop heuristic greedy,True,12,14.244425296783447,141.61072724260555,38
90495_1.tex,non stop heuristic greedy,True,14,17.776732683181763,170.29504593000058,50
90534_2.tex,non stop heuristic greedy,True,7,7.092409372329712,75.83922776499998,27
90612_1.tex,non stop heuristic greedy,True,11,11.662312030792236,124.60109685999988,32
90620_2.tex,non stop heuristic greedy,True,14,20.065229892730716,167.25041497500007,36
90681_3.tex,non stop heuristic greedy,False,4,5.947364568710327,40.43316276719992,40
90683_1.tex,non stop heuristic greedy,True,22,26.91371488571167,300.61967381275,63
90684_3.tex,non stop heuristic greedy,False,18,20.65373992919922,200.03690579025613,53
90687_2.tex,non stop heuristic greedy,True,13,14.904452323913574,180.2948002720001,38
90701_2.tex,non stop heuristic greedy,False,27,32.77598524093628,375.6354931849997,60
90711_1.tex,non stop heuristic greedy,False,12,15.66508960723877,143.88482743825017,50
90716_1.tex,non stop heuristic greedy,True,8,9.322266578674316,85.9524824000001,44
90847_2.tex,non stop heuristic greedy,True,4,4.240280389785767,46.8740304,10
90863_1.tex,non stop heuristic greedy,True,18,21.959797382354736,319.6707773687504,29
90881_3.tex,non stop heuristic greedy,False,3,4.620152235031128,31.154928259999917,12
90923_3.tex,non stop heuristic greedy,True,7,8.771341562271118,72.32793837587468,34
90959_3.tex,non stop heuristic greedy,False,17,20.854366540908813,218.70594433750009,25
90989_1.tex,non stop heuristic greedy,True,15,18.20837092399597,176.54391379199973,38
91023_2.tex,non stop heuristic greedy,True,14,17.160582780838013,158.86339415417967,50
91036_2.tex,non stop heuristic greedy,True,2,2.2618370056152344,20.02,28
91157_1.tex,non stop heuristic greedy,True,10,9.843167543411257,112.5641608000007,25
91164_2.tex,non stop heuristic greedy,True,2,1.7323949337005615,20.01,11
91167_1.tex,non stop heuristic greedy,True,8,8.800098419189453,88.28733599999991,24
91169_1.tex,non stop heuristic greedy,True,13,15.87297296524048,145.0273171999999,28
91181_1.tex,non stop heuristic greedy,True,12,12.997744798660278,157.87546130000095,31
91215_2.tex,non stop heuristic greedy,False,14,16.15248966217041,168.8459705857502,34
91220_2.tex,non stop heuristic greedy,True,12,12.546083450317385,135.55634454750015,32
91236_2.tex,non stop heuristic greedy,True,10,10.794415712356567,104.63853712965614,35
91432_2.tex,non stop heuristic greedy,True,7,8.198136806488037,82.13588367599999,17
91452_3.tex,non stop heuristic greedy,True,1,0.8597958087921143,10.01,17
91487_2.tex,non stop heuristic greedy,True,15,18.019784212112427,177.26735819999982,37
91508_3.tex,non stop heuristic greedy,True,15,16.481048107147217,252.5977031875002,27
91523_1.tex,non stop heuristic greedy,True,11,12.45907735824585,130.10492086159002,22
91531_3.tex,non stop heuristic greedy,True,3,3.12674880027771,30.063592000000035,19
91551_1.tex,non stop heuristic greedy,True,5,5.657349824905396,54.850451957089945,29
91557_2.tex,non stop heuristic greedy,True,10,11.065463304519652,112.6656137359998,31
91557_3.tex,non stop heuristic greedy,True,14,15.680436372756958,162.1979260324,43
91614_3.tex,non stop heuristic greedy,False,10,12.374796390533447,115.14521759999992,23
91654_3.tex,non stop heuristic greedy,False,5,6.723076820373535,55.08857080418043,27
91719_2.tex,non stop heuristic greedy,True,7,7.380489826202393,90.50650011000008,31
91733_3.tex,non stop heuristic greedy,True,6,6.568540096282959,62.13104769999991,26
91740_2.tex,non stop heuristic greedy,True,7,7.537582635879517,71.80908593882776,32
91797_2.tex,non stop heuristic greedy,True,26,32.34431171417236,364.3379059699999,64
91799_2.tex,non stop heuristic greedy,True,15,18.18721914291382,182.87468969439988,61
91835_1.tex,non stop heuristic greedy,True,5,5.461418390274048,56.2757732,16
91897_3.tex,non stop heuristic greedy,True,12,14.562618970870972,127.48230990799982,38
91971_1.tex,non stop heuristic greedy,True,11,13.08382511138916,122.646465912992,29
91978_3.tex,non stop heuristic greedy,True,2,2.0025014877319336,20.01,10
92042_2.tex,non stop heuristic greedy,True,6,6.576408386230469,62.36490289999988,23
92159_2.tex,non stop heuristic greedy,False,7,8.876408576965332,85.20026270000068,31
92171_1.tex,non stop heuristic greedy,True,7,7.686121463775635,80.11574992800006,23
92218_1.tex,non stop heuristic greedy,False,6,8.016348600387573,65.8031706539999,26
92223_2.tex,non stop heuristic greedy,False,10,13.486390352249146,111.42279181200016,41
92238_1.tex,non stop heuristic greedy,True,7,7.199998617172241,72.41135879999999,23
92242_2.tex,non stop heuristic greedy,True,7,7.608790159225464,81.7802035299999,21
92436_3.tex,non stop heuristic greedy,True,4,4.304567098617554,40.24323111489908,25
92583_3.tex,non stop heuristic greedy,True,8,8.464631080627441,92.14027699999993,18
92638_2.tex,non stop heuristic greedy,True,8,9.254497289657593,88.07046880773566,37
92772_3.tex,non stop heuristic greedy,True,6,5.147680044174194,77.61710166000006,22
92773_2.tex,non stop heuristic greedy,True,3,2.597651958465576,33.932715200000004,14
92831_1.tex,non stop heuristic greedy,True,9,10.39055562019348,119.10927720148008,36
93054_3.tex,non stop heuristic greedy,True,8,9.137218475341797,86.79334284000025,20
93057_3.tex,non stop heuristic greedy,True,5,5.678037166595459,52.5058797279998,17
93063_3.tex,non stop heuristic greedy,False,4,5.934623718261719,41.18566756349989,22
93095_3.tex,non stop heuristic greedy,True,11,14.469985485076904,112.92959865765596,43
93126_2.tex,non stop heuristic greedy,True,5,5.535003900527954,51.19892010000004,22
93167_1.tex,non stop heuristic greedy,True,9,10.232284545898438,113.97096202000054,32
93177_3.tex,non stop heuristic greedy,False,24,28.65390419960022,436.8036560337501,49
93223_1.tex,non stop heuristic greedy,True,17,19.49492597579956,238.1599346000003,35
93223_3.tex,non stop heuristic greedy,True,10,11.525338172912598,109.19985070000004,24
93285_1.tex,non stop heuristic greedy,True,7,8.748412847518921,73.52364013505601,40
93304_2.tex,non stop heuristic greedy,True,15,17.448942184448242,215.23719982516,39
93370_1.tex,non stop heuristic greedy,True,2,2.048928737640381,20.087558799999957,30
93388_3.tex,non stop heuristic greedy,True,8,8.616263151168823,85.73594680600006,26
93392_2.tex,non stop heuristic greedy,False,14,18.44327139854431,146.39674755905585,38
93409_1.tex,non stop heuristic greedy,False,13,16.37397027015686,143.9934805519995,55
93502_3.tex,non stop heuristic greedy,True,7,8.63604736328125,73.98736467254173,34
93557_1.tex,non stop heuristic greedy,True,9,10.270596265792848,94.78360160000106,26
93585_2.tex,non stop heuristic greedy,True,4,4.476083755493164,40.87221772799994,18
93604_1.tex,non stop heuristic greedy,True,12,14.215628385543823,137.69056235000485,33
93646_3.tex,non stop heuristic greedy,True,9,10.266918897628784,130.6240027749998,25
93679_2.tex,non stop heuristic greedy,True,18,19.995959281921387,207.2004459839998,39
93710_1.tex,non stop heuristic greedy,True,4,4.529880523681641,40.53042064999988,26
93862_2.tex,non stop heuristic greedy,False,10,11.688150644302368,117.98557549999984,27
93880_1.tex,non stop heuristic greedy,True,10,10.674308061599731,125.10263125000034,30
48400_2.tex,non stop heuristic greedy,True,15,15.345391035079956,280.4951940562503,29
48414_3.tex,non stop heuristic greedy,True,7,6.908346176147461,79.02894989999989,26
48424_1.tex,non stop heuristic greedy,False,9,10.634762525558472,109.29758327290654,33
48433_3.tex,non stop heuristic greedy,True,5,5.00042986869812,50.86644001999988,27
48452_3.tex,non stop heuristic greedy,True,24,27.77210283279419,361.2736036867504,45
48496_1.tex,non stop heuristic greedy,False,3,3.961278200149536,36.74602840125007,17
48510_3.tex,non stop heuristic greedy,True,7,6.628549575805664,83.60887840000004,34
48511_3.tex,non stop heuristic greedy,True,9,9.277796030044556,94.23625860000004,27
48525_2.tex,non stop heuristic greedy,True,8,8.004725933074951,100.6126434100006,35
48550_3.tex,non stop heuristic greedy,True,9,10.043549299240112,93.94949421082818,36
48580_2.tex,non stop heuristic greedy,True,35,40.53067183494568,593.4646140011564,65
48588_3.tex,non stop heuristic greedy,True,9,9.72075891494751,105.09696019148008,37
48596_3.tex,non stop heuristic greedy,True,19,21.64255380630493,249.1742156057403,53
48778_1.tex,non stop heuristic greedy,True,6,6.89339542388916,63.70739029882806,30
48804_3.tex,non stop heuristic greedy,True,5,4.659494876861572,51.05265797999992,19
48814_3.tex,non stop heuristic greedy,True,12,13.604255676269531,149.32137494944743,28
48919_2.tex,non stop heuristic greedy,True,10,11.43007206916809,103.2968680868279,39
48964_3.tex,non stop heuristic greedy,True,15,14.095890998840332,209.22069279426083,29
49023_2.tex,non stop heuristic greedy,True,17,18.11413836479187,187.2595344936564,44
49031_3.tex,non stop heuristic greedy,False,13,15.498300313949583,194.46514222200005,37
49067_2.tex,non stop heuristic greedy,False,9,9.684599161148071,101.89316590375036,31
49095_1.tex,non stop heuristic greedy,False,13,15.296708583831789,138.6533710068277,43
49104_3.tex,non stop heuristic greedy,False,12,13.090828657150269,132.23041923606652,36
49105_1.tex,non stop heuristic greedy,True,8,7.384541988372803,87.86514876399983,25
49334_1.tex,non stop heuristic greedy,True,12,12.183427095413208,148.64157191093665,29
49391_3.tex,non stop heuristic greedy,True,9,8.906674861907959,109.75178550000044,21
49481_2.tex,non stop heuristic greedy,True,9,8.696502685546875,101.09741130000012,26
49531_3.tex,non stop heuristic greedy,True,9,9.891496658325195,93.18125197199996,45
49569_2.tex,non stop heuristic greedy,False,20,22.31954073905945,261.10517898770087,53
49624_2.tex,non stop heuristic greedy,True,11,11.37412452697754,116.35977670682809,36
49663_2.tex,non stop heuristic greedy,True,3,3.1174449920654297,31.16755674148,32
49823_2.tex,non stop heuristic greedy,False,9,11.000507116317747,100.29667580000005,22
49843_3.tex,non stop heuristic greedy,True,7,7.759393930435181,76.83583059389868,27
49882_1.tex,non stop heuristic greedy,True,6,6.726430177688599,67.56983039390465,18
49887_2.tex,non stop heuristic greedy,True,18,22.6904776096344,200.23248882318043,48
49965_3.tex,non stop heuristic greedy,True,7,7.768215417861938,71.2256279999999,31
50056_3.tex,non stop heuristic greedy,True,13,14.114744663238524,160.71341036949988,39
50153_2.tex,non stop heuristic greedy,True,1,0.7864499092102051,10.488243971040038,15
50154_1.tex,non stop heuristic greedy,True,8,7.579084634780884,89.42396784000002,24
50157_1.tex,non stop heuristic greedy,True,12,12.663110733032228,140.03474431882776,33
50167_2.tex,non stop heuristic greedy,True,17,19.37179589271545,192.84367828782808,46
50219_3.tex,non stop heuristic greedy,True,14,15.379396200180054,192.06645473359995,70
50424_2.tex,non stop heuristic greedy,True,1,0.8010022640228271,10.01,15
50504_1.tex,non stop heuristic greedy,True,8,8.7831871509552,97.05229249000008,22
50555_2.tex,non stop heuristic greedy,True,2,1.8431580066680908,21.281725375000065,12
50647_2.tex,non stop heuristic greedy,False,29,33.452415466308594,541.7179968322337,56
50663_3.tex,non stop heuristic greedy,True,14,14.256699800491331,217.4209534600001,23
50667_2.tex,non stop heuristic greedy,False,6,7.022613286972046,65.09666059999991,16
50675_3.tex,non stop heuristic greedy,False,5,6.404755115509033,53.62330929999997,27
50692_2.tex,non stop heuristic greedy,True,16,15.344669580459597,298.7114744938,36
50698_1.tex,non stop heuristic greedy,True,11,11.320453643798828,151.99238358719998,24
50702_1.tex,non stop heuristic greedy,True,1,0.8153607845306396,10.01,19
50702_2.tex,non stop heuristic greedy,False,9,9.70591425895691,98.32993929299188,30
50735_2.tex,non stop heuristic greedy,True,3,3.3065855503082275,30.609262136999988,33
50735_3.tex,non stop heuristic greedy,True,2,2.217888116836548,20.084923609999976,35
50741_1.tex,non stop heuristic greedy,True,24,25.84465169906616,360.3010336337503,48
50753_3.tex,non stop heuristic greedy,False,16,18.461708307266235,177.13306687520029,52
50933_3.tex,non stop heuristic greedy,True,13,14.199074506759644,140.97364527500076,39
50969_2.tex,non stop heuristic greedy,True,5,5.675838947296143,50.035446399999856,30
51034_2.tex,non stop heuristic greedy,True,14,16.753615140914917,165.65738816299222,42
51063_2.tex,non stop heuristic greedy,False,32,37.08137011528015,2168.4282019895013,51
51083_1.tex,non stop heuristic greedy,True,11,15.484538555145264,113.05966653082784,53
51156_1.tex,non stop heuristic greedy,True,2,1.6972358226776123,20.165725640000005,22
51173_3.tex,non stop heuristic greedy,True,6,6.363631963729858,65.44202150600017,27
51252_2.tex,non stop heuristic greedy,True,10,9.83276915550232,103.26077522682806,27
51287_2.tex,non stop heuristic greedy,True,20,20.993019580841064,270.9013213127,51
51287_3.tex,non stop heuristic greedy,False,17,19.18310761451721,203.80681425270097,51
51550_3.tex,non stop heuristic greedy,True,8,8.02781343460083,116.38379349999995,20
51647_1.tex,non stop heuristic greedy,True,10,10.196537017822266,120.06279159999998,28
51686_3.tex,non stop heuristic greedy,True,11,11.932143449783323,125.5496462779999,33
51772_3.tex,non stop heuristic greedy,True,2,1.7331111431121826,20.0071296000001,18
51821_3.tex,non stop heuristic greedy,False,17,18.837010622024536,201.9750773479996,53
51828_3.tex,non stop heuristic greedy,True,6,6.620506048202515,69.00330872347999,34
52051_2.tex,non stop heuristic greedy,True,2,2.1059765815734863,20.02,28
52109_1.tex,non stop heuristic greedy,True,14,14.32726001739502,178.13426433574983,30
52207_2.tex,non stop heuristic greedy,True,7,6.886392116546631,76.55429843200015,19
52213_2.tex,non stop heuristic greedy,False,7,7.966608285903931,79.16686589411407,22
52248_1.tex,non stop heuristic greedy,False,8,9.309838056564333,85.07956122777705,32
52263_3.tex,non stop heuristic greedy,True,18,20.578261137008667,204.29511418746733,47
52271_2.tex,non stop heuristic greedy,True,4,4.068551301956177,40.98839587600006,25
52278_1.tex,non stop heuristic greedy,True,13,12.098548650741575,213.1344134687498,22
52297_1.tex,non stop heuristic greedy,True,6,5.548880338668823,67.86648079999999,20
52298_1.tex,non stop heuristic greedy,True,2,1.6588134765625,20.02,6
52310_2.tex,non stop heuristic greedy,True,8,7.390312194824219,108.17234095023986,21
52349_3.tex,non stop heuristic greedy,True,11,11.223788738250732,120.04135933247156,42
52363_2.tex,non stop heuristic greedy,True,20,21.63669896125793,278.4742975914801,52
52368_1.tex,non stop heuristic greedy,False,19,21.45156717300415,219.1259557916562,47
52551_2.tex,non stop heuristic greedy,True,7,7.482799291610718,76.37204933293619,25
52664_2.tex,non stop heuristic greedy,True,15,17.21639084815979,176.19387597652587,38
52669_3.tex,non stop heuristic greedy,True,11,11.46773600578308,124.65388138567798,24
52691_2.tex,non stop heuristic greedy,True,18,19.55716633796692,242.75050239999985,34
52746_1.tex,non stop heuristic greedy,True,21,22.895301818847656,330.5439636692486,42
52757_1.tex,non stop heuristic greedy,True,5,4.918004989624023,55.19645047200001,14
52757_2.tex,non stop heuristic greedy,True,12,12.652339696884155,140.05105113400003,29
52830_1.tex,non stop heuristic greedy,True,1,0.764958381652832,10.01,9
52832_1.tex,non stop heuristic greedy,True,1,0.8014466762542725,10.01,14
52860_1.tex,non stop heuristic greedy,False,9,9.63901972770691,104.08556367599994,25
52909_1.tex,non stop heuristic greedy,True,1,0.8814504146575928,10.024808127200004,29
52991_2.tex,non stop heuristic greedy,True,10,14.759064197540283,104.9784839263885,40
93901_2.tex,non stop heuristic greedy,True,12,12.32848334312439,165.2140054799998,35
93940_2.tex,non stop heuristic greedy,True,26,26.819892168045044,374.9964432712503,56
94148_1.tex,non stop heuristic greedy,True,10,11.180586338043211,114.49833241248014,30
94256_1.tex,non stop heuristic greedy,True,5,5.486966371536255,52.40567829299998,25
94283_1.tex,non stop heuristic greedy,True,1,0.87380051612854,10.488243201479976,21
94308_3.tex,non stop heuristic greedy,False,13,13.746489524841309,167.08950020000003,29
94330_1.tex,non stop heuristic greedy,True,9,9.652859210968018,112.38990338208988,24
94349_3.tex,non stop heuristic greedy,True,7,7.39543080329895,78.05891710147989,30
94381_1.tex,non stop heuristic greedy,True,17,18.5523464679718,224.99466197375136,45
94438_2.tex,non stop heuristic greedy,True,16,15.778568267822266,203.9642669842501,37
94441_1.tex,non stop heuristic greedy,True,12,12.287172079086304,129.90872074300003,35
94469_3.tex,non stop heuristic greedy,True,27,30.203547716140747,354.039000494328,59
94475_3.tex,non stop heuristic greedy,True,23,25.91794347763061,325.0813296798052,54
94687_3.tex,non stop heuristic greedy,False,4,5.987579584121704,40.20515623999995,24
94688_1.tex,non stop heuristic greedy,True,9,9.93223524093628,111.11766182479909,24
94736_2.tex,non stop heuristic greedy,True,7,7.405225992202759,93.42656210000008,19
94765_3.tex,non stop heuristic greedy,True,15,15.701740026474,173.9576946590005,31
94807_1.tex,non stop heuristic greedy,True,2,2.1563377380371094,20.01,28
94914_2.tex,non stop heuristic greedy,True,12,13.839590311050417,133.7421578059998,41
94924_2.tex,non stop heuristic greedy,True,25,26.985978364944454,367.9061791164807,54
94952_3.tex,non stop heuristic greedy,False,13,14.943392276763916,163.14759449999968,31
94970_3.tex,non stop heuristic greedy,True,14,13.755178928375244,164.58922575299198,31
94983_3.tex,non stop heuristic greedy,True,13,13.763264179229736,171.1092570470003,41
95002_3.tex,non stop heuristic greedy,True,12,11.957457304000854,132.57691179005,36
95023_2.tex,non stop heuristic greedy,False,26,29.35683488845825,358.00791399090014,67
95025_1.tex,non stop heuristic greedy,True,20,20.40224862098694,283.8268741712011,43
95037_3.tex,non stop heuristic greedy,True,23,26.450809001922607,328.5986542218321,58
95103_3.tex,non stop heuristic greedy,True,11,12.886270761489868,122.48912508199967,35
95195_2.tex,non stop heuristic greedy,True,14,16.452983856201172,187.73482589331485,32
95209_2.tex,non stop heuristic greedy,True,4,4.034529685974121,40.02,20
95214_3.tex,non stop heuristic greedy,True,3,3.0783464908599854,30.073591999999863,29
95253_1.tex,non stop heuristic greedy,False,6,8.22027850151062,61.728816668828095,37
95290_3.tex,non stop heuristic greedy,True,13,13.834994792938232,166.28762640000028,29
95297_2.tex,non stop heuristic greedy,True,13,13.211108446121216,148.77217195199995,25
95342_3.tex,non stop heuristic greedy,True,9,9.85908341407776,94.97623340499206,33
95369_1.tex,non stop heuristic greedy,True,3,2.729057550430298,34.805077359999984,19
95445_1.tex,non stop heuristic greedy,True,10,11.935875415802002,104.3271142908278,47
95464_2.tex,non stop heuristic greedy,False,14,16.204423666000366,156.90037151099983,47
95500_2.tex,non stop heuristic greedy,False,4,5.093630313873291,46.57124391000045,25
95511_2.tex,non stop heuristic greedy,True,2,1.8406360149383545,20.184980300000007,22
95573_3.tex,non stop heuristic greedy,False,6,8.356590032577515,61.1747848599999,49
95671_2.tex,non stop heuristic greedy,True,6,7.145047187805176,62.28339137799988,32
95721_3.tex,non stop heuristic greedy,True,9,10.10812282562256,101.16570534999993,17
95749_3.tex,non stop heuristic greedy,True,7,7.260076761245727,73.84931354000003,25
95779_2.tex,non stop heuristic greedy,True,10,12.007080554962158,105.9760117954889,36
95842_1.tex,non stop heuristic greedy,True,8,8.772990703582764,95.16990300114196,25
95864_3.tex,non stop heuristic greedy,True,9,9.430172681808472,95.00759319299192,24
95880_3.tex,non stop heuristic greedy,True,8,8.186350345611572,88.25659856574427,31
95980_2.tex,non stop heuristic greedy,False,5,6.914696931838989,53.48486164749994,32
95982_3.tex,non stop heuristic greedy,True,12,12.02960968017578,131.65312304879998,37
96002_1.tex,non stop heuristic greedy,False,8,10.01529026031494,86.64454551200002,35
96030_2.tex,non stop heuristic greedy,True,9,9.21676254272461,95.10962110000034,26
96036_1.tex,non stop heuristic greedy,True,13,12.67475414276123,144.22656220000002,31
96067_1.tex,non stop heuristic greedy,True,22,23.369601488113403,319.73897991500115,52
96070_2.tex,non stop heuristic greedy,True,19,21.902722358703613,231.90550763482847,47
96072_3.tex,non stop heuristic greedy,True,6,5.941805601119995,71.38570558125005,30
96260_3.tex,non stop heuristic greedy,True,5,5.4269185066223145,56.69580429999982,14
96320_2.tex,non stop heuristic greedy,True,12,14.643209218978882,144.1640906982101,33
96331_2.tex,non stop heuristic greedy,True,13,16.388959646224976,133.91916069965626,46
96364_3.tex,non stop heuristic greedy,True,5,4.987417936325073,52.26339014999997,14
96418_3.tex,non stop heuristic greedy,True,9,9.384580850601196,100.22010672400006,26
96452_3.tex,non stop heuristic greedy,True,17,16.313844442367554,281.6115622374999,28
96462_2.tex,non stop heuristic greedy,True,4,4.0393664836883545,41.49089014999996,18
96475_3.tex,non stop heuristic greedy,True,10,10.105121850967407,126.58036165000026,40
96491_2.tex,non stop heuristic greedy,True,13,14.832054853439333,151.01683913363547,44
96504_3.tex,non stop heuristic greedy,True,13,14.490065336227415,135.50966923799996,43
96510_1.tex,non stop heuristic greedy,True,17,17.819283723831177,241.4650725210001,51
96547_2.tex,non stop heuristic greedy,False,10,12.61051344871521,108.3364739426011,48
96599_1.tex,non stop heuristic greedy,True,6,5.9395623207092285,69.37906268200003,27
96654_1.tex,non stop heuristic greedy,True,25,27.55552577972412,297.5291080965004,69
96693_3.tex,non stop heuristic greedy,True,16,17.78197717666626,239.5851852,35
96860_1.tex,non stop heuristic greedy,True,10,11.375824451446531,109.24102052199976,38
96865_2.tex,non stop heuristic greedy,True,3,3.214599609375,30.0,34
96900_2.tex,non stop heuristic greedy,True,5,4.901430368423462,50.90483639999998,19
96914_3.tex,non stop heuristic greedy,True,8,8.474595785140991,90.90929809140022,27
96928_2.tex,non stop heuristic greedy,True,10,10.76272749900818,114.611399224,31
96983_1.tex,non stop heuristic greedy,True,6,6.730024337768555,60.8329163100001,38
97045_2.tex,non stop heuristic greedy,False,4,5.614308834075928,44.035046450000046,31
97089_2.tex,non stop heuristic greedy,True,37,42.54955649375916,690.4513738877739,75
97109_1.tex,non stop heuristic greedy,True,14,15.852160453796388,205.46546411000008,41
97124_2.tex,non stop heuristic greedy,True,4,3.831139326095581,40.8041606,25
97155_3.tex,non stop heuristic greedy,False,6,9.140907049179075,63.75848372079999,42
97414_2.tex,non stop heuristic greedy,True,16,18.91883420944214,183.6507968136572,36
97515_2.tex,non stop heuristic greedy,True,18,21.185407638549805,203.49513116165667,42
97559_1.tex,non stop heuristic greedy,True,4,3.75812554359436,50.79332630000016,20
97575_1.tex,non stop heuristic greedy,True,11,15.083804368972778,116.18053787299164,24
97598_2.tex,non stop heuristic greedy,False,9,13.410130262374878,103.07452582399983,24
97608_2.tex,non stop heuristic greedy,False,7,8.648011207580566,71.68547424000002,30
97671_3.tex,non stop heuristic greedy,True,9,8.96757197380066,104.12433492799993,28
97683_2.tex,non stop heuristic greedy,False,6,7.306550979614258,63.59224551015992,22
97689_2.tex,non stop heuristic greedy,True,2,1.97614860534668,20.01439665999999,28
97694_3.tex,non stop heuristic greedy,True,11,11.255696058273315,142.59448131750017,31
97708_2.tex,non stop heuristic greedy,True,5,4.86112380027771,53.85009785600025,17
97810_1.tex,non stop heuristic greedy,True,6,9.972753047943115,62.56964569638818,30
97831_3.tex,non stop heuristic greedy,False,11,14.806648969650269,127.61977569075724,32
97837_2.tex,non stop heuristic greedy,True,10,11.349817514419556,110.72764293836666,30
97880_1.tex,non stop heuristic greedy,True,7,9.100838422775269,77.83694639999987,17
100080_3.tex,non stop heuristic greedy,True,2,3.259641408920288,20.11266180000001,20
100123_3.tex,non stop heuristic greedy,True,10,17.789663076400757,141.88398030000047,15
100144_2.tex,non stop heuristic greedy,True,9,16.780266046524048,101.59073040000013,26
100195_1.tex,non stop heuristic greedy,True,2,3.46175479888916,20.12753920000023,19
100215_3.tex,non stop heuristic greedy,True,13,26.34894561767578,170.40899189400102,33
100216_3.tex,non stop heuristic greedy,True,6,12.47856831550598,60.748598279999975,34
100290_3.tex,non stop heuristic greedy,False,5,11.696460485458374,53.16112599000042,23
100354_3.tex,non stop heuristic greedy,True,8,14.08433485031128,113.04604860000065,31
100403_3.tex,non stop heuristic greedy,False,14,31.49209237098694,171.97447571720036,50
100422_1.tex,non stop heuristic greedy,False,11,23.585256338119507,117.45589621000003,44
100433_1.tex,non stop heuristic greedy,True,12,25.282845735549927,149.72304176450007,49
100434_1.tex,non stop heuristic greedy,False,10,21.955880880355835,110.18642235199994,43
100612_1.tex,non stop heuristic greedy,True,10,21.436617136001587,112.80294409195996,36
100727_2.tex,non stop heuristic greedy,True,5,9.220263242721558,51.41468301099992,27
100847_3.tex,non stop heuristic greedy,True,10,20.52918577194214,103.73717203485609,42
100942_3.tex,non stop heuristic greedy,False,18,37.67754125595093,215.75674461699995,52
100949_2.tex,non stop heuristic greedy,True,25,50.69328498840332,335.4464163276559,62
100957_2.tex,non stop heuristic greedy,True,10,18.474786281585693,107.39133511519992,36
101141_2.tex,non stop heuristic greedy,True,13,27.410093069076535,149.6428427760008,30
101157_3.tex,non stop heuristic greedy,True,8,16.405701875686646,81.01452747999997,30
101271_3.tex,non stop heuristic greedy,True,15,30.01314067840576,170.78904123964287,38
101316_1.tex,non stop heuristic greedy,True,10,17.571053504943848,115.5303140750004,21
101386_2.tex,non stop heuristic greedy,True,6,11.471993446350098,68.85795865599997,19
101472_3.tex,non stop heuristic greedy,True,18,32.20892381668091,223.203318607,41
101504_2.tex,non stop heuristic greedy,False,20,41.934648513793945,276.6067329929998,48
101565_1.tex,non stop heuristic greedy,True,5,10.419570207595823,51.77117962,19
101648_3.tex,non stop heuristic greedy,True,6,11.747902631759644,67.01083269999998,17
101649_1.tex,non stop heuristic greedy,True,4,6.924921989440918,40.53319999999999,14
101654_1.tex,non stop heuristic greedy,True,10,19.402026653289795,132.44779112500086,23
101662_1.tex,non stop heuristic greedy,True,8,15.468323945999146,85.07833040000014,23
101710_1.tex,non stop heuristic greedy,True,10,21.422866582870483,108.81878681158987,33
101710_2.tex,non stop heuristic greedy,True,11,23.82177186012268,126.06166107868025,37
53167_3.tex,non stop heuristic greedy,True,3,5.386159896850586,30.47166180000001,16
53177_3.tex,non stop heuristic greedy,True,9,17.197126865386963,106.05707197614196,27
53214_3.tex,non stop heuristic greedy,True,10,19.716689586639404,129.05570302363043,32
53306_2.tex,non stop heuristic greedy,False,8,17.699496507644653,88.61048267799983,26
53321_1.tex,non stop heuristic greedy,True,12,23.279661178588867,141.32868269040003,36
53329_2.tex,non stop heuristic greedy,True,15,29.206286430358887,237.61565334399995,37
53336_1.tex,non stop heuristic greedy,True,13,26.58032989501953,181.7136948559999,33
53353_3.tex,non stop heuristic greedy,True,18,28.74756646156311,288.1557596599999,28
53407_2.tex,non stop heuristic greedy,True,17,33.98522210121155,203.41628085707828,47
53434_1.tex,non stop heuristic greedy,True,24,46.99704265594482,428.25731059904,40
53446_1.tex,non stop heuristic greedy,True,16,32.34629464149475,230.09716497999975,38
53451_1.tex,non stop heuristic greedy,True,10,20.177435636520386,110.9768207020999,39
53665_2.tex,non stop heuristic greedy,False,18,37.89212656021118,220.7902109447498,44
53669_1.tex,non stop heuristic greedy,True,14,29.676591396331787,153.92931071496662,41
53780_2.tex,non stop heuristic greedy,True,9,18.441691637039185,99.38856502700028,26
53833_2.tex,non stop heuristic greedy,False,10,19.90120840072632,109.00334086848,28
53882_2.tex,non stop heuristic greedy,True,14,27.67999029159546,158.3694304080003,41
53886_2.tex,non stop heuristic greedy,True,5,9.661078929901125,50.81432747999993,33
53934_3.tex,non stop heuristic greedy,True,4,6.7165374755859375,49.4646568110001,14
53971_2.tex,non stop heuristic greedy,True,16,29.392937421798703,177.50158930179188,42
54203_1.tex,non stop heuristic greedy,True,9,19.770528078079224,97.23234005798416,28
54214_2.tex,non stop heuristic greedy,True,8,18.53065061569214,87.86814810917998,33
54284_1.tex,non stop heuristic greedy,True,11,22.53421425819397,129.3569216925901,30
54341_1.tex,non stop heuristic greedy,True,5,8.462291955947876,59.65729999999999,10
54343_1.tex,non stop heuristic greedy,True,13,22.971637964248657,154.07735739999998,23
54355_1.tex,non stop heuristic greedy,True,1,1.4368398189544678,10.0,14
54378_2.tex,non stop heuristic greedy,False,7,16.17651867866516,80.66194967600029,19
54390_2.tex,non stop heuristic greedy,True,1,1.370814561843872,10.01,13
54395_1.tex,non stop heuristic greedy,True,6,11.57008934020996,64.37067297648028,35
54444_1.tex,non stop heuristic greedy,True,7,11.521374464035034,79.0231664,14
54454_2.tex,non stop heuristic greedy,True,6,10.617087125778198,63.469600424999946,18
54464_3.tex,non stop heuristic greedy,True,4,6.904536724090576,40.80696680000031,17
54512_3.tex,non stop heuristic greedy,True,21,39.863003730773926,271.66336179818785,57
54735_1.tex,non stop heuristic greedy,True,7,14.69476842880249,73.41207082998386,33
54785_3.tex,non stop heuristic greedy,True,13,26.349868297576904,137.56176080000046,44
54838_3.tex,non stop heuristic greedy,True,4,8.201740980148315,41.95210501162798,26
54862_3.tex,non stop heuristic greedy,True,3,5.685770988464356,31.05934311419997,27
54894_3.tex,non stop heuristic greedy,False,4,9.5402672290802,42.0820783999999,24
54921_2.tex,non stop heuristic greedy,True,9,19.78402853012085,93.5247074388278,38
54941_2.tex,non stop heuristic greedy,True,17,34.949222564697266,189.55407895158424,55
54944_3.tex,non stop heuristic greedy,True,9,17.255125045776367,100.72590739375016,36
54949_3.tex,non stop heuristic greedy,True,9,17.617888927459717,95.34048424200004,33
54953_1.tex,non stop heuristic greedy,True,12,23.59167170524597,145.591116912,32
54977_2.tex,non stop heuristic greedy,True,3,5.110532999038696,31.232822159999984,18
54986_2.tex,non stop heuristic greedy,True,4,7.025425672531128,41.57959999999997,13
55017_2.tex,non stop heuristic greedy,True,8,15.776380777359009,82.37704280000021,34
55023_3.tex,non stop heuristic greedy,False,12,27.452840328216556,126.8034195998281,36
55294_2.tex,non stop heuristic greedy,True,1,1.7593157291412354,10.01,13
55363_1.tex,non stop heuristic greedy,False,8,19.397823810577396,90.75258431159,23
55403_1.tex,non stop heuristic greedy,True,8,16.993489742279053,84.58955095599994,29
55438_2.tex,non stop heuristic greedy,True,5,8.704605340957642,57.33615800000028,10
55439_2.tex,non stop heuristic greedy,True,3,5.778206825256348,30.543199999999988,23
55455_3.tex,non stop heuristic greedy,False,7,15.692934036254885,76.30136039999996,25
55470_1.tex,non stop heuristic greedy,True,20,38.2407910823822,334.88312424700007,38
55828_2.tex,non stop heuristic greedy,True,1,1.6487910747528076,10.01,18
55988_3.tex,non stop heuristic greedy,False,8,18.37719702720642,88.05198200682796,34
56033_3.tex,non stop heuristic greedy,True,9,18.66757893562317,99.95257570599983,34
56083_2.tex,non stop heuristic greedy,True,8,14.662986755371094,96.5087026649998,30
56261_3.tex,non stop heuristic greedy,False,7,18.544850826263428,73.31838507254197,34
56349_3.tex,non stop heuristic greedy,True,6,12.362918853759766,62.36464923083804,26
56355_1.tex,non stop heuristic greedy,True,12,25.445566415786743,136.65985807393707,34
56448_3.tex,non stop heuristic greedy,True,3,4.998373746871948,31.146841500999983,21
56565_1.tex,non stop heuristic greedy,True,22,43.865904569625854,351.74833015099966,48
56569_1.tex,non stop heuristic greedy,True,9,17.750170707702637,102.05286163100014,33
56573_2.tex,non stop heuristic greedy,True,17,37.459604263305664,179.18580727782808,47
56618_2.tex,non stop heuristic greedy,True,11,21.770713806152344,122.101615075,31
56628_1.tex,non stop heuristic greedy,False,6,12.274465322494509,71.37332953599999,22
56645_1.tex,non stop heuristic greedy,True,21,40.3754186630249,284.59005277199986,52
56648_3.tex,non stop heuristic greedy,True,5,10.264465570449827,50.50824868000007,40
56663_2.tex,non stop heuristic greedy,False,23,47.53994274139404,303.006409817,51
56873_2.tex,non stop heuristic greedy,False,12,25.986243963241577,131.7879004258133,25
56907_2.tex,non stop heuristic greedy,True,9,18.736218690872192,96.82102161500012,29
57083_2.tex,non stop heuristic greedy,True,3,5.374788761138916,30.943506451999998,19
57089_2.tex,non stop heuristic greedy,True,8,16.599780321121216,83.31099580682786,35
57094_2.tex,non stop heuristic greedy,True,7,13.444011688232422,73.9410804479999,27
57140_2.tex,non stop heuristic greedy,True,5,8.616600513458252,67.74950286875008,14
57145_2.tex,non stop heuristic greedy,False,17,30.497133493423465,209.2415545875004,34
57174_2.tex,non stop heuristic greedy,True,9,16.994811058044434,106.2550676259998,33
57182_3.tex,non stop heuristic greedy,True,11,19.544254779815677,128.45441853400035,29
57218_3.tex,non stop heuristic greedy,True,7,13.209399938583374,74.09802833999993,27
57335_2.tex,non stop heuristic greedy,True,7,15.242938995361328,76.33572975054159,22
57433_3.tex,non stop heuristic greedy,True,4,7.626200199127197,40.539089005,27
57442_2.tex,non stop heuristic greedy,True,3,6.106560468673706,30.399108705000067,23
57503_3.tex,non stop heuristic greedy,True,7,14.075320720672607,81.5906120760001,24
57570_1.tex,non stop heuristic greedy,True,10,17.734097242355347,205.72089855375003,17
57589_1.tex,non stop heuristic greedy,True,19,35.54968547821045,255.94124265,31
57601_2.tex,non stop heuristic greedy,True,1,1.4037690162658691,10.02479386899995,18
57611_3.tex,non stop heuristic greedy,True,17,31.687921047210693,200.4565090556429,40
57641_3.tex,non stop heuristic greedy,True,14,28.82651448249817,170.5321461120001,32
57646_2.tex,non stop heuristic greedy,True,14,29.857051134109497,198.6709019688756,30
57687_1.tex,non stop heuristic greedy,True,9,17.34069538116455,103.1182182,25
57715_2.tex,non stop heuristic greedy,True,9,15.919618606567385,113.05841917550006,24
58057_3.tex,non stop heuristic greedy,False,23,47.00202679634094,381.06810530300055,47
58059_2.tex,non stop heuristic greedy,True,10,20.97081995010376,113.6847980279999,37
58061_3.tex,non stop heuristic greedy,False,21,43.55443668365479,489.9410423280009,37
58062_1.tex,non stop heuristic greedy,True,9,18.132100820541385,97.32063707299206,34
58098_2.tex,non stop heuristic greedy,True,11,22.78164553642273,123.62741449975012,32
58114_1.tex,non stop heuristic greedy,True,5,9.753358840942385,55.8187926800001,21
58117_2.tex,non stop heuristic greedy,False,7,15.057248830795288,74.52561015000003,23
97895_3.tex,non stop heuristic greedy,False,11,26.87808871269226,130.53676762899985,30
97951_1.tex,non stop heuristic greedy,True,4,8.561963319778442,40.09641797999974,22
97998_1.tex,non stop heuristic greedy,True,9,17.654608488082886,120.07676198363131,20
98012_1.tex,non stop heuristic greedy,True,11,21.58686089515686,140.665791684,25
98033_2.tex,non stop heuristic greedy,True,15,29.79478526115417,172.56907739999986,31
98047_2.tex,non stop heuristic greedy,True,13,27.428849458694454,196.49198826518,28
98137_1.tex,non stop heuristic greedy,True,13,24.53212285041809,142.53157970598403,33
98216_2.tex,non stop heuristic greedy,True,7,13.9382746219635,73.47064298442811,30
98242_1.tex,non stop heuristic greedy,False,18,39.10555720329285,212.0237181232498,53
98257_1.tex,non stop heuristic greedy,False,10,20.78768515586853,114.47817232110005,30
98345_3.tex,non stop heuristic greedy,True,4,7.766493797302246,40.02,20
98419_3.tex,non stop heuristic greedy,True,8,15.703551530838013,99.96933380000048,27
98445_1.tex,non stop heuristic greedy,True,11,22.37171959877014,117.21082024799992,25
98481_2.tex,non stop heuristic greedy,True,6,12.070282697677612,61.055256127999925,24
98554_2.tex,non stop heuristic greedy,True,11,22.56664443016052,133.36363891299192,24
98557_2.tex,non stop heuristic greedy,True,20,40.13630032539368,337.930128706828,36
98562_2.tex,non stop heuristic greedy,True,11,21.81588578224182,120.19047597800056,24
98586_3.tex,non stop heuristic greedy,True,13,26.81510829925537,182.48318163725003,31
98618_2.tex,non stop heuristic greedy,True,4,6.967590808868408,45.20889999999997,9
98627_1.tex,non stop heuristic greedy,True,4,7.045547008514404,55.837007900000586,21
98636_1.tex,non stop heuristic greedy,True,11,20.349876642227173,136.65292005625082,28
98638_1.tex,non stop heuristic greedy,True,3,5.196302890777588,31.57142355000008,17
98683_1.tex,non stop heuristic greedy,True,3,5.786059141159058,30.076495399999885,22
98707_1.tex,non stop heuristic greedy,False,17,37.76784300804138,200.58484117400005,53
98711_3.tex,non stop heuristic greedy,True,38,78.67135071754456,638.2566538039998,65
98726_1.tex,non stop heuristic greedy,False,5,10.112275838851929,55.479529143749886,19
98762_2.tex,non stop heuristic greedy,True,3,5.182115316390991,30.488102372,18
98773_1.tex,non stop heuristic greedy,True,12,21.3399555683136,147.6364916135002,30
98776_3.tex,non stop heuristic greedy,True,13,23.049282550811768,147.0481006587001,36
98785_3.tex,non stop heuristic greedy,False,4,9.185349464416504,40.80351295000023,22
98999_1.tex,non stop heuristic greedy,True,3,5.514039516448975,30.50817932799998,16
99045_3.tex,non stop heuristic greedy,True,9,16.82779335975647,101.69377750000014,17
99080_2.tex,non stop heuristic greedy,False,8,18.098949432373047,91.482482325299,21
99095_3.tex,non stop heuristic greedy,True,1,1.463327407836914,10.01,15
99098_2.tex,non stop heuristic greedy,True,8,14.760853052139282,85.31738946799992,20
99106_2.tex,non stop heuristic greedy,True,4,7.883032560348511,40.05824769999994,27
99130_3.tex,non stop heuristic greedy,True,1,1.509878396987915,10.0,24
99143_1.tex,non stop heuristic greedy,True,9,17.903348207473755,125.63895971384088,23
99165_3.tex,non stop heuristic greedy,True,8,14.257623434066772,90.97953880000009,26
99192_1.tex,non stop heuristic greedy,True,1,1.4582195281982422,10.01,11
99206_2.tex,non stop heuristic greedy,True,4,7.479534149169922,40.05824769999994,19
99209_1.tex,non stop heuristic greedy,True,13,24.54766201972961,161.79474622200007,34
99272_1.tex,non stop heuristic greedy,True,14,25.96211338043213,189.7294029750003,26
99276_3.tex,non stop heuristic greedy,True,6,9.798511981964111,61.35720880000007,16
99291_2.tex,non stop heuristic greedy,True,12,21.43042254447937,154.023475228,25
99350_2.tex,non stop heuristic greedy,True,9,17.370874881744385,115.54214920775,26
99450_2.tex,non stop heuristic greedy,True,6,12.019474267959597,60.69902872989889,18
99524_1.tex,non stop heuristic greedy,True,14,28.775826692581177,173.21302086137547,31
99527_1.tex,non stop heuristic greedy,True,13,24.803354024887085,178.3672361839999,21
99530_2.tex,non stop heuristic greedy,True,7,14.060654640197754,76.04173152958982,28
99531_1.tex,non stop heuristic greedy,True,4,7.6540093421936035,40.07243711999992,27
99552_2.tex,non stop heuristic greedy,False,9,19.643552541732788,94.971625852145,27
99652_1.tex,non stop heuristic greedy,True,10,19.18082094192505,124.56703881596188,27
99698_2.tex,non stop heuristic greedy,True,9,15.666434049606323,110.38958500000004,15
99720_3.tex,non stop heuristic greedy,False,4,8.697740316390991,40.14777997999994,18
99726_1.tex,non stop heuristic greedy,True,8,14.12095069885254,90.67705468399988,23
99750_2.tex,non stop heuristic greedy,True,14,26.18570709228516,187.7037366650008,28
99755_3.tex,non stop heuristic greedy,True,7,13.00375509262085,74.5766413647,26
99769_3.tex,non stop heuristic greedy,False,17,35.5625,180.3053046936563,44
99779_2.tex,non stop heuristic greedy,True,26,54.04098296165466,615.3447290237496,49
99788_1.tex,non stop heuristic greedy,True,14,27.259441137313843,158.98307829000015,43
99792_2.tex,non stop heuristic greedy,True,1,1.2117855548858645,10.32246591000012,9
99855_2.tex,non stop heuristic greedy,False,15,30.36982750892639,189.91417091700063,41
99857_3.tex,non stop heuristic greedy,False,10,20.06175184249878,112.1183060439262,32
99899_3.tex,non stop heuristic greedy,True,17,35.27096080780029,208.1506301598505,62
99929_2.tex,non stop heuristic greedy,True,11,21.1448016166687,168.68319634375007,21
99990_2.tex,non stop heuristic greedy,True,10,21.009711027145386,111.83824310799972,26
